file_name,smell,entity_type,entity,detection,justification
(default package)_ElisionTest.txt,Insufficient Modularization,class,ElisionTest,0,"The class is small (under 30 lines), has a single constructor performing a simple benchmark task, and a minimal main method. It demonstrates a single, focused responsibility without excessive complexity, bloated interface, or multiple concerns that need decomposition."
(default package)_InnerClassDotExpressions_InnerClass.txt,Insufficient Modularization,class,InnerClassDotExpressions.InnerClass,0,"The class is small, focused on demonstrating nested class access patterns, and does not exhibit excessive size, complexity, or bloated interface. The nested structure is intentional for the example's purpose, not due to inadequate decomposition of responsibilities."
(default package)_MegamorphicBypass_Quarter.txt,Insufficient Modularization,class,MegamorphicBypass,1,"The class combines multiple responsibilities: it defines three distinct Coin implementations (Nickel, Dime, Quarter), manages a static moneyBox state, contains complex constructor logic with performance optimization patterns, and includes a main method. These unrelated concerns should be separated into dedicated classes for each coin type, a money box manager, and a separate performance test harness."
(default package)_PolymorphismTest_Quarter.txt,Insufficient Modularization,class,PolymorphismTest,1,"The class combines multiple responsibilities: it defines a Coin interface, implements three distinct coin types (Nickel, Dime, Quarter), contains a static moneyBox variable, includes constructor logic for performance testing with polymorphic dispatch, and has a main method. These unrelated concerns (interface definition, multiple implementations, test harness, and application entry point) should be separated into cohesive modules."
(default package)_TestInner.txt,Insufficient Modularization,class,TestInner,0,"The class demonstrates appropriate modularization through nested inner classes (Inner1 and Inner2), each with distinct, cohesive responsibilities. The outer class and inner classes are small, focused, and have minimal complexity. No single class exhibits excessive size, bloated interface, or concentration of unrelated responsibilities."
a_b_c_ExampleClass.txt,Insufficient Modularization,class,ExampleClass,0,"The class is small, focused, and has a single responsibility. It contains only one field, one constructor, and one method. The class delegates its core functionality to DataObjectFactory, showing proper separation of concerns. There is no evidence of excessive size, complexity, or bloated interface."
com_github_javaparser_GeneratedJavaParserBase.txt,Insufficient Modularization,class,GeneratedJavaParserBase,1,"The class exhibits excessive size and complexity by combining multiple responsibilities: token management, error recovery, range calculation, node list manipulation, lambda expression generation, array creation, type juggling, and parse exception message formatting. It has a bloated interface with 30+ methods handling disparate concerns rather than being decomposed into smaller, cohesive abstractions."
com_github_javaparser_GeneratedJavaParserTokenManager.txt,Insufficient Modularization,class,GeneratedJavaParserTokenManager,1,"The class exhibits excessive size and complexity with over 3,900 lines of code, containing multiple responsibilities including token management, lexical analysis, comment processing, and state machine logic. It has a bloated interface with numerous private methods for DFA state transitions (jjMoveStringLiteralDfa* methods), token processing logic, and large static data arrays (jjbitVec*). The class lacks decomposition into cohesive abstractions, concentrating lexer generation, token handling, and comment collection in a single monolithic class."
com_github_javaparser_JavaToken_Kind.txt,Insufficient Modularization,class,com.github.javaparser.JavaToken,1,"The class contains two large inner enums (Category and Kind) with 8 and 153 constants respectively, plus extensive enum methods. The Kind enum includes a 152-case switch statement for valueOf and other methods. The outer class also manages token list manipulation (insert, delete, replace), range/text handling, and token category logic, concentrating multiple responsibilities in one class."
com_github_javaparser_Range.txt,Insufficient Modularization,class,Range,0,"The class is small, focused, and cohesive, representing a single abstraction (a character range in source code). It has only two fields, a constructor, and a limited set of operations that are directly related to range manipulation (creation, modification, containment checks, and overlap detection). There is no evidence of excessive size, complexity, or a bloated interface."
com_github_javaparser_ast_Node_DirectChildrenIterator.txt,Insufficient Modularization,class,com.github.javaparser.ast.Node,1,"The Node class exhibits excessive size and complexity with over 1000 lines of code, combining multiple responsibilities including AST node representation, parent-child relationship management, visitor pattern implementation, observer pattern implementation, data storage, tree traversal algorithms, comment handling, range/position management, symbol resolution integration, and printing/formatting logic. It contains five inner iterator classes (BreadthFirstIterator, DirectChildrenIterator, ParentsVisitor, PreOrderIterator, PostOrderIterator) that could be separate classes, and handles diverse concerns from low-level data storage to high-level tree operations, resulting in a bloated interface with numerous public methods."
com_github_javaparser_ast_body_AnnotationMemberDeclaration.txt,Insufficient Modularization,class,AnnotationMemberDeclaration,0,"The class has a single, well-defined responsibility representing an annotation member declaration. It maintains a small, cohesive interface with only four core properties (modifiers, type, name, defaultValue) and implements standard AST node interfaces. The class size is moderate, and all methods are directly related to managing its state and AST node behavior without excessive complexity or unrelated responsibilities."
com_github_javaparser_ast_body_ConstructorDeclaration.txt,Insufficient Modularization,class,ConstructorDeclaration,0,"The class is well-decomposed, inheriting core functionality from CallableDeclaration and implementing focused interfaces (NodeWithBlockStmt, NodeWithAccessModifiers, etc.). It has a single primary responsibility (representing a constructor), minimal unique fields (only 'body'), and methods are primarily simple getters/setters, delegation to parent, or generated type-casting methods. No evidence of excessive size, complexity, or bloated interface."
com_github_javaparser_ast_expr_CastExpr.txt,Insufficient Modularization,class,com.github.javaparser.ast.expr.CastExpr,0,"The class is small and focused, with only two core fields (type and expression) and corresponding getters/setters. It implements standard AST node interfaces (NodeWithType, NodeWithExpression) and contains only necessary visitor pattern methods, cloning, and property change notifications. No excessive size, complexity, or bloated interface is present."
com_github_javaparser_ast_modules_ModuleOpensDirective.txt,Insufficient Modularization,class,ModuleOpensDirective,0,"The class is small and focused, with only two fields (name, moduleNames) and corresponding getters/setters. It implements a single, clear abstraction (module opens directive) without excessive responsibilities. The methods are primarily generated boilerplate (accept, clone, replace, type-casting helpers) and do not indicate bloated interface or lack of decomposition."
com_github_javaparser_ast_stmt_AssertStmt.txt,Insufficient Modularization,class,AssertStmt,0,"The class is small and focused, representing a single AST node for assert statements. It has only two core properties (check and message) with minimal methods, all directly related to managing these properties. The class exhibits high cohesion and low complexity, with no indication of excessive responsibilities or bloated interface."
com_github_javaparser_ast_type_PrimitiveType.txt,Insufficient Modularization,class,PrimitiveType,0,"The class has a single responsibility representing primitive types, contains only primitive-specific logic, has a focused interface with minimal methods, and delegates appropriately to its nested enum. The class size is moderate and complexity is low, showing adequate decomposition."
com_github_javaparser_ast_type_Type.txt,Insufficient Modularization,class,com.github.javaparser.ast.type.Type,0,The class is an abstract base class that properly delegates specialized behavior to concrete subclasses. It maintains a single responsibility (managing type annotations and providing type casting utilities) and has a focused interface. The numerous type-checking and casting methods are generated boilerplate for a type hierarchy and don't represent excessive complexity or lack of decomposition.
com_github_javaparser_ast_validator_language_level_validations_Java16Validator.txt,Insufficient Modularization,class,Java16Validator,0,"The class is small, focused, and single-purpose, extending Java15Validator to add Java 16-specific validation rules. It has minimal complexity, a small interface, and does not exhibit excessive size, bloated interface, or concentration of responsibilities that could be separated."
com_github_javaparser_ast_validator_language_level_validations_chunks_NoBinaryIntegerLiteralsValidator.txt,Insufficient Modularization,class,NoBinaryIntegerLiteralsValidator,0,"The class is small, focused, and cohesive. It has a single responsibility (validating binary integer literals), minimal methods (two overridden visit methods and one private validation method), and no signs of excessive size, complexity, or bloated interface."
com_github_javaparser_ast_validator_postprocessors_Java17PostProcessor.txt,Insufficient Modularization,class,Java17PostProcessor,0,"The class is a simple extension of Java16PostProcessor with no additional methods, fields, or complexity. It does not exhibit excessive size, bloated interface, or concentration of responsibilities that would require decomposition."
com_github_javaparser_ast_visitor_HashCodeVisitor.txt,Insufficient Modularization,class,HashCodeVisitor,1,"The class contains 100+ visit methods implementing the same repetitive hash calculation pattern for each AST node type, resulting in excessive size (over 900 lines) and complexity. All responsibilities for calculating hash codes for every possible AST node type are concentrated in a single class without decomposition into smaller, more cohesive units."
com_github_javaparser_ast_visitor_NodeFinderVisitor.txt,Insufficient Modularization,class,NodeFinderVisitor,1,"The class exhibits excessive size with over 150 methods, all implementing the same repetitive pattern of traversing child nodes and applying a function. This represents a single abstraction (node finding) that has not been decomposed into smaller, more cohesive units, resulting in high complexity and maintenance burden due to massive code duplication across all visitor methods."
com_github_javaparser_ast_visitor_VoidVisitor.txt,Insufficient Modularization,class,VoidVisitor,0,"The interface defines a single, cohesive visitor abstraction with 100+ methods, which is typical and necessary for the Visitor pattern to cover all AST node types. The size is inherent to its purpose, not due to inadequate decomposition. The interface has a single responsibility: defining visit methods for the AST hierarchy."
com_github_javaparser_ast_visitor_VoidVisitorAdapter.txt,Insufficient Modularization,class,VoidVisitorAdapter,0,"The class is appropriately modularized for its purpose as a visitor adapter. It provides default implementations for all visitor methods by traversing child nodes, following a consistent pattern. The class has a single responsibility (default traversal behavior), low complexity per method, and a cohesive interface defined by the VoidVisitor contract. The size is justified by the need to implement the complete AST node hierarchy interface."
com_github_javaparser_javadoc_JavadocBlockTag_Type.txt,Insufficient Modularization,class,com.github.javaparser.javadoc.JavadocBlockTag,0,"The class is small and focused, with a single responsibility of representing a Javadoc block tag. The enum Type is appropriately nested as it's tightly coupled to the tag's functionality. The class has a clear interface, minimal complexity, and no evidence of bloated size or multiple separable responsibilities."
com_github_javaparser_javasymbolsolver_javassist_symbols_main_jar_InterfaceUserOwnJar.txt,Insufficient Modularization,class,InterfaceUserOwnJar,0,"The class is small, simple, and focused. It implements an interface and defines only one static final field. There is no evidence of excessive size, complexity, or bloated interface. The abstraction is clear and appropriately decomposed."
com_github_javaparser_metamodel_BaseNodeMetaModel.txt,Insufficient Modularization,class,BaseNodeMetaModel,0,"The class has a single, well-defined responsibility of representing metadata for AST nodes. It maintains a manageable size (~150 lines) with cohesive fields and methods focused on node metadata properties, inheritance, and construction. No evidence of excessive complexity, bloated interface, or multiple separable responsibilities."
com_github_javaparser_metamodel_EmptyStmtMetaModel.txt,Insufficient Modularization,class,EmptyStmtMetaModel,0,"The class is small, focused, and has a single responsibility: extending StatementMetaModel for EmptyStmt. It contains only a constructor and no complex logic, excessive size, or bloated interface. It is adequately decomposed as a leaf in the inheritance hierarchy."
com_github_javaparser_metamodel_JavadocCommentMetaModel.txt,Insufficient Modularization,class,JavadocCommentMetaModel,0,"The class is small, focused, and has minimal complexity. It contains only two constructors that delegate to the parent class, with no additional methods or fields. The class represents a single, well-defined abstraction (metadata for JavadocComment) without excessive responsibilities or bloated interface."
com_github_javaparser_metamodel_LineCommentMetaModel.txt,Insufficient Modularization,class,LineCommentMetaModel,0,"The class is small, focused, and has a single responsibility (modeling metadata for LineComment). It extends CommentMetaModel appropriately, contains only a constructor, and shows no signs of excessive size, complexity, or bloated interface."
com_github_javaparser_metamodel_MethodReferenceExprMetaModel.txt,Insufficient Modularization,class,MethodReferenceExprMetaModel,0,"The class is small, focused, and has minimal complexity. It extends ExpressionMetaModel, defines only four simple property fields, and has a single constructor. There is no evidence of excessive size, bloated interface, or multiple responsibilities that could be decomposed."
com_github_javaparser_metamodel_StringLiteralExprMetaModel.txt,Insufficient Modularization,class,StringLiteralExprMetaModel,0,"The class is small, focused, and has minimal complexity. It extends a parent class appropriately, contains only a constructor with a single responsibility, and shows no signs of excessive size, bloated interface, or multiple responsibilities that need decomposition."
com_github_javaparser_metamodel_TypeParameterMetaModel.txt,Insufficient Modularization,class,TypeParameterMetaModel,0,"The class is small (only two fields and one constructor), has a clear single responsibility (meta-model for TypeParameter), inherits core functionality from ReferenceTypeMetaModel, and shows no signs of excessive size, complexity, or bloated interface."
com_github_javaparser_metamodel_YieldStmtMetaModel.txt,Insufficient Modularization,class,YieldStmtMetaModel,0,"The class is small, focused, and has minimal complexity. It extends StatementMetaModel, contains only one constructor and one property field, and serves a single, well-defined purpose as a generated meta-model class for YieldStmt."
com_github_javaparser_printer_XmlPrinter.txt,Insufficient Modularization,class,XmlPrinter,0,"The class has a single responsibility of converting AST nodes to XML representation. It maintains a focused interface with cohesive methods for different output targets (String, Writer, XMLStreamWriter). The core logic in outputNode method handles different property types but remains within the single abstraction of XML serialization."
com_github_javaparser_printer_concretesyntaxmodel_CsmList.txt,Insufficient Modularization,class,CsmList,0,"The class is focused on a single responsibility: formatting lists of elements in a concrete syntax model. It has a clear, cohesive purpose with a small, well-defined interface (five fields, two constructors, one core method). The prettyPrint method handles two related cases (NodeList and Collection) in a straightforward manner without excessive complexity or branching. The class size is small and does not exhibit bloat or multiple unrelated responsibilities."
com_github_javaparser_printer_lexicalpreservation_ReshuffledDiffElementExtractor_MatchClassification.txt,Insufficient Modularization,class,ReshuffledDiffElementExtractor,1,"The class ReshuffledDiffElementExtractor has a single public method 'extract' that is excessively long and complex, performing multiple responsibilities including mapping correspondences between elements, finding indices in NodeText, and managing iterator modifications. It contains two large private helper methods (getCorrespondanceBetweenNextOrderAndPreviousOrder and findIndexOfCorrespondingNodeTextElement) that are also complex and tightly coupled to the main logic. The class lacks decomposition into smaller, more focused abstractions, concentrating algorithmic logic for diff element processing in one place."
com_github_javaparser_printer_lexicalpreservation_TextElementIteratorsFactory_EmptyIterator.txt,Insufficient Modularization,class,TextElementIteratorsFactory.EmptyIterator,0,"The analyzed class is a simple static nested class implementing Iterator with only two minimal methods (hasNext always returns false, next always throws). It has no excessive size, complexity, or bloated interface. The containing factory class groups related iterator implementations cohesively."
com_github_javaparser_resolution_Navigator.txt,Insufficient Modularization,class,Navigator,1,"The class is a large utility class with 28 static methods performing diverse navigation tasks across the AST (finding classes, interfaces, enums, methods, fields, constructors, nodes, parents, switches, returns, variables, etc.). It lacks decomposition into smaller, cohesive abstractions, concentrating many unrelated responsibilities into a single class with a bloated interface, violating the Single Responsibility Principle."
com_github_javaparser_resolution_Resolvable.txt,Insufficient Modularization,class,Resolvable,0,"The interface is minimal and focused on a single responsibility (defining a resolvable entity). It has only one method, no excessive size or complexity, and represents a clear, atomic abstraction."
com_github_javaparser_resolution_logic_ConstructorResolutionLogic.txt,Insufficient Modularization,class,ConstructorResolutionLogic,1,"The class exhibits excessive size and complexity by concentrating multiple responsibilities: variadic parameter handling, type compatibility checking, and constructor selection logic. It contains large methods (isApplicable with 80+ lines, findMostApplicable with 50+ lines) that perform multiple distinct operations, and lacks decomposition into smaller, cohesive helper classes or components."
com_github_javaparser_resolution_logic_MethodResolutionLogic.txt,Insufficient Modularization,class,MethodResolutionLogic,1,"The class exhibits excessive size (over 800 lines) and complexity with multiple responsibilities including method applicability checking, type parameter substitution, variadic parameter handling, lambda type checking, and method selection logic. It contains numerous static helper methods (groupVariadicParamValues, findCommonType, isConflictingLambdaType, groupTrailingArgumentsIntoArray, isAssignableMatchTypeParameters, replaceTypeParam, substituteTypeVariables, inferTypes, etc.) that could be separated into cohesive abstractions. The class has a bloated interface with 15+ public static methods and lacks clear separation of concerns between type resolution, method matching, and generic type handling."
com_github_javaparser_serialization_JavaParserJsonSerializer.txt,Insufficient Modularization,class,com.github.javaparser.serialization.JavaParserJsonSerializer,0,"The class has a single, well-defined responsibility of serializing AST nodes to JSON. It exhibits good modularization through focused public methods, private helper methods, and protected extension points. The internal enums are cohesive and related to the serialization format. The class size and complexity are appropriate for its purpose."
com_github_javaparser_serialization_JavaParserJsonSerializer_JsonTokenRange.txt,Insufficient Modularization,class,JavaParserJsonSerializer,1,"The class combines multiple responsibilities: JSON serialization logic, token/range writing methods, and multiple inner enum definitions (JsonNode, JsonRange, JsonTokenRange, JsonToken). It has excessive size and complexity with 4 inner enums and 7 methods handling different serialization aspects, representing a bloated interface that could be decomposed into separate classes for serialization logic, property key definitions, and token/range writing."
com_github_javaparser_symbolsolver_SourceFileInfoExtractor.txt,Insufficient Modularization,class,SourceFileInfoExtractor,1,"The class combines multiple responsibilities: file system traversal, parsing, type resolution, method call resolution, result reporting, and statistics tracking. It has high complexity with multiple large methods (solve, solveMethodCalls, toString, solveTypeDecl) and manages many internal state variables (successes, failures, unsupported, printFileName, out, err, verbose). The class lacks decomposition into cohesive abstractions for separate concerns like file processing, resolution logic, and output reporting."
com_github_javaparser_symbolsolver_cache_NoCache.txt,Insufficient Modularization,class,com.github.javaparser.symbolsolver.cache.NoCache,0,"The class is small, focused, and implements a single, well-defined abstraction (a null object pattern for Cache). It has minimal complexity, a small interface dictated by the parent Cache, and no indication of bloated responsibilities or lack of decomposition."
com_github_javaparser_symbolsolver_core_resolution_MethodUsageResolutionCapability.txt,Insufficient Modularization,class,MethodUsageResolutionCapability,0,"The interface is small and focused, containing only one method. It defines a single, cohesive capability for resolving method usages, with no evidence of excessive size, complexity, or bloated interface."
com_github_javaparser_symbolsolver_javaparsermodel_contexts_AnonymousClassDeclarationContext.txt,Insufficient Modularization,class,AnonymousClassDeclarationContext,0,"The class has a single, well-defined responsibility (symbol resolution context for anonymous classes). It maintains low complexity with three focused methods (solveMethod, solveType, solveSymbol) that delegate appropriately. The class size is moderate and it leverages inheritance from AbstractJavaParserContext without bloating its interface."
com_github_javaparser_symbolsolver_javaparsermodel_contexts_ArrayAccessExprContext.txt,Insufficient Modularization,class,ArrayAccessExprContext,0,"The class is small and focused, containing only a constructor and a single overridden method. It has minimal complexity, a narrow interface, and serves a clear, specific purpose of handling symbol resolution for ArrayAccessExpr nodes while preventing recursive access issues."
com_github_javaparser_symbolsolver_javaparsermodel_contexts_ForEachStatementContext.txt,Insufficient Modularization,class,ForEachStatementContext,0,"The class is small, focused, and cohesive, with only three methods that directly handle responsibilities related to symbol resolution and variable exposure within a for-each statement context. It does not exhibit excessive size, complexity, or a bloated interface."
com_github_javaparser_symbolsolver_javaparsermodel_declarations_JavaParserClassDeclaration.txt,Insufficient Modularization,class,JavaParserClassDeclaration,1,"The class exhibits excessive size and complexity with 100+ lines, handling multiple responsibilities including type resolution, method solving, field collection, ancestor computation, and type conversion. It directly manipulates AST nodes, delegates to multiple helpers (JavaParserTypeAdapter, AstResolutionUtils, SymbolSolver), and contains deprecated public methods indicating bloated interface. The class mixes declaration logic with resolution logic, violating single responsibility principle."
com_github_javaparser_symbolsolver_javaparsermodel_declarations_JavaParserEnumDeclaration_ValuesMethod.txt,Insufficient Modularization,class,JavaParserEnumDeclaration,1,"The class exhibits excessive size and complexity by containing two large inner classes (ValuesMethod and ValueOfMethod) that implement full ResolvedMethodDeclaration interfaces, handling multiple responsibilities including type solving, method resolution, field resolution, and enum-specific logic. These inner classes could be separate, cohesive abstractions rather than being embedded within the enum declaration class."
com_github_javaparser_symbolsolver_javassistmodel_JavassistMethodDeclaration.txt,Insufficient Modularization,class,JavassistMethodDeclaration,0,"The class delegates substantial responsibility to JavassistMethodLikeDeclarationAdapter, maintains a single primary responsibility of adapting CtMethod to ResolvedMethodDeclaration, has a focused interface implementing only required methods, and shows no signs of excessive size, complexity, or bloated interface."
com_github_javaparser_symbolsolver_resolution_typeinference_BoundSet.txt,Insufficient Modularization,class,BoundSet,1,"The class exhibits excessive size and complexity with 300+ lines, handling multiple responsibilities including bound management, constraint derivation, dependency analysis, and resolution algorithms. It contains numerous private helper methods (findPairSameAs, forEachPairSameAs, forEachPairSameAndSubtype, forEachPairSubtypeAndSubtype, findPairsOfCommonAncestors, buildAllSubsetsOfSize, allSetsWithProperty, etc.) that could be separated into dedicated classes. The deriveImpliedBounds and performResolution methods are overly long and complex, implementing multiple algorithm steps that could be modularized. The class also manages multiple bound types (SameAsBound, SubtypeOfBound, CapturesBound, FalseBound) and their interactions without proper separation of concerns."
com_github_javaparser_symbolsolver_resolution_typeinference_ControlFlowLogic.txt,Insufficient Modularization,class,ControlFlowLogic,1,"The class exhibits excessive size and complexity by attempting to implement the entire JLS 14.21 reachability and normal completion logic in a single class. It contains multiple large visitor implementations (canCompleteNormally, isReachable) with many unimplemented cases, handles diverse statement types (break, continue, if, switch, while, do, for, try, synchronized), and mixes control flow analysis for different constructs without separation of concerns."
com_github_javaparser_symbolsolver_resolution_typeinference_Instantiation.txt,Insufficient Modularization,class,com.github.javaparser.symbolsolver.resolution.typeinference.Instantiation,0,"The class is small, focused, and cohesive, representing a single concept (a pair of inference variable and proper type). It has minimal methods (constructor, getters, equals, hashCode, toString) and no signs of excessive size, complexity, or bloated interface."
com_github_javaparser_symbolsolver_utils_FileUtils.txt,Insufficient Modularization,class,FileUtils,0,"The class is small, focused, and cohesive with only two simple static utility methods related to file path operations. It shows no signs of excessive size, complexity, or bloated interface, and its responsibilities are already appropriately separated."
com_github_javaparser_utils_Log_StandardOutStandardErrorAdapter.txt,Insufficient Modularization,class,com.github.javaparser.utils.Log,0,"The Log class is appropriately modularized with a clear single responsibility for logging abstraction. It contains a small interface (Adapter), two concise adapter implementations (StandardOutStandardErrorAdapter and SilentAdapter), and static utility methods that delegate to the adapter. The class has low complexity, minimal methods, and a focused interface without excessive size or bloated responsibilities."
com_github_javaparser_utils_ParserCollectionStrategy.txt,Insufficient Modularization,class,ParserCollectionStrategy,0,"The class has a single, well-defined responsibility of collecting Java source files to determine project roots. It maintains a focused interface with minimal methods, delegates file tree walking to standard Java APIs, and shows appropriate cohesion without excessive size or complexity."
com_github_javaparser_utils_VisitorList_EqualsHashcodeOverridingFacade.txt,Insufficient Modularization,class,VisitorList.EqualsHashcodeOverridingFacade,0,"The class VisitorList has a single, well-defined responsibility: implementing a List that uses custom equals/hashCode visitors. It delegates storage to a simple inner list and uses a small inner class solely to wrap elements with the custom equality logic. The class size is moderate, complexity is low, and the interface is not bloated beyond the required List implementation. No evidence of excessive responsibilities or lack of decomposition."
com_google_common_jimfs_BasicAttributeProvider_View.txt,Insufficient Modularization,class,com.google.common.jimfs.BasicAttributeProvider.View,0,"The class is small, focused, and cohesive, implementing only the BasicFileAttributeView interface with three concise methods. It delegates file operations to the File object and has minimal state. The containing outer class BasicAttributeProvider appropriately separates concerns into provider, view, and attributes implementations without excessive complexity."
com_google_common_jimfs_Configuration.txt,Insufficient Modularization,class,com.google.common.jimfs.Configuration,0,"The class demonstrates high cohesion and appropriate decomposition. It cleanly separates configuration concerns into distinct final fields, uses a Builder pattern to manage complex construction, and provides static factory methods for common configurations. The class size is justified by its role as a comprehensive configuration container with immutable state, and the Builder inner class effectively handles the complexity of object creation without bloating the main class interface."
com_google_common_jimfs_Configuration_WindowsHolder.txt,Insufficient Modularization,class,com.google.common.jimfs.Configuration,0,"The class exhibits high cohesion with a single responsibility of configuring an in-memory file system. It uses a Builder pattern to manage numerous configuration options, separating construction logic from the immutable value object. The class size is justified by the comprehensive configuration needs, and it shows adequate decomposition through nested holder classes for platform-specific defaults."
com_google_common_jimfs_FileFactory_SymbolicLinkSupplier.txt,Insufficient Modularization,class,FileFactory,0,"The class is focused on a single responsibility: creating file system objects (directories, regular files, symbolic links) and providing suppliers for them. It has a small, cohesive interface with only essential public methods. The inner supplier classes are simple and directly related to the factory's purpose. The class size is moderate and complexity is low, with no evidence of bloated interface or mixing unrelated responsibilities."
com_google_common_jimfs_FileSystemView.txt,Insufficient Modularization,class,FileSystemView,1,"The class exhibits excessive size and complexity with 28 methods and 500+ lines of code, concentrating multiple responsibilities including file lookup, creation, deletion, copying, moving, attribute management, directory operations, and symbolic link handling. It has a bloated interface with methods like createDirectory, createSymbolicLink, getOrCreateRegularFile, deleteFile, copy, link, checkAccess, readSymbolicLink, and multiple attribute methods, all in a single class that could be decomposed into smaller, more cohesive abstractions."
com_google_common_jimfs_JimfsFileStore.txt,Insufficient Modularization,class,JimfsFileStore,0,"The class delegates responsibilities to specialized components (FileTree, FileFactory, HeapDisk, AttributeService), maintains a focused interface primarily for FileStore API implementation, and acts as a facade rather than accumulating excessive functionality internally."
com_google_common_jimfs_JimfsInputStream.txt,Insufficient Modularization,class,JimfsInputStream,0,"The class is focused and cohesive, implementing only InputStream functionality for Jimfs files. It has a single responsibility (reading from a RegularFile), manageable size (~100 lines), and a minimal interface (standard InputStream methods plus internal helpers). No evidence of excessive complexity, bloated interface, or mixed responsibilities that would require decomposition."
com_google_common_jimfs_RegularFile.txt,Insufficient Modularization,class,RegularFile,1,"The class exhibits excessive size and complexity by combining multiple responsibilities: block management (expandIfNecessary, copyBlocksTo, transferBlocksTo, truncateBlocks, addBlock, getBlock), file I/O operations (write, read, transferFrom, transferTo), file state management (opened, closed, deleted, deleteContents, truncate), and low-level byte manipulation utilities (zero, put, get). It has a bloated interface with 30+ public and package-private methods, handling both high-level file operations and low-level block/byte operations without adequate decomposition into cohesive abstractions."
com_google_common_jimfs_UserLookupService.txt,Insufficient Modularization,class,UserLookupService,0,"The class is small, focused, and cohesive. It has a single responsibility of looking up and creating user/group principals. It contains only two public methods from the parent class, two static factory methods, and three small, related inner classes that share a common base. The total size is minimal, and there is no indication of excessive complexity, bloated interface, or mixing of unrelated responsibilities."
com_google_common_jimfs_UserLookupService_NamedPrincipal.txt,Insufficient Modularization,class,UserLookupService,0,"The class is well-decomposed with clear responsibilities: UserLookupService handles principal lookup, while inner classes JimfsUserPrincipal and JimfsGroupPrincipal extend the abstract NamedPrincipal to implement specific principal types. Each class has a single, cohesive purpose, minimal methods, and appropriate separation of concerns."
com_google_googlejavaformat_Newlines_LineIterator.txt,Insufficient Modularization,class,com.google.googlejavaformat.Newlines,0,"The class is well-decomposed into cohesive static methods for newline operations and two focused private iterator implementations (LineOffsetIterator and LineIterator). Each method has a single responsibility, the class size is reasonable, and there is no bloated interface or excessive complexity."
com_google_googlejavaformat_java_DimensionHelpers_TypeWithDims.txt,Insufficient Modularization,class,DimensionHelpers.TypeWithDims,0,"The class is small and focused, containing only a data container (TypeWithDims) and static helper methods for processing array dimensions. It has a single responsibility, minimal complexity, and a narrow interface. The static methods are cohesive and operate on the specific domain of array dimension extraction and reordering."
com_google_googlejavaformat_java_JavacTokens_AccessibleScanner.txt,Insufficient Modularization,class,JavacTokens,0,"The class JavacTokens demonstrates adequate modularization by separating concerns into distinct nested classes (RawTok, CommentSavingTokenizer, CommentWithTextAndPosition, AccessibleScanner), each with a single, well-defined responsibility. The main class provides a focused public API (getTokens) while delegating specialized tasks to helper classes, resulting in manageable size and cohesive abstractions."
com_google_googlejavaformat_java_Main.txt,Insufficient Modularization,class,com.google.googlejavaformat.java.Main,1,"The Main class combines multiple responsibilities: command-line argument parsing (processArgs), file I/O operations, parallel execution management, formatting orchestration, and result handling. It directly manages thread pools, file reading/writing, and result aggregation, resulting in a large class (over 200 lines) with high complexity. The class handles both stdin and file-based formatting with duplicated logic, and mixes CLI interface concerns with core formatting workflow coordination."
com_google_gson_FormattingStyle.txt,Insufficient Modularization,class,com.google.gson.FormattingStyle,0,"The class is small, focused, and cohesive, containing only three configuration fields (newline, indent, spaceAfterSeparators) and their corresponding getters and immutable builder methods. It has a single responsibility of defining JSON output formatting style, with no excessive size, complexity, or bloated interface."
com_google_gson_Gson.txt,Insufficient Modularization,class,com.google.gson.Gson,0,"The Gson class is a central facade that orchestrates JSON serialization/deserialization through delegation to specialized components. It maintains a clear single responsibility as the main entry point, while complex logic is delegated to TypeAdapterFactory implementations, TypeAdapters, and other internal classes. The class size is justified by its role as a configuration holder and coordinator, not by monolithic implementation of all serialization logic."
com_google_gson_JsonElement.txt,Insufficient Modularization,class,com.google.gson.JsonElement,0,"The class is an abstract base class with a clear single responsibility: defining the common interface for JSON element types. It provides type checking methods and conversion methods, all of which are appropriate for its abstraction level. The class delegates implementation details to its subclasses (JsonObject, JsonArray, JsonPrimitive, JsonNull) and does not exhibit excessive size, complexity, or bloated interface."
com_google_gson_LongSerializationPolicy.txt,Insufficient Modularization,class,com.google.gson.LongSerializationPolicy,0,"The class is a small, focused enum with only two instances (DEFAULT and STRING), each implementing a single abstract method 'serialize'. It has minimal complexity, a clear single responsibility (defining long serialization policies), and does not exhibit excessive size, bloated interface, or multiple responsibilities that would require decomposition."
com_google_gson_TypeAdapterFactory.txt,Insufficient Modularization,class,TypeAdapterFactory,0,"The interface defines a single, cohesive responsibility: creating type adapters for given types. It has only one method (create), minimal complexity, and a focused abstraction that does not require decomposition."
com_google_gson_internal_Streams.txt,Insufficient Modularization,class,com.google.gson.internal.Streams,0,"The class has a single, well-defined responsibility of providing stream utilities for JSON reading/writing. It contains only three public static methods and one private static helper class, all focused on stream operations. The class is small (141 lines including comments), cohesive, and does not exhibit excessive size, complexity, or bloated interface."
com_google_gson_internal_TroubleshootingGuide.txt,Insufficient Modularization,class,com.google.gson.internal.TroubleshootingGuide,0,"The class is small, focused, and has a single responsibility: creating URLs for troubleshooting documentation. It contains only one static method and a private constructor, showing no signs of excessive size, complexity, or bloated interface."
com_google_gson_internal_bind_CollectionTypeAdapterFactory_Adapter.txt,Insufficient Modularization,class,CollectionTypeAdapterFactory,0,"The class has a single, well-defined responsibility (creating TypeAdapters for Collections) and is appropriately decomposed with a small, focused inner Adapter class. The main class has only one factory method, and the inner Adapter handles only serialization/deserialization of collections. The class is small (under 100 lines), has low complexity, and a minimal interface."
com_google_gson_internal_sql_SqlTimeTypeAdapter.txt,Insufficient Modularization,class,SqlTimeTypeAdapter,0,"The class is small, focused, and cohesive, with a single responsibility of adapting java.sql.Time for JSON serialization/deserialization. It has minimal fields, a concise interface, and its complexity is inherent to the required synchronization for DateFormat thread-safety, not due to lack of decomposition."
com_google_zxing_EncodeHintType.txt,Insufficient Modularization,class,EncodeHintType,0,"The class is a simple enum that defines encoding hint constants for a barcode library. It has a single responsibility: to enumerate possible hint types. The class is not excessively large (22 constants), has low complexity (no methods or logic), and does not have a bloated interface. Each constant is well-documented but does not introduce separate responsibilities that could be decomposed into smaller abstractions."
com_google_zxing_ResultPointCallback.txt,Insufficient Modularization,class,ResultPointCallback,0,"The interface is minimal and focused, containing only a single method. It defines a clear, single-purpose callback abstraction without excessive size, complexity, or bloated interface."
com_google_zxing_aztec_encoder_SimpleToken.txt,Insufficient Modularization,class,SimpleToken,0,"The class is small, focused, and cohesive. It has a single responsibility of representing a simple token with a value and bit count, and provides only two methods: appendTo() for encoding and toString() for debugging. No evidence of excessive size, complexity, or bloated interface."
com_google_zxing_client_android_HttpHelper_ContentType.txt,Insufficient Modularization,class,com.google.zxing.client.android.HttpHelper,1,"The HttpHelper class combines multiple responsibilities: HTTP content downloading with different content type handling, URL redirection resolution, connection management with Android-specific workarounds, and encoding detection. It has 8 static methods and a static collection, handling HTTP communication logic, content negotiation, error handling, and URI unredirection in a single class without separation of concerns."
com_google_zxing_client_android_Intents.txt,Insufficient Modularization,class,com.google.zxing.client.android.Intents,0,"The class is well-decomposed into cohesive nested static classes (Scan, History, Encode, SearchBookContents, WifiConnect, Share) each representing distinct intent-related concerns. Each nested class has a single responsibility and contains only constants relevant to its specific intent type, avoiding excessive size, complexity, or bloated interface."
com_google_zxing_client_android_PreferencesActivity.txt,Insufficient Modularization,class,PreferencesActivity,0,"The class is small and focused, containing only constant declarations for preference keys and a simple onCreate method that delegates UI setup to a fragment. It exhibits high cohesion by concentrating solely on activity initialization and preference key definitions, with no evidence of excessive size, complexity, or bloated interface."
com_google_zxing_client_android_encode_Formatter.txt,Insufficient Modularization,class,Formatter,0,"The Formatter interface is a small, focused abstraction with a single method. It has minimal complexity, a narrow interface, and a clear single responsibility of formatting values. There is no evidence of excessive size, bloated interface, or concentration of responsibilities that could be decomposed further."
com_google_zxing_client_android_encode_MECARDContactEncoder_MECARDTelDisplayFormatter.txt,Insufficient Modularization,class,MECARDContactEncoder,0,"The class is adequately decomposed with three private static nested classes (MECARDFieldFormatter, MECARDTelDisplayFormatter, MECARDNameDisplayFormatter) each handling specific formatting responsibilities. The main class focuses on coordinating the encoding process, resulting in a cohesive and appropriately sized abstraction."
com_google_zxing_client_android_history_HistoryActivity.txt,Insufficient Modularization,class,HistoryActivity,0,"The class has a single responsibility of managing scan history UI interactions, with appropriate delegation to HistoryManager for data operations. It maintains a focused size (~120 lines) and complexity, handling only activity lifecycle, list display, context menus, and options menus without excessive branching or unrelated concerns."
com_google_zxing_client_android_history_HistoryItemAdapter.txt,Insufficient Modularization,class,HistoryItemAdapter,0,"The class is small, focused, and has a single responsibility: adapting HistoryItem objects for display in a ListView. It contains only one non-trivial method (getView) that performs a well-defined UI binding task. No evidence of excessive size, complexity, or bloated interface."
com_google_zxing_client_j2se_EncoderConfig.txt,Insufficient Modularization,class,com.google.zxing.client.j2se.EncoderConfig,0,"The class is small (under 50 lines), has a single responsibility of storing command-line configuration parameters, contains only field declarations with JCommander annotations, and shows high cohesion with all fields related to barcode encoding settings."
com_google_zxing_client_j2se_MatrixToImageConfig.txt,Insufficient Modularization,class,MatrixToImageConfig,0,"The class is small, focused, and cohesive, containing only two fields, two constructors, three simple getters, and one internal helper method. It has a single responsibility of encapsulating color configuration and image type determination for barcode generation, with no evidence of excessive size, complexity, or bloated interface."
com_google_zxing_client_result_AddressBookDoCoMoResultParser.txt,Insufficient Modularization,class,AddressBookDoCoMoResultParser,0,"The class is small, focused, and has a single responsibility: parsing MECARD formatted data into an AddressBookParsedResult. It contains only one public method (parse) and one small private helper method (parseName). The class does not exhibit excessive size, complexity, or a bloated interface."
com_google_zxing_client_result_VINResultParser.txt,Insufficient Modularization,class,VINResultParser,0,"The class is focused on a single responsibility (parsing VIN barcodes), has a small interface (one public method), and its private static methods are cohesive helpers for VIN validation and decoding. The class size and complexity are appropriate for its purpose, with no evidence of excessive responsibilities or bloated interface."
com_google_zxing_common_BitMatrix.txt,Insufficient Modularization,class,com.google.zxing.common.BitMatrix,0,"The class has a single, well-defined responsibility of representing and manipulating a 2D bit matrix. It maintains a cohesive set of operations focused on bit manipulation, region operations, rotations, and conversions. The size is reasonable for its domain, and there is no clear separation of concerns that would benefit from decomposition into smaller classes."
com_google_zxing_common_ECIEncoderSet.txt,Insufficient Modularization,class,ECIEncoderSet,1,"The class combines multiple responsibilities: static initialization of global encoder list, complex construction logic for determining needed encoders, and direct encoding operations. It has excessive size and complexity with a large constructor containing nested loops and conditional logic for encoder selection. The class handles both encoder set management and character encoding operations, which could be separated into distinct abstractions."
com_google_zxing_common_reedsolomon_ReedSolomonEncoder.txt,Insufficient Modularization,class,ReedSolomonEncoder,0,"The class has a single, well-defined responsibility (Reed-Solomon encoding), minimal interface (one public constructor and one public method), manageable size, and delegates polynomial operations to the GenericGFPoly class. It maintains internal state (cachedGenerators) appropriately for performance optimization without bloating its interface or complexity."
com_google_zxing_datamatrix_decoder_DataBlock.txt,Insufficient Modularization,class,DataBlock,0,"The class has a single, well-defined responsibility: representing a data block and providing a static method to de-interleave raw codewords into blocks. It is small (two fields, three methods), has minimal interface, and the complex de-interleaving logic is contained within a single static factory method appropriate for its purpose."
com_google_zxing_datamatrix_decoder_Version_ECBlocks.txt,Insufficient Modularization,class,com.google.zxing.datamatrix.decoder.Version,0,"The class has a single, well-defined responsibility: encapsulating Data Matrix version information. It is appropriately decomposed with two focused inner classes (ECBlocks and ECB) to handle error-correction block details. The class size is primarily due to the static table of version constants, which is necessary data rather than excessive logic. The interface is minimal, containing only getters and one static lookup method."
com_google_zxing_datamatrix_encoder_HighLevelEncoder.txt,Insufficient Modularization,class,com.google.zxing.datamatrix.encoder.HighLevelEncoder,1,"The class exhibits excessive size and complexity with 200+ lines, combining multiple responsibilities: encoding orchestration (encodeHighLevel), lookahead analysis (lookAheadTest, lookAheadTestIntern), character classification utilities (isDigit, isNativeC40, etc.), minimum calculation logic (findMinimums, getMinimumCount), and numeric digit counting (determineConsecutiveDigitCount). It centralizes logic for six different encoding modes without proper decomposition, resulting in a bloated interface with numerous static methods and complex control flow in lookAheadTestIntern."
com_google_zxing_oned_CodaBarReader.txt,Insufficient Modularization,class,CodaBarReader,1,"The class combines multiple responsibilities: barcode pattern detection, character decoding, pattern validation, counter management, and result assembly. It has 7 private methods and 1 public method, with complex algorithms like validatePattern, toNarrowWidePattern, and setCounters all in one class. The decodeRow method is long (over 80 lines) and handles multiple phases of decoding without separation into distinct abstractions."
com_google_zxing_oned_rss_expanded_decoders_AI013103decoder.txt,Insufficient Modularization,class,AI013103decoder,0,"The class is small, focused, and cohesive. It extends AI013x0xDecoder and only overrides two specific methods (addWeightCode and checkWeight) with minimal implementations. It does not exhibit excessive size, complexity, or a bloated interface."
com_google_zxing_oned_rss_expanded_decoders_FieldParser_DataLength.txt,Insufficient Modularization,class,FieldParser,1,"The class contains four large static map initializations with extensive hardcoded data, a complex parsing method with multiple conditional branches, and a nested DataLength class, all concentrated in a single class without decomposition into smaller, more cohesive units."
com_google_zxing_oned_rss_expanded_decoders_GeneralAppIdDecoder.txt,Insufficient Modularization,class,GeneralAppIdDecoder,1,"The class exhibits excessive size and complexity by combining multiple distinct responsibilities: numeric, alphanumeric, and ISO/IEC 646 decoding logic; state management via CurrentParsingState; bit array value extraction; and multiple latch detection methods. It has 14 private methods handling different decoding modes and conditions, resulting in low cohesion and a bloated interface for a single abstraction."
com_google_zxing_pdf417_decoder_BarcodeMetadata.txt,Insufficient Modularization,class,BarcodeMetadata,0,"The class is small, focused, and cohesive, containing only five immutable fields with corresponding getters. It has a single constructor and no complex logic, representing a simple data container for PDF417 barcode metadata without excessive responsibilities or bloated interface."
com_google_zxing_pdf417_decoder_DetectionResultColumn.txt,Insufficient Modularization,class,DetectionResultColumn,0,"The class is small and focused, with a single responsibility of managing an array of Codewords within a BoundingBox. It has low complexity, minimal methods, and a narrow interface. No evidence of excessive size, multiple responsibilities, or bloated interface that would require decomposition."
com_google_zxing_qrcode_decoder_BitMatrixParser.txt,Insufficient Modularization,class,BitMatrixParser,0,"The class has a single responsibility of parsing QR code bit matrices, with well-defined methods for reading format information, version, codewords, and mirroring operations. It maintains a manageable size (~200 lines), cohesive interface focused on parsing tasks, and delegates specialized operations to separate classes like Version, FormatInformation, and DataMask."
com_google_zxing_qrcode_decoder_ErrorCorrectionLevel.txt,Insufficient Modularization,class,ErrorCorrectionLevel,0,"The class is a simple enum with only four constants, one field, one constructor, and two methods. It has a single responsibility of representing QR code error correction levels, minimal complexity, and a focused interface. No evidence of excessive size, bloated interface, or responsibilities that could be separated."
com_google_zxing_web_OutputUtils.txt,Insufficient Modularization,class,com.google.zxing.web.OutputUtils,0,"The class is small, focused, and cohesive, containing only two static methods (one public, one private) that work together to perform a single responsibility: formatting byte arrays as hexadecimal strings. It shows adequate decomposition with no excessive size, complexity, or bloated interface."
com_packageName_ClassInPackage.txt,Insufficient Modularization,class,ClassInPackage,0,"The class is small, simple, and focused on a single responsibility. It contains only one static method, has minimal complexity, and does not exhibit signs of being a large, complex, or bloated abstraction that needs decomposition."
demo_Main_Callback.txt,Insufficient Modularization,class,demo.Main,0,"The Main class has a single, clear responsibility: orchestrating file processing with a simple callback. It contains only main method, a process method, and a small nested Callback class. The class is small (under 50 lines), has low complexity, and doesn't exhibit bloated interface or multiple responsibilities that need decomposition."
foo_B.txt,Insufficient Modularization,class,foo.B,0,"The class is abstract, minimal in size, and has no internal complexity, methods, or fields that indicate a lack of decomposition. It implements an interface but does not itself exhibit excessive size, bloated interface, or concentration of responsibilities."
foo_OtherClass.txt,Insufficient Modularization,class,foo.OtherClass,0,"The class is minimal, containing only a single static nested class. It has no methods, fields, or complex logic. Its size and interface are not excessive, and there is no evidence of concentrated responsibilities or complexity that requires decomposition."
issue241_TypeWithMemberType_MemberInterface.txt,Insufficient Modularization,class,TypeWithMemberType.MemberInterface,0,"The class is a simple member interface with no methods or fields, exhibiting minimal size and complexity. It does not demonstrate excessive responsibilities, bloated interface, or lack of decomposition that would indicate insufficient modularization."
main_Clazz_MyEnum.txt,Insufficient Modularization,class,main.Clazz,0,"The class 'Clazz' contains only a simple enum definition with two constants. It has minimal size, low complexity, and a narrow interface. No evidence of excessive responsibilities, lack of decomposition, or bloated interface that would indicate insufficient modularization."
net_bytebuddy_NamingStrategy.txt,Insufficient Modularization,class,net.bytebuddy.NamingStrategy,0,"The interface and its inner classes demonstrate appropriate decomposition: the main interface defines a clear abstraction, AbstractBase provides shared default behavior, and specialized implementations (Suffixing, SuffixingRandom, PrefixingRandom) handle distinct naming strategies with cohesive responsibilities. Each class has a single, well-defined purpose and manageable size."
net_bytebuddy_NamingStrategy_PrefixingRandom.txt,Insufficient Modularization,class,net.bytebuddy.NamingStrategy$PrefixingRandom,0,"The class is small, focused, and cohesive with a single responsibility of generating prefixed random names. It extends AbstractBase, reuses existing modularization, and contains minimal logic (only one overridden method). No excessive size, complexity, or bloated interface is present."
net_bytebuddy_agent_ByteBuddyAgent_AgentProvider.txt,Insufficient Modularization,class,net.bytebuddy.agent.ByteBuddyAgent,1,"The class exhibits excessive size and complexity with 1,396 lines of code, containing multiple nested interfaces and enums (AttachmentProvider, ProcessProvider, AgentProvider, AttachmentTypeEvaluator) that represent distinct responsibilities. It handles agent attachment, instrumentation lookup, file manipulation, external process execution, and multiple platform-specific implementations within a single class, resulting in low cohesion and high cognitive load."
net_bytebuddy_agent_ByteBuddyAgent_Compound.txt,Insufficient Modularization,class,net.bytebuddy.agent.ByteBuddyAgent,1,"The class exhibits excessive size and complexity with 1,396 lines of code, containing multiple nested interfaces and enums (AttachmentProvider, ProcessProvider, AgentProvider, AttachmentTypeEvaluator) that represent distinct responsibilities. It handles agent attachment, instrumentation lookup, file manipulation, external process execution, and multiple provider implementations within a single class, resulting in low cohesion and a bloated interface with numerous static methods."
net_bytebuddy_agent_ByteBuddyAgent_ExternalAttachment.txt,Insufficient Modularization,class,net.bytebuddy.agent.ByteBuddyAgent,1,"The class exhibits excessive size and complexity with 1,396 lines of code, containing multiple nested interfaces and enums (AttachmentProvider, ProcessProvider, AgentProvider, AttachmentTypeEvaluator) that represent distinct responsibilities. It handles agent attachment, instrumentation lookup, file I/O operations, manifest creation, external process execution, and platform-specific logic, all within a single class. The class has a bloated interface with numerous public static methods for various attachment scenarios, and it mixes high-level agent management with low-level implementation details like jar file creation and process execution."
net_bytebuddy_agent_VirtualMachine_AbstractBase.txt,Insufficient Modularization,class,net.bytebuddy.agent.VirtualMachine.AbstractBase,1,"The VirtualMachine interface and its nested classes (ForHotSpot and ForOpenJ9) represent a bloated abstraction with excessive size and complexity. The ForHotSpot class alone contains 1,200+ lines of code and multiple deeply nested inner classes (Connection, Factory, ForJnaPosixSocket, ForJnaWindowsNamedPipe, ForJnaSolarisDoor) that handle platform-specific implementations. The class concentrates responsibilities for multiple operating systems (Windows, POSIX, Solaris, Mac), different connection types (sockets, named pipes, doors), and various VM operations, violating the Single Responsibility Principle. The interface has 12 methods, and the implementations contain complex platform-specific logic that could be separated into distinct, cohesive abstractions."
net_bytebuddy_agent_VirtualMachine_Dispatcher.txt,Insufficient Modularization,class,net.bytebuddy.agent.VirtualMachine,1,"The VirtualMachine interface and its nested classes (ForHotSpot, ForOpenJ9) contain excessive size and complexity, with over 2000 lines of code. The ForHotSpot class includes multiple platform-specific connection implementations (ForJnaPosixSocket, ForJnaWindowsNamedPipe, ForJnaSolarisDoor) and their factories, each with complex native integration logic. The ForOpenJ9 class contains its own Dispatcher interface with platform-specific implementations (ForJnaPosixEnvironment, ForJnaWindowsEnvironment) and additional helper classes. The abstraction combines multiple responsibilities including protocol handling, platform-specific communication, file system operations, process management, and native library integration, which could be separated into smaller, more cohesive modules."
net_bytebuddy_agent_VirtualMachine_SecurityAttributes.txt,Insufficient Modularization,class,net.bytebuddy.agent.VirtualMachine,1,"The VirtualMachine interface and its nested classes (ForHotSpot, ForOpenJ9) contain excessive size and complexity with over 2000 lines of code. The class combines multiple responsibilities including platform-specific implementations (Windows, POSIX, Solaris, OpenJ9), connection management, security attribute handling, semaphore operations, and native library bindings. The ForHotSpot.Connection interface alone contains multiple nested classes (ForJnaPosixSocket, ForJnaWindowsNamedPipe, ForJnaSolarisDoor) with their own complex implementations, creating a deeply nested structure that violates the Single Responsibility Principle and demonstrates inadequate decomposition."
net_bytebuddy_agent_VirtualMachine_UsingStat.txt,Insufficient Modularization,class,net.bytebuddy.agent.VirtualMachine,1,"The VirtualMachine interface and its nested classes (ForHotSpot, ForOpenJ9) exhibit excessive size and complexity, concentrating multiple responsibilities including platform-specific implementations (Windows, POSIX, Solaris, OpenJ9), connection management, protocol handling, and native library interactions. The ForHotSpot class alone contains 5 nested interfaces and 6 nested classes, with deep inheritance hierarchies and platform-specific code paths. The class spans over 2000 lines, violating single responsibility principle and demonstrating inadequate decomposition into cohesive abstractions."
net_bytebuddy_asm_AsmVisitorWrapper_NoOp.txt,Insufficient Modularization,class,net.bytebuddy.asm.AsmVisitorWrapper.NoOp,0,"The analyzed class is a simple enum constant (NoOp.INSTANCE) implementing the AsmVisitorWrapper interface with minimal, single-responsibility methods that only return input values unchanged. The interface AsmVisitorWrapper defines the abstraction, and NoOp is a small, focused implementation without excessive size, complexity, or bloated interface."
net_bytebuddy_asm_MemberRemoval_MemberRemovingClassVisitor.txt,Insufficient Modularization,class,net.bytebuddy.asm.MemberRemoval,0,"The class exhibits high cohesion with a single responsibility of member removal configuration and delegation. It properly delegates ASM visitor logic to a private inner class (MemberRemovingClassVisitor), maintaining clear separation of concerns. The class size is moderate (approx. 200 lines) with focused methods for configuring field/method/constructor removal. The interface is not bloated, offering only essential builder-style methods for configuration."
net_bytebuddy_asm_MemberSubstitution_Dispatcher.txt,Insufficient Modularization,class,net.bytebuddy.asm.MemberSubstitution,1,"The class exhibits excessive size (over 7300 lines) and complexity, containing multiple nested classes (WithoutSpecification, Target, Substitution, Replacement, etc.) that represent distinct responsibilities. It handles field substitution, method substitution, constructor substitution, invokedynamic substitution, substitution chains with delegation steps, offset mappings, and ASM visitor logic within a single class. The class has a bloated interface with numerous factory methods and configuration options, concentrating responsibilities that could be separated into smaller, more cohesive abstractions such as dedicated classes for different substitution types, chain step implementations, and offset mapping resolvers."
net_bytebuddy_asm_MemberSubstitution_Factory.txt,Insufficient Modularization,class,net.bytebuddy.asm.MemberSubstitution,1,"The class exhibits excessive size (over 7000 lines) and complexity, containing multiple nested classes (WithoutSpecification, Target, Substitution, Replacement, etc.) that represent distinct responsibilities. It handles field substitution, method substitution, constructor substitution, invokedynamic substitution, type pool resolution, and complex substitution chains with delegation and offset mapping. These responsibilities could be separated into smaller, more cohesive abstractions such as dedicated classes for different substitution types, substitution chain management, and annotation-based binding resolution."
net_bytebuddy_asm_MemberSubstitution_ForElementMatcher.txt,Insufficient Modularization,class,net.bytebuddy.asm.MemberSubstitution,1,"The class exhibits excessive size (over 7000 lines), high complexity with multiple deeply nested inner classes (WithoutSpecification, Substitution, Replacement, etc.), and a bloated interface with numerous public methods. It concentrates responsibilities for member substitution, field access, method invocation, constructor calls, invokedynamic handling, delegation chains, and annotation-based parameter binding into a single class, violating the Single Responsibility Principle. The class contains multiple independent abstractions (Target, Substitution, Replacement, OffsetMapping, Dispatcher) that could be separated into smaller, cohesive units."
net_bytebuddy_asm_MemberSubstitution_ForMatchedByteCodeElement.txt,Insufficient Modularization,class,net.bytebuddy.asm.MemberSubstitution,1,"The class exhibits excessive size (over 7000 lines), high complexity with multiple deeply nested inner classes (WithoutSpecification, Substitution, Replacement, etc.), and a bloated interface with numerous public methods. It concentrates responsibilities for member substitution, field access substitution, method invocation substitution, dynamic invocation substitution, type pool resolution, and delegation chain handling into a single class. The class contains multiple independent abstractions (Substitution, Replacement, Target, TypePoolResolver, OffsetMapping, Dispatcher) that could be separated into smaller, more cohesive classes."
net_bytebuddy_asm_MemberSubstitution_ForThisReference.txt,Insufficient Modularization,class,net.bytebuddy.asm.MemberSubstitution,1,"The class exhibits excessive size (over 7000 lines), high complexity with multiple deeply nested inner classes (WithoutSpecification, Substitution, Replacement, etc.), and a bloated interface with numerous public methods for configuration. It concentrates responsibilities for member substitution, field access substitution, method invocation substitution, dynamic invocation substitution, and complex substitution chains with delegation and offset mapping logic, all of which could be separated into smaller, more cohesive abstractions."
net_bytebuddy_asm_MemberSubstitution_OfOriginalExpression.txt,Insufficient Modularization,class,net.bytebuddy.asm.MemberSubstitution,1,"The class exhibits excessive size (over 7000 lines) and complexity, containing multiple nested classes (WithoutSpecification, Target, Substitution, Replacement, etc.) that could be separated into distinct abstractions. It handles diverse responsibilities including field substitution, method substitution, constructor substitution, invokedynamic substitution, type pool resolution, and delegation chains, resulting in a bloated interface with over 100 methods. The class violates the Single Responsibility Principle by combining visitor pattern implementation, substitution logic, annotation processing, and byte code manipulation."
net_bytebuddy_asm_MemberSubstitution_Resolved.txt,Insufficient Modularization,class,net.bytebuddy.asm.MemberSubstitution,1,"The class exhibits excessive size (over 7000 lines), high complexity with multiple deeply nested inner classes (WithoutSpecification, Substitution, Replacement, etc.), and a bloated interface with numerous public methods. It concentrates multiple responsibilities including member matching, substitution logic, byte code generation, and delegation handling that could be separated into smaller, more cohesive abstractions. The class contains multiple large inner classes (Substitution.Chain, ForDelegation) that themselves contain extensive nested structures, indicating inadequate decomposition of the core abstraction."
net_bytebuddy_asm_MemberSubstitution_Sort.txt,Insufficient Modularization,class,net.bytebuddy.asm.MemberSubstitution,1,"The class is excessively large (over 7000 lines) and complex, containing multiple nested classes (WithoutSpecification, TypePoolResolver, Target, Substitution, Replacement, SubstitutingMethodVisitor) and numerous inner interfaces and enums. It handles multiple responsibilities including member matching, substitution logic, type resolution, bytecode manipulation, and delegation chains, all within a single class. The class exhibits a bloated interface with many public methods and nested types that could be separated into smaller, more cohesive abstractions."
net_bytebuddy_asm_MemberSubstitution_Source.txt,Insufficient Modularization,class,net.bytebuddy.asm.MemberSubstitution,1,"The class exhibits excessive size (over 7000 lines), high complexity with multiple deeply nested inner classes (WithoutSpecification, Substitution, Replacement, etc.), and a bloated interface offering numerous configuration methods. It concentrates responsibilities for member substitution, field access substitution, method invocation substitution, dynamic invocation substitution, type pool resolution, and complex delegation chains into a single class, violating the Single Responsibility Principle. The class contains multiple independent abstractions (Target, Substitution, Replacement, OffsetMapping, Dispatcher) that could be separated into smaller, cohesive units."
net_bytebuddy_asm_MemberSubstitution_Step.txt,Insufficient Modularization,class,net.bytebuddy.asm.MemberSubstitution,1,"The class is excessively large (over 7000 lines) and complex, containing multiple nested classes (WithoutSpecification, Target, Substitution, Replacement, etc.) that represent distinct responsibilities. It handles field substitution, method substitution, constructor substitution, invokedynamic substitution, type pool resolution, delegation chains, and offset mappings within a single class. The interface is bloated with numerous factory methods and configuration options. The class exhibits low cohesion by combining multiple independent abstractions that could be separated into smaller, more focused classes."
net_bytebuddy_benchmark_ClassByExtensionBenchmark_ByteBuddyPrefixInterceptor.txt,Insufficient Modularization,class,ClassByExtensionBenchmark,1,"The class exhibits excessive size and complexity with 20+ fields and 20+ methods, combining multiple responsibilities including benchmark orchestration, class loading, interceptor implementations, and multiple delegation strategies. It contains three inner classes (ByteBuddyProxyInterceptor, ByteBuddyAccessInterceptor, ByteBuddyPrefixInterceptor) that could be separate classes, and the main class handles multiple distinct benchmarking scenarios (ByteBuddy, cglib, Javassist) with repetitive code patterns, indicating inadequate decomposition of responsibilities."
net_bytebuddy_benchmark_jmh_generated_ClassByExtensionBenchmark_benchmarkByteBuddyWithProxyAndReusedDelegatorWithTypePool_jmhTest.txt,Insufficient Modularization,class,ClassByExtensionBenchmark_benchmarkByteBuddyWithProxyAndReusedDelegatorWithTypePool_jmhTest,1,"The class exhibits excessive size and complexity with 256 padding fields and multiple large, repetitive benchmark methods (Throughput, AverageTime, SampleTime, SingleShotTime) that share similar structure but are not decomposed. It handles multiple responsibilities including benchmark execution, result collection, timing logic, and thread coordination without adequate separation into cohesive abstractions."
net_bytebuddy_benchmark_jmh_generated_ClassByImplementationBenchmark_baseline_jmhTest.txt,Insufficient Modularization,class,ClassByImplementationBenchmark_baseline_jmhTest,1,"The class exhibits excessive size (over 400 lines) and complexity with multiple similar benchmark methods (baseline_Throughput, baseline_AverageTime, baseline_SampleTime, baseline_SingleShotTime) that share duplicated logic. It contains 256 byte fields for padding, multiple state variables, and static helper methods, concentrating responsibilities for benchmark execution, result collection, and thread coordination without decomposition into cohesive abstractions."
net_bytebuddy_benchmark_jmh_generated_ClassByImplementationBenchmark_benchmarkJavassist_jmhTest.txt,Insufficient Modularization,class,ClassByImplementationBenchmark_benchmarkJavassist_jmhTest,1,"The class exhibits excessive size and complexity with 256 padding fields and multiple large, repetitive benchmark methods (benchmarkJavassist_Throughput, benchmarkJavassist_AverageTime, benchmarkJavassist_SampleTime, benchmarkJavassist_SingleShotTime) that share similar control flow patterns. It handles multiple responsibilities including benchmark execution, result collection, timing, and thread coordination without adequate decomposition into smaller, cohesive abstractions."
net_bytebuddy_benchmark_jmh_generated_SuperClassInvocationBenchmark_benchmarkByteBuddyWithPrefix_jmhTest.txt,Insufficient Modularization,class,SuperClassInvocationBenchmark_benchmarkByteBuddyWithPrefix_jmhTest,1,"The class exhibits excessive size and complexity with 256 byte fields, multiple similar benchmark methods (Throughput, AverageTime, SampleTime, SingleShotTime) performing nearly identical operations, and static stub methods duplicating measurement logic. It concentrates responsibilities for different benchmark modes, result calculation, and measurement control that could be separated into cohesive abstractions."
net_bytebuddy_benchmark_jmh_generated_SuperClassInvocationBenchmark_benchmarkByteBuddyWithProxy_jmhTest.txt,Insufficient Modularization,class,SuperClassInvocationBenchmark_benchmarkByteBuddyWithProxy_jmhTest,1,"The class exhibits excessive size and complexity with 256 padding fields and multiple large, repetitive methods (benchmarkByteBuddyWithProxy_Throughput, _AverageTime, _SampleTime, _SingleShotTime) that share similar control flow and responsibilities. It handles benchmark execution, result collection, timing, warmup/cooldown cycles, and thread coordination within a single class, concentrating responsibilities that could be separated into cohesive abstractions for measurement, control flow, and result aggregation."
net_bytebuddy_build_AccessControllerPlugin_Initializer.txt,Insufficient Modularization,class,AccessControllerPlugin.Initializer,0,"The Initializer class is a focused, cohesive abstraction with a single responsibility: generating bytecode for field initialization. It has a clear hierarchy with two specialized subclasses (WithProperty and WithoutProperty) that handle specific variations. The class maintains a manageable size, focused interface, and delegates specialized behavior to its subclasses appropriately."
net_bytebuddy_build_AccessControllerPlugin_WithProperty.txt,Insufficient Modularization,class,net.bytebuddy.build.AccessControllerPlugin,1,"The class exhibits excessive size and complexity with 4896 characters, containing multiple nested classes (Initializer.WithProperty, Initializer.WithoutProperty, AccessControlWrapper, PrefixingMethodVisitor) and a large static initialization block. It handles multiple responsibilities including plugin configuration, bytecode generation, method weaving, and annotation processing, which could be separated into more cohesive abstractions."
net_bytebuddy_build_AccessControllerPlugin_WithoutProperty.txt,Insufficient Modularization,class,net.bytebuddy.build.AccessControllerPlugin,1,"The class exhibits excessive size and complexity by combining multiple responsibilities: plugin factory implementation, static signature mapping initialization, bytecode appender logic (Initializer), method visitor wrapper (AccessControlWrapper), and annotation definition. It contains 3 nested classes (Initializer.WithProperty, Initializer.WithoutProperty, AccessControlWrapper.PrefixingMethodVisitor) and a large static initialization block with 11 signature mappings, resulting in a bloated interface with 200+ lines of code."
net_bytebuddy_build_CachedReturnPlugin_AdviceResolver.txt,Insufficient Modularization,class,net.bytebuddy.build.CachedReturnPlugin,1,"The class combines multiple responsibilities: plugin implementation, annotation definitions, advice resolution logic, bytecode generation, and offset mapping. It contains 3 nested types (AdviceResolver enum with inner class, CacheFieldOffsetMapping class) and handles primitive type mapping, field creation, method validation, and ASM-level bytecode manipulation. The AdviceResolver enum alone contains complex initialization logic and a nested ExitAdviceByteCodeAppender class, making the class excessively large (3838+ characters) and complex with low cohesion."
net_bytebuddy_build_HashCodeAndEqualsPlugin_Sort.txt,Insufficient Modularization,class,net.bytebuddy.build.HashCodeAndEqualsPlugin,1,"The class implements multiple interfaces (Plugin, Plugin.Factory, MethodAttributeAppender.Factory, MethodAttributeAppender) and contains multiple nested types (Enhance annotation, ValueHandling annotation, Sorted annotation, Identity annotation, AnnotationOrderComparator enum, ValueMatcher class, WithNonNullableFields class). It handles hash code generation, equals method generation, annotation processing, field matching logic, and comparator implementation within a single class, resulting in excessive size and complexity with low cohesion."
net_bytebuddy_build_Plugin_Ambiguous.txt,Insufficient Modularization,class,net.bytebuddy.build.Plugin,1,"The Plugin interface and its nested types (Factory, Engine, Source, Target, Dispatcher, etc.) are all defined within a single file, resulting in excessive size and complexity. The class file is over 34000 characters long and contains multiple distinct abstractions (plugin factories, plugin engines, sources, targets, dispatchers, listeners, error handlers) that could be separated into their own cohesive modules. The interface has a bloated responsibility scope, encompassing plugin definition, factory creation, engine orchestration, I/O handling, parallel execution, and error management."
net_bytebuddy_build_Plugin_CompoundIterator.txt,Insufficient Modularization,class,net.bytebuddy.build.Plugin,1,"The Plugin interface and its nested types represent a massive abstraction with over 3400 lines of code, containing multiple distinct responsibilities: plugin definition, factory creation, engine orchestration, source/target handling, error handling, listeners, dispatchers, and materialization logic. The class exhibits excessive size and complexity, with deeply nested interfaces and classes (Factory, Engine, Source, Target, Dispatcher, etc.) that could be separated into independent modules. The bloated interface concentrates responsibilities that violate the Single Responsibility Principle and would benefit from decomposition into smaller, cohesive abstractions."
net_bytebuddy_build_Plugin_Source.txt,Insufficient Modularization,class,net.bytebuddy.build.Plugin,1,"The Plugin interface and its nested types represent a bloated abstraction with excessive size and complexity. The class contains 8 nested interfaces (WithPreprocessor, WithInitialization, Factory, Engine, TypeStrategy, PoolStrategy, ErrorHandler, Listener, Source, Target, Dispatcher) and numerous nested classes (over 50), totaling over 3400 lines. It combines responsibilities for plugin definition, factory creation, engine orchestration, source/target handling, error management, and parallel execution. The Engine.Default class alone contains over 500 lines and handles transformation orchestration, type resolution, plugin application, and resource management. This monolithic structure violates single responsibility principle and demonstrates insufficient decomposition into cohesive abstractions."
net_bytebuddy_build_Plugin_WithPreprocessor.txt,Insufficient Modularization,class,net.bytebuddy.build.Plugin.WithPreprocessor,0,"The class is a simple interface with a single method declaration, exhibiting minimal size, low complexity, and a focused interface. It does not demonstrate excessive responsibilities, bloated interface, or lack of decomposition."
net_bytebuddy_build_gradle_AbstractByteBuddyTask_TransformationLogger.txt,Insufficient Modularization,class,AbstractByteBuddyTask,1,"The class exhibits excessive size and complexity with 300+ lines, multiple responsibilities including task configuration management, plugin discovery, class loading, file deletion utilities, and transformation logging. It contains three nested classes (TransformationLogger, ByteBuddySkippingUrlClassLoader) and a large static apply method with 20+ parameters, indicating poor decomposition of concerns."
net_bytebuddy_build_gradle_ByteBuddySimpleTaskExtension.txt,Insufficient Modularization,class,ByteBuddySimpleTaskExtension,0,"The class is small and focused, containing only one field with getter/setter and minimal overridden methods. It has a single responsibility of configuring a discovery set for ByteBuddySimpleTask, and delegates most behavior to its parent class, showing good decomposition."
net_bytebuddy_build_gradle_ObjectFactory_ForApi4CapableGradle.txt,Insufficient Modularization,class,ObjectFactory,0,"The class is small (136 lines), focused on a single responsibility (creating instances via Gradle's ObjectFactory API with version fallback), and uses appropriate decomposition with a Dispatcher interface and two implementations. The static initialization and public method are minimal, and the nested types are cohesive and logically separated."
net_bytebuddy_build_gradle_android_ByteBuddyAndroidPlugin.txt,Insufficient Modularization,class,ByteBuddyAndroidPlugin,1,"The class contains 8 inner classes (VariantAction, RuntimeClassPathResolver, ByteBuddyTransformationConfiguration, VariantConfigurationConfigurationAction, AttributeContainerConfigurationAction, AttributeMatchingStrategyConfigurationAction, ConfigurationConfigurationAction, ByteBuddyDependencyRule) and 2 inner interfaces (TransformationDispatcher, ByteBuddyViewConfiguration) that handle distinct responsibilities such as variant processing, classpath resolution, configuration management, and transformation dispatching. The main class also contains static initialization logic and multiple constants, resulting in a large class with high complexity and multiple concerns that could be separated into dedicated classes."
net_bytebuddy_build_gradle_android_ByteBuddyAndroidPlugin_AttributeMatchingStrategyConfigurationAction.txt,Insufficient Modularization,class,ByteBuddyAndroidPlugin.AttributeMatchingStrategyConfigurationAction,0,"The class is a small, focused inner class with a single responsibility: configuring an AttributeMatchingStrategy. It has minimal size (only one method), low complexity, and a narrow interface. It does not exhibit excessive size, complexity, or bloated interface that would indicate insufficient decomposition."
net_bytebuddy_build_gradle_android_ByteBuddyAndroidPlugin_GetProjectJarsFunction.txt,Insufficient Modularization,class,ByteBuddyAndroidPlugin,1,"The class contains multiple nested classes (VariantAction, RuntimeClassPathResolver, ByteBuddyTransformationConfiguration, VariantConfigurationConfigurationAction, AttributeContainerConfigurationAction, AttributeMatchingStrategyConfigurationAction, ConfigurationConfigurationAction, ByteBuddyDependencyRule, TransformationDispatcher, ByteBuddyViewConfiguration) that handle distinct responsibilities such as variant processing, classpath resolution, configuration actions, dependency rules, and transformation dispatching. These responsibilities could be separated into independent classes rather than being nested within the main plugin class, reducing complexity and improving cohesion."
net_bytebuddy_build_gradle_android_ByteBuddyAndroidTaskExtension.txt,Insufficient Modularization,class,ByteBuddyAndroidTaskExtension,0,"The class has a single, well-defined responsibility of configuring Byte Buddy Android task properties. It has a manageable size (~150 lines), low complexity (mostly getters/setters), and a focused interface for setting transformation parameters. The class shows good cohesion by grouping related configuration properties for a specific task extension."
net_bytebuddy_build_maven_ByteBuddyMojo_FromClassLoader.txt,Insufficient Modularization,class,ByteBuddyMojo,1,"The class is excessively large (11247 characters) and complex, containing multiple nested classes (ForLifecycleTypes, ForExplicitLocations, ForDependencyFolder, MavenBuildLogger, TransformationLogger, Transformer, Coordinate, StalenessFilter, FilePrefixMatcher) that handle distinct responsibilities such as different transformation targets, logging, filtering, and coordinate management. It has a bloated interface with numerous configuration parameters and abstract methods, concentrating responsibilities that could be separated into smaller, more cohesive abstractions."
net_bytebuddy_build_maven_Initialization.txt,Insufficient Modularization,class,net.bytebuddy.build.maven.Initialization,0,"The class is small and focused, containing only two fields and one primary method. It has a single responsibility of configuring and resolving an entry point. The class inherits minimal behavior from CoordinateConfiguration and does not exhibit excessive size, complexity, or bloated interface."
net_bytebuddy_description_ByteCodeElement_TokenList.txt,Insufficient Modularization,class,ByteCodeElement.TokenList,0,"The TokenList class is a small, focused utility class with a single responsibility: managing a list of tokens. It has minimal methods (constructor, accept, get, size, wrap), low complexity, and a narrow interface. It does not exhibit excessive size, complexity, or bloated interface that would indicate insufficient decomposition."
net_bytebuddy_description_ModifierReviewable_ForParameterDescription.txt,Insufficient Modularization,class,net.bytebuddy.description.ModifierReviewable,0,"The interface is well-decomposed into specialized sub-interfaces (OfByteCodeElement, OfAbstraction, OfEnumeration, ForTypeDefinition, ForFieldDescription, ForMethodDescription, ForParameterDescription, ForModuleDescription, ForModuleRequirement) that separate concerns based on different bytecode element types. The AbstractBase class implements all interfaces but serves as a utility implementation, not a single bloated class. Each interface has a focused responsibility with cohesive methods."
net_bytebuddy_description_ModifierReviewable_OfByteCodeElement.txt,Insufficient Modularization,class,net.bytebuddy.description.ModifierReviewable.OfByteCodeElement,0,"The interface hierarchy is well-decomposed into cohesive, focused interfaces (OfAbstraction, OfEnumeration, ForTypeDefinition, ForFieldDescription, ForMethodDescription, etc.) that separate concerns based on bytecode element types. The AbstractBase class implements multiple interfaces but provides a single, consistent implementation of modifier checking logic without excessive size or complexity."
net_bytebuddy_description_TypeVariableSource_AbstractBase.txt,Insufficient Modularization,class,TypeVariableSource.AbstractBase,0,"The AbstractBase class is small and focused, implementing only two concrete methods (findVariable and findExpectedVariable) that provide default implementations for the interface. It delegates appropriately to abstract methods and other components. The interface TypeVariableSource defines a clear abstraction for type variable sources with cohesive methods, and the abstract base class does not exhibit excessive size, complexity, or bloated interface."
net_bytebuddy_description_TypeVariableSource_Visitor.txt,Insufficient Modularization,class,TypeVariableSource,0,"The interface is appropriately decomposed with focused responsibilities: declaring type variables, finding variables in scope, visitor pattern support, and generic declaration checks. It includes a nested Visitor interface and an AbstractBase class for shared implementation, demonstrating adequate decomposition into cohesive abstractions."
net_bytebuddy_description_annotation_AnnotationValue_Loaded.txt,Insufficient Modularization,class,net.bytebuddy.description.annotation.AnnotationValue,1,"The class is a large interface (over 2000 lines) that contains multiple nested classes and enums (RenderingDispatcher, Loaded, State, Sort, ForConstant, ForAnnotationDescription, ForEnumerationDescription, ForTypeDescription, ForDescriptionArray, ForMissingType, ForMismatchedType, ForMissingValue, ForIncompatibleType) with diverse responsibilities including value representation, loading, filtering, rendering, and error handling. This violates the Single Responsibility Principle and demonstrates excessive size and complexity that could be decomposed into smaller, more cohesive abstractions."
net_bytebuddy_description_annotation_AnnotationValue_PropertyDelegate.txt,Insufficient Modularization,class,net.bytebuddy.description.annotation.AnnotationValue,1,"The class is a large interface (over 2000 lines) containing multiple nested classes, enums, and interfaces (RenderingDispatcher, Loaded, State, Sort, ForConstant, ForAnnotationDescription, ForEnumerationDescription, ForTypeDescription, ForDescriptionArray, ForMissingType, ForMismatchedType, ForMissingValue, ForIncompatibleType) that handle diverse responsibilities including annotation value representation, loading, filtering, rendering, and error handling. This monolithic structure concentrates responsibilities that could be separated into smaller, more cohesive abstractions, resulting in excessive size and complexity."
net_bytebuddy_description_field_FieldDescription_SignatureToken.txt,Insufficient Modularization,class,net.bytebuddy.description.field.FieldDescription,0,"The interface and its nested classes are well-decomposed with clear responsibilities: FieldDescription defines the core abstraction, InGenericShape and InDefinedShape provide specialized views, AbstractBase offers common implementations, ForLoadedField handles reflection, Latent handles detached fields, TypeSubstituting handles type substitution, Token represents detached field properties, and SignatureToken provides lightweight identification. Each component has a single, cohesive purpose without excessive size or complexity."
net_bytebuddy_description_method_MethodDescription_ForLoadedExecutable.txt,Insufficient Modularization,class,MethodDescription.ForLoadedExecutable,0,"The class is an interface with well-decomposed responsibilities distributed across multiple nested classes and interfaces (InGenericShape, InDefinedShape, AbstractBase, ForLoadedConstructor, ForLoadedMethod, Latent, TypeSubstituting, Token, SignatureToken, TypeToken). Each component has a single, cohesive purpose, and the overall design follows the single responsibility principle with appropriate abstraction levels."
net_bytebuddy_description_method_MethodDescription_Latent.txt,Insufficient Modularization,class,net.bytebuddy.description.method.MethodDescription.Latent,0,"The class is a relatively small, focused implementation of a latent method description with a single responsibility: representing a method not attached to a declaring type. It has moderate size (157 lines), cohesive functionality centered around method representation, and does not exhibit excessive complexity or bloated interface compared to the overall MethodDescription interface hierarchy."
net_bytebuddy_description_method_MethodDescription_TypeToken.txt,Insufficient Modularization,class,net.bytebuddy.description.method.MethodDescription,1,"The interface and its nested classes/implementations represent a large abstraction (method description) that combines multiple responsibilities: method metadata representation, type variable handling, modifier management, bootstrap method validation, default value validation, bridge method compatibility checking, and multiple implementations (loaded method, loaded constructor, latent, type-substituting). The class contains 1575 lines of code with numerous nested interfaces and classes, indicating excessive size and complexity that could be decomposed into smaller, more cohesive abstractions."
net_bytebuddy_description_method_ParameterList_OfLegacyVmMethod.txt,Insufficient Modularization,class,net.bytebuddy.description.method.ParameterList,0,"The interface and its nested classes demonstrate appropriate decomposition: AbstractBase provides common implementations, ForLoadedExecutable handles reflection with modern/legacy VM variations, Explicit manages explicit parameter lists, ForTokens handles token-based parameters, TypeSubstituting handles type transformations, and Empty represents empty lists. Each class has a single, cohesive responsibility with reasonable size and complexity."
net_bytebuddy_description_method_ParameterList_OfMethod.txt,Insufficient Modularization,class,net.bytebuddy.description.method.ParameterList,0,"The interface and its nested classes demonstrate appropriate decomposition: ParameterList defines a clear abstraction for parameter collections, with separate implementations for loaded executables (ForLoadedExecutable with subclasses for modern/legacy VMs), explicit lists (Explicit with ForTypes), token-based lists (ForTokens), type-substituting lists (TypeSubstituting), and empty lists (Empty). Each class has a single responsibility, manageable size, and cohesive interface."
net_bytebuddy_description_modifier_FieldManifestation.txt,Insufficient Modularization,class,FieldManifestation,0,"The class is a small, focused enum with only three constants and minimal methods. It has a single responsibility (describing field manifestation), low complexity, and a cohesive interface. No evidence of excessive size, bloated interface, or responsibilities that could be separated."
net_bytebuddy_description_modifier_ModifierContributor_ForType.txt,Insufficient Modularization,class,net.bytebuddy.description.modifier.ModifierContributor,0,"The class is a well-decomposed interface hierarchy with clear separation of concerns. It defines a core interface with minimal methods (getMask, getRange, isDefault) and uses nested marker interfaces (ForType, ForModule, ForField, ForMethod, ForParameter) to separate modifiers by target element type. The Resolver inner class is cohesive and focused on modifier resolution. The abstraction is appropriately granular with no excessive size, complexity, or bloated interface."
net_bytebuddy_description_modifier_Ownership.txt,Insufficient Modularization,class,net.bytebuddy.description.modifier.Ownership,0,"The class is a simple enum with only two values (MEMBER and STATIC). It implements multiple interfaces but has minimal, cohesive functionality: a mask field, getMask(), getRange(), isDefault(), and isStatic(). The class is small, focused on representing ownership modifiers, and shows no signs of excessive size, complexity, or bloated interface."
net_bytebuddy_description_modifier_ParameterManifestation.txt,Insufficient Modularization,class,ParameterManifestation,0,"The class is a simple enum with only two values (PLAIN, FINAL), minimal methods (getMask, getRange, isDefault, isFinal), and a single field. It has a clear single responsibility (representing final/non-final parameter state), low complexity, and a focused interface. No evidence of excessive size, complexity, or bloated interface that would require decomposition."
net_bytebuddy_description_type_PackageDescription.txt,Insufficient Modularization,class,net.bytebuddy.description.type.PackageDescription,0,"The interface PackageDescription is well-decomposed with a clear single responsibility of representing Java packages. It defines a minimal interface with only essential methods (contains, isDefault, getName, getDeclaredAnnotations). The abstract base class provides shared implementations, while concrete implementations (Simple, ForLoadedPackage) handle specific cases. The class has low complexity, focused interface, and appropriate separation of concerns without excessive size or bloated interface."
net_bytebuddy_description_type_PackageDescription_AbstractBase.txt,Insufficient Modularization,class,net.bytebuddy.description.type.PackageDescription.AbstractBase,0,"The class PackageDescription.AbstractBase is a small, focused abstract base class providing common implementations for package descriptions. It has a single responsibility (common package behavior), low complexity (simple methods like contains, isDefault, equals, hashCode, toString), and reasonable size. The overall design shows adequate decomposition with separate Simple and ForLoadedPackage implementations."
net_bytebuddy_description_type_RecordComponentDescription_InDefinedShape.txt,Insufficient Modularization,class,RecordComponentDescription.InDefinedShape,0,"The class is an interface with minimal method declarations. The implementation complexity is distributed across multiple nested classes (AbstractBase, ForLoadedRecordComponent, Latent, TypeSubstituting, Token), each with clear, cohesive responsibilities. The interface hierarchy (InGenericShape, InDefinedShape) provides appropriate abstraction levels. No single class exhibits excessive size, complexity, or bloated interface."
net_bytebuddy_description_type_TypeDescription_ForErasure.txt,Insufficient Modularization,class,net.bytebuddy.description.type.TypeDescription$Generic$OfNonGenericType$ForErasure,0,"The class is a small, focused implementation representing a non-generic type as an erasure. It has a single responsibility (providing erasure representation), minimal complexity, and a cohesive interface with only essential methods. It does not exhibit excessive size, bloated interface, or concentration of responsibilities that would require decomposition."
net_bytebuddy_description_type_TypeDescription_ForLoadedReturnType.txt,Insufficient Modularization,class,TypeDescription.ForLoadedReturnType,0,"The class is a nested class within the TypeDescription interface and serves a specific, cohesive purpose: representing a loaded method's return type as a lazy projection. It is not excessively large or complex, does not have a bloated interface, and its responsibilities are focused on type resolution and annotation handling for return types."
net_bytebuddy_description_type_TypeDescription_ForTypeVariable.txt,Insufficient Modularization,class,TypeDescription.ForTypeVariable,1,"The class is an interface with 66814 characters and over 5000 lines, containing multiple deeply nested inner interfaces and classes (Generic, Visitor, AnnotationReader, OfNonGenericType, OfGenericArray, OfWildcardType, OfParameterizedType, OfTypeVariable, LazyProxy, Builder, etc.). It handles numerous responsibilities including type representation, generic type handling, type variable resolution, annotation processing, type validation, type substitution, and visitor pattern implementations. The interface defines 100+ methods and contains extensive inner type hierarchies, indicating excessive size, complexity, and a bloated interface that could be decomposed into smaller, more cohesive abstractions."
net_bytebuddy_description_type_TypeDescription_LazyInterfaceList.txt,Insufficient Modularization,class,TypeDescription.LazyInterfaceList,0,"The analyzed class is a nested interface (LazyInterfaceList) within the large TypeDescription interface. While TypeDescription itself is extremely large and complex, LazyInterfaceList is a small, focused component that serves a specific purpose within the visitor pattern implementation. It has a single responsibility (representing lazy interface lists) and is appropriately decomposed from the main TypeDescription abstraction."
net_bytebuddy_description_type_TypeDescription_OfMethodParameter.txt,Insufficient Modularization,class,TypeDescription,1,"The TypeDescription interface and its nested interfaces/classes represent an excessively large abstraction with over 6000 lines of code. It combines multiple responsibilities including type representation, generic type handling, annotation processing, type variable management, and visitor pattern implementations. The interface defines 50+ methods and contains multiple large nested interfaces (Generic with 1000+ lines, multiple inner classes like OfNonGenericType, OfParameterizedType, OfWildcardType, OfTypeVariable, LazyProjection, Builder) that themselves contain extensive functionality. This violates single responsibility principle and demonstrates inadequate decomposition of a complex type system abstraction."
net_bytebuddy_description_type_TypeList_Empty.txt,Insufficient Modularization,class,net.bytebuddy.description.type.TypeList.Empty,0,"The analyzed class TypeList.Empty is a small, focused class implementing an empty type list. It has minimal methods (toInternalNames, getStackSize, asGenericTypes) that are specific to its single responsibility. The class does not exhibit excessive size, complexity, or bloated interface, and it represents a well-decomposed abstraction within the TypeList hierarchy."
net_bytebuddy_description_type_TypeVariableToken.txt,Insufficient Modularization,class,TypeVariableToken,0,"The class is small and focused, with only three fields and minimal methods. It has a single responsibility of representing a tokenized type variable. The interface is not bloated, containing only essential constructors, factory method, getters, and standard Object method overrides. Complexity is low, with no signs of multiple responsibilities that need decomposition."
net_bytebuddy_dynamic_ClassFileLocator_ExtractionClassFileTransformer.txt,Insufficient Modularization,class,net.bytebuddy.dynamic.ClassFileLocator,1,"The interface contains 13 inner classes and 2 inner interfaces, totaling over 1600 lines of code. It exhibits excessive size and complexity by bundling multiple distinct responsibilities: various class file location strategies (ForClassLoader, ForJarFile, ForModule, ForFolder, ForInstrumentation, etc.), resolution types, filtering, packaging, and compound operations. The interface has a bloated interface with numerous factory methods and static utilities, concentrating responsibilities that could be separated into smaller, more cohesive abstractions."
net_bytebuddy_dynamic_ClassFileLocator_Illegal.txt,Insufficient Modularization,class,net.bytebuddy.dynamic.ClassFileLocator,1,"The interface ClassFileLocator contains 12 inner classes and 2 inner interfaces (Resolution, NoOp, MultiReleaseAware, Simple, ForClassLoader, ForModule, ForJarFile, ForModuleFile, ForFolder, ForUrl, ForInstrumentation, PackageDiscriminating, Filtering, Compound) that implement various strategies for locating class files. These inner classes represent distinct responsibilities (e.g., reading from JAR files, folders, class loaders, modules, instrumentation) that could be separated into their own top-level classes to reduce the size and complexity of the main interface. The interface acts as a container for multiple independent abstractions, leading to excessive size and a bloated interface."
net_bytebuddy_dynamic_ClassFileLocator_Initializable.txt,Insufficient Modularization,class,net.bytebuddy.dynamic.ClassFileLocator,1,"The interface contains 12 inner classes and 2 nested interfaces (Resolution, NoOp, MultiReleaseAware, Simple, ForClassLoader, ForModule, ForJarFile, ForModuleFile, ForFolder, ForUrl, ForInstrumentation, PackageDiscriminating, Filtering, Compound) with extensive implementations totaling over 1600 lines. It handles multiple distinct responsibilities including locating class files from class loaders, modules, JAR files, JMOD files, folders, URLs, instrumentation, and compound sources. The interface has become a 'god interface' with excessive size and complexity, concentrating responsibilities that could be separated into smaller, more cohesive abstractions."
net_bytebuddy_dynamic_ClassFileLocator_NoOp.txt,Insufficient Modularization,class,net.bytebuddy.dynamic.ClassFileLocator,1,"The ClassFileLocator interface contains 12 inner classes and 2 inner interfaces, totaling over 2000 lines of code. It combines multiple distinct responsibilities including locating class files from class loaders, jar files, module files, folders, URLs, instrumentation, and implementing various decorator patterns (filtering, package discrimination, composition). This results in excessive size, complexity, and a bloated interface that concentrates responsibilities which could be separated into smaller, more cohesive abstractions."
net_bytebuddy_dynamic_DynamicType_Initial.txt,Insufficient Modularization,class,net.bytebuddy.dynamic.DynamicType.Initial,1,"The class is a massive interface (DynamicType) with over 2000 lines of code, containing numerous nested interfaces (Builder, ModuleDefinition, FieldDefinition, MethodDefinition, etc.) that represent distinct responsibilities. It exhibits excessive size and complexity, with a bloated interface that combines type building, module definition, field definition, method definition, record component definition, and type loading responsibilities. The class could be decomposed into smaller, more cohesive abstractions such as separate builders for modules, fields, methods, and record components, rather than nesting them within a single monolithic interface."
net_bytebuddy_dynamic_DynamicType_MethodDefinition.txt,Insufficient Modularization,class,net.bytebuddy.dynamic.DynamicType.MethodDefinition,1,"The class is an interface with 1,630+ lines and defines 15+ nested interfaces (Builder, ModuleDefinition, InnerTypeDefinition, TypeVariableDefinition, FieldDefinition, MethodDefinition, RecordComponentDefinition, etc.) that collectively represent a bloated abstraction for building dynamic types. It exhibits excessive size, complexity, and a bloated interface with over 200 methods, concentrating responsibilities for type, field, method, constructor, record component, module, and type variable definitions that could be separated into smaller, more cohesive abstractions."
net_bytebuddy_dynamic_DynamicType_Unloaded.txt,Insufficient Modularization,class,net.bytebuddy.dynamic.DynamicType.Unloaded,1,"The class is a massive interface (DynamicType) with over 2000 lines of code, containing numerous nested interfaces (Builder, ModuleDefinition, FieldDefinition, MethodDefinition, etc.) that represent distinct responsibilities. It exhibits excessive size and complexity, combining type building, module definition, field definition, method definition, record component definition, and file I/O operations into a single abstraction. The bloated interface includes hundreds of methods, indicating a lack of decomposition into smaller, cohesive abstractions."
net_bytebuddy_dynamic_NexusAccessor_Available.txt,Insufficient Modularization,class,NexusAccessor,1,"The class combines multiple responsibilities: managing Nexus access, implementing a ByteCodeAppender (InitializationAppender), and containing two complex dispatcher implementations (Available and Unavailable) with their own logic. The Dispatcher interface and its implementations are large and could be separate classes. The class has 330+ lines, indicating excessive size and complexity for a single abstraction."
net_bytebuddy_dynamic_TypeResolutionStrategy.txt,Insufficient Modularization,class,net.bytebuddy.dynamic.TypeResolutionStrategy,0,"The interface is well-decomposed into four focused implementations (Passive, Active, Lazy, Disabled) each with single responsibilities. The Active.Resolved inner class appropriately encapsulates its specific logic. The interface and its implementations are cohesive, small in size, and have minimal complexity."
net_bytebuddy_dynamic_loading_ClassInjector_UsingReflection.txt,Insufficient Modularization,class,net.bytebuddy.dynamic.loading.ClassInjector.UsingReflection,1,"The class exhibits excessive size and complexity with over 1500 lines of code, containing multiple nested interfaces and classes (Dispatcher, Direct, UsingUnsafeInjection, UsingUnsafeOverride, Unavailable) that implement similar functionality across different Java versions. It handles multiple responsibilities including reflection-based class injection, package definition, security manager checks, and compatibility with different JVM versions (Java 7+, legacy VMs). The class has a bloated interface with numerous methods and complex conditional logic for different runtime environments, concentrating responsibilities that could be separated into smaller, more cohesive abstractions for each injection strategy or JVM version."
net_bytebuddy_dynamic_loading_ClassLoadingStrategy_WrappingDispatcher.txt,Insufficient Modularization,class,ClassLoadingStrategy.WrappingDispatcher,0,"The WrappingDispatcher class is a small, focused inner class with a single responsibility: configuring and creating ByteArrayClassLoader instances. It has moderate size (approx. 100 lines), cohesive methods that all relate to class loader configuration, and delegates actual loading to ByteArrayClassLoader. The class represents a specific abstraction within the broader ClassLoadingStrategy interface hierarchy."
net_bytebuddy_dynamic_loading_InjectionClassLoader.txt,Insufficient Modularization,class,net.bytebuddy.dynamic.loading.InjectionClassLoader,0,"The class is appropriately sized and focused on a single responsibility: managing class injection for a class loader. It maintains minimal state (AtomicBoolean sealed), provides a clear public interface for injection operations, and delegates the core implementation to an abstract method. The nested Strategy enum is small, cohesive, and directly related to the class's purpose."
net_bytebuddy_dynamic_loading_ModuleLayerFromSingleClassLoaderDecorator_ModuleDescriptor.txt,Insufficient Modularization,class,ModuleLayerFromSingleClassLoaderDecorator,1,"The class exhibits excessive size and complexity by combining multiple distinct responsibilities: (1) main decorator logic, (2) multiple nested proxy interfaces (ModuleDescriptor, ModuleLayer, ModuleFinder, etc.), (3) two abstract base classes (AbstractModuleReader and AbstractModuleFinder), and (4) complex nested enum factories with bytecode generation logic. The class contains 9 nested interfaces and 2 abstract classes, making it overly large and difficult to maintain."
net_bytebuddy_dynamic_loading_PackageDefinitionStrategy.txt,Insufficient Modularization,class,PackageDefinitionStrategy,0,"The class is well-modularized with clear separation of concerns: it defines a main interface with multiple implementations (NoOp, Trivial, ManifestReading), a nested Definition interface with multiple implementations (Undefined, Trivial, Simple), and a nested SealBaseLocator interface with multiple implementations (NonSealing, ForFixedValue, ForTypeResourceUrl). Each component has a single responsibility and manageable size."
net_bytebuddy_dynamic_scaffold_FieldRegistry_Compiled.txt,Insufficient Modularization,class,net.bytebuddy.dynamic.scaffold.FieldRegistry,0,"The class exhibits high cohesion and appropriate decomposition: FieldRegistry is an interface with two focused implementations (NoOp enum and Default class). Default class is well-structured with separate inner classes (Entry and Compiled) handling distinct responsibilities. Each component has a single, clear purpose: Entry manages field matching and transformation configuration, Compiled handles runtime field resolution. The interface is minimal with only two methods. No excessive size, complexity, or bloated interface is present."
net_bytebuddy_dynamic_scaffold_FieldRegistry_Default.txt,Insufficient Modularization,class,net.bytebuddy.dynamic.scaffold.FieldRegistry.Default,0,"The class exhibits good modularization through decomposition into nested static classes (Entry and Compiled) with single responsibilities, manageable size, and cohesive interfaces. The outer class primarily coordinates these components without excessive complexity or bloated interface."
net_bytebuddy_dynamic_scaffold_MethodGraph_Node.txt,Insufficient Modularization,class,net.bytebuddy.dynamic.scaffold.MethodGraph,1,"The interface MethodGraph contains multiple nested interfaces, enums, and classes (Node, Linked, Compiler, NodeList, Simple) with extensive implementations, totaling over 1400 lines. The Compiler.Default class alone is highly complex, containing inner interfaces Harmonizer and Merger, abstract class Key with nested Harmonized and Detached classes, class Store with nested Entry hierarchy (Initial, Resolved, Ambiguous), and class Graph. This concentration of diverse responsibilities (method graph representation, compilation, harmonization, merging, key management, node resolution) within a single interface file indicates inadequate decomposition into separate, cohesive abstractions."
net_bytebuddy_dynamic_scaffold_MethodGraph_NodeList.txt,Insufficient Modularization,class,net.bytebuddy.dynamic.scaffold.MethodGraph,1,"The interface MethodGraph contains 5 nested interfaces, 8 nested classes, and 2 nested enums, totaling over 1400 lines of code. It combines multiple responsibilities including graph representation, node management, graph compilation with harmonization and merging strategies, and graph storage. The Default.Compiler class alone spans over 500 lines and contains multiple inner classes (Harmonizer, Merger, Key, Store, Entry, Graph) that could be separate top-level abstractions. The class exhibits excessive size and complexity, concentrating graph algorithms, data structures, and multiple design patterns within a single interface hierarchy."
net_bytebuddy_dynamic_scaffold_TypeInitializer.txt,Insufficient Modularization,class,net.bytebuddy.dynamic.scaffold.TypeInitializer,0,"The interface and its implementations are focused on a single responsibility: defining type initializers. The interface is small with only four methods. The nested classes (Drain.Default, None, Simple) are cohesive and appropriately sized, each handling specific aspects of the type initialization process without excessive complexity or bloated interfaces."
net_bytebuddy_dynamic_scaffold_TypeWriter_BridgeTarget.txt,Insufficient Modularization,class,net.bytebuddy.dynamic.scaffold.TypeWriter,1,"The class is a massive interface (TypeWriter) with multiple deeply nested inner classes and interfaces (FieldPool, MethodPool, RecordComponentPool, Default, ForInlining, ForCreation, etc.) spanning over 4800 lines. It exhibits excessive size and complexity, concentrating responsibilities for class file writing, field/method/record component handling, validation, redefinition, rebasing, decoration, and creation. The abstraction has not been adequately decomposed into smaller, cohesive units, resulting in a bloated interface and difficulty in maintenance."
net_bytebuddy_dynamic_scaffold_TypeWriter_Default.txt,Insufficient Modularization,class,net.bytebuddy.dynamic.scaffold.TypeWriter$Default,1,"The class is excessively large (over 4800 lines) and complex, containing multiple nested interfaces (FieldPool, MethodPool, RecordComponentPool) and inner classes (ForCreation, ForInlining, ValidatingClassVisitor, etc.) that could be separated into distinct abstractions. It handles diverse responsibilities including type validation, ASM visitor delegation, field/method/record component processing, and class file dumping, resulting in a bloated interface and high cognitive load."
net_bytebuddy_dynamic_scaffold_TypeWriter_ForImplicitRecordComponent.txt,Insufficient Modularization,class,net.bytebuddy.dynamic.scaffold.TypeWriter.ForImplicitRecordComponent,0,"The class is a small, focused inner class with a single responsibility: implementing RecordComponentPool.Record for implicit record components. It has minimal size (approx. 100 lines), low complexity, and a narrow interface with only a few methods. It does not exhibit excessive size, complexity, or bloated interface that would indicate insufficient modularization."
net_bytebuddy_dynamic_scaffold_TypeWriter_ForInterface.txt,Insufficient Modularization,class,net.bytebuddy.dynamic.scaffold.TypeWriter$ForInterface,0,"The class is an interface that defines a clear abstraction for writing class files using ASM. It declares only three methods and contains nested interfaces (FieldPool, MethodPool, RecordComponentPool) that decompose responsibilities. The main interface is not excessively large or complex, and its nested interfaces further modularize field, method, and record component handling. The abstraction is appropriately decomposed with cohesive nested types."
net_bytebuddy_dynamic_scaffold_TypeWriter_MethodPool.txt,Insufficient Modularization,class,net.bytebuddy.dynamic.scaffold.TypeWriter$MethodPool,1,"The class is a large interface with multiple deeply nested inner classes (Record, ForImplicitField, ForExplicitField, ForNonImplementedMethod, ForDefinedMethod, AccessBridgeWrapper, etc.) that handle diverse responsibilities including field and method implementation, visibility bridges, annotation defaults, and validation. It exhibits excessive size and complexity, concentrating responsibilities that could be separated into smaller, more cohesive abstractions such as distinct classes for field handling, method handling, bridge generation, and validation logic."
net_bytebuddy_dynamic_scaffold_TypeWriter_WithDrain.txt,Insufficient Modularization,class,net.bytebuddy.dynamic.scaffold.TypeWriter.WithDrain,1,"The class is a massive inner class (over 4000 lines) that contains multiple nested interfaces, enums, and classes (FieldPool, MethodPool, RecordComponentPool, Default, ForInlining, ForCreation, etc.), each with their own complex hierarchies and implementations. It handles responsibilities for type writing, field/method/record component processing, validation, initialization, redefinition, rebasing, decoration, and dumping, all within a single abstraction. The class exhibits excessive size, complexity, and a bloated interface, concentrating many responsibilities that could be separated into smaller, more cohesive abstractions."
net_bytebuddy_dynamic_scaffold_inline_MethodRebaseResolver.txt,Insufficient Modularization,class,net.bytebuddy.dynamic.scaffold.inline.MethodRebaseResolver,0,"The interface and its implementations demonstrate appropriate decomposition: MethodRebaseResolver defines a clear abstraction, with separate implementations (Disabled enum, Default class) and a well-structured Resolution hierarchy (Preserved, ForRebasedMethod, ForRebasedConstructor). Each component has a single responsibility, manageable size, and cohesive interfaces."
net_bytebuddy_dynamic_scaffold_inline_MethodRebaseResolver_Default.txt,Insufficient Modularization,class,net.bytebuddy.dynamic.scaffold.inline.MethodRebaseResolver.Default,0,"The class is part of a well-decomposed interface hierarchy with single responsibility. The Default class focuses on implementing the resolver logic, while the interface defines the contract and nested types (Disabled enum, Resolution interface with implementations) handle specific concerns. Each component has clear, cohesive responsibilities without excessive size or complexity."
net_bytebuddy_implementation_FieldAccessor_Prepared.txt,Insufficient Modularization,class,net.bytebuddy.implementation.FieldAccessor,1,"The class exhibits excessive size and complexity with 11289 characters, containing multiple nested interfaces (FieldLocation, FieldNameExtractor, PropertyConfigurable, AssignerConfigurable, OwnerTypeLocatable) and inner classes (Absolute, Relative, ForBeanProperty, ForFixedValue, ForImplicitProperty, ForSetter with multiple subclasses). It handles field location strategies, field name extraction, assigner configuration, property configuration, and multiple setter implementations within a single abstraction, concentrating responsibilities that could be separated into smaller, more cohesive units."
net_bytebuddy_implementation_FieldAccessor_PropertyConfigurable.txt,Insufficient Modularization,class,net.bytebuddy.implementation.FieldAccessor.PropertyConfigurable,1,"The class FieldAccessor (including its nested classes and interfaces) exhibits excessive size and complexity with over 1000 lines of code, multiple nested classes (FieldLocation.Absolute, FieldLocation.Relative, FieldNameExtractor.ForBeanProperty, FieldNameExtractor.ForFixedValue, ForImplicitProperty, ForSetter with 5 specialized subclasses), and multiple interfaces (PropertyConfigurable, AssignerConfigurable, OwnerTypeLocatable) that create a bloated interface. It handles numerous responsibilities including field location strategies, field name extraction, getter/setter bytecode generation, constant value handling, reference value storage, and chained instrumentation, which could be separated into smaller, more cohesive abstractions."
net_bytebuddy_implementation_Implementation_Factory.txt,Insufficient Modularization,class,net.bytebuddy.implementation.Implementation.Factory,0,"The class is a well-structured interface with cohesive nested types. It defines clear abstractions (SpecialMethodInvocation, Target, Context) each with focused responsibilities. The interface is not excessively large or complex, and its nested types are appropriately decomposed into separate concerns."
net_bytebuddy_implementation_Implementation_FrameGeneration.txt,Insufficient Modularization,class,net.bytebuddy.implementation.Implementation,1,"The class is a large interface (over 1700 lines) that defines multiple nested interfaces, enums, and classes (SpecialMethodInvocation, Target, Context, Compound, Simple) with complex responsibilities. It exhibits excessive size and complexity, concentrating responsibilities for method implementation, byte code generation, frame generation, auxiliary type registration, method accessor creation, and field caching into a single abstraction. The interface has a bloated structure with deeply nested hierarchies and multiple concerns that could be separated into smaller, more cohesive abstractions."
net_bytebuddy_implementation_InvokeDynamic_ForClassConstant.txt,Insufficient Modularization,class,net.bytebuddy.implementation.InvokeDynamic,1,"The class exhibits excessive size (over 2000 lines) and complexity, containing multiple nested interfaces (InvocationProvider, ArgumentProvider, NameProvider, ReturnTypeProvider, Target, Resolved), enums (TerminationHandler, ConstantPoolWrapper), and inner classes (WithImplicitArguments, WithImplicitTarget, WithImplicitType, Appender, and various ArgumentProvider implementations). It handles numerous responsibilities including bootstrap method configuration, argument provisioning, dynamic invocation target resolution, bytecode generation, and lambda expression creation, all within a single class. The bloated interface includes over 50 public methods for configuring various argument types and invocation scenarios."
net_bytebuddy_implementation_InvokeDynamic_ForIntegerConstant.txt,Insufficient Modularization,class,net.bytebuddy.implementation.InvokeDynamic,1,"The class exhibits excessive size (over 2000 lines) and complexity, containing multiple nested interfaces, enums, and inner classes (InvocationProvider, ArgumentProvider, NameProvider, ReturnTypeProvider, TerminationHandler, WithImplicitArguments, WithImplicitTarget, WithImplicitType, Appender). It handles diverse responsibilities including bootstrap method configuration, argument provisioning, dynamic invocation, lambda expression creation, and bytecode generation, which could be separated into more cohesive abstractions. The bloated interface with numerous factory methods (bootstrap, lambda) and configuration methods (withBooleanValue, withByteValue, etc.) further indicates insufficient decomposition."
net_bytebuddy_implementation_InvokeDynamic_ForInterceptedMethodParameters.txt,Insufficient Modularization,class,net.bytebuddy.implementation.InvokeDynamic$ForInterceptedMethodParameters,1,"The class exhibits excessive size (over 2000 lines), high complexity with multiple nested interfaces and classes (InvocationProvider, ArgumentProvider, NameProvider, ReturnTypeProvider, Target, Resolved, TerminationHandler, WithImplicitType, WithImplicitArguments, WithImplicitTarget, AbstractDelegator, Appender), and a bloated interface with numerous methods for handling different argument types (withBooleanValue, withByteValue, withShortValue, etc.). It concentrates responsibilities for dynamic method invocation, argument provisioning, type handling, and bytecode generation that could be separated into smaller, more cohesive abstractions."
net_bytebuddy_implementation_LoadedTypeInitializer_Compound.txt,Insufficient Modularization,class,net.bytebuddy.implementation.LoadedTypeInitializer.Compound,0,"The Compound class is a simple composite pattern implementation with a single responsibility: managing and delegating to a collection of LoadedTypeInitializer instances. It has minimal complexity, a focused interface (two constructors and two interface method implementations), and appropriately delegates to contained initializers without absorbing unrelated responsibilities."
net_bytebuddy_implementation_MethodAccessorFactory.txt,Insufficient Modularization,class,MethodAccessorFactory,0,"The interface is small and focused with only three core methods for registering accessors, getters, and setters. The nested enum AccessType is a simple, cohesive grouping of visibility-related constants. The nested Illegal enum is a standard null-object implementation pattern. The class exhibits high cohesion and a minimal, well-defined interface without excessive size, complexity, or bloated responsibilities."
net_bytebuddy_implementation_MethodCall_ForConstructingInvocation.txt,Insufficient Modularization,class,net.bytebuddy.implementation.MethodCall,1,"The class exhibits excessive size (over 2500 lines) and complexity, containing multiple nested interfaces and classes (MethodLocator, ArgumentLoader, TargetHandler, MethodInvoker, TerminationHandler) within a single file. It handles numerous responsibilities including method location, argument loading, target resolution, method invocation, and termination handling, which could be separated into distinct, cohesive abstractions. The class has a bloated interface with over 50 public methods and represents a 'god class' that centralizes too many functionalities related to method call implementation."
net_bytebuddy_implementation_MethodCall_OfInvokedMethod.txt,Insufficient Modularization,class,net.bytebuddy.implementation.MethodCall,1,"The class exhibits excessive size (over 2500 lines) and complexity, containing multiple nested interfaces and classes (MethodLocator, ArgumentLoader, TargetHandler, MethodInvoker, TerminationHandler) that could be separate classes. It has a bloated interface with numerous factory methods and configuration options, concentrating responsibilities for method invocation, argument loading, target handling, and termination handling into a single class."
net_bytebuddy_implementation_MethodDelegation_ForStaticMethod.txt,Insufficient Modularization,class,net.bytebuddy.implementation.MethodDelegation$ForStaticMethod,1,"The class exhibits excessive size and complexity by containing multiple nested classes (ForStaticCall, ForField, ForMethodReturn, ForConstruction, WithInstance, WithLookup, ForMethodReturn, ForConstruction) and interfaces (ImplementationDelegate, Compiled) within a single file. It handles diverse delegation scenarios (static methods, field access, method return values, constructors) with distinct logic, resulting in a bloated interface and high cognitive load. The class concentrates responsibilities that could be separated into smaller, more cohesive abstractions for each delegation type."
net_bytebuddy_implementation_ToStringMethod_ForFixedValue.txt,Insufficient Modularization,class,net.bytebuddy.implementation.ToStringMethod,0,"The class demonstrates good modularization through decomposition into cohesive inner classes and enums (Appender, PrefixResolver interface with Default enum and ForFixedValue class, ValueConsumer enum). Each component has a single responsibility: PrefixResolver handles prefix generation, Appender handles bytecode generation, ValueConsumer handles type-specific string conversion. The class size is justified by its comprehensive toString implementation functionality."
net_bytebuddy_implementation_attribute_AnnotationAppender_OnField.txt,Insufficient Modularization,class,net.bytebuddy.implementation.attribute.AnnotationAppender,0,"The interface and its nested classes demonstrate appropriate decomposition: the main interface defines core responsibilities, while inner classes (Default, ForTypeAnnotations, and Target implementations) handle specific concerns like annotation writing, type annotation traversal, and different annotation targets. Each component has focused responsibilities and manageable size."
net_bytebuddy_implementation_attribute_AnnotationValueFilter.txt,Insufficient Modularization,class,net.bytebuddy.implementation.attribute.AnnotationValueFilter,0,The interface is small and focused with a single method. The nested Factory interface and Default enum are cohesive abstractions that separate concerns appropriately. The class shows good decomposition with minimal size and complexity.
net_bytebuddy_implementation_attribute_MethodAttributeAppender_Explicit.txt,Insufficient Modularization,class,net.bytebuddy.implementation.attribute.MethodAttributeAppender.Explicit,0,"The class is part of a well-decomposed interface hierarchy with multiple specialized implementations (NoOp, ForInstrumentedMethod, Explicit, ForReceiverType, Compound). Each implementation has a single, clear responsibility. The Explicit class itself is focused on appending explicit annotations to specific targets and has a manageable size and complexity."
net_bytebuddy_implementation_attribute_MethodAttributeAppender_ForInstrumentedMethod.txt,Insufficient Modularization,class,net.bytebuddy.implementation.attribute.MethodAttributeAppender.ForInstrumentedMethod,0,"The class is an enum with two well-defined variants (EXCLUDING_RECEIVER, INCLUDING_RECEIVER) that share a single apply method implementing a cohesive annotation appending algorithm. The class size is moderate (approx. 100 lines), has a single responsibility (appending instrumented method annotations), and delegates specialized tasks to dedicated helper classes (AnnotationAppender, AnnotationValueFilter). No bloated interface or excessive complexity is present."
net_bytebuddy_implementation_attribute_MethodAttributeAppender_OnMethodParameter.txt,Insufficient Modularization,class,net.bytebuddy.implementation.attribute.MethodAttributeAppender.OnMethodParameter,0,"The interface and its nested implementations demonstrate appropriate decomposition: NoOp enum, Factory interface with Compound implementation, ForInstrumentedMethod enum with two variants, Explicit class with inner Target interface, ForReceiverType class, and Compound class. Each component has a single, cohesive responsibility related to method attribute appending, with clear separation of concerns and manageable size."
net_bytebuddy_implementation_auxiliary_TypeProxy_AccessorMethodInvocation.txt,Insufficient Modularization,class,net.bytebuddy.implementation.auxiliary.TypeProxy,1,"The class TypeProxy (including its inner classes) exhibits excessive size and complexity, containing multiple distinct responsibilities: (1) main proxy type definition and factory logic, (2) multiple specialized StackManipulation implementations (ForSuperMethodByConstructor, ForSuperMethodByReflectionFactory, ForDefaultMethod), (3) nested InvocationFactory interface with enum implementations, (4) MethodCall implementation with nested Appender and AccessorMethodInvocation classes, (5) SilentConstruction enum with nested Appender class, and (6) AbstractMethodErrorThrow enum. These represent separate concerns that could be decomposed into smaller, more cohesive abstractions."
net_bytebuddy_implementation_auxiliary_TypeProxy_ForSuperMethodByConstructor.txt,Insufficient Modularization,class,net.bytebuddy.implementation.auxiliary.TypeProxy,1,"The class TypeProxy is excessively large (5780+ characters) and contains multiple nested classes (ForSuperMethodByConstructor, ForSuperMethodByReflectionFactory, ForDefaultMethod, MethodCall, SilentConstruction, AbstractMethodErrorThrow) and an interface (InvocationFactory) within a single file. It handles multiple distinct responsibilities: creating type proxies via different mechanisms (constructor-based, reflection-based, default method), implementing bytecode appenders, and managing method invocation logic. These responsibilities could be separated into smaller, more cohesive classes."
net_bytebuddy_implementation_auxiliary_TypeProxy_MethodCall.txt,Insufficient Modularization,class,net.bytebuddy.implementation.auxiliary.TypeProxy,1,"The class TypeProxy is excessively large (over 700 lines) and contains multiple nested classes and enums (MethodCall, SilentConstruction, InvocationFactory, ForSuperMethodByConstructor, ForSuperMethodByReflectionFactory, ForDefaultMethod, AbstractMethodErrorThrow) that each handle distinct responsibilities such as proxy creation strategies, bytecode generation, and invocation handling. This concentration of diverse functionalities within a single class results in high complexity and a bloated interface, making it difficult to understand, maintain, and evolve."
net_bytebuddy_implementation_auxiliary_TypeProxy_SilentConstruction.txt,Insufficient Modularization,class,net.bytebuddy.implementation.auxiliary.TypeProxy,1,"The class exhibits excessive size and complexity with 5 nested classes/enums (SilentConstruction, AbstractMethodErrorThrow, InvocationFactory, ForSuperMethodByConstructor, ForSuperMethodByReflectionFactory, ForDefaultMethod, MethodCall) and 2 additional nested classes (Appender, AccessorMethodInvocation). It combines multiple responsibilities including proxy creation, bytecode generation for different construction strategies, method invocation handling, and serialization support. The class has 5 fields and 2 public constructors, with a bloated interface containing 7 public static nested types and multiple public static final fields."
net_bytebuddy_implementation_bind_MethodDelegationBinder_Compound.txt,Insufficient Modularization,class,net.bytebuddy.implementation.bind.MethodDelegationBinder,1,"The interface contains 5 nested interfaces (Record, MethodInvoker, ParameterBinding, MethodBinding, BindingResolver, AmbiguityResolver, TerminationHandler) and 3 nested classes (Processor, Compound, Virtual, Anonymous, Unique, Builder, Build, StreamWriting, Default, Unique, NoOp, Directional, Compound, Default), totaling over 800 lines of code. It defines multiple complex abstractions (binding resolution, parameter binding, method invocation, termination handling) within a single interface, resulting in excessive size and complexity. The interface serves as a container for numerous responsibilities that could be separated into distinct, cohesive abstractions."
net_bytebuddy_implementation_bind_MethodDelegationBinder_MethodInvoker.txt,Insufficient Modularization,class,net.bytebuddy.implementation.bind.MethodDelegationBinder,1,"The interface MethodDelegationBinder contains multiple nested interfaces (Record, MethodInvoker, ParameterBinding, MethodBinding, BindingResolver, AmbiguityResolver, TerminationHandler) and classes (Processor) with substantial implementations, resulting in excessive size and complexity. It concentrates responsibilities for method binding, parameter binding, ambiguity resolution, termination handling, and processing into a single abstraction, making it difficult to understand and maintain. The class exhibits bloated interface with numerous inner types that could be separated into smaller, more cohesive abstractions."
net_bytebuddy_implementation_bind_annotation_Binder_FieldSetter.txt,Insufficient Modularization,class,net.bytebuddy.implementation.bind.annotation.FieldProxy$Binder,1,"The Binder class contains 7883 characters and implements multiple responsibilities: annotation property handling, proxy type validation and installation, field resolution logic, and multiple nested implementations (FieldResolver, StaticFieldConstructor, InstanceFieldConstructor, FieldGetter, FieldSetter, AccessorProxy). It exhibits high complexity with deeply nested inner classes and interfaces, performing validation, bytecode generation, and proxy creation within a single class."
net_bytebuddy_implementation_bind_annotation_TargetMethodAnnotationDrivenBinder_Handler.txt,Insufficient Modularization,class,TargetMethodAnnotationDrivenBinder,1,"The class contains multiple nested classes and interfaces (Record, ParameterBinder, DelegationProcessor) that handle distinct responsibilities (method binding compilation, parameter binding strategies, delegation processing). These abstractions are embedded within the main class, resulting in excessive size and complexity. The ParameterBinder interface alone contains two abstract inner classes (ForFixedValue, ForFieldBinding) with their own hierarchies, and the DelegationProcessor contains Handler interface with two implementations. This concentration of responsibilities suggests inadequate decomposition into separate, cohesive classes."
net_bytebuddy_implementation_bytecode_Addition.txt,Insufficient Modularization,class,net.bytebuddy.implementation.bytecode.Addition,0,"The class is a simple enum with a single responsibility: representing addition operations for different primitive types. It has minimal size (four enum constants), low complexity, and a focused interface implementing StackManipulation. The abstraction is appropriately decomposed, with no indication of excessive responsibilities or bloated interface."
net_bytebuddy_implementation_bytecode_ByteCodeAppender_Compound.txt,Insufficient Modularization,class,net.bytebuddy.implementation.bytecode.ByteCodeAppender.Compound,0,"The Compound class is a focused, cohesive component with a single responsibility: combining multiple ByteCodeAppender instances. It has minimal size (one field, two constructors, one method), low complexity, and a narrow interface. The class properly delegates to contained appenders without accumulating unrelated responsibilities."
net_bytebuddy_implementation_bytecode_Throw.txt,Insufficient Modularization,class,net.bytebuddy.implementation.bytecode.Throw,0,"The class is a simple enum with a single instance implementing a well-defined interface. It has minimal size (two methods), low complexity, and a focused responsibility (emitting the ATHROW instruction). No evidence of excessive size, complexity, or bloated interface that would require decomposition."
net_bytebuddy_implementation_bytecode_TypeCreation.txt,Insufficient Modularization,class,net.bytebuddy.implementation.bytecode.TypeCreation,0,"The class is small, focused, and cohesive. It has a single responsibility (creating a type instantiation stack manipulation), minimal interface (one factory method and one inherited abstract method), and low complexity. No evidence of excessive size, bloated interface, or multiple responsibilities that need decomposition."
net_bytebuddy_implementation_bytecode_assign_primitive_PrimitiveUnboxingDelegate_UnboxingResponsible.txt,Insufficient Modularization,class,net.bytebuddy.implementation.bytecode.assign.primitive.PrimitiveUnboxingDelegate,0,"The class is well-decomposed into cohesive abstractions: the main enum handles primitive type mapping, the nested ExplicitlyTypedUnboxingResponsible enum handles explicit unboxing, the ImplicitlyTypedUnboxingResponsible class handles implicit unboxing, and the UnboxingResponsible interface defines the contract. Each component has a single responsibility, and the class size and complexity are appropriate for its purpose."
net_bytebuddy_implementation_bytecode_collection_CollectionFactory.txt,Insufficient Modularization,class,net.bytebuddy.implementation.bytecode.collection.CollectionFactory,0,"The interface is small and focused, defining only two methods (getComponentType and withValues) that represent a single, cohesive responsibility for creating collections from stack manipulations. It does not exhibit excessive size, complexity, or a bloated interface."
net_bytebuddy_implementation_bytecode_constant_MethodConstant_CanCacheIllegal.txt,Insufficient Modularization,class,MethodConstant.CanCacheIllegal,0,"The class exhibits strong modularization with clear separation of concerns: abstract base MethodConstant handles common logic, while nested classes ForMethod, ForConstructor, PrivilegedLookup, CachedMethod, and CachedConstructor each encapsulate specific responsibilities. The interface CanCache and enum CanCacheIllegal provide well-defined abstractions. Each component has focused responsibilities and manageable size."
net_bytebuddy_implementation_bytecode_constant_SerializedConstant.txt,Insufficient Modularization,class,net.bytebuddy.implementation.bytecode.constant.SerializedConstant,0,"The class has a single, well-defined responsibility (creating stack manipulations for serialized constants), minimal interface (one public factory method and one protected constructor), and reasonable size/complexity. It properly delegates serialization logic to standard Java APIs rather than implementing it internally."
net_bytebuddy_implementation_bytecode_member_FieldAccess_FieldGetInstruction.txt,Insufficient Modularization,class,net.bytebuddy.implementation.bytecode.member.FieldAccess,0,"The class demonstrates adequate decomposition with clear separation of concerns: the enum defines access types (STATIC/INSTANCE), the Defined interface abstracts field operations, and inner classes (AccessDispatcher, OfGenericField, FieldGetInstruction, FieldPutInstruction) handle specific responsibilities. Each component has focused functionality, manageable size, and cohesive abstractions."
net_bytebuddy_implementation_bytecode_member_HandleInvocation.txt,Insufficient Modularization,class,net.bytebuddy.implementation.bytecode.member.HandleInvocation,0,"The class is small, focused, and cohesive with a single responsibility: representing the invocation of a method handle's invokeExact method. It has minimal fields, a single constructor, and one primary method implementing the required interface. No evidence of excessive size, complexity, or bloated interface."
net_bytebuddy_implementation_bytecode_member_Invokedynamic.txt,Insufficient Modularization,class,net.bytebuddy.implementation.bytecode.member.Invokedynamic,0,"The class is small (under 100 lines), has a single responsibility (representing invokedynamic bytecode instruction), minimal interface (single constructor and apply method), cohesive fields all related to invokedynamic parameters, and delegates constant conversion to external visitor rather than implementing complex logic internally."
net_bytebuddy_matcher_CachingMatcher_WithInlineEviction.txt,Insufficient Modularization,class,CachingMatcher.WithInlineEviction,0,"The class is a small, focused inner class that extends CachingMatcher to add eviction behavior. It has a single responsibility (cache eviction), minimal complexity, and a small interface with only one overridden method. The class size is appropriate for its purpose and does not exhibit excessive size, complexity, or bloated interface."
net_bytebuddy_matcher_CollectionErasureMatcher.txt,Insufficient Modularization,class,CollectionErasureMatcher,0,"The class is small, focused, and has a single responsibility: matching a collection of types by their erasures. It has only one field, one constructor, and two methods (doMatch and toString). The logic is minimal and cohesive, with no evidence of excessive size, complexity, or bloated interface."
net_bytebuddy_matcher_FieldTypeMatcher.txt,Insufficient Modularization,class,FieldTypeMatcher,0,"The class is small, focused, and cohesive. It has a single responsibility (matching field types), minimal methods (constructor, doMatch, toString), and a narrow interface. No evidence of excessive size, complexity, or bloated interface."
net_bytebuddy_matcher_LatentMatcher_ForRecordComponentToken.txt,Insufficient Modularization,class,net.bytebuddy.matcher.LatentMatcher,0,"The interface LatentMatcher is well-decomposed into multiple cohesive inner classes and an enum, each with a single responsibility. The inner classes (Resolved, ForFieldToken, ForMethodToken, ForRecordComponentToken, Conjunction, Disjunction) and enum (ForSelfDeclaredMethod) are small, focused, and handle specific matching scenarios. The interface maintains a consistent, minimal contract with only one method. No single class exhibits excessive size, complexity, or bloated interface."
net_bytebuddy_pool_TypePool_FieldTokenList.txt,Insufficient Modularization,class,net.bytebuddy.pool.TypePool,1,"The class is an interface with 67304 characters and contains multiple nested classes (Simple, Illegal, NoSuchTypeException, CacheProvider, Empty, AbstractBase, Default, LazyFacade, ClassLoading, Explicit) that implement complex functionality like type resolution, caching, lazy loading, and bytecode parsing. The Default class alone contains numerous inner classes (ReaderMode, WithLazyResolution, TypeExtractor, etc.) that handle ASM-based parsing, annotation processing, generic type extraction, and lazy type descriptions, resulting in excessive size and complexity that could be decomposed into separate, more cohesive abstractions."
net_bytebuddy_pool_TypePool_ForAnnotationProperty.txt,Insufficient Modularization,class,net.bytebuddy.pool.TypePool.ForAnnotationProperty,0,"The class is a small, focused inner class (ComponentTypeLocator.ForAnnotationProperty.Bound) that implements a single responsibility: lazily resolving an array's component type by querying an annotation property. It has minimal size, low complexity, and a narrow interface, showing adequate decomposition within the larger TypePool.Default hierarchy."
net_bytebuddy_pool_TypePool_ForAnnotationValue.txt,Insufficient Modularization,class,net.bytebuddy.pool.TypePool.ForAnnotationValue,0,"The class is a large interface with multiple nested classes and interfaces, but it represents a coherent abstraction for type pool resolution with clear separation of concerns (Resolution, CacheProvider, Default, LazyFacade, ClassLoading, Explicit). Each nested class has a single responsibility and the interface is appropriately decomposed into modular components."
net_bytebuddy_pool_TypePool_ForType.txt,Insufficient Modularization,class,net.bytebuddy.pool.TypePool.ForType,0,"The class is an interface (TypePool) with multiple nested classes and interfaces that decompose its responsibilities into cohesive abstractions such as Resolution, CacheProvider, AbstractBase, Default, LazyFacade, ClassLoading, and Explicit. Each nested component handles specific concerns like caching, lazy resolution, class loading, and explicit type descriptions, demonstrating adequate decomposition rather than excessive size or complexity in a single class."
net_bytebuddy_pool_TypePool_LazyAnnotationDescription.txt,Insufficient Modularization,class,net.bytebuddy.pool.TypePool.LazyAnnotationDescription,0,"The class is a nested inner class within TypePool that serves a specific, cohesive purpose: representing lazy annotation descriptions. It has a single responsibility of handling annotation values with lazy resolution, is not excessively large or complex relative to its parent interface, and does not exhibit bloated interface or excessive responsibilities that would warrant decomposition."
net_bytebuddy_pool_TypePool_LazyAnnotationValue.txt,Insufficient Modularization,class,net.bytebuddy.pool.TypePool.LazyAnnotationValue,0,"The class is a nested inner class within TypePool that serves a specific, cohesive purpose: representing lazy annotation values. It is not excessively large or complex, does not have a bloated interface, and its responsibilities are focused on lazy resolution of annotation values. The class is appropriately decomposed within the larger TypePool hierarchy."
net_bytebuddy_pool_TypePool_LazyNonGenericReceiverType.txt,Insufficient Modularization,class,net.bytebuddy.pool.TypePool.LazyNonGenericReceiverType,0,"The class is a small, focused inner class (LazyNonGenericReceiverType) that represents a specific concept (non-generic receiver type) within the larger TypePool.Default.LazyTypeDescription.LazyMethodDescription hierarchy. It has a single responsibility, minimal complexity, and a cohesive interface, showing adequate decomposition."
net_bytebuddy_pool_TypePool_LazyTypeVariable.txt,Insufficient Modularization,class,net.bytebuddy.pool.TypePool.LazyTypeVariable,0,"The class is a nested inner class (LazyTypeVariable) within a large interface hierarchy (TypePool). It has a single, well-defined responsibility: representing a lazy type variable with bounds resolved lazily. The class is not excessively large, complex, or bloated; it is a focused component of the broader type resolution system."
net_bytebuddy_pool_TypePool_TokenizedGenericType.txt,Insufficient Modularization,class,net.bytebuddy.pool.TypePool.TokenizedGenericType,0,"The class is part of a large interface hierarchy with well-decomposed abstractions. TypePool is an interface with multiple nested classes (Resolution, CacheProvider, Default, etc.) that separate concerns. TokenizedGenericType is a nested class within Default.LazyTypeDescription that handles generic type tokenization with clear single responsibility. The codebase shows extensive use of inner classes, interfaces, and delegation patterns to manage complexity."
net_bytebuddy_utility_AsmClassWriter_Suppressing.txt,Insufficient Modularization,class,net.bytebuddy.utility.AsmClassWriter$Suppressing,0,"The Suppressing class is a small, focused factory decorator with a single responsibility: suppressing class reader input. It has minimal size (only one field and four simple delegate methods), low complexity, and a cohesive interface that aligns with its single purpose."
net_bytebuddy_utility_GraalImageCode_ImageCodeContextAction.txt,Insufficient Modularization,class,net.bytebuddy.utility.GraalImageCode,0,"The class is a focused enum with a single primary responsibility: detecting Graal VM native image execution context. It has a clear public interface (getCurrent, isDefined, isNativeImageExecution, sorted) and encapsulates related helper functionality (ImageCodeContextAction, doPrivileged). The class size is moderate, and its methods are cohesive around the central abstraction."
net_bytebuddy_utility_StreamDrainer.txt,Insufficient Modularization,class,StreamDrainer,0,"The class has a single, well-defined responsibility of draining InputStreams into byte arrays. It maintains low complexity with one core method, minimal state (only bufferSize), and a focused interface. The class is small, cohesive, and does not exhibit excessive size, complexity, or bloated interface that would indicate inadequate decomposition."
net_bytebuddy_utility_dispatcher_JavaDispatcher_CreationAction.txt,Insufficient Modularization,class,net.bytebuddy.utility.dispatcher.JavaDispatcher,1,"The class exhibits excessive size and complexity with 1200+ lines, containing multiple nested classes (InvokerCreationAction, DirectInvoker, Dispatcher interface with 7 implementations, ProxiedInvocationHandler, DynamicClassLoader with nested Resolver interface and implementations), multiple annotations (Proxied, IsStatic, IsConstructor, Instance, Container, Defaults), and handling diverse responsibilities including proxy generation, security checks, method resolution, bytecode generation, and module system adaptation. The bloated interface and concentration of responsibilities suggest inadequate decomposition into smaller, cohesive abstractions."
net_bytebuddy_utility_dispatcher_JavaDispatcher_ForInstanceCheck.txt,Insufficient Modularization,class,net.bytebuddy.utility.dispatcher.JavaDispatcher,1,"The class exhibits excessive size (over 1200 lines) and complexity, combining multiple responsibilities: proxy creation logic, security manager checks, method resolution, bytecode generation, multiple nested annotation definitions, and several inner classes (Dispatcher implementations, ProxiedInvocationHandler, DynamicClassLoader with its own nested interfaces and classes). It handles both reflection-based and bytecode-based proxy generation, manages module system compatibility, and contains numerous static inner classes and enums that could be separate top-level classes. The bloated interface includes factory methods, annotation processing, and complex conditional logic spanning hundreds of lines in the run() method."
net_bytebuddy_utility_privilege_GetSystemPropertyAction.txt,Insufficient Modularization,class,net.bytebuddy.utility.privilege.GetSystemPropertyAction,0,"The class is small, focused, and has a single responsibility: implementing PrivilegedAction<String> to read a system property. It has minimal complexity (one field, one constructor, one method), a narrow interface, and represents a well-defined abstraction that does not require further decomposition."
org_adoptopenjdk_jitwatch_demo_MakeHotSpotLog.txt,Insufficient Modularization,class,MakeHotSpotLog,1,"The class exhibits excessive size and complexity with 35 methods, many performing distinct JIT compilation demonstration tasks (e.g., addVariable, randomBranchTest, intrinsicTest, testSort, testCallChain, testLoopUnrolling). These methods lack cohesive abstraction and could be separated into smaller, focused classes (e.g., BranchTestDemo, IntrinsicDemo, SortDemo, ChainDemo). The class also has a bloated interface with numerous private helper methods (chainA1-4, chainB1-3, chainC1-3, leaf1-4) that are tightly coupled to specific demonstrations rather than representing a unified responsibility."
org_adoptopenjdk_jitwatch_model_PackageManager.txt,Insufficient Modularization,class,PackageManager,0,"The class has a single responsibility of managing packages and classes, maintains a focused interface with only 7 public methods, uses appropriate data structures, and shows clear cohesion without excessive size or complexity."
org_adoptopenjdk_jitwatch_model_assembly_AssemblyInstruction.txt,Insufficient Modularization,class,AssemblyInstruction,0,"The class has a single, well-defined responsibility of representing an assembly instruction with its components (annotation, address, prefixes, mnemonic, operands, comments). It maintains low complexity with only core data fields and related helper methods. The class size is moderate (under 200 lines) with no bloated interface, and delegation to AssemblyLabels for label formatting shows appropriate separation of concerns."
org_adoptopenjdk_jitwatch_parser_ParserFactory.txt,Insufficient Modularization,class,ParserFactory,0,"The class is small, focused, and has a single responsibility: creating parser instances based on a type. It delegates all parsing logic to separate classes (HotSpotLogParser, J9LogParser, ZingLogParser), showing adequate decomposition. No excessive size, complexity, or bloated interface is present."
org_adoptopenjdk_jitwatch_parser_zing_ZingLine.txt,Insufficient Modularization,class,ZingLine,0,"The class has a single responsibility of representing and converting Zing log line data. It maintains cohesive state related to compilation events, provides simple getters/setters, and has only three focused conversion methods (toTagQueued, toTagNMethod, toTagTask) that operate on its own data. The class is not excessively large, complex, or bloated, and shows no signs of multiple responsibilities that need decomposition."
org_adoptopenjdk_jitwatch_process_compiler_CompilerJava.txt,Insufficient Modularization,class,org.adoptopenjdk.jitwatch.process.compiler.CompilerJava,0,"The class is small, focused, and has a single responsibility: executing the javac compiler. It inherits common process behavior from AbstractProcess and implements only the ICompiler interface. The class contains minimal state (compilerPath) and one primary method (compile) that constructs a command list and delegates execution. There is no evidence of excessive size, complexity, or bloated interface."
org_adoptopenjdk_jitwatch_toplist_AbstractTopListVisitable.txt,Insufficient Modularization,class,org.adoptopenjdk.jitwatch.toplist.AbstractTopListVisitable,0,"The class is abstract and serves as a base implementation for building top lists. It has a single primary responsibility (building sorted lists via tree traversal), minimal state (model, list, sort flag), and a focused interface. The size is small, complexity is low, and there is no evidence of bloated interface or multiple responsibilities that need decomposition."
org_adoptopenjdk_jitwatch_ui_Dialogs_Dialog.txt,Insufficient Modularization,class,org.adoptopenjdk.jitwatch.ui.Dialogs,1,"The Dialogs class contains multiple static methods implementing different dialog types (showYesNoDialog, showYesNoDialogNever, showTextInputDialog, showOKDialog) with significant code duplication in UI construction and event handling. It mixes dialog creation logic, layout management, and event handling in single methods without separating concerns into cohesive abstractions. The class acts as a utility class with excessive responsibilities rather than having specialized dialog classes."
org_adoptopenjdk_jitwatch_ui_Dialogs_Response.txt,Insufficient Modularization,class,org.adoptopenjdk.jitwatch.ui.Dialogs,1,"The Dialogs class is a utility class that centralizes multiple distinct dialog creation responsibilities (showYesNoDialog, showYesNoDialogNever, showTextInputDialog, showOKDialog) with significant code duplication. It handles UI layout, event handling, and business logic for different dialog types without separating these concerns into smaller, cohesive classes. The class has a bloated interface with four public static methods and contains nested class Dialog, indicating it manages multiple abstractions that could be decomposed into specialized dialog classes."
org_adoptopenjdk_jitwatch_ui_main_ClassMemberList.txt,Insufficient Modularization,class,ClassMemberList,1,"The class combines multiple responsibilities: UI component construction (list view, checkboxes, context menus), event handling for mouse clicks and menu actions, data filtering logic, listener management, and intrinsic analysis string formatting. It contains 7 inner event handlers, 2 context menu builders, and data processing methods like findIntrinsicsUsedByMember, resulting in high complexity and low cohesion."
org_adoptopenjdk_jitwatch_ui_nmethod_NMethodInfo.txt,Insufficient Modularization,class,NMethodInfo,1,"The class combines UI layout construction, UI component creation, data binding, and data presentation logic within a single class. It handles creation of multiple distinct UI sections (left column, right column, compilation navigator, size info, timing info), manages numerous labels (lblCompileID, lblClass, lblMember, lblAddress, lblBytecodeSize, etc.), and directly implements data formatting and binding logic. These responsibilities could be separated into smaller, cohesive classes such as dedicated UI builders, view components, or presenter classes."
org_adoptopenjdk_jitwatch_ui_report_ReportStageType.txt,Insufficient Modularization,class,org.adoptopenjdk.jitwatch.ui.report.ReportStageType,0,"The class is a simple enum with only four constants. It has minimal size, no methods, no complex logic, and a single, well-defined responsibility of representing report stage types. There is no evidence of excessive size, complexity, or bloated interface that would indicate insufficient decomposition."
org_adoptopenjdk_jitwatch_ui_viewer_TextViewerStage.txt,Insufficient Modularization,class,TextViewerStage,0,"The class is small and focused, extending AbstractTextViewerStage to specialize text viewing functionality. It has a single constructor that performs a cohesive task: preparing text content with optional line numbers and formatting. No excessive size, complexity, or bloated interface is present; responsibilities are appropriately delegated to the parent class via setContent()."
org_adoptopenjdk_jitwatch_util_StringUtil.txt,Insufficient Modularization,class,StringUtil,0,"The class is a focused utility class with 28 static methods that all operate on strings. It demonstrates high cohesion by grouping related string manipulation functions (formatting, padding, parsing, conversion, wrapping, etc.) under a single, well-defined abstraction. The class is not excessively large or complex, and its interface is not bloated; each method has a clear, single responsibility within the domain of string utilities."
org_apache_commons_io_ByteOrderParser.txt,Insufficient Modularization,class,ByteOrderParser,0,"The class is small, focused, and cohesive with a single static method that performs one clear responsibility: parsing strings to ByteOrder. It has minimal complexity, no bloated interface, and is already appropriately decomposed as a utility class."
org_apache_commons_io_CloseableURLConnection.txt,Insufficient Modularization,class,org.apache.commons.io.CloseableURLConnection,0,"The class is a simple delegator wrapper with a single responsibility: adding AutoCloseable functionality to URLConnection. It has minimal state (one field), no complex logic, and all methods are one-line delegations. The class is already appropriately decomposed and focused."
org_apache_commons_io_DirectoryWalker_CancelException.txt,Insufficient Modularization,class,DirectoryWalker,1,"The class exhibits excessive size and complexity with 15 methods and 3 constructors, concentrating multiple responsibilities including file filtering, directory traversal logic, cancellation handling, and providing numerous lifecycle hooks. It has a bloated interface with many protected methods (handleDirectory, handleFile, handleStart, handleEnd, handleIsCancelled, etc.) that could be separated into more cohesive abstractions such as separate visitor interfaces, filter strategies, or traversal policies."
org_apache_commons_io_FilenameUtils.txt,Insufficient Modularization,class,org.apache.commons.io.FilenameUtils,1,"The class exhibits excessive size and complexity with 50+ methods, mixing multiple responsibilities including path manipulation, normalization, extension handling, wildcard matching, hostname/IP validation, and string utilities. It has a bloated interface with numerous public static methods, low cohesion evidenced by unrelated methods like IPv4/IPv6 validation and wildcard matching, and high complexity in methods like doNormalize() and getPrefixLength(). The class concentrates responsibilities that could be separated into smaller, more cohesive abstractions such as PathParser, ExtensionHandler, WildcardMatcher, and HostnameValidator."
org_apache_commons_io_comparator_LastModifiedFileComparator.txt,Insufficient Modularization,class,LastModifiedFileComparator,0,"The class is small, focused, and has a single responsibility: comparing files by last modified timestamp. It extends AbstractFileComparator for common comparator functionality, implements only one compare method, and delegates timestamp retrieval to FileUtils. No excessive size, complexity, or bloated interface is present."
org_apache_commons_io_file_Counters_BigIntegerCounter.txt,Insufficient Modularization,class,Counters.BigIntegerCounter,0,"The analyzed class is a small, focused inner class implementing the Counter interface with a single responsibility of counting using BigInteger. The outer Counters class is well-decomposed into cohesive abstractions (multiple Counter implementations, PathCounters interfaces and implementations) with clear separation of concerns and appropriate use of inner classes."
org_apache_commons_io_file_CountingPathVisitor.txt,Insufficient Modularization,class,CountingPathVisitor,0,"The class demonstrates adequate modularization through: 1) Clear single responsibility of counting file system visits, 2) Use of builder pattern (AbstractBuilder, Builder) to separate construction logic, 3) Delegation of counting to separate PathCounters abstraction, 4) Filtering logic separated into PathFilter components, 5) Reasonable size with focused methods for directory/file visitation and counter updates, 6) Extension of SimplePathVisitor for base behavior inheritance."
org_apache_commons_io_file_CountingPathVisitor_Builder.txt,Insufficient Modularization,class,CountingPathVisitor.Builder,0,"The Builder class is a small, focused inner class with a single responsibility of constructing CountingPathVisitor instances. It delegates default configuration to static methods and maintains minimal state. The AbstractBuilder parent handles configuration logic, keeping the Builder class simple and cohesive."
org_apache_commons_io_file_SimplePathVisitor.txt,Insufficient Modularization,class,org.apache.commons.io.file.SimplePathVisitor,0,"The class is small and focused, providing a single abstraction for a typed SimpleFileVisitor<Path>. It contains only essential constructors, one overridden method, and a minimal inner builder class. No evidence of excessive size, complexity, or bloated interface."
org_apache_commons_io_file_SimplePathVisitor_AbstractBuilder.txt,Insufficient Modularization,class,org.apache.commons.io.file.SimplePathVisitor.AbstractBuilder,0,"The AbstractBuilder class is small, focused on a single responsibility (building SimplePathVisitor instances), has minimal complexity, and does not exhibit excessive size, bloated interface, or multiple concerns that require decomposition."
org_apache_commons_io_filefilter_SymbolicLinkFileFilter.txt,Insufficient Modularization,class,org.apache.commons.io.filefilter.SymbolicLinkFileFilter,0,"The class is small, focused, and cohesive, performing only the single responsibility of filtering symbolic links. It has minimal methods, no bloated interface, and delegates the core logic to standard library calls. The class size and complexity are appropriately minimal for its abstraction."
org_apache_commons_io_function_IORunnable.txt,Insufficient Modularization,class,org.apache.commons.io.function.IORunnable,0,"The interface is small, focused, and cohesive with only three methods: one abstract method (run()), one static factory method (noop()), and one default method (asRunnable()). It serves a single, clear purpose of representing a Runnable that throws IOException, and its size and complexity are minimal."
org_apache_commons_io_function_IOSupplier.txt,Insufficient Modularization,class,org.apache.commons.io.function.IOSupplier,0,"The class is a small, focused functional interface with only three methods (one abstract, two defaults). It has a single responsibility of representing an I/O operation supplier, minimal complexity, and a cohesive abstraction that doesn't require decomposition."
org_apache_commons_io_input_BoundedReader.txt,Insufficient Modularization,class,BoundedReader,0,"The class is small (under 100 lines), has a single responsibility (enforcing a read limit), delegates core functionality to the wrapped Reader, maintains low complexity with minimal fields, and implements only the required Reader methods without a bloated interface."
org_apache_commons_io_input_BrokenReader.txt,Insufficient Modularization,class,org.apache.commons.io.input.BrokenReader,0,"The class is small (under 100 lines), has a single clear responsibility (throwing exceptions for testing), minimal interface (only required Reader overrides), and uses delegation to a Supplier for configuration. No evidence of excessive size, complexity, or bloated interface."
org_apache_commons_io_input_ByteBufferCleaner.txt,Insufficient Modularization,class,ByteBufferCleaner,0,"The class is adequately decomposed with a clear single responsibility of cleaning direct ByteBuffers. It uses inner classes (Java8Cleaner, Java9Cleaner) to encapsulate version-specific implementations, has a small public interface (clean(), isSupported()), and maintains low complexity with minimal methods and fields."
org_apache_commons_io_input_CountingInputStream.txt,Insufficient Modularization,class,CountingInputStream,0,"The class is small, focused, and cohesive. It has a single responsibility of counting bytes read from an InputStream. It extends ProxyInputStream, inheriting core InputStream behavior, and only adds minimal counting logic (one field, simple overrides of afterRead and skip, and getter/reset methods). The class is not excessively large, complex, or bloated."
org_apache_commons_io_input_NullReader.txt,Insufficient Modularization,class,org.apache.commons.io.input.NullReader,0,"The class has a single, well-defined responsibility of emulating a Reader with configurable size and behavior. It maintains low complexity with cohesive methods focused on reader emulation, proper decomposition of private helper methods, and a clean interface that follows the Reader abstraction without bloated functionality."
org_apache_commons_io_input_ObservableInputStream_Builder.txt,Insufficient Modularization,class,ObservableInputStream,1,"The class combines multiple responsibilities: it acts as an observable input stream, manages a collection of observers, implements observer notification logic, and contains nested builder and observer classes. The class has 150+ lines with methods for observer management (add, remove, removeAllObservers, getObservers), notification methods (noteClosed, noteDataByte, noteDataBytes, noteError, noteFinished), and overridden InputStream methods with complex error handling. The Observer and Builder inner classes further increase the class's size and complexity, concentrating multiple abstractions in a single class."
org_apache_commons_io_input_QueueInputStream_Builder.txt,Insufficient Modularization,class,QueueInputStream.Builder,0,"The Builder class is small, focused on constructing QueueInputStream instances with configurable blocking queue and timeout. It has only three fields, a constructor, and three simple methods (get, setBlockingQueue, setTimeout). Its responsibilities are cohesive and minimal, serving as a dedicated builder pattern implementation without excessive complexity or bloated interface."
org_apache_commons_io_input_ReversedLinesFileReader.txt,Insufficient Modularization,class,org.apache.commons.io.input.ReversedLinesFileReader,1,"The class contains 285 lines of code with multiple responsibilities: file reading logic, line reversal algorithm, encoding handling, and iterator implementation. It includes a large inner class FilePart (103 lines) that handles block management and line parsing, which could be a separate class. The main class also manages charset detection, newline sequence handling, and multiple deprecated constructors, indicating a bloated interface and excessive complexity."
org_apache_commons_io_input_TimestampedObserver.txt,Insufficient Modularization,class,org.apache.commons.io.input.TimestampedObserver,0,"The class is small, focused, and cohesive with a single responsibility of tracking timestamps for an observable input stream. It has minimal fields (two instants), simple methods that operate on those fields, and a clear, narrow interface. No evidence of excessive size, complexity, or bloated interface that would require decomposition."
org_apache_commons_io_input_UncheckedFilterReader.txt,Insufficient Modularization,class,org.apache.commons.io.input.UncheckedFilterReader,0,"The class has a single, well-defined responsibility: wrapping a FilterReader to convert IOException to UncheckedIOException. It delegates all operations to the parent class via Uncheck utility methods, maintaining minimal size (under 100 lines) and low complexity. The nested Builder class is a standard pattern for object construction and doesn't add excessive responsibility."
org_apache_commons_io_input_UnsynchronizedReader.txt,Insufficient Modularization,class,org.apache.commons.io.input.UnsynchronizedReader,0,"The class is a small, focused abstract base class that properly encapsulates the responsibility of providing unsynchronized Reader behavior. It has minimal fields (closed flag, skip buffer), implements only essential methods (close, skip, isClosed, setClosed, checkOpen), and delegates to subclasses for core read operations. The class size is small, complexity is low, and interface is not bloated."
org_apache_commons_io_monitor_FileAlterationListener.txt,Insufficient Modularization,class,FileAlterationListener,0,"The interface is small (8 methods) and cohesive, focusing solely on file system monitoring events. It represents a single abstraction for receiving file/directory change notifications, with no evidence of excessive size, complexity, or bloated interface. The methods are logically grouped and follow a clear naming convention."
org_apache_commons_io_output_AbstractByteArrayOutputStream_InputStreamConstructor.txt,Insufficient Modularization,class,org.apache.commons.io.output.AbstractByteArrayOutputStream,0,"The class is appropriately modularized for its abstraction of a growable byte array output stream. It uses abstract methods for subclass variations, encapsulates buffer management in cohesive methods, separates concerns between public API and protected implementations, and maintains a focused responsibility for byte array output operations."
org_apache_commons_io_output_FileWriterWithEncoding.txt,Insufficient Modularization,class,org.apache.commons.io.output.FileWriterWithEncoding,0,"The class has a single responsibility of providing a file writer with configurable encoding. It delegates complex initialization to a helper method (initWriter) and uses a separate Builder class for construction. The multiple constructors are deprecated variants for backward compatibility, not separate responsibilities. The class size is moderate and focused on its core abstraction."
org_apache_commons_io_output_FileWriterWithEncoding_Builder.txt,Insufficient Modularization,class,org.apache.commons.io.output.FileWriterWithEncoding.Builder,0,"The Builder class is small, focused, and cohesive with only three fields and minimal methods. It extends AbstractStreamBuilder, delegating common builder responsibilities. The class has a single responsibility of constructing FileWriterWithEncoding instances with specific encoding and append configurations."
org_apache_commons_io_output_NullWriter.txt,Insufficient Modularization,class,org.apache.commons.io.output.NullWriter,0,"The class is small (under 100 lines), focused on a single responsibility (a Writer that discards all output), implements only required Writer interface methods with minimal logic, and has no internal complexity or bloated interface that suggests inadequate decomposition."
org_apache_commons_io_output_ProxyOutputStream.txt,Insufficient Modularization,class,org.apache.commons.io.output.ProxyOutputStream,0,"The class is appropriately modularized as a decorator for OutputStream with a single responsibility: delegating operations while providing hooks for extension. It has a focused interface (only essential write methods plus close/flush), moderate size, and clear cohesion. The added writeRepeat methods are logical extensions of the core delegation responsibility. The Builder inner class is appropriately nested for construction."
org_apache_commons_lang3_ArrayFill.txt,Insufficient Modularization,class,org.apache.commons.lang3.ArrayFill,0,"The class is small, focused, and cohesive with only static methods for array filling operations. It has a single responsibility, minimal complexity, and a narrow interface. No evidence of excessive size, bloated interface, or responsibilities needing decomposition."
org_apache_commons_lang3_ArrayUtils.txt,Insufficient Modularization,class,org.apache.commons.lang3.ArrayUtils,1,"The class exhibits excessive size and complexity with over 500 methods, handling operations for 8 primitive types and Object arrays through duplicated method patterns. It concentrates responsibilities for array manipulation (add, remove, search, sort, conversion, etc.) without decomposition into smaller, cohesive abstractions, resulting in a bloated interface and high maintenance burden."
org_apache_commons_lang3_CachedRandomBits.txt,Insufficient Modularization,class,CachedRandomBits,0,"The class is small (under 100 lines), has a single responsibility (generating random bits using a cache), contains only one public method, has minimal state (cache array, bit index, random source), and all methods are cohesive around bit generation. No evidence of excessive size, complexity, or bloated interface."
org_apache_commons_lang3_Strings_CiStrings.txt,Insufficient Modularization,class,org.apache.commons.lang3.Strings,0,"The class demonstrates adequate decomposition through abstract base class with two concrete implementations (CiStrings and CsStrings) for case-sensitive and case-insensitive operations, a separate Builder class for object creation, and focused responsibilities for string operations with clear separation of concerns."
org_apache_commons_lang3_Strings_CsStrings.txt,Insufficient Modularization,class,org.apache.commons.lang3.Strings,0,"The class demonstrates adequate decomposition through its abstract design with two concrete implementations (CsStrings and CiStrings) that separate case-sensitive and case-insensitive behaviors. It has a focused responsibility for string operations with configurable case handling, uses private static inner classes for specialized implementations, and maintains a clean interface with cohesive methods related to string comparison and manipulation."
org_apache_commons_lang3_ThreadUtils_AlwaysTruePredicate.txt,Insufficient Modularization,class,ThreadUtils,1,"The class ThreadUtils exhibits excessive size and complexity by combining multiple responsibilities: it contains nested predicate classes (AlwaysTruePredicate, NamePredicate, ThreadIdPredicate), deprecated custom predicate interfaces (ThreadPredicate, ThreadGroupPredicate), and numerous static methods for finding threads and thread groups with various criteria. The class also handles thread joining, sleeping, and utility operations, resulting in a bloated interface with low cohesion. These responsibilities could be separated into smaller, more focused classes such as ThreadFinder, ThreadGroupFinder, ThreadPredicateFactory, and ThreadSleepUtils."
org_apache_commons_lang3_Validate.txt,Insufficient Modularization,class,org.apache.commons.lang3.Validate,1,"The class contains 70+ public static methods performing diverse validation operations (null checks, empty checks, range checks, type checks, pattern matching, state validation) with significant code duplication across overloaded methods. It has a bloated interface with 20+ constant error messages and handles multiple unrelated responsibilities without decomposition into smaller, cohesive abstractions."
org_apache_commons_lang3_builder_HashCodeBuilder.txt,Insufficient Modularization,class,HashCodeBuilder,1,"The class combines multiple responsibilities: (1) building hash codes through explicit field appending (numerous overloaded append methods for primitive and object types), (2) providing reflection-based hash code generation (multiple reflectionHashCode methods with different parameters), (3) managing thread-local registry for cycle detection, and (4) implementing Builder<Integer> interface. This results in excessive size (over 500 lines), high complexity, and a bloated interface with many public methods. The reflection logic and registry management could be separated into distinct helper classes."
org_apache_commons_lang3_compare_ComparableUtils.txt,Insufficient Modularization,class,org.apache.commons.lang3.compare.ComparableUtils,0,"The class demonstrates adequate modularization through a clear single responsibility (translating compareTo results to booleans), cohesive helper methods, a focused builder class (ComparableCheckBuilder) that encapsulates comparison logic, and static factory methods that provide functional predicates. The class size is moderate with well-organized, related functionality."
org_apache_commons_lang3_concurrent_CallableBackgroundInitializer.txt,Insufficient Modularization,class,CallableBackgroundInitializer,0,"The class is small (under 100 lines), has a single responsibility (wrapping a Callable for background execution), delegates core logic to parent class, contains minimal methods (two constructors, one private validation method, two simple overrides), and maintains high cohesion with focused interface."
org_apache_commons_lang3_concurrent_EventCountCircuitBreaker_CheckIntervalData.txt,Insufficient Modularization,class,EventCountCircuitBreaker,0,"The class demonstrates adequate modularization through decomposition into inner classes (CheckIntervalData, AbstractStateStrategy, StateStrategyClosed, StateStrategyOpen) that encapsulate specific responsibilities. The main class maintains a focused interface for circuit breaker operations while delegating state-specific logic to strategy classes. The class size and complexity are appropriate for its abstraction level."
org_apache_commons_lang3_concurrent_LazyInitializer.txt,Insufficient Modularization,class,LazyInitializer,0,"The class is small, focused, and cohesive, implementing only the lazy initialization pattern. It has a single responsibility, minimal methods, and delegates exception handling to its parent class. No evidence of excessive size, complexity, or bloated interface."
org_apache_commons_lang3_event_EventListenerSupport.txt,Insufficient Modularization,class,EventListenerSupport,0,"The class demonstrates adequate modularization with clear separation of concerns: it encapsulates listener management in a dedicated class, delegates invocation logic to inner ProxyInvocationHandler, separates serialization concerns into private methods, and maintains a focused interface for listener operations. The class size and complexity are appropriate for its single responsibility of managing and firing events to multiple listeners."
org_apache_commons_lang3_exception_CloneFailedException.txt,Insufficient Modularization,class,org.apache.commons.lang3.exception.CloneFailedException,0,"The class is small, focused, and cohesive, containing only three simple constructors that delegate to the parent RuntimeException. It represents a single, well-defined abstraction (a runtime exception for clone failures) without excessive size, complexity, or bloated interface."
org_apache_commons_lang3_exception_ContextedRuntimeException.txt,Insufficient Modularization,class,ContextedRuntimeException,0,"The class delegates all context management responsibilities to a separate ExceptionContext component (DefaultExceptionContext), maintaining a single responsibility as a runtime exception with contextual capabilities. It has moderate size (under 100 lines), minimal complexity, and a focused interface that only adds context-handling methods to standard RuntimeException behavior."
org_apache_commons_lang3_function_FailableCallable.txt,Insufficient Modularization,class,org.apache.commons.lang3.function.FailableCallable,0,"The class is a single-method functional interface with a clear, focused responsibility. It has minimal size, low complexity, and a narrow interface, showing no signs of inadequate decomposition or bloated abstraction."
org_apache_commons_lang3_mutable_Mutable.txt,Insufficient Modularization,class,Mutable,0,"The interface is small and focused, containing only three methods (two of which are related to getting the value, with one deprecated). It defines a single, clear responsibility: providing mutable access to a value. There is no evidence of excessive size, complexity, or a bloated interface."
org_apache_commons_lang3_mutable_MutableFloat.txt,Insufficient Modularization,class,org.apache.commons.lang3.mutable.MutableFloat,0,"The class is focused on a single, well-defined responsibility: providing a mutable wrapper for a float primitive. It has a minimal interface with only one field, implements standard interfaces (Number, Comparable, Mutable), and its methods are cohesive operations on that single value (get, set, add, subtract, increment, decrement). The size and complexity are appropriate for its purpose, and there is no indication of bloated interface or responsibilities that could be separated."
org_apache_commons_lang3_text_FormatFactory.txt,Insufficient Modularization,class,org.apache.commons.lang3.text.FormatFactory,0,"The interface is small and focused with a single method, representing a clear abstraction without excessive size, complexity, or bloated interface. It follows the Single Responsibility Principle and does not concentrate multiple responsibilities."
org_apache_commons_lang3_text_StrBuilder_StrBuilderTokenizer.txt,Insufficient Modularization,class,StrBuilder,1,"The StrBuilder class exhibits excessive size and complexity with over 200 methods, including numerous append variants, insert methods, replace operations, and search functions. It contains three inner classes (StrBuilderReader, StrBuilderTokenizer, StrBuilderWriter) that could be separate classes, and it implements multiple interfaces (CharSequence, Appendable, Serializable, Builder<String>). The class combines responsibilities for string building, tokenization, I/O operations, and text manipulation, resulting in a bloated interface and high complexity that could be decomposed into smaller, more cohesive abstractions."
org_apache_commons_lang3_text_WordUtils.txt,Insufficient Modularization,class,WordUtils,1,"The class contains 13 public static methods performing diverse string operations (capitalization, uncapitalization, case swapping, word extraction, word wrapping, word checking) with multiple overloaded variants, all concentrated in a single utility class without decomposition into more cohesive abstractions. The class exhibits high complexity with methods like wrap() having 70+ lines and intricate logic, and it mixes unrelated responsibilities such as word boundary detection, case transformation, and line wrapping algorithms."
org_apache_commons_lang3_time_FastDateFormat.txt,Insufficient Modularization,class,org.apache.commons.lang3.time.FastDateFormat,0,"The class delegates all formatting responsibilities to FastDatePrinter and all parsing responsibilities to FastDateParser, maintaining a single responsibility of providing a thread-safe facade. It has moderate size, low complexity, and a focused interface that doesn't concentrate multiple responsibilities."
org_apache_commons_lang3_time_FastDateParser_NumberStrategy.txt,Insufficient Modularization,class,FastDateParser,1,"The class FastDateParser is excessively large (8922 characters) and contains multiple nested classes (CaseInsensitiveTextStrategy, CopyQuotedStrategy, ISO8601TimeZoneStrategy, NumberStrategy, PatternStrategy, Strategy, StrategyAndWidth, StrategyParser, TimeZoneStrategy) that handle distinct parsing responsibilities. It combines pattern parsing, strategy management, locale handling, timezone processing, and date calculation logic within a single class, resulting in high complexity and a bloated interface with 100+ methods and fields. The class violates the Single Responsibility Principle by managing both high-level parsing coordination and low-level strategy implementations."
org_apache_commons_lang3_time_FastDateParser_PatternStrategy.txt,Insufficient Modularization,class,FastDateParser,1,"The class FastDateParser contains 7 inner classes (CaseInsensitiveTextStrategy, CopyQuotedStrategy, ISO8601TimeZoneStrategy, NumberStrategy, PatternStrategy, Strategy, StrategyAndWidth, StrategyParser, TimeZoneStrategy) and 16 static strategy instances, handling multiple responsibilities including parsing logic for different date/time fields, time zone handling, pattern matching, and caching. This results in excessive size (8922+ lines in context), high complexity, and a bloated interface with numerous nested abstractions that could be separated into smaller, more cohesive classes."
org_apache_commons_lang3_time_FastDatePrinter_PaddedNumberField.txt,Insufficient Modularization,class,FastDatePrinter,0,"The class demonstrates high modularization through extensive use of inner classes (CharacterLiteral, PaddedNumberField, TextField, TimeZoneNameRule, etc.) that decompose formatting responsibilities into cohesive units. Each inner class has a single, well-defined purpose, and the main class orchestrates them through the Rule interface. The class size is justified by implementing a comprehensive date formatting framework with multiple formatting options, not by lack of decomposition."
org_apache_commons_lang3_time_FastDatePrinter_TwoDigitYearField.txt,Insufficient Modularization,class,org.apache.commons.lang3.time.FastDatePrinter,1,"The class FastDatePrinter contains 17 inner classes and interfaces (Rule, NumberRule, CharacterLiteral, StringLiteral, TextField, PaddedNumberField, UnpaddedNumberField, TwoDigitNumberField, TwoDigitMonthField, TwoDigitYearField, UnpaddedMonthField, TwelveHourField, TwentyFourHourField, DayInWeekField, WeekYear, TimeZoneNameRule, TimeZoneNumberRule, Iso8601_Rule, TimeZoneDisplayKey) and numerous methods for formatting, parsing, and rule selection. This represents a large, complex abstraction that handles multiple responsibilities including pattern parsing, rule creation, formatting logic for various date/time components, time zone handling, and caching. The class has excessive size and complexity, concentrating responsibilities that could be separated into smaller, more cohesive abstractions such as separate formatters, parsers, rule factories, or strategy objects."
org_apache_commons_lang3_time_StopWatch_State.txt,Insufficient Modularization,class,org.apache.commons.lang3.time.StopWatch,0,"The StopWatch class demonstrates adequate modularization through: 1) Clear single responsibility for timing operations, 2) Well-defined internal enums (State, SplitState) and inner class (Split) that decompose state management, 3) Cohesive methods focused on timing lifecycle (start, stop, suspend, resume, split, unsplit), 4) Consistent abstraction level without unrelated responsibilities, 5) Reasonable size for a utility class with comprehensive timing functionality."
org_apache_commons_lang3_tuple_ImmutablePair.txt,Insufficient Modularization,class,org.apache.commons.lang3.tuple.ImmutablePair,0,"The class is small, focused, and cohesive, implementing only the immutable pair abstraction. It has minimal fields (left, right), a simple constructor, and basic getters. Static factory methods are simple utilities for creating instances. The class extends Pair and overrides only necessary methods, maintaining a single responsibility without excessive size, complexity, or bloated interface."
org_gradle_api_file_DirectoryProperty.txt,Insufficient Modularization,class,org.gradle.api.file.DirectoryProperty,0,"The interface is small and focused, with only 5 methods. It extends a single parent interface and defines a cohesive abstraction for directory properties. There is no evidence of excessive size, complexity, or bloated interface that would indicate insufficient decomposition."
org_gradle_api_tasks_PathSensitivity.txt,Insufficient Modularization,class,org.gradle.api.tasks.PathSensitivity,0,"The class is a simple enum with only four constant values and no methods. It represents a single, cohesive abstraction (path sensitivity options) with minimal size and complexity, showing no signs of inadequate decomposition or bloated interface."
org_jsoup_Connection_KeyVal.txt,Insufficient Modularization,class,org.jsoup.Connection,1,"The Connection interface is excessively large and complex, containing 200+ methods across multiple nested interfaces (Connection, Base, Request, Response, KeyVal). It combines responsibilities for HTTP session management, request configuration, response handling, data parameter management, and progress tracking into a single abstraction. The interface has a bloated API with numerous configuration methods, data methods, and execution methods, making it difficult to understand and maintain. The abstraction has not been adequately decomposed into smaller, more cohesive units."
org_jsoup_helper_AuthenticationHandler_AuthShim.txt,Insufficient Modularization,class,AuthenticationHandler.AuthShim,0,"The class is small and focused, with clear responsibilities: it provides a shim interface for authentication handling with two implementations (one loaded dynamically, one static). The class has low complexity, minimal methods, and a cohesive abstraction for authentication delegation without bloated size or interface."
org_jsoup_helper_CookieUtil.txt,Insufficient Modularization,class,CookieUtil,1,"The class handles multiple distinct responsibilities: applying cookies to requests (applyCookiesToRequest), converting URLs to URIs (asUri), storing cookies from responses (storeCookies), and parsing cookie strings (parseCookie). These operations lack a cohesive abstraction and could be separated into dedicated classes for request cookie handling, response cookie handling, and URI conversion."
org_jsoup_helper_HttpClientExecutor.txt,Insufficient Modularization,class,HttpClientExecutor,0,"The class has a single, well-defined responsibility of executing HTTP requests via HttpClient. It maintains a focused interface with core methods execute(), client(), responseBody(), and safeClose(). Supporting methods like requestBody() and StatusMessage() are static helpers directly related to the main responsibility. The nested ProxyWrap class encapsulates proxy selection logic appropriately. The class size is moderate and complexity is contained to HTTP execution concerns without mixing unrelated responsibilities."
org_jsoup_helper_RequestDispatch.txt,Insufficient Modularization,class,RequestDispatch,0,"The class is small (under 50 lines), has a single clear responsibility (selecting appropriate HTTP executor), minimal interface (one public static method), and delegates execution to separate executor classes rather than implementing logic itself."
org_jsoup_nodes_Entities.txt,Insufficient Modularization,class,Entities,1,"The class exhibits excessive size and complexity by combining multiple responsibilities: entity lookup (named entity validation, codepoint mapping), string escaping (with multiple escape modes, charset handling, whitespace normalization), string unescaping, data loading from serialized format, and performance optimizations (caching, thread-local buffers). It contains 200+ lines with nested enums, static methods, and complex branching logic, indicating a lack of decomposition into cohesive abstractions."
org_jsoup_parser_ParseErrorList.txt,Insufficient Modularization,class,ParseErrorList,0,"The class is small (under 50 lines), has a single responsibility (managing parse errors with capacity limits), minimal interface (only essential methods), and extends ArrayList without adding excessive complexity. It appropriately encapsulates error tracking logic without bloating."
org_jsoup_safety_Cleaner.txt,Insufficient Modularization,class,Cleaner,1,"The Cleaner class combines multiple responsibilities: document cleaning, validation, HTML parsing, and visitor-based node traversal. It contains 3 public methods and 4 private methods/classes, with the CleaningVisitor inner class handling complex traversal logic. The createSafeElement method manages attribute filtering, special-case handling for anchor tags, and enforced attributes, resulting in a class with high complexity (over 200 lines) that could be decomposed into separate classes for validation, cleaning traversal, and safe element construction."
org_jsoup_select_Evaluator_IsFirstOfType.txt,Insufficient Modularization,class,Evaluator,1,"The Evaluator class is excessively large (over 1000 lines) and contains 38 inner classes, representing numerous distinct CSS selector evaluation strategies. It exhibits high complexity and low cohesion by bundling unrelated evaluators (tag, attribute, pseudo-class, text matching) into a single monolithic abstraction. The class has a bloated interface with many public static inner classes, and responsibilities could be separated into smaller, more cohesive modules."
org_jsoup_select_Evaluator_IsLastOfType.txt,Insufficient Modularization,class,Evaluator,0,"The Evaluator class is adequately decomposed into a cohesive abstract base class with numerous small, focused static nested classes (Tag, Id, Class, Attribute, etc.), each representing a single CSS selector evaluation rule. The class follows the Composite pattern effectively, with clear separation of concerns and no excessive size or bloated interface."
org_jsoup_select_Evaluator_IsNthLastOfType.txt,Insufficient Modularization,class,Evaluator,1,"The Evaluator class is excessively large (over 1000 lines) and contains 38 inner classes, representing numerous distinct CSS selector evaluation responsibilities. It exhibits high complexity with multiple inheritance hierarchies (CssNthEvaluator, IndexEvaluator, AttributeKeyPair) and handles diverse concerns including tag matching, attribute matching, text content matching, structural pseudo-classes, and index-based selectors. The class has a bloated interface with many public inner classes and concentrates responsibilities that could be separated into smaller, more cohesive abstractions."
org_tensorflow_op_Ops.txt,Insufficient Modularization,class,org.tensorflow.op.Ops,0,"The class delegates responsibilities to specialized subclasses (NnOps, MathOps, etc.) through composition, has a single primary responsibility of providing a unified API for TensorFlow operations, and follows the facade pattern to organize operations into logical groups rather than implementing all functionality directly."
