smell,package,detection,justification
,,0,"The EnumInner class is a static inner class within an enum and shows no dependencies (incoming or outgoing) with other abstractions in the provided code. It is a simple, self-contained inner class without any visible connections to other classes or modules."
,,0,"The class HotThrow has minimal dependencies - it only imports java.util.Random and uses standard Java classes (StringBuilder, String, char[], System.out). It does not have incoming dependencies from other classes nor does it depend on a large number of other abstractions. The class is self-contained with simple utility methods and does not act as a hub connecting multiple modules or components."
,,0,"The class has no dependencies with other abstractions - it only contains static methods that return string literals and nested inner classes. There are no incoming or outgoing dependencies with external classes, interfaces, or modules that would indicate hub-like behavior."
,,0,"The class InnerClassDotExpressions only has outgoing dependencies to InnerClassContainer and its nested classes through static method calls. It does not have a large number of dependencies with other abstractions, nor does it serve as a hub connecting multiple unrelated components. The class simply demonstrates usage of nested class hierarchies with dot notation access."
,,0,"The class InnerClassDotExpressions only has outgoing dependencies to InnerClassContainer and its nested classes, but it does not have a large number of dependencies with other abstractions. It simply calls static methods on nested classes in a hierarchical structure. The dependencies are limited and focused, not creating a hub-like pattern with many different abstractions."
,,0,"Class B only has one outgoing dependency to class A within the same package. It does not have dependencies with a large number of other abstractions, nor does it have many incoming dependencies from other classes."
,,0,"The class LoopUnroll is a self-contained utility class that encapsulates loop unrolling examples. It has a single responsibility of demonstrating different loop unrolling techniques and does not serve as a hub connecting multiple unrelated abstractions. While it has multiple methods, they are all cohesive and focused on the same purpose - loop unrolling demonstrations. The class has minimal external dependencies (only java.util.Random) and does not act as a central coordinator or mediator between different modules or abstractions."
,,0,"The class EscapeConsumer has only two methods (smallEnoughToInline and tooBigToInline) and no dependencies on other classes except for Integer, which is a standard library class. It does not exhibit hub-like modularization as it does not have a large number of dependencies either incoming or outgoing."
,,0,"The class PolymorphismTest does not exhibit hub-like modularization as it does not have a large number of dependencies with other abstractions. It contains a simple interface Coin and three implementing classes (Nickel, Dime, Quarter) which are all internal to the class. The dependencies are limited to these internal components and do not extend to numerous external abstractions. The class itself only interacts with its own nested classes and standard Java classes (System, String[])."
,,0,"The class SimpleInliningTest has minimal dependencies - it only depends on System.out.println() and its own add() method. It does not have dependencies with a large number of other abstractions, nor does it have many incoming dependencies from other classes. The class is self-contained with just a constructor, a simple add method, and a main method, forming a cohesive unit without hub-like characteristics."
,,0,"The class TrivialMethod has minimal dependencies - it only uses StringBuilder, System.out, and its own methods. It does not have dependencies with a large number of other abstractions, nor does it serve as a hub connecting many different components. The class is self-contained with simple functionality."
,,0,"The class RefClass2 only contains two public fields (unknownName and nonStatic) of type Runnable, but there is no evidence of dependencies with a large number of other abstractions. The class does not show any incoming or outgoing dependencies that would indicate hub-like modularization."
,,0,"The class ConstructorParameterTest has minimal dependencies. It uses @NotNull and @Nullable annotations from com.github.javaparser.quality but does not directly depend on the Preconditions class or any other complex dependencies. The class is simple, with a single constructor and no outgoing dependencies beyond the annotations. There are also no incoming dependencies shown that would indicate hub-like behavior."
,,0,"The class NoSerializedNameMain has limited dependencies; it only interacts with Gson, GsonBuilder, and its own inner classes (TestClassNoArgsConstructor, TestClassNotAbstract, TestClassHasArgsConstructor). It does not exhibit a large number of incoming or outgoing dependencies with other abstractions, so it does not qualify as Hub-like Modularization."
,,1,"The ParserConfiguration class exhibits Hub-like Modularization due to its extensive dependencies and central role in the JavaParser architecture. It has numerous incoming dependencies from classes like JavaParser, StaticJavaParser, SourceRoot, and various generator classes which rely on its configuration capabilities. It also has substantial outgoing dependencies to many core components including LanguageLevel enum with its validators and post-processors, UnicodeEscapeProcessingProvider, LineEndingProcessingProvider, SymbolResolver, CommentsInserter, and various AST node types. The class serves as a central configuration hub that coordinates parsing behavior, validation, and processing steps, making it a highly connected node in the system's dependency graph with both high fan-in (incoming dependencies) and high fan-out (outgoing dependencies)."
,,0,"The Position class has limited dependencies with other abstractions. It is primarily used by Range and Node classes, and does not exhibit hub-like modularization characteristics. It has a small number of incoming and outgoing dependencies, and does not act as a central hub connecting many different modules or components."
,,0,"The interface NodeWithTraversableScope has minimal dependencies with only one method traverseScope() that returns Optional<Expression>. It does not show hub-like modularization as it has limited incoming and outgoing dependencies, serving a single focused purpose of providing scope traversal capability."
,,0,NodeWithTypeParameters is an interface with minimal dependencies. It defines a contract for nodes that can have type parameters and only directly interacts with core types like NodeList and TypeParameter. It does not exhibit hub-like modularization as it has limited incoming and outgoing dependencies.
,,0,"The interface NodeWithProtectedModifier has minimal dependencies, only extending NodeWithModifiers and using static imports from com.github.javaparser.ast.Modifier. It does not exhibit hub-like modularization as it has limited incoming and outgoing dependencies."
,,0,"AstObserver is an interface with minimal dependencies. It defines observer callbacks for AST changes and has only a few direct dependencies: Node, NodeList, and ObservableProperty. It does not exhibit hub-like modularization as it does not depend on or被依赖 by a large number of other abstractions."
,,0,"The AstObserverAdapter class has minimal dependencies. It implements the AstObserver interface and interacts with Node and NodeList classes, but it does not have a large number of incoming or outgoing dependencies. The class serves as a simple adapter with default empty implementations for observer methods, and does not act as a hub connecting to numerous other abstractions."
,,0,"The class PropagatingAstObserver has a limited number of dependencies. It implements the AstObserver interface and interacts primarily with Node and NodeList classes. It does not exhibit a high number of incoming or outgoing dependencies that would characterize hub-like modularization. Its role is specific to propagating observer registrations within the AST structure, and it is used internally by the Node class for observer management, rather than being a central hub for diverse modules or components."
,,1,"The class ModifierValidator has dependencies (both incoming and outgoing) with a large number of other abstractions. It extends VisitorValidator and interacts with various node types such as ClassOrInterfaceDeclaration, EnumDeclaration, AnnotationDeclaration, ConstructorDeclaration, FieldDeclaration, MethodDeclaration, LambdaExpr, CatchClause, VariableDeclarationExpr, and ModuleRequiresDirective. It also uses ProblemReporter for reporting issues and utilizes utility classes like SeparatedItemStringBuilder. Additionally, it handles multiple Modifier.Keyword arrays and validation logic involving numerous modifier combinations, indicating a high degree of connectivity and responsibility, which are characteristics of Hub-like Modularization."
,,0,"The class Java22PostProcessor is a simple extension of Java21PostProcessor with no additional methods, fields, or dependencies. It does not have incoming or outgoing dependencies with a large number of other abstractions, thus does not exhibit Hub-like Modularization."
,,0,"The class Java24PostProcessor is a simple extension of Java23PostProcessor with no additional dependencies or complex relationships. It does not introduce new syntax changes requiring post-processing, indicating minimal dependencies and no hub-like characteristics."
,,0,"The BndGenerator class has a limited number of dependencies. It directly depends on classes from only a few packages: com.github.javaparser.generator (superclass Generator), com.github.javaparser.utils (Log, SourceRoot), and standard Java packages (java.io, java.nio, java.util). This is not indicative of hub-like modularization, which would involve dependencies on a large number of other abstractions both incoming and outgoing. The class serves a specific purpose (generating bnd.bnd files) and maintains a focused set of responsibilities and dependencies."
,,0,"The class has limited dependencies, only interacting with a few other classes such as SourceRoot, MethodDeclaration, BlockStmt, BaseNodeMetaModel, PropertyMetaModel, and CompilationUnit. It does not exhibit a large number of incoming or outgoing dependencies that would characterize Hub-like Modularization."
,,0,"The class VoidVisitorAdapterGenerator has a limited number of dependencies. It extends VisitorGenerator and interacts with a few classes like SourceRoot, BaseNodeMetaModel, PropertyMetaModel, and JavaParser AST classes such as CompilationUnit, MethodDeclaration, and BlockStmt. These dependencies are focused on its specific role of generating visitor methods, and it does not exhibit a large number of incoming or outgoing dependencies that would characterize Hub-like Modularization."
,,0,"The ConcreteEnum class is a simple enum with no dependencies on other classes or packages. It only contains enum values and static string constants, with no methods that create dependencies. There are no incoming or outgoing dependencies that would indicate hub-like modularization."
,,1,"The class BaseNodeMetaModel has dependencies with a large number of other abstractions. It interacts with classes such as Node, PropertyMetaModel, JavaParserMetaModel, NodeList, and various utility classes like Utils. It is used in multiple generators and visitors, indicating both incoming and outgoing dependencies. This central role in managing metadata for AST nodes and its extensive use across different parts of the system indicate hub-like modularization."
,,0,The class BinaryExprMetaModel has a very limited set of dependencies. It extends ExpressionMetaModel and declares three PropertyMetaModel fields. It does not exhibit a large number of incoming or outgoing dependencies that would indicate hub-like modularization. The class is focused on representing metadata for BinaryExpr and does not act as a central hub connecting to many other abstractions.
,,1,"The class CompilationUnitMetaModel has dependencies with a large number of other abstractions. It contains multiple PropertyMetaModel fields (importsPropertyMetaModel, modulePropertyMetaModel, packageDeclarationPropertyMetaModel, typesPropertyMetaModel) that reference different meta models. Additionally, it is initialized in JavaParserMetaModel with multiple property meta models and constructor parameters, indicating extensive incoming and outgoing dependencies."
,,0,The class JavadocCommentMetaModel has very limited dependencies. It extends CommentMetaModel and is used by JavadocComment and JavaParserMetaModel. It does not exhibit hub-like modularization as it has few incoming and outgoing dependencies.
,,0,"The class RecordPatternExprMetaModel has a limited number of dependencies. It extends PatternExprMetaModel, and has two PropertyMetaModel fields referencing Modifier and ComponentPatternExpr. It also interacts with RecordPatternExpr in the constructor. These relationships are not extensive enough to qualify as hub-like modularization, which requires dependencies with a large number of other abstractions."
,,0,The class SingleMemberAnnotationExprMetaModel has very few dependencies. It extends AnnotationExprMetaModel and contains only one property memberValuePropertyMetaModel of type PropertyMetaModel. It does not exhibit a large number of incoming or outgoing dependencies that would indicate hub-like modularization.
,,0,The class StringLiteralExprMetaModel has very limited dependencies. It extends LiteralStringValueExprMetaModel and only interacts with its superclass and the JavaParserMetaModel class where it is registered. It does not exhibit hub-like behavior as it does not have a large number of incoming or outgoing dependencies with other abstractions.
,,0,"The TypeParameterMetaModel class has very few dependencies. It extends ReferenceTypeMetaModel and declares two public PropertyMetaModel fields. The class itself is minimal, serving only as a metadata holder for TypeParameter. It does not exhibit hub-like characteristics as it has limited incoming and outgoing dependencies compared to other meta-model classes in the codebase."
,,0,"The class VariableDeclarationExprMetaModel has a limited number of dependencies. It extends ExpressionMetaModel and contains only four properties, each of which is a PropertyMetaModel. These properties represent the core attributes of a variable declaration expression: annotations, modifiers, variables, and maximum common type. There are no extensive incoming or outgoing dependencies that would indicate hub-like modularization."
,,0,The class CsmComment has minimal dependencies. It depends on Comment and SourcePrinter for its functionality and is only depended upon by CsmOrphanCommentsEnding. This does not indicate a hub-like modularization pattern as it does not have a large number of incoming or outgoing dependencies.
,,1,"The PrettyPrinterConfiguration class exhibits Hub-like Modularization due to its extensive dependencies and central role in the printing configuration system. It directly interacts with multiple core classes including Indentation, DefaultPrinterConfiguration, ConfigurationOption, and various enums like ConfigOption and IndentType. It also serves as a key configuration class that is referenced by major components such as PrettyPrintVisitor and SourcePrinter, making it a central hub that both depends on and is depended upon by numerous other abstractions. Its deprecated status and role as a wrapper around DefaultPrinterConfiguration further indicate its hub-like characteristics, acting as a central point of access and coordination between different parts of the printer configuration ecosystem."
,,0,"ChildTextElement has minimal dependencies. It depends on Node and LexicalPreservingPrinter for its core functionality, and it is used by NodeText and LexicalPreservingVisitor. This is a typical pattern for a small, focused class that encapsulates a specific behavior (representing a child node in the lexical preservation context). The number of dependencies is not excessive for its role, and it does not act as a central hub connecting a large number of other classes. It's a helper class with a well-defined, limited scope."
,,1,"['The class has multiple incoming and outgoing dependencies with various abstractions such as NodeText, CsmMix, CsmElement, DifferenceElement, Reshuffled, Added, Removed, Kept, DifferenceElementCalculator, TextElement, CsmToken, ArrayIterator, PeekingIterator, and MatchClassification.', 'It interacts with concrete syntax model elements (CsmElement, CsmMix, CsmToken) and lexical preservation components (NodeText, TextElement), indicating a central role in coordinating between different modules.', 'The class uses several utility classes and iterators (ArrayIterator, PeekingIterator) and manages complex data structures like Maps and Lists to orchestrate the reshuffling logic, suggesting it acts as a hub connecting multiple parts of the system.']"
,,0,"The class TextElementMatchers has minimal dependencies. It only depends on TextElementMatcher and Node, and provides just two static factory methods. It does not act as a hub connecting numerous other classes, nor does it have a high number of incoming or outgoing dependencies."
,,1,"The Solver interface has dependencies (both incoming and outgoing) with a large number of other abstractions. It uses or references the following classes: SymbolReference, ResolvedValueDeclaration, Value, ResolvedTypeDeclaration, MethodUsage, ResolvedType, Context, Node, Type, ResolvedDeclaration, UnsolvedSymbolException, List, Optional, Class. This high number of dependencies indicates Hub-like Modularization."
,,1,"ResolvedDeclaration is a core interface that is extended or implemented by numerous other declaration types including ResolvedTypeDeclaration, ResolvedFieldDeclaration, ResolvedParameterDeclaration, ResolvedEnumConstantDeclaration, and ResolvedTypePatternDeclaration. It defines a wide range of default methods for type checking and casting which are widely used across the type system, creating a central hub for declaration-related operations. Its central role in the hierarchy and extensive usage by other classes indicates hub-like modularization."
,,0,"The ResolvedRecordDeclaration interface has a limited number of dependencies. It extends three interfaces: ResolvedReferenceTypeDeclaration, ResolvedTypeParametrizable, and HasAccessSpecifier. It also references a few types such as ResolvedReferenceType, List, Optional, and ResolvedConstructorDeclaration. These dependencies are not excessive and are typical for a specialized declaration interface. There are no significant incoming or outgoing dependency relationships that would classify it as hub-like modularization."
,,0,"The ResolvedTypeParametrizable interface defines a minimal contract for entities with type parameters and has only three methods: getTypeParameters, findTypeParameter, and isGeneric. It does not exhibit a high number of dependencies either incoming or outgoing. The classes that implement or interact with it (e.g., ReflectionTypeParameter, JavaParserTypeParameter, JavassistTypeParameter) depend on it, but the interface itself does not depend on a large number of other abstractions. Therefore, it does not qualify as Hub-like Modularization."
,,0,"The class ConstructorResolutionLogic has a limited set of dependencies. It primarily interacts with core type resolution classes such as ResolvedConstructorDeclaration, TypeSolver, SymbolReference, and ResolvedType. It does not exhibit a high number of incoming or outgoing dependencies that would characterize hub-like modularization. Its role is focused on constructor resolution logic, and it does not act as a central hub connecting numerous other abstractions."
,,1,"The class MethodResolutionLogic has extensive dependencies with a large number of other abstractions. It interacts with many classes from different packages such as com.github.javaparser.resolution.types (ResolvedType, ResolvedReferenceType, ResolvedArrayType, etc.), com.github.javaparser.resolution.declarations (ResolvedMethodDeclaration, ResolvedTypeParameterDeclaration, etc.), com.github.javaparser.resolution.model (SymbolReference, LambdaArgumentTypePlaceholder), and com.github.javaparser.resolution (TypeSolver, MethodUsage). It also uses classes from com.github.javaparser.symbolsolver.javaparsermodel.contexts and other packages. The class contains numerous methods that are central to method resolution logic, requiring deep integration with various type systems, declarations, and contexts, making it a hub-like component with high incoming and outgoing dependencies."
,,0,"ResolvedArrayType has a limited number of dependencies. It primarily depends on ResolvedType and ResolvedTypeParameterDeclaration for its core functionality. While it is used by several classes like TypeExtractor, JavaParserParameterDeclaration, ArrayType, LazyType, and MethodResolutionLogic, the dependencies are not excessive. The class itself only directly interacts with a small set of abstractions, and the incoming dependencies are mainly from specific areas of the codebase dealing with type resolution and AST node type extraction. This usage pattern does not constitute a hub-like dependency structure."
,,0,"ResolvedWildcard has a limited and focused set of dependencies. It primarily interacts with core type system classes like ResolvedType, ResolvedTypeParameterDeclaration, and Context. It does not exhibit hub-like modularization as it has a constrained number of incoming and outgoing dependencies, and its interactions are confined to its specific role in representing wildcard types within the JavaParser resolution system."
,,0,"The ResolvedTypeParameterValueProvider interface has a limited number of dependencies. It interacts primarily with ResolvedTypeParameterDeclaration and ResolvedType, and uses ResolvedWildcard in one method. This is not indicative of hub-like modularization, as it does not show excessive incoming or outgoing dependencies to a large number of abstractions."
,,0,"The class JavaParserJsonSerializer has a focused responsibility of serializing AST nodes to JSON. It primarily interacts with a limited set of classes: Node, NodeList, JsonGenerator, JavaParserMetaModel, BaseNodeMetaModel, PropertyMetaModel, Range, TokenRange, and JavaToken. While it uses JavaParserMetaModel to get node metadata, this is a necessary dependency for its operation and not indicative of hub-like behavior. The class does not exhibit a large number of incoming or outgoing dependencies that would suggest it is a central hub in the system architecture."
,,0,"The class DefaultCacheStats has a single dependency, which is the interface CacheStats. It does not have a large number of dependencies (either incoming or outgoing) with other abstractions. Therefore, it does not exhibit the characteristics of Hub-like Modularization."
,,0,"The InMemoryCache class has a limited number of dependencies. It implements the Cache interface and uses standard Java collections (WeakHashMap, Collections.synchronizedMap). Its outgoing dependencies are minimal and focused on its core caching functionality. It does not exhibit hub-like modularization as it doesn't have extensive incoming or outgoing dependencies with a large number of other abstractions."
,,0,"The VariableDeclaratorContext class has minimal dependencies. It depends on a few classes such as VariableDeclarator, TypeSolver, and Node, but not on a large number of other abstractions. Additionally, it is not depended upon by many other classes. Therefore, it does not exhibit hub-like modularization."
,,0,"The class TypePatternSymbolDeclarator has a limited number of dependencies. It depends on TypePatternExpr, TypeSolver, ResolvedValueDeclaration, and JavaParserSymbolDeclaration. These dependencies are focused and directly related to its role as a symbol declarator for type patterns. It does not exhibit a large number of incoming or outgoing dependencies that would characterize Hub-like Modularization."
,,0,"The class JavassistParameterDeclaration has a limited number of dependencies. It depends on ResolvedType, TypeSolver, and JavassistFactory for type resolution, and implements the ResolvedParameterDeclaration interface. It does not exhibit a large number of incoming or outgoing dependencies that would characterize Hub-like Modularization."
,,0,"The class has minimal dependencies, only interacting with core types such as Field, TypeSolver, ResolvedEnumConstantDeclaration, ResolvedReferenceTypeDeclaration, and ReferenceTypeImpl. It does not exhibit a large number of incoming or outgoing dependencies."
,,1,"['The class has dependencies on numerous other classes and interfaces through its implementation and usage of various JavaParser resolution and reflection model classes.', 'It implements multiple interfaces (ResolvedInterfaceDeclaration, MethodResolutionCapability, MethodUsageResolutionCapability, SymbolResolutionCapability) which increases its connectivity.', 'It uses many classes from the com.github.javaparser.resolution package hierarchy, including Context, MethodUsage, TypeSolver, various declaration interfaces, logic classes, and model classes.', 'It also interacts with classes from com.github.javaparser.symbolsolver.core.resolution and com.github.javaparser.symbolsolver.logic packages.', ""The class utilizes java.lang.reflect classes (Field, Method) directly, showing dependence on Java's reflection API."", 'It has incoming dependencies as evidenced by its usage in ReflectionFactory and other classes that create instances of it.', 'The class has outgoing dependencies through its extensive use of other classes in method implementations, field declarations, and constructor parameters.', ""The class serves as an adapter between Java's reflection API and JavaParser's type resolution system, acting as a hub in the modularization structure.""]"
,,0,"The class MethodComparator has a limited number of dependencies. It directly interacts with ParameterComparator and ClassComparator through instantiation and method calls, and it implements the Comparator interface. There are no significant incoming or outgoing dependencies with a large number of other abstractions, which would be indicative of Hub-like Modularization. The class is focused on comparing Method objects and delegates parameter and class comparison to dedicated comparators, maintaining a clear and limited scope of responsibility."
,,0,"The class BooleanConditionalExprHandler has minimal dependencies. It implements the ConditionalExprHandler interface and uses ResolvedType, but does not have a large number of incoming or outgoing dependencies with other abstractions. It serves a very specific and limited purpose, thus does not exhibit hub-like modularization."
,,0,"The ConditionalExprResolver class has a single public static method that acts as a factory for ConditionalExprHandler instances. It depends on 3 other classes/interfaces (ConditionalExprHandler, ResolvedType, ResolvedPrimitiveType) for its functionality, and is depended upon by TypeExtractor. This is a relatively small number of dependencies, and the class serves a very specific, limited purpose (resolving conditional expression types). The dependencies are necessary for its core function and do not indicate hub-like behavior. The class does not act as a central hub connecting to many different modules or abstractions."
,,0,The class SubtypeOfBound has a limited number of dependencies. It primarily interacts with TypeHelper for utility methods and uses basic types from com.github.javaparser.resolution.types. It does not exhibit a high number of incoming or outgoing dependencies that would characterize hub-like modularization.
,,1,"The SourceRoot class exhibits Hub-like Modularization due to its extensive dependencies and interactions with numerous other classes. It directly imports and utilizes classes like JavaParser, ParseResult, CompilationUnit, ParserConfiguration, and various utility classes from the JavaParser library. Additionally, it interacts with classes such as Path, Files, and ForkJoinPool from the Java standard library for file operations and parallel processing. The class also defines inner classes (Callback, ParallelParse) that further increase its complexity and dependency footprint. Its central role in managing source file parsing, caching, and saving creates a hub for interactions within the JavaParser ecosystem, making it a central point of coupling for many other abstractions."
,,1,"The SourceRoot class exhibits Hub-like Modularization due to its extensive dependencies and interactions with numerous other classes and components. It directly interacts with core JavaParser components like JavaParser, ParseResult, CompilationUnit, and ParserConfiguration for parsing functionalities. It also integrates with file system APIs (Path, Files, SimpleFileVisitor, ForkJoinPool) for file handling and parallel processing. Additionally, it uses utility classes like DefaultPrettyPrinter, ConcurrentHashMap, and Log for various operations. The class manages a cache of parsed files, handles file saving with encoding support, and supports both sequential and parallelized parsing, making it a central hub connecting to many different modules and abstractions within the system."
,,1,"The class SourceZip has incoming dependencies from its usage of JavaParser, ParseResult, ParserConfiguration, and Callback interface. It also has outgoing dependencies to these classes/interfaces as it creates instances of JavaParser, uses ParseResult for handling parsing outcomes, relies on ParserConfiguration for parser settings, and defines a Callback interface for processing results. This bidirectional dependency with multiple abstractions indicates a hub-like modularization smell."
,,0,"The class AbstractWatchService.Event is a simple, self-contained implementation of WatchEvent with minimal dependencies. It does not act as a hub connecting to many other abstractions. Its usage is localized within the AbstractWatchService class, and it does not have numerous incoming or outgoing dependencies."
,,0,"The class AbstractWatchService does not exhibit Hub-like Modularization. It is an abstract class that provides a basic implementation of WatchService and defines internal classes Event and Key. The dependencies observed are standard Java library types (e.g., BlockingQueue, AtomicBoolean) and self-contained inner classes. There are no excessive incoming or outgoing dependencies with a large number of other abstractions; the structure is cohesive and focused on watch service functionality."
,,0,"The class FileFactory has a focused responsibility of creating files and copying files. It has a limited number of dependencies, mainly to classes like Directory, RegularFile, SymbolicLink, HeapDisk, FileTimeSource, and JimfsPath. It does not exhibit a large number of incoming or outgoing dependencies that would characterize Hub-like Modularization. The use of Supplier interfaces and inner classes for creation callbacks is a design choice that encapsulates creation logic without creating excessive dependencies."
,,0,"The class Handler has limited dependencies and responsibilities. It extends URLStreamHandler and interacts primarily with core Java classes (URL, URLConnection, InetAddress) and one internal class (PathURLConnection). It does not show a large number of incoming or outgoing dependencies with other abstractions in the codebase, which would be indicative of Hub-like Modularization. Its role is well-defined and constrained to handling jimfs protocol URLs."
,,0,The class OwnerAttributeProvider.View has a limited number of dependencies. It implements the FileOwnerAttributeView interface and interacts primarily with FileLookup and the file attribute system through well-defined methods like getOwner and setOwner. It does not exhibit a large number of incoming or outgoing dependencies that would characterize Hub-like Modularization.
,,0,"The class PathURLConnection has a limited number of dependencies. It primarily interacts with standard Java classes such as URLConnection, Path, Files, URI, and some Guava utilities. There is no evidence of excessive incoming or outgoing dependencies that would indicate hub-like modularization. The class is focused on its specific responsibility of handling URL connections for paths and does not act as a central hub connecting to numerous other abstractions."
,,0,"DocBuilder has limited dependencies: it interacts primarily with Doc, Indent, and Op classes. It does not exhibit hub-like modularization as it doesn't have extensive incoming or outgoing dependencies with numerous other abstractions."
,,0,"The class FormattingError has a direct dependency only on FormatterDiagnostic through its constructor and field usage. There are no incoming or outgoing dependencies with a large number of other abstractions, thus it does not exhibit hub-like modularization."
,,0,"The Indent class has very few dependencies. It is primarily used by Doc.Level and Doc.Break, and it references Output.BreakTag. This limited set of dependencies does not constitute a hub-like modularization pattern."
,,0,"UiFormatterStyle is a simple enum with minimal dependencies. It has outgoing dependencies to JavaFormatterOptions.Style for conversion purposes, but the relationship is straightforward and not extensive. It does not act as a hub connecting numerous other abstractions, nor does it have a large number of incoming dependencies. The class serves a specific and limited role in mapping UI style options to formatter options."
,,0,"The class has minimal dependencies - it implements javax.tools.Tool interface and uses basic Java I/O classes (InputStream, OutputStream, PrintStream) and some Google Guava utilities (Sets.toImmutableEnumSet). It does not have a large number of incoming or outgoing dependencies with other abstractions. The class is focused on a single responsibility of providing a tool interface for google-java-format."
,,1,"The class JavaInputAstVisitor has a large number of dependencies both incoming and outgoing. It imports numerous classes from different packages (e.g., com.google.common.collect, com.sun.source.tree, com.sun.tools.javac.tree, java.util, etc.), indicating a high number of outgoing dependencies. Additionally, it contains a vast amount of code (over 58,000 lines as per CONTEXT_SIZE) with many methods visiting different AST node types, suggesting it is a central component with high incoming dependencies from the rest of the system. This central role and extensive interaction with various other components indicate Hub-like Modularization."
,,1,"The class JavaInputAstVisitor has a large number of dependencies due to its extensive use of various classes from the com.sun.source.tree package for visiting different types of AST nodes. It also depends on multiple classes from com.google.common.collect, com.google.googlejavaformat, and other utility classes. Additionally, it has incoming dependencies as it is designed to be used by other parts of the formatting system, making it a central hub for AST processing and formatting operations."
,,0,"The class JavacTokens does not exhibit Hub-like Modularization. It is a final class with a single public static method 'getTokens' and encapsulates related functionality for tokenizing Java source code. Its dependencies are limited to standard Java libraries (java.util, com.sun.tools.javac.parser, com.sun.tools.javac.util) and Google's Guava library (com.google.common.collect, com.google.common.base). The class contains several private static helper methods and inner classes that support its main functionality, indicating cohesive design rather than being a hub connecting to many unrelated abstractions. The class has a clear, single responsibility of lexing Java code and preserving comments, without acting as a central hub connecting numerous unrelated components."
,,1,"The Main class has extensive dependencies both incoming and outgoing. It directly interacts with multiple classes including CommandLineOptionsParser, UsageException, FormatFileCallable, JavaFormatterOptions, and GoogleJavaFormatVersion. It also handles various command-line arguments, manages file formatting logic, and coordinates execution through ExecutorService, indicating a high number of dependencies and central role in the module's functionality."
,,0,"The class ModifierTokens is a nested static class within ModifierOrderer and is used exclusively within that class. It does not have dependencies on a large number of other abstractions, nor does it depend on many other classes itself. Its functionality is focused and limited to handling modifier tokens for reordering, and it interacts primarily with its enclosing class and a few closely related types such as Modifier, Token, and ImmutableList. Therefore, it does not exhibit hub-like modularization."
,,1,"The class RemoveUnusedImports has high cohesion but also exhibits Hub-like Modularization due to its extensive dependencies on various external libraries and JDK classes. It directly interacts with numerous types from com.sun.source.*, com.sun.tools.javac.*, com.google.common.collect, and other utility classes like java.lang.reflect.Method. The class integrates multiple responsibilities including AST traversal, javadoc parsing, import analysis, and source code manipulation, leading to a large number of incoming and outgoing dependencies which makes it a hub in the module dependency graph."
,,1,"[""The class 'LongStringsAndTextBlockScanner' is a nested class within 'StringWrapper' and is responsible for scanning AST nodes to identify long string literals and text blocks. It directly interacts with multiple external classes and utilities such as 'TreePathScanner', 'LiteralTree', 'MemberSelectTree', 'Trees', 'Newlines', 'JCTree', 'Position.LineMap', 'CharMatcher', and 'ImmutableList'."", ""It has incoming dependencies from its enclosing class 'StringWrapper' which relies on it to perform AST scanning as part of the string wrapping logic."", ""It has outgoing dependencies to various Java compiler API classes (e.g., 'com.sun.source.tree.*', 'com.sun.tools.javac.*') and Google Guava utilities (e.g., 'ImmutableList', 'CharMatcher')."", ""The class is tightly coupled with the internal logic of 'StringWrapper' and acts as a central point for identifying and processing string-related AST nodes, making it a hub for both internal and external dependencies.""]"
,,1,"JavadocWriter has dependencies with a large number of other abstractions. It directly interacts with Token, NestingCounter, and JavadocFormatter classes. It also uses multiple enums (RequestedWhitespace, AutoIndent) and static imports from various classes including JavadocWriter itself, indicating both incoming and outgoing dependencies. The class handles numerous token types and formatting logic, making it a central hub for Javadoc formatting operations."
,,0,"The JsonArray class does not exhibit Hub-like Modularization. It has a focused responsibility of representing a JSON array and provides methods for array manipulation. Its dependencies are limited to core JSON element types (JsonElement, JsonNull, JsonPrimitive) and standard Java collections (ArrayList, Iterator, List). It does not have excessive incoming or outgoing dependencies with a large number of other abstractions. The class is well-encapsulated and follows single responsibility principle without acting as a central hub connecting numerous unrelated components."
,,0,"The JsonParser class has a limited and focused set of dependencies. It primarily interacts with JsonReader, JsonElement, and related exception classes (JsonSyntaxException, JsonIOException) within the same package. It does not exhibit a large number of incoming or outgoing dependencies that would characterize Hub-like Modularization. The class serves a single responsibility of parsing JSON text into JsonElement objects and maintains a cohesive set of methods for this purpose. While it is used by other classes like RawCollectionsExample, its own dependency footprint remains constrained to core JSON parsing functionality."
,,1,"The GraphAdapterBuilder class exhibits Hub-like Modularization due to its extensive dependencies and central role in the graph serialization/deserialization mechanism. It directly depends on multiple core Gson classes including Gson, GsonBuilder, TypeAdapter, TypeAdapterFactory, InstanceCreator, JsonElement, and various stream classes. It also interacts with internal Gson classes like ConstructorConstructor and ObjectConstructor. The class serves as a central hub that coordinates graph-aware serialization by managing instance creators, type adapters, and the serialization/deserialization process through its nested Factory class. This creates a high degree of incoming and outgoing dependencies, making it a central point of coupling between different parts of the Gson library's type adaptation system."
,,1,"The class ReflectionAccessFilterHelper is used by multiple other classes (ReflectionAccessFilter, ConstructorConstructor, ReflectiveTypeAdapterFactory) to perform reflection access filtering checks. It provides static helper methods that are called from various parts of the system, creating a hub of dependencies both incoming (from its users) and outgoing (to Java reflection APIs and internal utilities). Its central role in managing and evaluating reflection access filters for different types makes it a hub-like abstraction with numerous dependencies."
,,0,"The class CollectionTypeAdapterFactory has a focused responsibility of creating TypeAdapters for Collection types. It depends on a limited set of classes: ConstructorConstructor, Gson, TypeToken, GsonTypes, TypeAdapter, ObjectConstructor, JsonReader, JsonWriter, and JsonToken. These dependencies are all directly related to its core functionality of handling JSON serialization/deserialization for collections. The class does not exhibit hub-like behavior as it doesn't have excessive incoming or outgoing dependencies beyond what is necessary for its specific purpose."
,,0,"The NumberTypeAdapter class has limited dependencies. It depends on a small set of classes such as ToNumberPolicy, ToNumberStrategy, TypeAdapter, TypeAdapterFactory, and JsonReader/JsonWriter. It is not a hub-like class with numerous incoming and outgoing dependencies. It serves a specific purpose of handling Number type serialization/deserialization and does not act as a central hub connecting to a large number of other abstractions."
,,1,"The class 'Adapter' has dependencies on a large number of other abstractions through its extensive use of reflection, type adapters, field handling, and JSON streaming components. It interacts with classes such as 'BoundField', 'FieldsData', 'JsonReader', 'JsonWriter', 'TypeAdapter', 'Gson', 'TypeToken', and various reflection helper classes. Additionally, it manages serialization and deserialization logic that requires coordination with multiple internal and external components, making it a hub-like module due to its high number of incoming and outgoing dependencies."
,,1,"The class 'ReflectiveTypeAdapterFactory' exhibits Hub-like Modularization due to its extensive dependencies on numerous other abstractions. It imports and interacts with a large number of classes from the Gson library (e.g., Gson, TypeAdapter, JsonReader, JsonWriter, Excluder, FieldNamingStrategy, JsonAdapterAnnotationTypeAdapterFactory, ReflectionAccessFilter, etc.) and Java reflection APIs (e.g., Field, Method, Constructor, AccessibleObject). Additionally, it defines inner classes (BoundField, Adapter, FieldReflectionAdapter, RecordAdapter) that further increase its coupling with various parts of the system. The class serves as a central hub for reflective type adaptation, coordinating interactions between many other components, which results in high incoming and outgoing dependencies."
,,0,"The FormatException class is a simple exception class with minimal dependencies. It extends ReaderException and is primarily used to signal formatting errors in barcode decoding. It does not have a large number of incoming or outgoing dependencies, nor does it act as a central hub connecting many other classes or modules. Therefore, it does not exhibit the characteristics of Hub-like Modularization."
,,1,"['LuminanceSource has incoming dependencies from multiple classes including PlanarYUVLuminanceSource, GrayscaleLuminanceSource, InvertedLuminanceSource, BufferedImageLuminanceSource (referenced in DecodeWorker and GUIRunner), and WebSource (referenced in DecodeServlet).', 'LuminanceSource has outgoing dependencies to BinaryBitmap, Binarizer, HybridBinarizer, GlobalHistogramBinarizer, and InvertedLuminanceSource through its methods like invert(), crop(), and rotateCounterClockwise().', 'The class is extended by multiple implementations (PlanarYUVLuminanceSource, GrayscaleLuminanceSource, InvertedLuminanceSource) showing high incoming coupling.', 'It interacts with various binarization strategies (HybridBinarizer, GlobalHistogramBinarizer) demonstrating significant outgoing coupling.', 'Multiple external components (DecodeWorker, GUIRunner, DecodeServlet) directly instantiate and use LuminanceSource subclasses, indicating it serves as a central abstraction.']"
,,1,"The MultiFormatWriter class acts as a central hub by directly depending on and coordinating with numerous Writer implementations (EAN8Writer, UPCEWriter, EAN13Writer, UPCAWriter, QRCodeWriter, Code39Writer, Code93Writer, Code128Writer, ITFWriter, PDF417Writer, CodaBarWriter, DataMatrixWriter, AztecWriter). It also depends on BarcodeFormat to determine which writer to instantiate and uses WriterException for error handling. This creates a high number of both incoming and outgoing dependencies, fulfilling the criteria for Hub-like Modularization."
,,1,"['The Encoder class has incoming dependencies from AztecWriter and potentially other classes that use its encode methods.', 'The Encoder class has outgoing dependencies to multiple classes: BitArray, BitMatrix, GenericGF, ReedSolomonEncoder, HighLevelEncoder, and AztecCode.', 'It orchestrates the entire Aztec code generation process, coordinating between high-level encoding, error correction, bit manipulation, and matrix rendering.', 'The class encapsulates complex logic involving multiple abstraction layers (encoding, error correction, bit stuffing, matrix drawing) making it a central hub in the Aztec encoding module.', 'Its static methods are the primary interface for Aztec code generation, indicating a high number of incoming references.', 'It directly interacts with at least 6 different classes, showing a high number of outgoing dependencies.']"
,,0,"The AmbientLightManager class has a limited number of dependencies. It interacts directly with SensorManager, CameraManager, and FrontLightMode, all of which are necessary for its core functionality of managing ambient light and controlling the front light. The dependencies are cohesive and focused on its responsibility, and it does not exhibit a large number of incoming or outgoing dependencies that would characterize hub-like modularization."
,,1,"The CaptureActivity class has extensive dependencies both incoming and outgoing. It imports and uses numerous classes from different packages including com.google.zxing, com.google.zxing.client.android.camera, com.google.zxing.client.android.clipboard, com.google.zxing.client.android.history, com.google.zxing.client.android.result, and others. It also interacts with many Android framework classes and has complex relationships with helper classes like CameraManager, BeepManager, AmbientLightManager, HistoryManager, and various Result handling classes. The class itself is large and orchestrates many different functionalities including camera management, barcode decoding, result handling, UI management, and various Android system interactions, making it a central hub with high coupling to many other components."
,,0,"The AutoFocusManager class has a limited number of dependencies. It interacts directly with Camera, SharedPreferences, and a few Android framework classes like AsyncTask and Context. It is used exclusively by CameraManager for managing camera autofocus functionality. There are no excessive incoming or outgoing dependencies that would classify it as hub-like modularization."
,,1,"['The CameraManager class has incoming dependencies from multiple classes including CaptureActivity, CaptureActivityHandler, AmbientLightManager, and ViewfinderView.', 'The CameraManager class has outgoing dependencies to multiple classes including OpenCamera, CameraConfigurationManager, AutoFocusManager, PreviewCallback, OpenCameraInterface, PlanarYUVLuminanceSource, and various Android framework classes.', 'It acts as a central hub coordinating camera operations, managing camera configuration, handling preview callbacks, controlling autofocus, and providing camera state to multiple other components.', 'The class encapsulates and exposes camera functionality to various parts of the application, creating a many-to-one and one-to-many relationship pattern typical of hub-like modularization.']"
,,0,"The class BookResultInfoRetriever has a limited number of dependencies. It directly interacts with a few well-defined abstractions: HttpHelper for network operations, LocaleManager for locale-specific logic, and HistoryManager for history-related functionality. It does not exhibit a large number of incoming or outgoing dependencies that would characterize Hub-like Modularization."
,,1,"The Intents class is a central hub containing numerous constants and nested classes (Scan, History, Encode, SearchBookContents, WifiConnect, Share) that are used across various parts of the application. It serves as a dependency for BookmarkPickerActivity, which uses the FLAG_NEW_DOC constant. The class encapsulates API constants and intent-related utilities, making it a high-dependency abstraction that many components rely on for inter-activity communication and intent handling."
,,0,The class SMSTOMMSTOResultParser has a limited number of dependencies. It depends on com.google.zxing.Result for input parsing and com.google.zxing.client.result.SMSParsedResult for creating the parsed result. It does not exhibit a large number of incoming or outgoing dependencies that would indicate hub-like modularization.
,,0,"The class TextParsedResult has a direct dependency only on its superclass ParsedResult and the enum ParsedResultType. It does not show a large number of dependencies either incoming or outgoing, which would be indicative of Hub-like Modularization. The class is simple, encapsulating only text and language properties, and does not act as a hub connecting multiple abstractions."
,,0,The class WifiParsedResult is a simple data holder (DTO) with no complex logic or numerous dependencies. It has only one outgoing dependency to its superclass ParsedResult and is used by a few other classes such as WifiResultHandler and WifiConfigManager. It does not exhibit hub-like modularization as it does not have a large number of incoming or outgoing dependencies.
,,0,"DetectorResult is a simple data holder class with only two fields (BitMatrix and ResultPoint[]) and their getters. It does not have excessive dependencies either incoming or outgoing. It is used by multiple classes but does not itself depend on many other classes, nor does it act as a central hub coordinating between many modules."
,,0,"The HybridBinarizer class has a limited number of dependencies. It extends GlobalHistogramBinarizer and interacts primarily with LuminanceSource and BitMatrix, which are core components necessary for its function as a binarizer in the ZXing library. It does not exhibit a large number of incoming or outgoing dependencies that would characterize Hub-like Modularization."
,,1,"GenericGF has extensive dependencies with multiple other classes in the system. It is used by GenericGFPoly (same package) which depends on it for field operations. It's also used by ReedSolomonDecoder and ReedSolomonEncoder for error correction operations. Additionally, it's referenced by multiple decoder classes across different packages: Decoder in maxiode, qrcode, datamatrix, and aztec modules. The class defines several static final fields that reference specific Galois Field instances (AZTEC_DATA_12, AZTEC_DATA_10, etc.) which are consumed by various encoder/decoder implementations. This creates a hub-like pattern where GenericGF serves as a central dependency for multiple modules across the codebase."
,,0,"The ReedSolomonEncoder class has a limited number of dependencies. It directly interacts with GenericGF and GenericGFPoly within the same package, and is used by the Encoder class in a different package. It does not exhibit a large number of incoming or outgoing dependencies that would characterize hub-like modularization."
,,0,"The Decoder class has a moderate number of dependencies, primarily with classes within the same package (BitMatrixParser, DataBlock, DecodedBitStreamParser, Version) and with common utility classes (BitMatrix, DecoderResult). It also depends on ReedSolomonDecoder for error correction. However, it does not exhibit hub-like modularization as it does not have an excessive number of incoming or outgoing dependencies across multiple packages or modules. Its role is well-defined and encapsulated within the Data Matrix decoding process."
,,0,"The Version class encapsulates data related to Data Matrix code versions and provides a method to deduce version information from dimensions. It has a clear, single responsibility. While it contains nested classes (ECBlocks and ECB), these are tightly related and used exclusively within the context of versioning. The class does not exhibit a large number of dependencies with other abstractions, nor does it act as a central hub connecting many unrelated components. Therefore, it does not demonstrate Hub-like Modularization."
,,0,"This class has minimal dependencies and is a simple extension of SymbolInfo. It only overrides three methods and has no outgoing dependencies to other classes. The class serves a single focused purpose as a data holder for DataMatrix symbol information with fixed values, and does not act as a hub connecting multiple abstractions."
,,0,"The class MinimalEncoder, while complex and containing multiple nested classes (Edge, Result, Input), does not exhibit hub-like modularization. It has a single, well-defined responsibility of encoding DataMatrix barcodes using a minimal encoding algorithm. The nested classes are tightly related to the encoding process and are used internally. There are no excessive dependencies on other classes or modules outside of its own package. The class does not act as a central hub connecting to many other unrelated abstractions. Instead, it encapsulates the encoding logic within itself and its inner classes, maintaining a cohesive and focused design."
,,0,"IntentResult is a simple data holder class with no dependencies to other classes in the codebase. It only contains private fields, constructors, getter methods and a toString method. There are no incoming or outgoing dependencies that would indicate hub-like modularization."
,,1,"['The Decoder class has incoming dependencies from MaxiCodeReader, which uses it to decode BitMatrix data.', 'The Decoder class has outgoing dependencies to multiple classes: BitMatrixParser for parsing codewords, ReedSolomonDecoder for error correction, GenericGF for finite field operations, DecodedBitStreamParser for decoding bit streams, and DecoderResult for encapsulating results.', 'It interacts with core domain concepts like checksum validation (ChecksumException), format validation (FormatException), and decoding hints (DecodeHintType).', 'The class coordinates the main decoding logic flow by integrating parsing, error correction, and data extraction, making it a central hub in the MaxiCode decoding process.']"
,,0,"The class ByQuadrantReader has a limited number of dependencies. It primarily interacts with the Reader interface and BinaryBitmap class, along with some core ZXing classes like Result, ResultPoint, and DecodeHintType. It does not exhibit a high number of incoming or outgoing dependencies that would characterize Hub-like Modularization. The class serves a specific purpose of decoding barcodes by scanning image quadrants and delegates most of its operations to the injected Reader implementation, maintaining a focused responsibility."
,,0,"The Code128Reader class has a limited number of dependencies. It primarily interacts with core ZXing classes such as BarcodeFormat, Result, ResultMetadataType, ResultPoint, BitArray, and exception classes (NotFoundException, FormatException, ChecksumException). These are essential dependencies for its function as a barcode reader and do not indicate hub-like modularization. The class does not show excessive incoming or outgoing dependencies that would classify it as a hub."
,,0,"The class Code128Writer does not exhibit Hub-like Modularization. It has a well-defined responsibility of encoding CODE128 barcodes and interacts primarily with a few closely related classes such as Code128Reader for pattern data, OneDimensionalCodeWriter for common functionality, and standard Java utilities. The dependencies are focused and aligned with its specific purpose, without excessive incoming or outgoing dependencies that would indicate hub-like behavior."
,,0,"The ITFWriter class has limited dependencies, only importing and interacting with BarcodeFormat and BitMatrix. It does not exhibit a large number of incoming or outgoing dependencies that would characterize Hub-like Modularization."
,,1,"['The class MultiFormatUPCEANReader directly depends on multiple other classes and enums such as BarcodeFormat, DecodeHintType, NotFoundException, Result, BitArray, and UPCEANReader (and its subclasses like EAN13Reader, UPCAReader, EAN8Reader, UPCEReader) through instantiation, method calls, and parameter passing.', 'It is responsible for coordinating the decoding process across multiple UPC/EAN formats, making it a central point that interacts with various components of the system.', 'The class aggregates different reader implementations and manages their lifecycle (e.g., calling reset() on each), indicating a high number of outgoing dependencies.', 'It also handles logic to convert between result types (e.g., EAN-13 to UPC-A), further increasing its coupling with other classes in the system.']"
,,0,"FinderPattern has limited dependencies: it depends on com.google.zxing.ResultPoint and is used by RSS14Reader, Pair, RSSExpandedReader, and ExpandedPair. While it is used in multiple classes, the number of dependencies is not excessive and does not indicate hub-like modularization. It serves as a simple data carrier with minimal logic, encapsulating finder pattern data."
,,0,"The class BlockParsedResult has a simple design with only two fields and corresponding getters. It is used as a data holder class with minimal logic. It has incoming dependencies from GeneralAppIdDecoder but does not have outgoing dependencies to a large number of other abstractions. It interacts directly with only DecodedInformation, which is a straightforward relationship and does not indicate hub-like modularization."
,,1,"['The class defines a large number of public static final constants that are used across multiple classes in the package, indicating high incoming dependency.', 'It provides utility methods like getCodeword(), toIntArray(), and getBitCountSum() that are called by various other classes such as PDF417ScanningDecoder, PDF417CodewordDecoder, and DetectionResultRowIndicatorColumn.', 'It contains large static arrays (SYMBOL_TABLE and CODEWORD_TABLE) that are referenced by PDF417CodewordDecoder and other components during decoding processes.', 'Its methods and constants are widely used throughout the PDF417 decoding subsystem, creating numerous outgoing dependencies to other classes in the same package and sub-packages.', 'The class acts as a central repository for shared constants and utility functions, making it a hub for inter-class communication within the PDF417 module.']"
,,0,"The BoundingBox class has a limited number of dependencies. It primarily interacts with core classes such as ResultPoint and BitMatrix for storing and manipulating bounding box coordinates and image data. It does not exhibit a large number of incoming or outgoing dependencies that would indicate hub-like modularization. Its role is well-defined and encapsulated within the PDF417 decoder package, without acting as a central hub connecting numerous other abstractions."
,,0,"The ErrorCorrection class has a limited number of dependencies. It primarily interacts with ModulusGF and ModulusPoly within the same package, and throws ChecksumException. It does not exhibit a large number of incoming or outgoing dependencies that would characterize hub-like modularization."
,,0,"The Detector class has a focused responsibility of detecting PDF417 barcodes in images. While it interacts with several classes like BinaryBitmap, BitMatrix, ResultPoint, and PDF417DetectorResult, these dependencies are necessary for its core function and are not excessive. The class does not show hub-like behavior as it doesn't have an unusually high number of incoming or outgoing dependencies beyond what's required for PDF417 detection. It primarily depends on standard ZXing framework classes and returns results in appropriate data structures."
,,1,"[""The class 'PDF417' has incoming dependencies from 'PDF417Writer' which uses it for encoding barcode logic."", ""The class 'PDF417' has outgoing dependencies to multiple classes: 'Compaction', 'Dimensions', 'BarcodeMatrix', 'PDF417ErrorCorrection', 'PDF417HighLevelEncoder'."", ""It interacts with various other components through method calls and data exchange, indicating a central role in the module's functionality."", 'The class encapsulates core logic for PDF417 encoding, making it a hub for encoding operations.']"
,,1,"['The Decoder class has incoming dependencies from QRCodeReader, which uses it for decoding QR codes.', 'The Decoder class has outgoing dependencies to multiple classes in the same package (com.google.zxing.qrcode.decoder) including BitMatrixParser, DataBlock, DecodedBitStreamParser, Version, ErrorCorrectionLevel, and QRCodeDecoderMetaData.', 'It also has outgoing dependencies to classes in com.google.zxing.common (BitMatrix, DecoderResult) and com.google.zxing.common.reedsolomon (ReedSolomonDecoder, GenericGF).', 'The Decoder class coordinates the decoding process by interacting with many other abstractions, acting as a central hub in the decoding workflow.', 'It directly uses or references at least 10 different classes, showing a high number of dependencies both incoming and outgoing.']"
,,1,"['The class has a high number of incoming dependencies, including multiple imports from different packages such as com.google.zxing, com.google.zxing.multi, com.google.zxing.common, com.google.zxing.client.j2se, com.google.common.io, com.google.common.net, java.awt.image, java.io, java.net, java.util, java.util.logging, javax.imageio, jakarta.servlet, and jakarta.servlet.http.', 'It also has outgoing dependencies to various classes and interfaces like BarcodeFormat, BinaryBitmap, ChecksumException, DecodeHintType, FormatException, LuminanceSource, MultiFormatReader, NotFoundException, Reader, ReaderException, Result, BufferedImageLuminanceSource, ImageReader, GlobalHistogramBinarizer, HybridBinarizer, GenericMultipleBarcodeReader, MultipleBarcodeReader, Resources, HttpHeaders, MediaType, Logger, Timer, DoSTracker, RequestDispatcher, ServletConfig, ServletContext, ServletException, WebInitParam, WebServlet, HttpServlet, HttpServletRequest, HttpServletResponse, Part, Pattern, ResourceBundle, TimeUnit, URISyntaxException, MalformedURLException, IOException, OutputStreamWriter, Writer, URI, URL, HttpURLConnection.', 'The class implements complex logic involving HTTP request handling (both GET and POST), image processing, barcode decoding with multiple strategies, error handling, and response generation, indicating it interacts with many other components in the system.', 'It directly uses or references numerous external libraries and frameworks, which increases its connectivity within the application architecture.', 'The presence of static initializers, multiple methods with diverse responsibilities (e.g., init, destroy, doGet, doPost, processStream, processImage, errorResponse), and extensive use of ZXing library components further supports its role as a hub connecting various parts of the system.']"
,,0,The class ClassInPackage only has one static method and is called from PackageDotExpressions. It does not have dependencies with a large number of other abstractions - it only has incoming dependencies from one class. There are no outgoing dependencies from ClassInPackage to other classes. The hub-like pattern is not present as this class is not central to many dependencies.
,,0,The class has only one incoming dependency from InnerStaticClassFieldDotExpressions and no outgoing dependencies to other abstractions. It does not exhibit hub-like modularization as it has minimal dependency relationships rather than dependencies with a large number of other abstractions.
,,0,"The ServiceDefinition interface is a simple interface with only one method declaration (getValue()). It does not have any dependencies (incoming or outgoing) with other abstractions. It's a minimal interface that defines a contract without any complex dependency relationships, therefore it does not exhibit Hub-like Modularization smell."
,,0,"The class has only one dependency (implements ServiceDefinition) and no outgoing dependencies to other abstractions. It is a simple implementation class with minimal coupling, not exhibiting hub-like characteristics."
,,0,"The class Foo has minimal dependencies with other abstractions. It contains only two static methods and no incoming or outgoing dependencies with a large number of other classes. The Main class has a method that takes Foo.Bar as parameter, but this does not establish significant dependency relationships that would indicate hub-like modularization."
,,0,"The analyzed element is an enum (ListChangeType) which only contains two simple constants (ADDITION, REMOVAL). There is no evidence of dependencies (incoming or outgoing) with other abstractions in the provided code fragment."
,,0,"The class A has minimal dependencies with only one inner class DuplicateTypeName that extends it. There are no outgoing dependencies to other abstractions and only one incoming dependency from its inner class, which does not constitute a large number of dependencies."
,,0,The class A has minimal dependencies with only one internal nested class DuplicateTypeName that extends it. There are no significant incoming or outgoing dependencies with multiple other abstractions that would indicate hub-like modularization.
,,0,"The MemberInterface is an empty interface with no dependencies (incoming or outgoing) to other abstractions. It has no methods, fields, or relationships that would create dependencies with other classes or interfaces in the system."
,,1,"['The class has multiple imports from different packages (com.github.javaparser, japa.parser, org.junit, java.io, java.util)', 'It contains numerous nested classes (Ugly, QWE, A) and enums (Teste, Sexo, Enum) with complex relationships', 'Has extensive usage of generics with multiple type parameters (<T extends List<int[]>, X>)', 'Contains multiple inheritance relationships (extends Base, implements Serializable)', 'Uses various annotations (@Ignore, @Deprecated, @Override, @SuppressWarnings)', 'Has complex method signatures with generic type bounds and multiple exception declarations', 'Includes multiple complex data structures (multi-dimensional arrays, generic collections)', 'Contains numerous method calls to external libraries (JavaParser.parse)', 'Has multiple constructor overloads with complex initialization logic']"
,,0,The class GrandParent has minimal dependencies - it only contains a public enum MyEnum with two values. There are no incoming or outgoing dependencies with other abstractions. The class does not exhibit hub-like behavior as it doesn't serve as a central point of communication between multiple other classes or modules.
,,1,"The class ByteBuddy has a large number of dependencies (both incoming and outgoing) with other abstractions. It imports and uses numerous classes from various packages including net.bytebuddy.description.*, net.bytebuddy.dynamic.*, net.bytebuddy.implementation.*, net.bytebuddy.matcher.*, and org.objectweb.asm.*. Additionally, it has extensive configuration methods (with methods) that allow customization of various aspects like ClassFileVersion, NamingStrategy, AnnotationValueFilter, Implementation.Context.Factory, MethodGraph.Compiler, etc. The class serves as a central entry point for the library's functionality and interacts with many other components, making it a hub-like abstraction with high connectivity to other parts of the system."
,,0,"The ClassFileVersion class does not exhibit hub-like modularization. It has a well-defined responsibility of representing and managing Java class file versions. Its dependencies are limited and focused: it interacts with core Java classes (e.g., System, Runtime, ClassLoader), ASM library (Opcodes), and ByteBuddy's own classes (TypeDescription, ClassFileLocator). It does not act as a central hub connecting to a large number of unrelated abstractions. The class is cohesive, with all methods and fields serving the single purpose of class file version management."
,,0,"The class NamingStrategy.AbstractBase has very limited dependencies. It only depends on TypeDescription and RandomString, and it's an abstract base class with minimal functionality. It does not have a large number of incoming or outgoing dependencies with other abstractions, which is the key indicator of Hub-like Modularization. The class serves a single, focused purpose as a base implementation for naming strategies and does not act as a central hub connecting many different modules or components."
,,1,"The class ByteBuddyAgent has numerous incoming and outgoing dependencies. It interacts with various components such as Instrumentation, AttachmentProvider, ProcessProvider, AgentProvider, and AttachmentTypeEvaluator. It also handles complex operations like attaching agents, installing agents, and managing external attachments, which involve multiple classes and interfaces. This high degree of interconnectedness indicates Hub-like Modularization."
,,1,"['The VirtualMachine interface defines a large number of methods (12 public methods) that serve as integration points for various functionalities, making it a central abstraction.', 'It has multiple nested classes (ForHotSpot, ForOpenJ9, AbstractBase) and interfaces (Connection and its nested types, Dispatcher and its nested types) that create a complex dependency structure.', 'The nested classes and interfaces have numerous dependencies among themselves and with external libraries (JNA, Windows APIs, POSIX APIs), indicating both high incoming and outgoing dependencies.', 'The class serves as a hub for different platform-specific implementations (Windows, POSIX, Solaris, OpenJ9), consolidating various attachment mechanisms under one abstraction.', 'It imports and utilizes a wide range of external classes and packages (com.sun.jna.*, java.io.*, java.net.*, java.nio.*, java.util.*, java.security.*, edu.umd.cs.findbugs.annotations.*, net.bytebuddy.agent.utility.nullability.*)']"
,,1,"The class has numerous dependencies both incoming and outgoing. It imports and utilizes classes from various packages including net.bytebuddy.agent.builder, net.bytebuddy.description.type, net.bytebuddy.dynamic.loading, net.bytebuddy.dynamic.scaffold, net.bytebuddy.dynamic.scaffold.subclass, net.bytebuddy.implementation, net.bytebuddy.implementation.bytecode.assign, net.bytebuddy.utility, and java.lang.instrument. Additionally, it interacts with many other classes such as ByteBuddy, ClassLoadingStrategy, TypeValidation, ConstructorStrategy, MethodCall, Assigner, JavaModule, JavaType, and others. This high number of dependencies indicates Hub-like Modularization."
,,1,"['The class has a large number of imports from various packages including android.os, com.android.dx, dalvik.system, edu.umd.cs.findbugs.annotations, net.bytebuddy, java.io, java.lang.reflect, java.util, java.util.jar, and java.util.logging indicating high outgoing dependencies.', 'It defines multiple nested interfaces and classes (FileProcessor, DexProcessor, Wrapping, Injecting) that increase its structural complexity and internal coupling.', 'The class directly interacts with low-level Android APIs such as DexClassLoader, BaseDexClassLoader, and Dalvik system components, creating tight coupling with Android-specific abstractions.', 'It manages complex workflows involving file I/O operations, reflection usage for method invocations, and dynamic class loading mechanisms which increases its responsibility scope.', ""The static initialization block resolves platform-specific dispatchers through reflection, adding to the class's complexity and dependency on runtime environment specifics.""]"
,,1,"['The class has multiple dependencies on external libraries and Android-specific classes such as `dalvik.system.DexFile`, `dalvik.system.BaseDexClassLoader`, `com.android.dx.*`, and `android.os.Build`.', 'It interacts with numerous Java reflection APIs including `Method`, `Constructor`, `Field`, and `Class`.', ""The class implements complex logic for loading and injecting classes into Android's runtime environment, requiring integration with various Android SDK components."", 'It uses multiple internal nested classes and interfaces (`Dispatcher`, `DexProcessor`, `FileProcessor`) that increase its connectivity to other abstractions within the codebase.', 'The class handles file I/O operations, jar processing, and dynamic class loading which involves interactions with `java.io.*`, `java.util.*`, and `java.nio.file.*` APIs.']"
,,0,The class has a limited number of dependencies and does not act as a hub connecting to many other abstractions. It primarily interacts with core Android classes like DexClassLoader and standard Java utilities. The class serves a specific purpose of wrapping class loading functionality without creating a central dependency hub.
,,0,"The class AsmVisitorWrapper.Entry has limited dependencies. It implements ElementMatcher and FieldVisitorWrapper, uses ElementMatcher for matching fields, and interacts with FieldDescription and FieldVisitor. It does not show a large number of both incoming and outgoing dependencies that would indicate hub-like modularization. The class is focused on its specific responsibility of wrapping field visitors based on matching criteria."
,,1,"['The class has a large number of dependencies both in terms of incoming and outgoing relationships.', 'It imports numerous classes from different packages including net.bytebuddy.description.*, net.bytebuddy.dynamic.*, net.bytebuddy.implementation.*, net.bytebuddy.matcher.*, net.bytebuddy.pool.*, net.bytebuddy.utility.*, and org.objectweb.asm.*', 'The class contains multiple nested classes (WithoutSpecification and its inner classes, TypePoolResolver and its implementations, Target and its implementations, Substitution and its implementations, Replacement and its implementations) which increases its complexity and dependency footprint.', 'It has complex interactions with various abstractions through its extensive use of generics, method chaining, and factory patterns.', 'The class serves as a central hub for member substitution functionality, coordinating between different components like TypePool, MethodGraph, Implementation.Context, and ASM visitors.']"
,,0,"The analyzed class is MemberSubstitution, not MemberSubstitution.Write. The MemberSubstitution class is large and complex, but it follows a modular design pattern with nested classes and interfaces that each have specific responsibilities. The class does not exhibit hub-like modularization as it has a clear hierarchical structure with well-defined interfaces and responsibilities distributed across multiple nested classes and interfaces."
,,1,"['The class has dependencies on numerous other classes through imports and usage, including but not limited to: `net.bytebuddy.description.field.FieldDescription`, `net.bytebuddy.description.method.MethodList`, `net.bytebuddy.description.type.TypeDescription`, `net.bytebuddy.implementation.Implementation`, `net.bytebuddy.matcher.ElementMatcher`, `net.bytebuddy.pool.TypePool`, `org.objectweb.asm.*` (multiple classes), indicating extensive incoming and outgoing dependencies.', 'It interacts with various subsystems of the ByteBuddy library, such as type descriptions, field and method lists, implementation contexts, and ASM utilities, showing broad connectivity across modules.', 'The class contains multiple inner classes (`TypeReferenceAnnotationVisitor`, `TypeReferenceFieldVisitor`, `TypeReferenceMethodVisitor`) that also contribute to its wide range of interactions and dependencies.']"
,,0,"The class TypeReferenceMethodVisitor has limited responsibilities focused on visiting method-related bytecode instructions and collecting type references. Its dependencies are constrained to core ASM types (e.g., MethodVisitor, AnnotationVisitor, Type, Handle, ConstantDynamic) and internal utility methods for resolving type information. It does not exhibit a large number of incoming or outgoing dependencies with other abstractions, nor does it act as a central hub coordinating multiple modules or subsystems."
,,1,"The class has numerous dependencies on external JMH framework classes (InfraControl, ThreadParams, BenchmarkTaskResult, RawResults, Blackhole, etc.) and also depends on ClassByExtensionBenchmark_jmhType for the benchmark execution. Additionally, it is responsible for coordinating and managing the entire benchmark execution lifecycle, handling different benchmark modes (Throughput, AverageTime, SampleTime, SingleShotTime), which makes it a central hub connecting multiple abstractions and frameworks together."
,,1,"The class has a large number of dependencies both incoming and outgoing. It imports and uses many classes from the org.openjdk.jmh library (e.g., InfraControl, ThreadParams, BenchmarkTaskResult, RawResults, Blackhole, Control, BenchmarkParams, IterationParams), indicating high outgoing dependencies. It also interacts with ClassByExtensionBenchmark_jmhType, showing a direct relationship. The class implements multiple benchmark methods (Throughput, AverageTime, SampleTime, SingleShotTime) which increases its interaction surface with the JMH framework, contributing to hub-like characteristics."
,,1,"The class has numerous dependencies on external JMH framework classes such as InfraControl, ThreadParams, BenchmarkTaskResult, RawResults, Blackhole, and various annotations and result types. It also directly interacts with ClassByImplementationBenchmark_jmhType for benchmark execution, showing both incoming (uses) and outgoing (used by) relationships with many abstractions."
,,1,"The class has a large number of dependencies both incoming and outgoing. It imports and uses many JMH (Java Microbenchmark Harness) classes such as InfraControl, ThreadParams, BenchmarkTaskResult, RawResults, Blackhole, Control, BenchmarkParams, IterationParams, and various Result classes. Additionally, it interacts with ClassByImplementationBenchmark_jmhType through multiple methods, showing high coupling. The class also contains numerous fields related to benchmarking infrastructure and padding, indicating it serves as a central hub coordinating benchmark execution, setup, and result aggregation."
,,1,"The class has a large number of dependencies both incoming and outgoing. It imports and uses many classes from the org.openjdk.jmh library (e.g., BenchmarkTaskResult, InfraControl, Blackhole, etc.), several Java util and concurrent classes (e.g., List, AtomicInteger, ArrayList), and also depends on ClassByImplementationBenchmark_jmhType. Additionally, it contains multiple methods that are tightly coupled with these dependencies, indicating hub-like modularization."
,,0,The class AndroidDescriptor.Trivial is a simple enum implementation of the AndroidDescriptor interface with minimal dependencies. It only depends on TypeScope (defined within the same file) and TypeDescription (imported from net.bytebuddy.description.type). It has no incoming dependencies from other classes and only provides a basic implementation of the getTypeScope method. The class does not exhibit hub-like behavior as it does not have numerous incoming or outgoing dependencies with other abstractions.
,,1,"The class HashCodeAndEqualsPlugin exhibits Hub-like Modularization due to its extensive dependencies on numerous other abstractions. It directly interacts with multiple classes and interfaces such as Plugin, MethodAttributeAppender, ElementMatcher, TypeDescription, DynamicType, HashCodeMethod, EqualsMethod, and various ASM classes like MethodVisitor and AnnotationVisitor. Additionally, it defines several nested classes (WithNonNullableFields), enums (Enhance.InvokeSuper, ValueHandling.Sort, AnnotationOrderComparator), and static fields referencing MethodDescription.InDefinedShape. These factors indicate a high number of both incoming and outgoing dependencies, fulfilling the criteria for Hub-like Modularization."
,,0,"The analyzed class is Plugin.CompoundIterator which is a simple iterator implementation that combines multiple iterables. It has minimal dependencies - it only depends on java.util.Iterator, java.util.Queue, java.util.NoSuchElementException, and net.bytebuddy.utility.QueueFactory. It does not have many incoming or outgoing dependencies with other abstractions, so it does not exhibit Hub-like Modularization."
,,1,"The class 'net.bytebuddy.build.Plugin$Engine$Default' has extensive dependencies both incoming and outgoing. It interacts with numerous other abstractions including 'ByteBuddy', 'TypeStrategy', 'PoolStrategy', 'ClassFileLocator', 'Listener', 'ErrorHandler', 'Dispatcher', and various components within the 'Plugin' ecosystem. It also manages complex workflows involving 'Source', 'Target', 'Summary', and handles plugin application logic, making it a central hub for coordination and control within the Byte Buddy build plugin framework."
,,0,"The analyzed class Plugin.ForRetainedElement is an interface that defines a contract for plugins that can retain elements during transformation. It does not contain implementation code that would indicate hub-like dependencies. The interface defines methods for applying plugins and handling preprocessing but does not itself depend on or interact with a large number of other abstractions directly. The complexity and dependencies arise from its usage within the Plugin.Engine framework, but the interface itself is not hub-like in its modularization."
,,0,"The class RenamingPlugin has a moderate number of dependencies, including imports from net.bytebuddy.asm, net.bytebuddy.description, net.bytebuddy.dynamic, net.bytebuddy.implementation, net.bytebuddy.matcher, net.bytebuddy.pool, and net.bytebuddy.utility. However, these dependencies are cohesive and related to its core responsibility of renaming types during bytecode manipulation. It does not exhibit an excessive number of incoming or outgoing dependencies that would classify it as hub-like modularization. The class encapsulates renaming logic effectively and maintains a clear separation of concerns with inner classes like RenamingRemapper and Renaming implementations."
,,0,"The class RenamingPlugin has a limited set of dependencies. It primarily interacts with ASM classes (ClassVisitor, ClassRemapper, Remapper), Byte Buddy core classes (AsmVisitorWrapper, TypeDescription, DynamicType, Implementation, ElementMatcher, TypePool, ClassFileLocator), and Java standard library classes (Pattern, Matcher, Map, List). It does not exhibit a large number of dependencies with other abstractions in the codebase, nor does it appear to be a central hub connecting many different modules or components. The class has a focused responsibility of renaming types based on provided rules and integrates with the plugin system through the Plugin interface, which is a reasonable modularization for its functionality."
,,0,"The class ByteBuddyTransformationConfiguration has a limited number of dependencies. It depends on core types such as Project, Configuration, Provider, FileCollection, and ByteBuddyInstrumentationParameters, which are necessary for its function of configuring Byte Buddy instrumentation parameters. It does not exhibit a large number of incoming or outgoing dependencies that would characterize Hub-like Modularization."
,,1,"The class ByteBuddyAndroidPlugin has extensive dependencies both incoming and outgoing. It interacts with numerous Android Gradle Plugin APIs (e.g., AndroidComponentsExtension, Variant, Artifacts, InstrumentationScope), Gradle core types (Project, Configuration, TaskProvider), and custom ByteBuddy types. It also defines multiple inner classes (VariantAction, RuntimeClassPathResolver, ByteBuddyTransformationConfiguration, etc.) that further increase its connectivity within the module and across abstraction layers. This high number of dependencies indicates a central, hub-like role in the module's architecture."
,,1,"The class ByteBuddyAndroidPlugin exhibits Hub-like Modularization due to its extensive dependencies and interactions with numerous other abstractions. It directly imports and utilizes a wide range of classes from the Android Gradle Plugin API (e.g., AndroidComponentsExtension, Variant, Artifacts, InstrumentationScope), Gradle's core API (e.g., Project, Configuration, TaskProvider, Attribute), and ByteBuddy's API (e.g., ByteBuddyAndroidService, Plugin). Furthermore, it defines multiple inner classes (VariantAction, RuntimeClassPathResolver, ByteBuddyTransformationConfiguration, etc.) that also interact with many external types, centralizing complex logic and creating a hub of dependencies. This central role and high number of incoming and outgoing connections confirm the presence of the Hub-like Modularization smell."
,,1,"['The class has a large number of incoming dependencies through its usage of multiple external libraries and frameworks including Gradle API, Android build tools, ByteBuddy core, ASM, and Java reflection APIs.', 'It manages and coordinates interactions between multiple complex components such as ClassFileLocator, TypePool, Plugin engines, ByteBuddy instances, and Android descriptors.', 'The class has extensive outgoing dependencies through direct usage of numerous external types: BaseExtension, ByteBuddy, ClassFileVersion, ClassVisitorFactory, AndroidDescriptor, BuildLogger, EntryPoint, Plugin, TypeDescription, ClassFileLocator, DynamicType, MethodNameTransformer, TypePool, URLClassLoader, and various Gradle and ASM types.', 'It acts as a central coordinator handling initialization, matching, application, and cleanup of multiple subsystems making it a hub for dependency orchestration.', 'The State inner class further indicates hub-like behavior by aggregating and managing multiple complex dependencies including plugins, type strategies, class loaders, and file locators.']"
,,1,"The class ByteBuddyLocalClassesEnhancerTask has dependencies (both incoming and outgoing) with a large number of other abstractions. It interacts with multiple classes from different packages such as com.android.build.gradle, net.bytebuddy, org.gradle.api, and java.util, indicating a high number of dependencies. This class serves as a central point for instrumentation tasks in the Android build process, coordinating between various components like Plugin, ClassFileLocator, AndroidDescriptor, and Gradle's task system, thus acting as a hub."
,,1,"['The class has incoming dependencies from multiple classes in different packages such as `net.bytebuddy.build.gradle.android.ByteBuddyAndroidPlugin`, `net.bytebuddy.build.gradle.android.ByteBuddyAndroidPlugin.ForLegacyAndroid`, and `net.bytebuddy.build.gradle.android.ByteBuddyAndroidPlugin.TransformationDispatcher`.', 'The class has outgoing dependencies to numerous classes across different packages including `com.android.build.gradle.BaseExtension`, `net.bytebuddy.ByteBuddy`, `net.bytebuddy.ClassFileVersion`, `net.bytebuddy.build.AndroidDescriptor`, `net.bytebuddy.build.BuildLogger`, `net.bytebuddy.build.EntryPoint`, `net.bytebuddy.build.Plugin`, `net.bytebuddy.dynamic.ClassFileLocator`, `net.bytebuddy.dynamic.scaffold.inline.MethodNameTransformer`, `org.gradle.api.Action`, `org.gradle.api.DefaultTask`, `org.gradle.api.GradleException`, `org.gradle.api.JavaVersion`, `org.gradle.api.file.ConfigurableFileCollection`, `org.gradle.api.file.Directory`, `org.gradle.api.file.DirectoryProperty`, `org.gradle.api.file.FileCollection`, `org.gradle.api.logging.Logger`, `org.gradle.api.provider.ListProperty`, `org.gradle.api.provider.Property`, `org.gradle.api.tasks.Input`, `org.gradle.api.tasks.InputFiles`, `org.gradle.api.tasks.OutputDirectory`, `org.gradle.api.tasks.TaskAction`.', 'The class interacts with a large number of abstractions both in terms of receiving dependencies from and providing dependencies to other classes, indicating hub-like modularization.']"
,,1,"The class ByteBuddyMojo has a large number of dependencies (both incoming and outgoing) with other abstractions. It directly depends on numerous classes from different packages such as org.apache.maven, org.eclipse.aether, net.bytebuddy, and others. Additionally, it contains multiple nested classes (ForLifecycleTypes, ForExplicitLocations, ForDependencyFolder, etc.) that extend or are tightly coupled with the main class, increasing its complexity and dependency footprint. The class also manages various Maven lifecycle phases and interacts with multiple Maven components like RepositorySystem, MavenProject, MojoExecution, etc., making it a central hub for dependencies within the module."
,,1,"The class ByteBuddyMojo has numerous dependencies both incoming and outgoing. It imports and utilizes many classes from different packages including Maven plugins, ByteBuddy library, Eclipse Aether, Plexus utilities, and Java standard libraries. Additionally, it has multiple inner classes and is extended by several subclasses, indicating a central role in the module structure with high connectivity to other abstractions."
,,0,"The class FieldDescription.ForLoadedField has a limited number of dependencies. It primarily depends on java.lang.reflect.Field and net.bytebuddy.description.type.TypeDescription for its core functionality. It does not exhibit a large number of incoming or outgoing dependencies with other abstractions, which would be characteristic of Hub-like Modularization. The class serves a specific purpose of describing loaded fields and does not act as a central hub connecting to numerous other modules or abstractions."
,,1,"[""The class 'ParameterList' is an interface that defines a core abstraction for handling method and constructor parameters, with multiple nested classes implementing different aspects of parameter handling."", 'It has numerous incoming dependencies as it is a central abstraction used throughout the codebase for representing parameter lists in various contexts (loaded executables, explicit descriptions, tokens, etc.).', ""It has many outgoing dependencies to other core abstractions such as 'ParameterDescription', 'TypeList', 'TypeDescription', 'MethodDescription', 'AnnotationList', 'ByteCodeElement', and various utility classes like 'JavaDispatcher', 'AccessControllerPlugin', etc."", ""The class contains multiple nested classes ('AbstractBase', 'ForLoadedExecutable', 'Explicit', 'ForTokens', 'TypeSubstituting', 'Empty') which increases its complexity and dependency surface."", 'Its role as a hub is evident from its extensive use of other major components in the library and its responsibility for coordinating different aspects of parameter representation and transformation.']"
,,0,"The class has minimal dependencies and does not act as a hub for other abstractions. It primarily depends on MethodDescription, ParameterDescription, and TypeDescription.Generic.Visitor, but does not centralize a large number of dependencies or serve as a central coordinator for multiple unrelated components."
,,0,MethodStrictness is a simple enum with minimal dependencies. It implements two interfaces (ForMethod and ForType) but does not have numerous incoming or outgoing dependencies. It only interacts with Opcodes from ASM library and does not serve as a hub connecting to many other abstractions. The class has a very limited scope - it only deals with strictfp modifier handling.
,,1,"['The class has incoming dependencies from multiple other classes, including net.bytebuddy.utility.dispatcher.JavaDispatcher (via RecordComponent interface usage).', 'The class has outgoing dependencies to numerous other classes such as net.bytebuddy.description.method.MethodDescription, net.bytebuddy.description.annotation.AnnotationList, net.bytebuddy.description.type.TypeDescription, java.lang.reflect.*, and org.objectweb.asm.* classes.', 'It implements multiple interfaces (DeclaredByType.WithMandatoryDeclaration, NamedElement.WithDescriptor, AnnotationSource, ByteCodeElement.TypeDependant) which increases its connectivity.', 'The class contains several nested classes (ForLoadedRecordComponent, Latent, TypeSubstituting, Token) that also contribute to its high number of dependencies.', 'It uses Java reflection APIs extensively through the RecordComponent interface which is dispatched via JavaDispatcher.', 'The class interacts with ASM library for signature generation and type handling.', 'It has complex relationships with type descriptions and generic type handling through TypeDescription.Generic and its visitor patterns.']"
,,0,"The class TypeDescription.ForLoadedExecutableParameterType is not defined in the provided code. The provided code only shows the interface TypeDescription and its nested classes/interfaces, but not the specific class ForLoadedExecutableParameterType. Therefore, it cannot be determined if this class exhibits Hub-like Modularization."
,,0,"LazyInterfaceList is a small, focused class that only handles lazy loading of interface types for a TypeDescription. It doesn't have numerous dependencies or act as a central hub connecting many different modules. It's a specific implementation detail within the type description system, not a hub-like component."
,,1,"The class 'TypeDescription' has a large number of dependencies both incoming and outgoing. It imports and uses many other classes from the same package and from Java reflection API. It also defines multiple nested classes and interfaces which increases its complexity and dependency. The class serves as a core abstraction for type descriptions in the library, leading to high coupling with other abstractions."
,,1,"[""The class 'TypeDescription' has a large number of dependencies both in terms of incoming and outgoing relationships."", 'It imports and uses numerous classes from various packages including java.lang.reflect, org.objectweb.asm, and multiple internal packages like net.bytebuddy.description.*', 'The class itself is an interface with extensive documentation and numerous nested classes and interfaces, indicating high complexity and wide usage.', 'It defines a central abstraction for type descriptions in the ByteBuddy library, which is likely to be used by many other classes and modules.', 'The presence of multiple nested interfaces and classes (Generic, Visitor, LazyProxy, etc.) suggests that this class serves as a hub for type-related operations.', 'The class has dependencies on reflection APIs, ASM library for bytecode manipulation, and various utility classes, making it a central point of integration.']"
,,0,"The TypeVariableSubstitutor class does not exhibit hub-like modularization. It has a focused responsibility for substituting type variables and does not have excessive dependencies (either incoming or outgoing) with a large number of other abstractions. Its dependencies are limited to core type description classes and generic type handling within the same package, which is appropriate for its role in type variable substitution."
,,0,"The class TypeList.Explicit has a limited number of dependencies. It primarily interacts with TypeDescription and JavaConstant, and does not exhibit a high number of incoming or outgoing dependencies that would classify it as a hub-like modularization. The class serves a specific purpose of wrapping explicit lists of types and provides a factory method for creating instances from Java constants. It does not act as a central hub connecting to a large number of other abstractions."
,,0,"The class ForDetachedTypes has a limited and focused set of dependencies. It primarily interacts with TypeDescription.Generic, TypeDescription.Generic.Visitor, and related classes for type detachment and attachment operations. It does not exhibit a large number of incoming or outgoing dependencies with diverse abstractions, which would be characteristic of Hub-like Modularization. Its role is specific to handling detached types within the type system, and it does not act as a central hub connecting numerous unrelated components."
,,0,"The Compound class has a single responsibility of chaining several ClassFileLocator instances and querying them in order until one can provide a class file. It does not exhibit hub-like modularization as it doesn't have dependencies with a large number of other abstractions. Its purpose is narrowly focused on composition of locators, and it only interacts directly with the ClassFileLocator interface and its implementations through the standard list and iteration patterns. The class doesn't show excessive incoming or outgoing dependencies that would characterize hub-like modularization."
,,1,"['The ClassFileLocator interface defines a core abstraction with numerous implementations, each handling different sources of class files (e.g., ForClassLoader, ForJarFile, ForModule, ForFolder, ForUrl, ForInstrumentation).', 'It has both incoming dependencies (used by other classes like HashCodeAndEqualsPlugin) and outgoing dependencies (depends on various Java I/O, reflection, and ByteBuddy utility classes).', ""The interface and its implementations are central to the ByteBuddy library's functionality for locating and loading class files, making it a hub for class loading and transformation operations."", 'Multiple other classes depend on ClassFileLocator for their functionality, and it in turn depends on a wide range of other abstractions (e.g., JavaModule, ClassFileVersion, StreamDrainer, etc.).']"
,,0,"The analyzed class is an interface (DynamicType) and its nested interface (FieldDefinitionAdapter). Interfaces do not exhibit hub-like modularization as they merely define contracts without dependencies. The smell Hub-like Modularization refers to abstractions with many incoming and outgoing dependencies, which does not apply to interfaces."
,,0,"The analyzed class is an interface which cannot have dependencies in the traditional sense. Hub-like Modularization refers to classes with many incoming and outgoing dependencies, but interfaces do not exhibit this characteristic as they define contracts rather than implementations with dependencies."
,,1,"[""The class 'DynamicType' is an interface that defines a large number of methods covering various aspects of dynamic type creation and manipulation, including type definitions, bytecode generation, auxiliary type management, class loading, and I/O operations."", ""It has numerous dependencies both incoming (many classes implement or use this interface) and outgoing (it references many other classes and interfaces from different packages like 'net.bytebuddy.description', 'net.bytebuddy.implementation', 'net.bytebuddy.matcher', etc.)."", 'The interface contains multiple nested interfaces (Builder, Unloaded, Loaded) and static classes which increase its complexity and interconnections.', 'Its central role in the ByteBuddy library as a core abstraction for dynamic type creation makes it a hub for dependencies, satisfying the criteria for Hub-like Modularization.']"
,,1,"The TypeResolutionStrategy interface acts as a hub with multiple implementations (Passive, Active, Lazy, Disabled) and its nested Resolved interface, creating numerous dependencies. It connects to various other abstractions like DynamicType, ClassLoadingStrategy, LoadedTypeInitializer, TypeInitializer, NexusAccessor, and Map implementations. The interface and its implementations have both incoming dependencies (being used by other classes) and outgoing dependencies (using multiple other classes and interfaces), making it a central point that many other abstractions depend on and that depends on many other abstractions."
,,1,"['The class has a large number of dependencies, including imports from various packages such as java.io, java.lang.reflect, java.net, java.security, java.util, edu.umd.cs.findbugs.annotations, net.bytebuddy, net.bytebuddy.build, net.bytebuddy.description.type, net.bytebuddy.utility, and org.objectweb.asm.', 'It contains multiple inner classes (SynchronizationStrategy, ClassDefinitionAction, PackageLookupStrategy, PersistenceHandler, ChildFirst, EmptyEnumeration, SingletonEnumeration) which increase its complexity and dependency footprint.', 'The class implements several interfaces and uses various utility classes, indicating a high degree of connectivity with other abstractions.', 'It has numerous methods with varying responsibilities, including class loading, resource handling, package definition, and synchronization strategy management.', 'The class interacts with system-level functionalities such as class loading, security management, and reflection, making it a central point for many operations.']"
,,1,"['The class imports and uses a large number of other abstractions from various packages including java.io, java.lang, java.net, java.security, java.util, edu.umd.cs.findbugs.annotations, net.bytebuddy.build, net.bytebuddy.description.type, net.bytebuddy.utility, and others.', 'It has extensive dependencies through its fields and methods on classes like ClassLoader, ProtectionDomain, PackageDefinitionStrategy, PersistenceHandler, ClassFilePostProcessor, ConcurrentMap, and various utility classes.', 'The class contains multiple nested classes (SynchronizationStrategy, PackageLookupStrategy, PersistenceHandler, ChildFirst, etc.) that themselves have complex dependencies and interactions with other abstractions.', 'It implements complex class loading logic that requires coordination with multiple Java platform APIs and ByteBuddy-specific abstractions, creating a hub of dependencies both incoming (from users of the class) and outgoing (to various system and library classes).', 'The class serves as a central point for class loading operations, managing relationships between type definitions, class loaders, protection domains, package definitions, and persistence strategies.']"
,,0,"The class ForClassFileTransformer has a limited number of dependencies. It depends on java.lang.instrument.ClassFileTransformer for delegation, uses net.bytebuddy.build.HashCodeAndEqualsPlugin for enhancement annotation, and references some utility classes from net.bytebuddy.utility.nullability. It does not exhibit a large number of incoming or outgoing dependencies that would indicate hub-like modularization."
,,1,"The ClassInjector interface and its nested classes exhibit Hub-like Modularization. It has extensive dependencies both incoming and outgoing. The class depends on numerous other classes and packages (e.g., com.sun.jna, java.lang.instrument, java.lang.reflect, java.security, java.util, java.util.jar, java.util.zip, net.bytebuddy, org.objectweb.asm) for its various injection mechanisms (Reflection, Unsafe, JNA, Instrumentation, Lookup). Additionally, it is depended upon by other parts of the system for class loading functionalities. The class itself contains multiple nested classes (UsingReflection, UsingLookup, UsingUnsafe, UsingInstrumentation, UsingJna) each handling different injection strategies, making it a central hub for class injection operations."
,,1,"The ClassInjector interface and its nested classes have extensive dependencies both incoming and outgoing. It imports and utilizes a large number of other abstractions including com.sun.jna.*, net.bytebuddy.*, java.lang.instrument.Instrumentation, java.lang.reflect.*, java.security.*, java.util.*, java.io.*, java.net.URL, and others. Additionally, it defines multiple nested classes (UsingReflection, UsingLookup, UsingUnsafe, UsingInstrumentation, UsingJna) each with their own complex dependency structures, making the overall modularization hub-like due to the central role and high connectivity of this class in the loading and injection architecture."
,,1,"The class 'ClassInjector.UsingInstrumentation' exhibits Hub-like Modularization due to its extensive dependencies on numerous other classes and packages. It imports and interacts with a wide variety of types including com.sun.jna.*, java.lang.instrument.*, net.bytebuddy.*, java.io.*, java.lang.reflect.*, java.net.*, java.security.*, java.util.*, java.util.jar.*, and java.util.zip.*. Furthermore, it utilizes complex internal structures such as nested classes (e.g., Dispatcher, Target, Factory) and interacts with multiple external libraries (like JNA) and system APIs (like Instrumentation, Unsafe). This high number of both incoming and outgoing dependencies across different modules indicates a central, highly-connected role within the application architecture, which is characteristic of Hub-like Modularization."
,,1,"The ClassInjector interface and its nested classes exhibit Hub-like Modularization. It has extensive dependencies both incoming and outgoing. The class directly depends on numerous other classes (e.g., com.sun.jna.*, net.bytebuddy.*, java.lang.*, java.lang.reflect.*, java.security.*, java.util.*, java.io.*, java.net.*, java.lang.instrument.*, org.objectweb.asm.*, edu.umd.cs.findbugs.annotations.*). Additionally, it contains multiple nested classes (UsingReflection, UsingLookup, UsingUnsafe, UsingInstrumentation, UsingJna) each with their own complex dependency structures, creating a central hub for class injection functionality that interacts with various parts of the system, security mechanisms, and external libraries like JNA. This centralization of dependencies for class injection functionality creates a hub-like structure."
,,0,"The class ForBootstrapInjection has a limited number of dependencies. It directly depends on Instrumentation and File from the Java standard library, and it uses ClassInjector internally, but it does not have a large number of incoming or outgoing dependencies. It serves a specific purpose of injecting classes into the bootstrap class loader using instrumentation, and its interface is relatively narrow, thus it does not qualify as a hub-like modularization."
,,1,"The InjectionDispatcher class exhibits Hub-like Modularization due to its extensive dependencies and central role in class loading strategies. It directly interacts with multiple core classes including ClassInjector.UsingReflection, PackageDefinitionStrategy, and ProtectionDomain, while also being referenced by the Default enum which serves as a central configuration point. The class acts as a hub that coordinates between different class loading mechanisms (reflection, unsafe, JNA) and package definition strategies, creating a high number of both incoming and outgoing dependencies that centralize around this abstraction."
,,1,"['The class has a large number of incoming dependencies, as evidenced by multiple static factory methods (e.g., `of`, `fromInstalledAgent`) that create instances and are likely called from various parts of the system.', 'It has numerous outgoing dependencies to other abstractions including `Instrumentation`, `Strategy`, `BootstrapInjection`, `TypeDescription`, `ClassFileLocator`, `JavaModule`, `JavaDispatcher`, and various utility classes.', ""The class interacts with many different components of the ByteBuddy library and Java's instrumentation API, acting as a central coordination point for class reloading functionality."", 'It contains multiple nested classes (`Strategy`, `BootstrapInjection`) and interfaces (`Dispatcher`) that further increase its connectivity within the module.', 'The class handles complex logic for class loading, transformation, and injection, making it a hub for coordinating between different subsystems.']"
,,0,"The class MultipleParentClassLoader does not exhibit Hub-like Modularization. It has a focused responsibility of managing multiple parent class loaders and delegating class loading operations. Its dependencies are limited to standard Java class loading mechanisms and internal utilities (e.g., ClassLoadingStrategy, InjectionClassLoader). It does not have excessive incoming or outgoing dependencies with a large number of other abstractions. The class interacts primarily with java.lang.ClassLoader and related types, which is expected for its role. The CompoundEnumeration and Builder inner classes also maintain cohesive responsibilities without creating a hub-like dependency structure."
,,1,"The class InstrumentedType.WithFlexibleName exhibits Hub-like Modularization due to its extensive dependencies on numerous other classes and interfaces within the ByteBuddy framework. It interacts with core type representation classes such as TypeDescription, FieldDescription, MethodDescription, RecordComponentDescription, and their respective tokens and lists (e.g., TypeList, FieldList, MethodList, RecordComponentList). Additionally, it integrates with module and package descriptions (ModuleDescription, PackageDescription), annotation handling (AnnotationDescription, AnnotationList), type initializers (TypeInitializer, LoadedTypeInitializer), and bytecode manipulation components (ByteCodeAppender). The interface also depends on utility classes like ElementMatcher, Transformer, and various visitor patterns (Generic.Visitor.Substitutor, Generic.Visitor.ForDetachment), demonstrating a high degree of incoming and outgoing dependencies which centralizes changes and increases coupling."
,,1,"['The class has extensive dependencies on multiple other classes and interfaces within the same package and across different packages, including MethodDescription, TypeDescription, Visibility, ElementMatcher, and various nested classes and enums.', 'It implements complex logic involving multiple generic types, harmonizers, mergers, and key stores, indicating a high degree of coupling with other components.', 'The class interacts with numerous inner classes such as Harmonizer, Merger, Key, Entry, and their respective implementations, increasing its connectivity within the system.', 'It uses various utility classes and visitors like TypeDescription.Generic.Visitor, demonstrating wide-ranging interactions with type manipulation functionalities.']"
,,1,"The TypeWriter interface and its nested classes exhibit Hub-like Modularization. It has numerous dependencies both incoming (from many classes in the net.bytebuddy.dynamic.scaffold package and related packages like implementation, description, etc.) and outgoing (to a large number of classes across different packages like asm, utility, pool, etc.). The class itself defines multiple nested interfaces (FieldPool, MethodPool, RecordComponentPool) and classes (Default and its nested classes like ForInlining, ForCreation, etc.), each interacting with various other parts of the system. This central role in managing type creation and manipulation, along with its extensive use of other abstractions (ASM visitors, ByteBuddy descriptions, implementation contexts, etc.) and being used by many other classes, confirms it as a hub with high fan-in and fan-out."
,,1,"The TypeWriter interface and its nested classes exhibit Hub-like Modularization. It has extensive dependencies both incoming and outgoing: it depends on numerous other abstractions within the Byte Buddy library (e.g., TypeDescription, MethodDescription, FieldDescription, ClassVisitor, MethodVisitor, FieldVisitor, RecordComponentVisitor, AnnotationVisitor, etc.), and many other parts of the library depend on it. It serves as a central hub for type creation and manipulation, coordinating interactions between various components like MethodPool, FieldPool, RecordComponentPool, Implementation.Context, TypeInitializer, and ASM visitors. Its Default implementation and subclasses (ForCreation, ForInlining, etc.) further increase its connectivity by integrating with almost all major concepts of the library's type creation and modification process, making it a highly connected module with high fan-in and fan-out."
,,0,"The SignatureKey class is a simple, private static nested class with only two fields (internalName and descriptor) and basic equals/hashCode methods. It does not have numerous dependencies or interactions with many other abstractions. It serves a single, focused purpose within the TypeWriter class hierarchy, acting as a key for identifying unique method or field signatures. Its usage is limited to internal operations within the TypeWriter and its nested classes, not exposing a complex API or managing extensive relationships."
,,1,"The class 'TypeWriter.WithoutBody' has a large number of dependencies both in terms of imports and internal nested classes/interfaces. It interacts with numerous other abstractions such as FieldPool, MethodPool, RecordComponentPool, and their respective Records and Entries. Additionally, it has complex relationships with other core classes like Implementation, AnnotationValueFilter, ByteCodeAppender, and various ASM types. The class also contains multiple nested classes that further increase its dependency footprint. This extensive web of incoming and outgoing dependencies classifies it as a hub-like modularization smell."
,,0,"This class has a very limited set of dependencies. It depends on ConstructorStrategy.Default (inner class), MethodAttributeAppender.Factory, and basic Java types (List, ArrayList, Collections). It does not have a large number of incoming or outgoing dependencies. The class is a simple wrapper that delegates to a delegate ConstructorStrategy and applies a MethodAttributeAppender.Factory. It does not act as a hub connecting to many other abstractions."
,,1,"The class 'FieldAccessor' has extensive dependencies both incoming and outgoing. It interacts with numerous other abstractions such as 'FieldLocator', 'Assigner', 'TypeDescription', 'MethodDescription', 'FieldDescription', 'StackManipulation', 'ByteCodeAppender', and various utility classes like 'ConstantValue', 'JavaConstant', etc. Additionally, it defines multiple nested interfaces and classes that increase its connectivity within the module, making it a central hub for field access operations. This high number of dependencies indicates the presence of Hub-like Modularization."
,,1,"The class FieldAccessor has a large number of dependencies both incoming and outgoing. It depends on multiple classes such as Assigner, FieldDescription, MethodDescription, TypeDescription, FieldLocator, InstrumentedType, ByteCodeAppender, StackManipulation, ClassConstant, DefaultValue, FieldAccess, MethodReturn, MethodVariableAccess, ConstantValue, JavaConstant, RandomString, and uses various ASM classes. Additionally, it has multiple inner classes (ForImplicitProperty, ForSetter and its subclasses, FieldLocation implementations, FieldNameExtractor implementations) that increase its complexity and dependency footprint. The class also has numerous static factory methods that create different configurations of field accessors, indicating high coupling with other parts of the system. This extensive web of dependencies classifies it as Hub-like Modularization."
,,1,"[""The class 'FixedValue' has incoming dependencies through multiple static factory methods such as 'value(Object)', 'reference(Object)', 'argument(int)', 'self()', 'nullValue()', and 'originType()'."", ""It also has outgoing dependencies to numerous other classes and components including 'ConstantValue', 'TypeDescription', 'JavaConstant', 'NullConstant', 'MethodReturn', 'Assigner', 'ByteCodeAppender', and several inner classes like 'ForNullValue', 'ForOriginType', 'ForThisValue', 'ForArgument', 'ForConstantValue', and 'ForValue'."", ""These extensive incoming and outgoing dependencies indicate that 'FixedValue' acts as a central hub connecting various parts of the system, thus exhibiting the characteristics of Hub-like Modularization.""]"
,,1,"['The class has incoming dependencies from multiple classes in different packages, including net.bytebuddy.build.HashCodeAndEqualsPlugin, net.bytebuddy.description.type.TypeDescription, and net.bytebuddy.implementation.bytecode.assign.Assigner.', 'The class has outgoing dependencies to numerous classes across different packages, including org.objectweb.asm.MethodVisitor, net.bytebuddy.implementation.bytecode.StackManipulation, net.bytebuddy.description.method.MethodDescription, and net.bytebuddy.dynamic.scaffold.InstrumentedType.', 'The class acts as a central point for fixed value implementations, with multiple inner classes (ForOriginType, ForThisValue, ForArgument, ForConstantValue, ForValue) that handle different types of fixed value assignments.', 'The class contains multiple factory methods (value, reference, argument, self, nullValue, originType) that are likely to be used by various other classes, creating a hub-like dependency pattern.', 'The class implements the Implementation interface and interacts with various bytecode manipulation classes, making it a central component in the bytecode generation process.']"
,,0,"The class HashCodeMethod.UsingJump has a limited and focused set of dependencies. It primarily interacts with classes within the same package (net.bytebuddy.implementation.bytecode) and a few specific classes from other packages (net.bytebuddy.description.method.MethodDescription, net.bytebuddy.implementation.bytecode.StackManipulation, org.objectweb.asm.Label). It does not exhibit a large number of incoming or outgoing dependencies with diverse abstractions, which would be characteristic of Hub-like Modularization. The class serves a specific purpose within the Byte Buddy library's bytecode generation framework and maintains a cohesive responsibility."
,,1,"The class 'Implementation' has a large number of dependencies both incoming and outgoing. It interacts with numerous other classes and interfaces such as 'ByteCodeAppender', 'SpecialMethodInvocation', 'Target', 'Context', 'Compound', 'Simple', etc. Additionally, it defines multiple nested interfaces and classes, each with their own set of dependencies, making it a hub-like module that centralizes interactions between various components."
,,1,"The class 'Implementation' has a large number of dependencies both incoming and outgoing. It interacts with numerous other abstractions such as 'InstrumentedType', 'ByteCodeAppender', 'SpecialMethodInvocation', 'Target', 'Context', 'AuxiliaryType', 'ClassFileVersion', and various ASM library classes. It also defines multiple nested interfaces and classes that increase its connectivity within the system, making it a hub for interactions."
,,1,"['The class has multiple dependencies on various other classes and interfaces within the same package and sub-packages (e.g., `net.bytebuddy.implementation.bytecode.*`, `net.bytebuddy.dynamic.scaffold.*`, `net.bytebuddy.description.*`, `org.objectweb.asm.*`, `java.lang.reflect.InvocationHandler`, etc.).', 'It directly interacts with numerous abstractions such as `Assigner`, `MethodVisitor`, `InstrumentedType`, `FieldDescription`, `MethodDescription`, `TypeDescription`, `StackManipulation`, `ByteCodeAppender`, `FieldLocator`, `MethodConstant`, `ArrayFactory`, `NullConstant`, `FieldAccess`, `MethodInvocation`, `MethodReturn`, `MethodVariableAccess`, `Removal`, and `RandomString`.', 'The class also defines inner interfaces (`AssignerConfigurable`, `WithoutPrivilegeConfiguration`) and nested classes (`ForInstance`, `ForField`) which increases its structural complexity and interconnectivity.', 'Its role as an adapter that integrates with `InvocationHandler` and handles bytecode manipulation through multiple dependencies indicates a central hub position in the module architecture, thus qualifying as Hub-like Modularization.']"
,,0,"The class ForNullValue is a nested class within InvokeDynamic and has a single responsibility: to provide an argument provider for null values of a specified type. It does not exhibit hub-like modularization as it has a very specific and limited set of dependencies, primarily relying on TypeDescription and StackManipulation, and does not act as a central hub connecting to a large number of other abstractions. Its dependencies are minimal and focused on its specific functionality."
,,1,"['The class has a large number of dependencies through its extensive import statements, including packages like net.bytebuddy.description.*, net.bytebuddy.dynamic.scaffold.*, net.bytebuddy.implementation.bytecode.*, and others.', 'It interacts with numerous core abstractions such as TypeDescription, MethodDescription, FieldDescription, InstrumentedType, ByteCodeAppender, StackManipulation, Assigner, and JavaConstant.', 'The class contains multiple nested classes (InvocationProvider, TerminationHandler, AbstractDelegator, WithImplicitArguments, WithImplicitTarget, WithImplicitType, Appender) that increase its complexity and dependency footprint.', 'It uses various utility classes and enums from the ByteBuddy framework such as CompoundList, ConstantValue, JavaType, RandomString, and annotation processing utilities.', 'The class implements Implementation.Composable interface and has complex interactions with bytecode generation through ASM library (org.objectweb.asm.* imports).', 'It has dependencies on Java reflection API (java.lang.reflect.*) and core Java types (java.util.*, java.lang.*).']"
,,0,"The class MethodAccessorFactory.Illegal is a minimal implementation consisting only of a singleton enum instance and methods that throw exceptions. It does not have dependencies with a large number of other abstractions, nor does it centralize functionality or act as a hub for interactions. It serves a very specific and limited role as an illegal implementation placeholder, without accumulating incoming or outgoing dependencies."
,,1,"The class 'MethodCall' has dependencies (both incoming and outgoing) with a large number of other abstractions. It interacts with numerous classes and interfaces such as 'Implementation', 'MethodLocator', 'TargetHandler', 'ArgumentLoader', 'MethodInvoker', 'TerminationHandler', 'Assigner', 'StackManipulation', 'TypeDescription', 'MethodDescription', 'FieldDescription', 'InstrumentedType', and many others. It also has multiple nested classes and interfaces, each with their own set of dependencies, contributing to its hub-like modularization."
,,1,"The class 'MethodCall' has dependencies (both incoming and outgoing) with a large number of other abstractions. It interacts with numerous classes and interfaces such as 'Implementation', 'TargetHandler', 'MethodInvoker', 'TerminationHandler', 'ArgumentLoader', 'MethodLocator', and many others through its fields, method parameters, and return types. Additionally, it contains multiple nested classes and interfaces that further increase its connectivity and dependency on other parts of the system, making it a hub-like modularization."
,,0,"The TerminationHandler enum is a nested enum within SuperMethodCall and has very limited responsibilities. It only defines two enum constants (RETURNING and DROPPING) and one abstract method 'of' that returns a StackManipulation. It does not have a large number of dependencies either incoming or outgoing to other abstractions. The class is tightly focused on handling termination behavior for super method calls, and its usage is confined within the SuperMethodCall class hierarchy. Therefore, it does not exhibit hub-like modularization."
,,1,"The class 'ForTypeAnnotations' exhibits Hub-like Modularization. It has high incoming and outgoing dependencies: it depends on multiple classes from 'net.bytebuddy.description.type' (e.g., 'TypeDescription', 'TypeList'), 'net.bytebuddy.implementation.attribute' (e.g., 'AnnotationAppender', 'AnnotationValueFilter'), and 'org.objectweb.asm' (e.g., 'TypeReference', 'TypePath'). Additionally, it is depended upon by other parts of the system (as indicated by its role in the annotation processing pipeline). Its central role in handling type annotations for various Java constructs (super class, interfaces, fields, methods, etc.) further reinforces its hub-like nature, connecting multiple abstraction layers."
,,0,"The class OnField is a simple wrapper class that implements the Target interface. It has only two methods (visit variants) which delegate to a FieldVisitor. It does not have a large number of dependencies either incoming or outgoing. It's a straightforward, minimal implementation class with a single responsibility."
,,0,"The class 'FieldAttributeAppender.Compound' has a limited number of dependencies. It implements the 'FieldAttributeAppender' interface and interacts with types like 'FieldVisitor', 'FieldDescription', 'AnnotationValueFilter', and 'ArrayList'. It does not exhibit a high number of incoming or outgoing dependencies that would classify it as hub-like modularization. Its role is clearly defined as a composite appender, combining multiple appenders, which is a standard design pattern and not indicative of the hub-like smell."
,,1,"[""The class 'Explicit' has incoming dependencies from multiple classes including 'MethodAttributeAppender', 'AnnotationAppender', and 'HashCodeAndEqualsPlugin' through its usage of annotations and factory patterns."", ""It also has outgoing dependencies to several classes such as 'Target', 'OnMethod', 'OnMethodParameter', 'Factory', and 'Compound' within the same interface, indicating a high number of both incoming and outgoing dependencies."", ""This extensive interconnectivity suggests that 'Explicit' acts as a hub in the modularization structure, thereby qualifying as an instance of Hub-like Modularization.""]"
,,1,"The class TypeProxy has dependencies with a large number of other abstractions. It directly depends on many classes and interfaces such as ByteBuddy, ClassFileVersion, TypeDescription, Implementation, MethodDescription, FieldDescription, StackManipulation, DynamicType, InstrumentedType, MethodAccessorFactory, ByteCodeAppender, and various ASM classes. Additionally, it defines several inner classes (AbstractMethodErrorThrow, SilentConstruction, ForSuperMethodByConstructor, ForSuperMethodByReflectionFactory, ForDefaultMethod, MethodCall) and interfaces (InvocationFactory) that further increase its dependency footprint. The class also interacts with reflection APIs and has complex relationships with the implementation framework through its use of special method invocations, method accessors, and auxiliary type creation. This extensive web of incoming and outgoing dependencies classifies it as hub-like modularization."
,,1,"The MethodDelegationBinder interface has extensive dependencies with numerous other abstractions in the codebase. It defines multiple nested interfaces (Record, MethodInvoker, ParameterBinding, MethodBinding, BindingResolver, AmbiguityResolver, TerminationHandler) and classes that are tightly coupled to it. It also depends on various external classes from different packages (net.bytebuddy.description.method.MethodDescription, net.bytebuddy.description.type.TypeDescription, net.bytebuddy.implementation.Implementation, net.bytebuddy.implementation.bytecode.StackManipulation, net.bytebuddy.implementation.bytecode.assign.Assigner, etc.). Additionally, it has incoming dependencies from other parts of the system that use its functionality for method delegation binding. The interface serves as a central hub coordinating method delegation binding operations, creating a high number of both incoming and outgoing dependencies."
,,1,"The class MethodDelegationBinder.ParameterBinding has dependencies (both incoming and outgoing) with a large number of other abstractions. It interacts with multiple classes and interfaces such as StackManipulation, MethodDescription, TypeDescription, Assigner, MethodVisitor, Implementation.Context, and various nested classes like Anonymous, Unique, Illegal. It also has multiple implementations and is used across different parts of the codebase, indicating a high degree of connectivity which characterizes the Hub-like Modularization smell."
,,0,"The class MethodNameEqualityResolver is a simple enum implementing AmbiguityResolver with a single method 'resolve'. It has minimal dependencies, only depending on MethodDescription and MethodDelegationBinder.MethodBinding from the same package. It does not exhibit hub-like modularization as it has a very limited and focused responsibility with few incoming and outgoing dependencies."
,,1,"The class TargetMethodAnnotationDrivenBinder has dependencies on numerous other abstractions both in terms of incoming and outgoing dependencies. It imports and uses classes from various packages including net.bytebuddy.description.annotation.AnnotationDescription, net.bytebuddy.description.field.FieldDescription, net.bytebuddy.description.method.MethodDescription, net.bytebuddy.description.method.ParameterDescription, net.bytebuddy.description.type.TypeDescription, net.bytebuddy.dynamic.scaffold.FieldLocator, net.bytebuddy.implementation.Implementation, net.bytebuddy.implementation.bind.MethodDelegationBinder, net.bytebuddy.implementation.bytecode.StackManipulation, net.bytebuddy.implementation.bytecode.assign.Assigner, net.bytebuddy.implementation.bytecode.constant.DefaultValue, net.bytebuddy.utility.ConstantValue, net.bytebuddy.utility.JavaConstant, and net.bytebuddy.utility.nullability.MaybeNull. Additionally, it defines nested interfaces and classes such as ParameterBinder and its nested classes ForFixedValue and ForFieldBinding, and also contains a DelegationProcessor with its own Handler interface and implementations. This extensive interconnectivity with multiple abstractions indicates a hub-like modularization smell."
,,0,"The ShiftRight class has minimal dependencies. It implements the StackManipulation interface and uses StackSize and Unsigned (nested enum). It does not have a large number of incoming or outgoing dependencies. The class is simple and focused, without connecting to many other abstractions."
,,1,"['The StackManipulation interface defines core types (Size, Illegal, Trivial, Compound, Simple, AbstractBase) that are directly depended upon by numerous other classes in the codebase, creating a central hub of dependencies.', 'Multiple classes outside the immediate package depend on StackManipulation and its nested types, including Implementation.Context, Implementation.Context.Default, SpecialMethodInvocation, and various ByteCodeAppender implementations.', 'The StackManipulation interface and its nested classes serve as a central abstraction point for bytecode operations, with both incoming dependencies (consumed by many classes) and outgoing dependencies (depending on MethodVisitor, Implementation.Context, and other core ASM types).', 'The interface contains multiple nested classes (Illegal, Trivial, Size, Compound, Simple, AbstractBase) that increase its complexity and centrality, making it a hub for stack manipulation related functionality.', 'The StackManipulation.Size class specifically shows hub-like characteristics by being referenced throughout the codebase for tracking operand stack changes, creating tight coupling with many other components.']"
,,0,"The class Size is a simple data class that holds two integer values (sizeImpact and maximalSize) and provides methods to access and aggregate them. It does not have dependencies on a large number of other abstractions, nor does it depend on many other classes. It is used within the same package and has limited outgoing and incoming dependencies, thus it does not exhibit the characteristics of Hub-like Modularization."
,,0,"The StackManipulation interface defines a clear, focused abstraction for operand stack manipulations. While it has several nested classes and enums (Trivial, Illegal, Size, AbstractBase, Compound, Simple), these are closely related implementations and supporting structures that directly serve the core purpose of stack manipulation. The dependencies are primarily internal (within the same package) and represent different aspects of stack manipulation rather than broad external dependencies. The design follows standard patterns like enums for constants, abstract bases for common behavior, and compound patterns for composition. There is no evidence of excessive incoming or outgoing dependencies with numerous unrelated abstractions that would characterize Hub-like Modularization."
,,0,"The DefaultValue class has a limited number of dependencies. It depends on a few constant classes like IntegerConstant, LongConstant, FloatConstant, DoubleConstant, NullConstant, and Trivial, all within the same package. It also interacts with TypeDefinition and Implementation.Context, but the dependency count is not excessively high. The class is an enum with a single responsibility of loading default values onto the stack, and it does not act as a hub connecting to a large number of other abstractions."
,,0,"The class LongConstant has limited dependencies. It depends on StackSize, StackManipulation, MethodVisitor, and Opcodes. It is not a hub-like module because it does not have a large number of incoming and outgoing dependencies. It serves a specific purpose of loading long constants onto the operand stack and interacts with only a few other abstractions."
,,0,"The class has limited dependencies and does not act as a hub. It primarily interacts with StackManipulation and related bytecode implementation classes, without showing excessive incoming or outgoing dependency relationships."
,,1,"The FieldAccess enum has extensive dependencies both incoming and outgoing. It interacts with multiple classes like EnumerationDescription, FieldDescription, TypeDefinition, Implementation.Context, StackManipulation, StackSize, TypeCasting, MethodVisitor, Opcodes etc. It also defines several inner classes (OfGenericField, AccessDispatcher, FieldGetInstruction, FieldPutInstruction) which themselves have multiple dependencies. The class serves as a central hub for field access operations within the bytecode implementation, coordinating between various abstraction layers of the Byte Buddy library. This high degree of interconnectedness with both incoming (uses of FieldAccess) and outgoing (FieldAccess's dependencies on other classes) dependencies qualifies as Hub-like Modularization."
,,1,"The class FieldAccess has high cohesion with multiple inner classes (OfGenericField, AccessDispatcher, AbstractFieldInstruction, FieldGetInstruction, FieldPutInstruction) and static methods (forEnumeration, forField) that tightly interact with each other. It encapsulates a large amount of functionality related to field access operations, creating a hub for field-related bytecode manipulations. The class directly depends on numerous external abstractions such as FieldDescription, TypeDefinition, StackManipulation, and ASM's MethodVisitor and Opcodes, while also being depended upon by other parts of the system for field access operations. This centralization of field access logic with extensive incoming and outgoing dependencies qualifies as Hub-like Modularization."
,,1,"['The class MethodInvocation has dependencies (both incoming and outgoing) with a large number of other abstractions.', 'It interacts with multiple classes from different packages such as net.bytebuddy.description.method.MethodDescription, net.bytebuddy.description.type.TypeDescription, net.bytebuddy.implementation.Implementation, net.bytebuddy.implementation.bytecode.StackManipulation, net.bytebuddy.implementation.bytecode.assign.TypeCasting, net.bytebuddy.utility.JavaConstant, net.bytebuddy.utility.JavaType, org.objectweb.asm.MethodVisitor, and org.objectweb.asm.Opcodes.', 'It also contains several inner classes (IllegalInvocation, OfGenericMethod, Invocation, HandleInvocation) that further increase its dependencies and complexity.', 'The class is an enum with multiple constants (VIRTUAL, INTERFACE, STATIC, SPECIAL, SPECIAL_CONSTRUCTOR, VIRTUAL_PRIVATE, INTERFACE_PRIVATE) each representing different types of method invocations, which increases its complexity and dependency footprint.', ""It uses annotations like @HashCodeAndEqualsPlugin.Enhance indicating it's part of a complex framework structure.""]"
,,0,"The BooleanMatcher class has minimal dependencies. It only depends on ElementMatcher.Junction.AbstractBase and uses a simple static factory method 'of' to return predefined TRUE or FALSE instances. It does not have numerous incoming or outgoing dependencies with other abstractions. The class is simple and self-contained, serving a single specific purpose of returning a fixed boolean result."
,,0,"The DefinedShapeMatcher class has a limited number of dependencies. It depends on net.bytebuddy.matcher.ElementMatcher and net.bytebuddy.description.ByteCodeElement, and is itself depended upon by other classes in the matcher package. The dependency count is not excessive and does not indicate hub-like modularization."
,,0,"The ErasureMatcher class has a single dependency on ElementMatcher.Junction.ForNonNullValues (inheritance) and TypeDescription (usage in field and method signatures). It does not exhibit a large number of dependencies either incoming or outgoing, thus does not qualify as Hub-like Modularization."
,,0,"The HasSuperTypeMatcher class has limited dependencies. It primarily depends on core ByteBuddy classes like ElementMatcher, TypeDefinition, TypeDescription, and QueueFactory for its core functionality. It doesn't show hub-like modularization characteristics as it's focused on a single responsibility - matching super types. The dependency relationships are straightforward and don't indicate excessive incoming or outgoing dependencies that would characterize a hub-like module."
,,0,"The analyzed class is an interface, not a concrete implementation. Hub-like Modularization refers to a concrete abstraction (class) that has many incoming and outgoing dependencies. Since interfaces define contracts but do not implement behavior, they typically do not exhibit hub-like characteristics in terms of modularization. The smell applies to classes that act as central hubs for dependencies, which is not the case for interfaces."
,,0,"The LazyParameterDescription class does not exhibit hub-like modularization. It has a focused responsibility of describing method parameters lazily within the type pool system. Its dependencies are limited to core ByteBuddy interfaces and classes related to parameter descriptions, method descriptions, and type pooling. It does not act as a central hub connecting to a large number of unrelated abstractions."
,,0,"The LazySuperClass class has a limited number of dependencies and does not act as a hub connecting to many other abstractions. It primarily interacts with generic type handling and lazy resolution mechanisms within the TypePool hierarchy, but its scope is narrow and focused."
,,1,"['The class has a large number of import dependencies (50+), indicating high connectivity.', 'It directly depends on numerous core Java classes (List, Map, Set, ConcurrentMap, etc.) and Byte Buddy framework classes.', 'It is referenced by multiple other classes in the codebase (AnnotationDescription), showing incoming dependencies.', 'The class contains multiple nested classes and interfaces (Resolution, CacheProvider, Default, etc.), increasing its structural complexity.', 'It manages core type resolution logic and interacts with ClassFileLocator, AsmClassReader, and various ASM library components, making it central to the type pooling mechanism.']"
,,0,The analyzed class TypePool.MethodTokenList is a protected inner class within TypePool.Default.LazyTypeDescription. It only has dependencies on MethodDescription and related classes within the same package and parent classes. It does not have a large number of dependencies (both incoming and outgoing) with many other abstractions. The class has a very focused responsibility - representing a list of method tokens - and maintains low coupling with a limited set of related types.
,,1,"The class AsmClassReader.Default has extensive dependencies both incoming and outgoing. It interacts with multiple classes such as OpenedClassReader, ClassFileVersion, and AsmClassReader.ForClassFileApi. It also references several external libraries like org.objectweb.asm.ClassReader and codes.rafael.asmjdkbridge.JdkClassReader. Additionally, it uses various utility classes from the same package and other packages within the project, indicating a central role in managing class reading mechanisms which results in high coupling and multiple dependencies."
,,0,"The JavaConstant.Dispatcher interface defines a contract for dispatching Java constant types but does not itself have numerous dependencies. The smell of Hub-like Modularization typically applies to classes or modules that have excessive incoming and outgoing dependencies. The interface here is a cohesive abstraction with a single responsibility - to dispatch different types of Java constants. The various nested classes and interfaces within JavaConstant (Simple, MethodType, MethodHandle, Dynamic) are implementations or related types, but Dispatcher itself remains focused. The dependencies it has (like Visitor) are minimal and necessary for its function."
,,1,"The class JavaConstant has dependencies with a large number of other abstractions. It interacts with multiple classes and interfaces such as TypeDescription, MethodDescription, FieldDescription, EnumerationDescription, ClassFileLocator, TypePool, StackManipulation, and various ASM types like ConstantDynamic and Handle. Additionally, it contains multiple nested classes (Simple, MethodType, MethodHandle, Dynamic) that also have extensive dependencies with other parts of the system, indicating hub-like modularization."
,,1,"The class JavaConstant acts as a hub abstraction with extensive dependencies both incoming and outgoing. It defines the core interface for representing constant pool constants and includes multiple nested classes (Simple, MethodType, MethodHandle, Dynamic) that handle various constant types. These nested classes have numerous dependencies on other abstractions such as TypeDescription, TypePool, StackManipulation, and various ASM and Java reflection types. Additionally, JavaConstant and its nested classes interact with several dispatcher interfaces (e.g., Dispatcher, MethodHandleInfo, MethodType, MethodHandles) and make use of the JavaDispatcher utility for proxying interactions with JVM internal types. The class also collaborates with other utility classes like ClassFileLocator, EnumerationDescription, FieldDescription, and MethodDescription. This wide range of interactions and responsibilities centralizes the handling of Java constants, making JavaConstant a hub-like modularization point in the codebase."
,,1,"The class JavaModule acts as a hub by managing dependencies to a large number of other abstractions. It directly interacts with multiple classes and interfaces such as JavaDispatcher, Resolver, Module, AnnotatedElement, ClassFileVersion, and others through static and instance methods. It also serves as a central point for module-related operations, handling incoming and outgoing dependencies for module representation, annotation processing, and resource management. The class encapsulates complex interactions with the Java module system and delegates responsibilities through various utility and description classes, making it a central hub in the modularization structure."
,,0,"The class JavaDispatcher.ForUnresolvedMethod has a single responsibility: to handle unresolved method dispatches by throwing an exception or generating appropriate bytecode. It does not exhibit Hub-like Modularization as it has minimal dependencies, both incoming and outgoing. It depends on core Java classes (IllegalStateException, MethodVisitor, Type) and ASM library classes, which are essential for its function. It is used by the JavaDispatcher class, but this usage is part of a well-defined delegation structure, not creating a hub. The class is focused and does not act as a central point connecting a large number of other abstractions."
,,0,"CompileNode has a limited number of dependencies. It primarily interacts with a few core classes: Compilation, IMetaMember, IParseDictionary, IReadOnlyJITDataModel, and ParseUtil. It does not exhibit a large number of incoming or outgoing dependencies that would characterize Hub-like Modularization. Its role is well-defined as a node in the compilation chain, encapsulating method call information and maintaining parent-child relationships in a tree structure."
,,1,"['The class has numerous incoming dependencies from various packages including org.adoptopenjdk.jitwatch.toplist, org.adoptopenjdk.jitwatch.histo, org.adoptopenjdk.jitwatch.model.bytecode, org.adoptopenjdk.jitwatch.report.suggestion, org.adoptopenjdk.jitwatch.intrinsic, org.adoptopenjdk.jitwatch.hotthrow, org.adoptopenjdk.jitwatch.inline, and org.adoptopenjdk.jitwatch.chain.', 'It also has outgoing dependencies to several core classes such as org.adoptopenjdk.jitwatch.model.Tag, org.adoptopenjdk.jitwatch.model.Compilation, org.adoptopenjdk.jitwatch.model.Task, org.adoptopenjdk.jitwatch.util.ParseUtil, and org.adoptopenjdk.jitwatch.util.StringUtil.', 'The class serves as a utility hub with many static methods used across different modules of the system, indicating high connectivity both in terms of usage (incoming) and reliance on other components (outgoing).']"
,,0,"The class JITWatchConfig does not exhibit Hub-like Modularization. It is a self-contained configuration management class with a single responsibility of handling application settings. Its dependencies are limited to standard Java utilities (java.io, java.util), logging (com.chrisnewland.freelogj), and internal utilities (org.adoptopenjdk.jitwatch.util.StringUtil) and model classes (org.adoptopenjdk.jitwatch.model.ParsedClasspath). It does not act as a central hub connecting to a large number of other abstractions, nor does it have excessive incoming and outgoing dependencies that would characterize Hub-like Modularization."
,,0,"The class AttributeNameHistoWalker has limited dependencies - it depends on IMetaMember and IReadOnlyJITDataModel interfaces for its core functionality, and extends AbstractHistoVisitable. It does not show excessive incoming or outgoing dependencies with a large number of other abstractions. The class has a focused responsibility of walking histogram data based on attribute names, and its dependency pattern is typical for a specialized utility class rather than a hub-like component."
,,1,"The class HeadlessInlineVisitor has incoming dependencies from LaunchHeadless and outgoing dependencies to multiple classes including IMetaMember, IReadOnlyJITDataModel, CompilationUtil, Tag, IParseDictionary, ParseUtil, and inner classes like InlineJournalVisitor and InlineFailureInfo. It acts as a central point for inlining failure analysis, coordinating between various components of the JIT watch system, which indicates hub-like modularization."
,,0,"The class has a limited number of dependencies. It depends on: org.adoptopenjdk.jitwatch.jarscan.IJarScanOperation (interface it implements), org.adoptopenjdk.jitwatch.model.bytecode.BytecodeInstruction, org.adoptopenjdk.jitwatch.model.bytecode.MemberBytecode, org.adoptopenjdk.jitwatch.model.bytecode.Opcode, and org.adoptopenjdk.jitwatch.util.ParseUtil. It also uses InvokeMethodCountMap which is in the same package. This is a reasonable set of dependencies for its functionality as a jar scan operation that counts method invocations. It does not exhibit hub-like modularization as it doesn't have dependencies with a large number of other abstractions."
,,1,"['The LanguageManager class has incoming dependencies from multiple classes including Sandbox, SandboxStage, and ResourceLoader, which rely on it for language-related operations such as getting compilers, runtimes, and language detection.', 'The LanguageManager class has outgoing dependencies to numerous compiler and runtime classes (CompilerGroovy, CompilerJRuby, CompilerJava, CompilerJavaScript, CompilerKotlin, CompilerScala, RuntimeGroovy, RuntimeJRuby, RuntimeJava, RuntimeJavaScript, RuntimeKotlin, RuntimeScala) through its getCompiler and getRuntime methods.', 'It imports and uses constants from JITWatchConstants for multiple language types (CLOJURE, GROOVY, JAVA, JAVASCRIPT, JRUBY, KOTLIN, SCALA).', 'The class acts as a central hub for language management, coordinating between different language implementations and the rest of the system.', 'It maintains dependencies with both compiler and runtime abstractions through the ICompiler and IRuntime interfaces.', 'The class has high fan-in (incoming dependencies) from various parts of the system and high fan-out (outgoing dependencies) to multiple language-specific implementations.']"
,,0,"This is a simple enum with no dependencies or methods, containing only two constants (C1, C2). It has no incoming or outgoing dependencies with other abstractions, so it cannot exhibit Hub-like Modularization."
,,1,"['The PackageManager class is central to managing MetaClass and MetaPackage instances, acting as a hub for package and class metadata.', 'It has incoming dependencies from multiple classes such as MetaClass, JITDataModel, ParseUtil, AssemblyProcessor, BytecodeAnnotationBuilder, ClassSearch, and JITWatchUI, all of which interact with it to retrieve or manage package and class information.', 'It has outgoing dependencies to MetaPackage and MetaClass, creating and managing their lifecycle, as seen in methods like buildPackage(), addMetaClass(), and getMetaClass().', 'The class maintains maps of metaClasses and metaPackages, and provides accessors and mutators that are used across various parts of the system, indicating a high number of both incoming and outgoing relationships.', 'Its role in coordinating the structure of packages and classes makes it a central point of communication between different modules, fulfilling the criteria for Hub-like Modularization.']"
,,0,"The class AssemblyInstruction has a moderate number of dependencies. It depends on StringUtil for string formatting and AssemblyLabels for label management. It is used by several other classes like AssemblyBlock, AssemblyParserX86, AssemblyParserARM, and ViewerAssembly. However, the number of dependencies is not excessively high, and the class has a clear, focused responsibility of representing an assembly instruction. Therefore, it does not exhibit the characteristics of Hub-like Modularization."
,,1,"['The class has incoming dependencies from multiple classes in the package org.adoptopenjdk.jitwatch.model.bytecode (e.g., BCParamConstant, BCParamNumeric, BCParamString, BCParamSwitch, BytecodeInstruction, ClassBC, ExceptionTableEntry, InnerClassRelationship, LineTableEntry, MemberBytecode, Opcode, SourceMapper) as shown by the extensive list of imports.', 'It also has outgoing dependencies to various utility and model classes such as MemberSignatureParts, MetaClass, JavapProcess, ReflectionJavap, StringUtil, and Logger.', 'The class contains a large number of static methods and handles parsing logic for multiple bytecode sections, indicating high responsibility and coupling with many other abstractions.']"
,,0,The LineTable class has a limited number of dependencies. It primarily interacts with LineTableEntry and MemberBytecode within the same package. It does not exhibit a large number of incoming or outgoing dependencies that would characterize hub-like modularization.
,,0,"The UncommonTrap class has minimal dependencies. It only depends on java.util.Map and org.adoptopenjdk.jitwatch.model.Tag for parsing, and it's only used by BytecodeAnnotationBuilder. It doesn't have a large number of incoming or outgoing dependencies with other abstractions, which is the defining characteristic of Hub-like Modularization."
,,1,"['The class has a large number of incoming dependencies, as evidenced by its extensive use of static imports from JITWatchConstants (40+ constants referenced).', 'It has numerous outgoing dependencies to other classes: Tag, IJITListener, NumberedLine, Task, AssemblyProcessor, Architecture, AbstractLogParser, ParseUtil, StringUtil, and VmVersionDetector.', 'The class interacts with many different abstractions through these dependencies, both consuming their functionality and being consumed by other parts of the system.', 'It orchestrates parsing logic for different parts of HotSpot logs (header, compilation, assembly lines), indicating a central role in the parsing module.', ""The class has multiple methods with varying responsibilities (parsing, handling tags, building class models), suggesting it's a hub coordinating various functionalities.""]"
,,1,"['J9Line has incoming dependencies from J9Util.parseLine which creates J9Line instances and sets their properties', 'J9Line has outgoing dependencies to Tag, Task, MemberSignatureParts, J9Util, and StringUtil through method calls in toTagQueued, toTagNMethod, toTagTask, getMemberSignatureParts, and toString methods', 'J9Line interacts with multiple core model classes (Tag, Task, MemberSignatureParts) and utility classes (StringUtil, J9Util) creating a central hub of dependencies', 'The class has 3 methods (toTagQueued, toTagNMethod, toTagTask) that create and configure Tag/Task objects, showing high outgoing coupling', 'J9Line depends on JITWatchConstants for attribute names and tag names, increasing its dependency footprint', 'The getMemberSignatureParts method creates MemberSignatureParts objects, adding to its outgoing dependencies', 'J9Line is used by J9LogParser which calls J9Util.parseLine and processes the resulting J9Line objects, showing bidirectional dependency flow']"
,,1,"['The Report class is used by multiple other classes across different packages, including AbstractEscapeAnalysisWalker, SuggestionWalker, InliningWalker, ViewerBytecode, and various row bean classes in the UI layer.', 'It has incoming dependencies from many classes that create or manipulate Report objects.', 'It has outgoing dependencies to IMetaMember and ReportType, which are used in its constructor and methods.', 'The class serves as a central data structure for reporting various JIT compilation analysis results, leading to high coupling with numerous other abstractions.']"
,,0,"['The CompilationChooser class has a limited number of dependencies, primarily with IMemberSelectedListener, Compilation, and IMetaMember.', 'It is used by two other classes (TriView and CompileChainStage), which is not an excessive number.', 'The class has a single responsibility: managing the compilation selection UI component.', ""It does not exhibit hub-like behavior as it doesn't have both a large number of incoming and outgoing dependencies."", 'The dependencies are typical for a UI component and do not indicate a central hub in the architecture.']"
,,1,"The class CompileChainStage has dependencies with a large number of other abstractions. It directly interacts with classes like CompileChainWalker, CompileNode, JITWatchUI, RateLimitedResizeListener, and CompilationChooser. Additionally, it implements multiple interfaces (ICompilationChangeListener, IRedrawable) and uses various JavaFX components and event handlers, indicating a high degree of incoming and outgoing dependencies which is characteristic of Hub-like Modularization."
,,0,"The CodeCacheStage class has a moderate number of dependencies but does not exhibit hub-like modularization. It primarily depends on javafx classes for UI functionality, uses UserInterfaceUtil for scene creation, interacts with JITWatchUI for data model access, and works with CodeCacheEvent and Tag for data representation. While it has several incoming and outgoing dependencies, the number is not excessive relative to its responsibilities in displaying code cache information graphically. The class focuses on a single responsibility of visualizing code cache events and does not act as a central hub coordinating numerous unrelated components."
,,0,"The class VMLanguageConfigStage has a limited number of dependencies. It depends on JITWatchConfig for configuration management, IStageClosedListener for stage closing notifications, and UserInterfaceUtil for UI utilities. These are all direct and necessary dependencies for its functionality as a configuration stage. It does not exhibit a large number of incoming or outgoing dependencies that would characterize Hub-like Modularization."
,,0,"The class AbstractTextViewerStage has a limited number of dependencies. It directly depends on Viewer and UserInterfaceUtil, and is part of a UI module with clearly defined responsibilities. It does not exhibit a large number of incoming or outgoing dependencies that would characterize Hub-like Modularization."
,,0,The class TooltipUtil has only one method 'buildInlineAnnotationText' which is used by two other classes (BytecodeAnnotationBuilder and CompileChainWalker) in the same package. It does not have a large number of dependencies either incoming or outgoing. It only depends on ParseUtil and StringUtil from the same package and IParseDictionary from the model package. This limited number of dependencies does not qualify as 'hub-like modularization'.
,,1,"CopyUtils acts as a hub-like module by providing numerous static utility methods for copying data between various I/O sources and destinations (InputStream, OutputStream, Reader, Writer, String, byte[]). It has extensive dependencies on other classes in the same package (e.g., IOUtils) and serves as a central point for I/O copy operations. The class is also marked as deprecated with a note that its methods have been renamed to IOUtils.write() or IOUtils.copy(), indicating it was a hub that has been superseded by another hub (IOUtils). The large number of cross-references and its role as a central utility for I/O operations confirms hub-like modularization."
,,0,"The class RandomAccessFileMode has a limited and well-defined set of dependencies. It primarily interacts with core Java I/O classes such as RandomAccessFile, File, and Path, and a few classes from the same package (org.apache.commons.io) and sub-packages (org.apache.commons.io.function). It does not exhibit a large number of incoming or outgoing dependencies that would characterize Hub-like Modularization. The class serves a specific purpose as an enum for random access file modes and encapsulates related functionality without becoming a central hub for unrelated abstractions."
,,1,"['The class has a large number of dependencies both in terms of imports (java.io.*, java.nio.*, java.net.*, java.util.*, org.apache.commons.io.*) and internal abstractions (multiple static inner classes like ByteArrayOrigin, FileOrigin, PathOrigin, etc.).', 'It exposes many methods that allow conversion to various types (getByteArray, getChannel, getInputStream, getOutputStream, getRandomAccessFile, getReader, getWriter, getFile, getPath), indicating high outgoing dependencies.', 'It accepts a wide variety of origin types (byte[], File, Path, InputStream, OutputStream, RandomAccessFile, Reader, Writer, URI, Channel, CharSequence), showing high incoming dependencies.', 'The class serves as a central abstraction for handling different I/O origins, acting as a hub that connects numerous other abstractions.']"
,,1,"['The class has a large number of dependencies, as evidenced by the extensive list of imported classes from various packages including java.io, java.nio, java.net, and org.apache.commons.io.', 'It interacts with numerous abstractions such as byte[], CharSequence, File, InputStream, OutputStream, Path, RandomAccessFile, Reader, Writer, URI, and various channel types.', 'The class defines multiple inner classes (e.g., ByteArrayOrigin, FileOrigin, InputStreamOrigin, etc.), each handling different types of origins, indicating a central role in managing diverse data sources and sinks.', 'It provides methods to convert between many different types of I/O abstractions (e.g., getByteArray(), getInputStream(), getChannel(), etc.), suggesting it acts as a hub for data transformation.', 'The class is abstract and serves as a base for many concrete implementations, making it a central point of dependency for various I/O operations.']"
,,0,"The class has a limited number of dependencies. It depends on java.nio.ByteBuffer, java.nio.channels.SeekableByteChannel, java.util.Arrays, java.util.Objects, java.util.concurrent.locks.ReentrantLock, and org.apache.commons.io.IOUtils. It does not exhibit a large number of incoming or outgoing dependencies that would characterize Hub-like Modularization. The class serves a specific purpose as a SeekableByteChannel implementation backed by a byte array and maintains a cohesive responsibility."
,,0,"The class has minimal dependencies, only importing java.io.File, java.util.Arrays, java.util.Comparator, and java.util.List. It serves as a simple abstract base class for file comparators with no outgoing dependencies to other abstractions in the codebase. The class does not act as a hub connecting to numerous other classes or modules."
,,0,"The class CompositeFileComparator has a limited number of dependencies. It depends on standard Java classes (File, Serializable, Arrays, Comparator, IntFunction, Stream, StreamSupport) and only interacts with Comparator<File> instances passed to it. It does not have a large number of incoming or outgoing dependencies with other abstractions in the codebase, thus does not exhibit Hub-like Modularization."
,,0,"The ExtensionFileComparator class has a limited number of dependencies. It depends on java.io.File, java.io.Serializable, java.util.Comparator from the Java standard library, and on org.apache.commons.io.FilenameUtils and org.apache.commons.io.IOCase from the same project. It does not have a large number of incoming or outgoing dependencies that would characterize it as a hub-like module. Its role is specific and well-defined, focusing only on comparing file extensions."
,,0,"The AbstractBuilder class has a limited number of dependencies. It depends on classes and interfaces within the same package such as PathCounters, PathFilter, UnaryOperator, and SimplePathVisitor.AbstractBuilder. It does not exhibit a large number of incoming or outgoing dependencies that would characterize Hub-like Modularization. Its role is clearly defined as a builder for CountingPathVisitor, encapsulating configuration concerns without acting as a central hub for diverse functionalities."
,,0,"The class SimplePathVisitor has a limited number of dependencies. It depends on IOBiFunction for its visitFileFailedFunction and extends SimpleFileVisitor<Path> while implementing PathVisitor. It is also extended by CountingPathVisitor, but does not show excessive incoming or outgoing dependencies that would classify it as hub-like modularization. The class serves a specific abstraction for file visiting and does not act as a central hub connecting to numerous other abstractions."
,,0,"IOBiConsumer has minimal dependencies: it depends on Constants (for noop implementation) and Uncheck (for asBiConsumer method). It does not act as a hub connecting to numerous other classes or interfaces. The interface itself is simple and focused, with most logic residing in default methods that connect to only a few utility classes. This is not indicative of Hub-like Modularization."
,,1,"['IOStream has numerous outgoing dependencies to other classes in the same package (e.g., IOStreamAdapter, IOConsumer, IOFunction, IOPredicate, IOComparator, IOBinaryOperator, IOBiConsumer, IOBiFunction, IOUnaryOperator, IOSupplier, Erase, IOStreams), indicating high outgoing coupling.', 'IOStream is referenced by multiple classes (e.g., IOStreams, IOStreamAdapter), showing significant incoming dependencies.', 'The class defines a large number of methods that interact with various functional interfaces and utility classes, increasing its connectivity within the module.', 'Its central role in adapting and extending Stream functionality while interacting with many IO-specific functional interfaces makes it a hub for dependencies in the package.']"
,,1,"The class 'Uncheck' has incoming dependencies from multiple functional interface classes (e.g., IOBiConsumer, IOConsumer, IOFunction, etc.) and outgoing dependencies to various utility and exception classes (e.g., IOException, UncheckedIOException). It acts as a central hub for converting checked IO exceptions to unchecked exceptions, providing static methods used across numerous other classes in the package. This high number of both incoming and outgoing connections qualifies it as hub-like modularization."
,,1,"['The class has incoming dependencies from multiple classes in different packages such as org.apache.commons.io.Charsets, org.apache.commons.io.IOUtils, and org.apache.commons.io.input.ReaderInputStream.', 'It also has outgoing dependencies to several classes including java.nio.charset.Charset, java.nio.ByteBuffer, java.nio.CharBuffer, and others in the java.nio package.', 'The class interacts with numerous abstractions through its Builder inner class which depends on AbstractStreamBuilder and CharsetEncoders.', 'Its usage of static methods from IOUtils (e.g., IOUtils.EOF, IOUtils.DEFAULT_BUFFER_SIZE) indicates reliance on a central utility class that is likely connected to many other parts of the system.', ""The presence of multiple constructors and factory methods (builder pattern) suggests it's designed to be used by various clients across the codebase, increasing its connectivity.""]"
,,0,"The class has limited dependencies, only interacting with core Java I/O and reflection classes (InputStream, ObjectInputStream, ObjectStreamClass, Proxy, etc.) and does not exhibit hub-like modularization with numerous incoming or outgoing dependencies."
,,0,"The Builder class has a limited and well-defined set of dependencies. It primarily interacts with MessageDigestCalculatingInputStream, MessageDigest, and Observer classes. It does not exhibit a large number of dependencies (either incoming or outgoing) with other abstractions, which would be characteristic of Hub-like Modularization. The class serves a specific purpose within the builder pattern and encapsulates the construction logic without becoming a hub for numerous unrelated dependencies."
,,0,"The class UncheckedFilterReader does not exhibit Hub-like Modularization. It has a limited number of dependencies, primarily relying on java.io classes and the Uncheck utility class from the same library (org.apache.commons.io.function). It does not act as a central hub connecting to a large number of other abstractions. Its role is specific: wrapping a FilterReader to convert checked IOExceptions into UncheckedIOExceptions. The dependencies are focused and aligned with its purpose."
,,0,"The class TaggedWriter has a focused responsibility as a decorator for Writer instances, adding tagging functionality to IO exceptions. It depends primarily on TaggedIOException for its core behavior, and this dependency is well-encapsulated and purposeful. There are no excessive incoming or outgoing dependencies with a large number of abstractions; the coupling is limited and intentional, serving its specific role in the IO tagging mechanism."
,,0,"The class ThreadUtils is a utility class that provides static methods for thread and thread group operations. It does not exhibit hub-like modularization as it does not have a large number of dependencies both incoming and outgoing with other abstractions. The class encapsulates thread-related functionalities and uses standard Java libraries and its own utility classes like Predicates and DurationUtils, but does not act as a central hub connecting numerous other modules or abstractions."
,,0,"The class ComparableUtils is a utility class with no dependencies on other classes except for java.util.function.Predicate and org.apache.commons.lang3.ObjectUtils. It provides static methods for creating predicates and comparable check builders, but does not have a large number of incoming or outgoing dependencies that would indicate hub-like modularization. The class is focused on providing comparison utilities and does not act as a central hub connecting many other abstractions."
,,0,"The class has minimal dependencies, only implementing Comparator and Serializable interfaces. It does not have a large number of incoming or outgoing dependencies with other abstractions. The class is stateless and serves a single, focused purpose of comparing objects based on their toString() values."
,,0,"The Builder class has limited dependencies, only interacting with its enclosing class AtomicInitializer and the AbstractBuilder superclass. It does not exhibit hub-like modularization as it doesn't have numerous incoming and outgoing dependencies with many other abstractions."
,,0,"The class ConstantInitializer has minimal dependencies. It implements the ConcurrentInitializer interface and uses the ConcurrentException class only through method signatures. It does not have a large number of incoming or outgoing dependencies with other abstractions, thus does not exhibit Hub-like Modularization."
,,1,"['The class manages and coordinates multiple BackgroundInitializer instances, acting as a central hub for their execution and result collection.', 'It has direct dependencies on several other classes: BackgroundInitializer, ExecutorService, ConcurrentException, and its inner class MultiBackgroundInitializerResults.', 'It is responsible for creating, starting, and collecting results from multiple BackgroundInitializer objects, making it a central point of communication.', 'Its initialize() method interacts with numerous BackgroundInitializer instances, increasing both incoming and outgoing dependency counts.', 'The class encapsulates and controls the lifecycle of many background tasks, making it a high-dependency coordinator.']"
,,0,"The class UncheckedExecutionException has minimal dependencies - it extends UncheckedException and imports only ExecutionException and UncheckedException. It does not have a large number of incoming or outgoing dependencies with other abstractions, thus does not exhibit hub-like modularization."
,,0,"The class UncheckedFutureImpl has a limited number of dependencies. It extends AbstractFutureProxy and implements UncheckedFuture, and it uses standard Java concurrent classes like Future, ExecutionException, InterruptedException, TimeoutException, and TimeUnit. It also uses UncheckedInterruptedException, UncheckedExecutionException, and UncheckedTimeoutException from the same package. The class does not show a large number of incoming or outgoing dependencies with other abstractions, thus it does not exhibit Hub-like Modularization."
,,0,"The class LockingVisitors is not hub-like because it has a clear and focused responsibility of providing locking visitor patterns for different lock types. It does not have excessive dependencies with other abstractions. The class mainly interacts with standard Java concurrency utilities (Lock, ReadWriteLock, ReentrantLock, StampedLock) and internal functional interfaces. The relationships are well-contained within its own module and do not exhibit the characteristics of a hub with numerous incoming and outgoing dependencies."
,,0,"The class EventUtils has a limited number of dependencies. It primarily interacts with java.lang.reflect classes (InvocationHandler, Method, Proxy) and org.apache.commons.lang3.reflect.MethodUtils. The inner class EventBindingInvocationHandler also has a localized scope of dependencies. There are no excessive incoming or outgoing dependencies that would indicate hub-like modularization."
,,1,"The class Failable has numerous dependencies with other classes in the package org.apache.commons.lang3.function. It interacts with multiple functional interfaces like FailableBiConsumer, FailableConsumer, FailableFunction, FailablePredicate, FailableBiFunction, FailableBiPredicate, FailableCallable, FailableRunnable, FailableSupplier, and their variants (FailableDoubleConsumer, FailableIntConsumer, etc.). Additionally, it provides utility methods that convert between failable and standard Java functional interfaces, indicating a central role in the module. This high number of incoming and outgoing dependencies classifies it as Hub-like Modularization."
,,1,"['The class Failable has incoming dependencies from multiple other classes in the package org.apache.commons.lang3.function, including FailableDoubleConsumer, FailableIntConsumer, FailableLongConsumer, FailableBiConsumer, FailableConsumer, FailableFunction, FailableBiFunction, FailablePredicate, FailableBiPredicate, FailableRunnable, FailableSupplier, FailableCallable, FailableDoubleSupplier, FailableIntSupplier, FailableLongSupplier, and FailableShortSupplier.', 'The class Failable also has outgoing dependencies to multiple classes such as java.util.function.DoubleConsumer, java.util.function.IntConsumer, java.util.function.LongConsumer, java.util.function.BiConsumer, java.util.function.Consumer, java.util.function.Function, java.util.function.BiFunction, java.util.function.Predicate, java.util.function.BiPredicate, java.lang.Runnable, java.util.function.Supplier, java.util.concurrent.Callable, java.util.function.DoubleSupplier, java.util.function.IntSupplier, java.util.function.LongSupplier, and java.util.function.BooleanSupplier.', 'Failable acts as a central hub for exception handling utilities in the functional programming context, providing static methods that are used by many other classes in the package, thus creating a high number of both incoming and outgoing dependencies.']"
,,0,"The class FailableDoublePredicate is a functional interface that defines a single abstract method 'test' and several default/static methods for logical operations (and, negate, or) and constants (TRUE, FALSE). It does not have a large number of dependencies either incoming or outgoing. It only depends on java.util.Objects and java.util.function.DoublePredicate, and it is not depended upon by a large number of other abstractions. Therefore, it does not exhibit the characteristics of Hub-like Modularization."
,,0,The class is a simple functional interface with minimal dependencies. It only references java.util.function.DoubleToLongFunction from the standard library and does not have outgoing dependencies to other abstractions within the codebase. It also does not appear to have incoming dependencies from a large number of other abstractions based on the provided context.
,,0,"The class FailableIntUnaryOperator is a functional interface with a single abstract method 'applyAsInt' and a few default/static methods for composition and utility purposes. It does not exhibit a large number of dependencies either incoming or outgoing. It only interacts with similar functional interfaces and basic Java types, and does not act as a hub connecting numerous other abstractions."
,,0,"The class FailableLongUnaryOperator is a functional interface with minimal dependencies. It declares a single method applyAsLong and provides default methods for composition (andThen, compose) and static factory methods (identity, nop). It depends on java.util.Objects and java.util.function.LongUnaryOperator from the standard library, and is designed to be used as a functional interface, not as a hub coordinating multiple modules or abstractions."
,,0,"The class FailableObjIntConsumer is a simple functional interface with minimal dependencies. It only references java.util.function.ObjIntConsumer from the Java standard library and does not have numerous incoming or outgoing dependencies with other abstractions within the codebase. It serves a single focused purpose of representing a failable consumer operation and includes only basic elements: a NOP singleton, a static factory method for the NOP, and the abstract accept method. There are no complex interconnections or hub-like dependency patterns present."
,,0,"The class FailableObjLongConsumer is a simple functional interface with minimal dependencies. It only references java.util.function.ObjLongConsumer from the standard library and defines a single method 'accept'. It does not have a large number of incoming or outgoing dependencies with other abstractions in the codebase. The class also provides a NOP singleton and a static factory method, but these are minimal structural elements that do not indicate hub-like behavior."
,,1,"['The class AbstractFormatCache is central to formatting operations and is tightly coupled with multiple other classes in the time package, such as FastDateFormat and TimeZones.', 'It manages caching mechanisms through ConcurrentHashMaps for format instances, indicating a high level of responsibility and coordination.', 'It interacts directly with LocaleUtils for locale handling and TimeZones for timezone conversions, showing dependencies on external utilities.', 'Its abstract nature requires concrete implementations (like in FastDateFormat) to provide specific formatting logic, making it a hub for formatting-related functionalities.', 'The class exposes multiple public and package-protected methods that are accessed by various parts of the library, increasing its incoming dependencies.', 'It uses complex key structures (ArrayKey) for caching, suggesting a sophisticated internal mechanism that other classes rely upon.']"
,,0,"The class FastDateParser does not exhibit Hub-like Modularization. It encapsulates parsing logic internally and has a well-defined interface through the DateParser interface. Its dependencies are limited to standard Java libraries (java.util, java.text, java.io) and a few internal utilities (org.apache.commons.lang3). It does not have excessive incoming or outgoing dependencies with other abstractions. The class is focused on parsing date strings and manages its dependencies through contained static and inner classes that support its core functionality without creating a hub-like dependency structure."
,,0,"The class FastDatePrinter does not exhibit Hub-like Modularization. It is a self-contained date formatting utility with a well-defined responsibility. Its dependencies are limited to standard Java libraries (java.text, java.util, java.io) and a few internal Apache Commons Lang utilities (CharUtils, ClassUtils, LocaleUtils, ExceptionUtils). It does not act as a central hub connecting a large number of other abstractions. The class primarily uses these dependencies for its core functionality: parsing date patterns, formatting dates, and handling time zones/locales. The numerous inner classes are implementation details encapsulated within the class, serving specific formatting rules, and do not contribute to hub-like behavior. The class has a clear, single responsibility and does not mediate interactions between many other components."
,,0,"The class GmtTimeZone has a limited number of dependencies. It depends on java.util.Date, java.util.Objects, java.util.TimeZone, and internally uses org.apache.commons.lang3.time.TimeZones.GMT_ID. It does not exhibit a high number of incoming or outgoing dependencies that would classify it as hub-like modularization."
,,0,"The DirectoryProperty interface has a limited number of dependencies. It extends Provider<Directory> and interacts with File, FileTree, and Provider types. While it is used by ByteBuddyTaskConfiguration, it does not exhibit hub-like modularization as it doesn't have dependencies with a large number of other abstractions. The interface itself is relatively focused in scope, serving as a specialized provider for directory-related functionality."
,,0,This class is a simple exception class with minimal dependencies. It extends IOException and only contains basic getter methods and a constructor. There are no complex incoming or outgoing dependencies with multiple abstractions that would indicate hub-like modularization.
,,0,"The class ListLinks has a limited number of dependencies. It depends on Jsoup, Validate, Document, Element, and Elements, all of which are reasonable for a simple example program that fetches and lists links from a URL. It does not exhibit a large number of incoming or outgoing dependencies that would characterize Hub-like Modularization."
,,1,"The HttpConnection class acts as a hub for managing HTTP requests and responses, coordinating interactions between multiple components such as Request, Response, KeyVal, and various utility classes (e.g., DataUtil, ControllableInputStream). It has numerous incoming and outgoing dependencies, including handling SSL contexts, proxy settings, authentication, data serialization, and response parsing. This central role with extensive coupling to other abstractions indicates Hub-like Modularization."
,,0,"The class Re2jRegex has a limited number of dependencies. It extends Regex and uses com.google.re2j.Pattern and com.google.re2j.Matcher internally. It does not exhibit a large number of incoming or outgoing dependencies with other abstractions, thus does not qualify as Hub-like Modularization."
,,0,"The class has minimal dependencies - it only imports java.util.ArrayList and java.util.List for internal functionality, and has a simple relationship with Validate class through a constant and documentation reference. It does not exhibit hub-like modularization as it doesn't have numerous incoming or outgoing dependencies with other abstractions."
,,1,"[""The class 'Attributes' has a large number of methods that interact with other classes, particularly 'Attribute', indicating high connectivity."", ""It manages internal data structures and provides access to user-defined data through 'userData()', increasing its dependency footprint."", ""'Attributes' is responsible for handling HTML attribute operations including addition, removal, and modification, making it central to many operations within the package."", ""It contains nested classes like 'Dataset' which further extend its responsibilities and interconnections."", ""The class interacts with various utility and helper classes such as 'Validate', 'StringUtil', and 'Entities' (via 'Attribute'), showing extensive outgoing dependencies."", ""Incoming dependencies are evident from multiple methods returning or using 'Attribute' instances, suggesting other parts of the system rely heavily on 'Attributes'.""]"
,,0,"The DocumentType class has a limited number of dependencies. It primarily interacts with core utilities like Validate, StringUtil, and QuietAppendable for basic operations such as validation, string manipulation, and output handling. It does not exhibit a high number of incoming or outgoing dependencies that would classify it as hub-like modularization."
,,1,"NodeUtils has dependencies with a large number of other abstractions. It interacts with classes across multiple packages including org.jsoup.helper (Validate, W3CDom), org.jsoup.parser (HtmlTreeBuilder, Parser), org.jsoup.nodes (Node, Element, Document), and java.util (Iterator, List, Spliterator, Stream). It serves as a central utility class that multiple other classes depend on for common operations like output settings retrieval, parser access, xpath selection, and stream creation. This creates a hub-like dependency structure where NodeUtils acts as a central point connecting many other components."
,,1,"[""The class 'Token' is an abstract class that serves as the base for multiple token types (e.g., Doctype, Tag, StartTag, EndTag, Comment, Character, XmlDecl, EOF), indicating high incoming dependencies."", ""It directly or indirectly interacts with several other classes such as 'Attributes', 'Range', 'TreeBuilder', 'CharacterReader', 'ParseSettings', and 'Normalizer', showing significant outgoing dependencies."", ""Its nested subclasses like 'Tag' and its derivatives have complex relationships with external components, especially through the 'TreeBuilder' reference and attribute handling mechanisms."", 'The class encapsulates functionality that spans across parsing logic, data representation, and source range tracking, making it a central hub in the parsing module.']"
,,1,"['The TreeBuilder class has incoming dependencies from multiple classes such as Parser, HtmlTreeBuilder, and XmlTreeBuilder which rely on it for parsing HTML/XML documents.', 'It also has outgoing dependencies to numerous classes including Tokeniser, CharacterReader, Document, Element, Node, TagSet, ParseSettings, and others, indicating it interacts with many different components of the system.', 'The class itself is abstract but plays a central role in the parsing process, coordinating between various other components like tokenisers, readers, and node builders.', 'Its central position in managing the parsing workflow and maintaining references to many other core classes makes it a hub-like component in the architecture.']"
,,0,"The Safelist class does not exhibit Hub-like Modularization. It is a self-contained class that encapsulates the logic for defining HTML cleaning rules. Its dependencies are limited to core Java utilities (HashMap, HashSet, etc.) and internal jsoup classes (Validate, Normalizer, Attribute, Attributes, Element). It does not have extensive incoming or outgoing dependencies with many other abstractions. The class is focused on a single responsibility of managing safe HTML elements and attributes, and its interactions are primarily internal or with closely related components within the same package."
,,1,"The class Safelist has high incoming and outgoing dependencies. It is depended upon by many other classes (high incoming coupling), as it is a core configuration class for HTML cleaning. It also depends on multiple classes like Validate, Normalizer, Attribute, Attributes, Element, and several internal static classes (TagName, AttributeKey, AttributeValue, Protocol, TypedValue), indicating high outgoing coupling. This central role with many dependencies in both directions classifies it as Hub-like Modularization."
,,1,"The Evaluator class is an abstract base class that defines a large number of static nested classes, each representing a specific type of CSS selector evaluation. These nested classes include Tag, TagStartsWith, TagEndsWith, Id, Class, Attribute, AttributeStarting, AttributeWithValue, AttributeWithValueNot, AttributeWithValueStarting, AttributeWithValueEnding, AttributeWithValueContaining, AttributeWithValueMatching, AllElements, IndexLessThan, IndexGreaterThan, IndexEquals, IsLastChild, IsFirstOfType, IsLastOfType, CssNthEvaluator, IsNthChild, IsNthLastChild, IsNthOfType, IsNthLastOfType, IsFirstChild, IsRoot, IsOnlyChild, IsOnlyOfType, IsEmpty, IndexEvaluator, ContainsText, ContainsWholeText, ContainsWholeOwnText, ContainsData, ContainsOwnText, Matches, MatchesOwn, MatchesWholeText, MatchesWholeOwnText, and MatchText. This creates a hub-like structure where the Evaluator class has a large number of dependencies (both incoming and outgoing) with other abstractions (the nested classes), making it a central point of complexity and coupling in the package."
,,1,"['The class defines numerous nested static classes (Tag, TagStartsWith, TagEndsWith, Id, Class, Attribute, AttributeStarting, AttributeWithValue, AttributeWithValueNot, AttributeWithValueStarting, AttributeWithValueEnding, AttributeWithValueContaining, AttributeWithValueMatching, AllElements, IndexLessThan, IndexGreaterThan, IndexEquals, IsLastChild, IsFirstOfType, IsLastOfType, CssNthEvaluator, IsNthChild, IsNthLastChild, IsNthOfType, IsNthLastOfType, IsFirstChild, IsRoot, IsOnlyChild, IsOnlyOfType, IsEmpty, IndexEvaluator, ContainsText, ContainsWholeText, ContainsWholeOwnText, ContainsData, ContainsOwnText, Matches, MatchesOwn, MatchesWholeText, MatchesWholeOwnText, MatchText), each representing different evaluation criteria.', 'Each nested class extends the base Evaluator class and implements specific matching logic, creating a hub for various selector evaluation strategies.', 'The class serves as a central point for all CSS selector evaluations, managing dependencies through its many subclasses which are used throughout the jsoup library for parsing and selecting HTML elements.']"
,,1,"['The class Evaluator is an abstract base class that defines a large number of static nested classes, each representing a specific type of CSS selector evaluation logic.', 'These nested classes include Tag, Id, Class, Attribute, AttributeWithValue, AttributeWithValueNot, AttributeWithValueStarting, AttributeWithValueEnding, AttributeWithValueContaining, AttributeWithValueMatching, AllElements, IndexLessThan, IndexGreaterThan, IndexEquals, IsLastChild, IsFirstOfType, IsLastOfType, CssNthEvaluator, IsNthChild, IsNthLastChild, IsNthOfType, IsNthLastOfType, IsFirstChild, IsRoot, IsOnlyChild, IsOnlyOfType, IsEmpty, ContainsText, ContainsWholeText, ContainsWholeOwnText, ContainsData, ContainsOwnText, Matches, MatchesOwn, MatchesWholeText, MatchesWholeOwnText, and MatchText.', 'Each of these nested classes extends Evaluator and implements specific matching logic, indicating that Evaluator serves as a central hub for various evaluation strategies.', 'The class also defines multiple abstract and concrete methods (matches, asPredicate, cost, reset) that are utilized by its numerous subclasses, further establishing it as a central point of dependency.', 'The extensive use of nested classes that all depend on the outer Evaluator class for their definition and functionality indicates a hub-like modularization smell, where Evaluator acts as a central point with many incoming dependencies from its nested classes and outgoing dependencies to the broader codebase through its API.']"
,,1,"['The class Evaluator is an abstract base class that defines a large number of static nested classes, each representing a specific type of CSS selector evaluation logic.', 'These nested classes cover various aspects of CSS selection including tag names, attributes, pseudo-classes, text matching, and more, indicating a high degree of responsibility and complexity within the class.', 'The Evaluator class has dependencies on multiple other classes from different packages such as org.jsoup.nodes, org.jsoup.helper, org.jsoup.parser, and org.jsoup.internal, increasing its incoming and outgoing dependency count.', 'It imports and utilizes various node types (Element, TextNode, Comment, etc.), regex utilities, and string normalization tools, showing extensive interaction with other abstractions.', 'The presence of numerous inner classes that extend Evaluator and override its methods indicates that Evaluator serves as a central hub for diverse evaluation strategies, making it a hub-like modularization.']"
,,0,"The class Nodes does not exhibit hub-like modularization. It is a specialized collection class extending ArrayList<T> with methods operating on Node objects. Its dependencies are limited and focused: it imports core Java utilities (ArrayList, Arrays, Collection, Iterator, List, Predicate, UnaryOperator), jsoup internal utilities (Validate, StringUtil), and jsoup node types (Element, Node). The class interacts primarily with its own type parameters and direct dependencies. There are no extensive incoming or outgoing dependencies with a large number of other abstractions. The class serves a specific purpose within the jsoup library without acting as a central hub connecting numerous unrelated components."
,,1,"[""The class 'StructuralEvaluator' is an abstract base class with multiple nested static classes (Root, Has, Is, Not, Ancestor, ImmediateParentRun, PreviousSibling, ImmediatePreviousSibling), each representing different evaluation strategies."", 'It defines a common structure and shared functionality (e.g., memoization via threadMemo, evaluator field) used by all its subclasses.', ""Each nested class interacts closely with the outer class's fields and methods such as evaluator, memoMatches(), wantsNodes, and reset()."", 'This creates a hub where many components depend on the central StructuralEvaluator for shared state and behavior, leading to high coupling and potential difficulty in modifying or extending individual parts without affecting others.']"
,,0,"The class 'b' has no dependencies (neither incoming nor outgoing) with other abstractions. It is an empty class with no methods, fields, or relationships that would create dependencies with other classes or packages."
,,0,"The class 'c' has no dependencies (incoming or outgoing) with any other abstractions. It is an empty class with no methods, fields, or relationships defined, therefore it cannot exhibit Hub-like Modularization which requires numerous dependencies with other abstractions."
