project,file_name,smell,entity_type,entity,detection,justification
byte-buddy,(default package).txt,God Component,package,(default package),0,"The package contains only 2 classes and 186 lines of code, which is not excessively large in terms of number of classes or overall size."
byte-buddy,com.service.definition.txt,God Component,package,com.service.definition,0,"Package contains only one small class (ServiceDefinition) with minimal metrics: 3 LOC, 1 method, 0 fields. No indicators of excessive size in classes or code volume."
byte-buddy,com.service.usage.txt,God Component,package,com.service.usage,0,"Package contains only one class with minimal size (5 LOC) and complexity (1 method), far below thresholds indicating excessive size."
byte-buddy,com.service.usage2.txt,God Component,package,com.service.usage2,0,"Package contains only one class with 5 lines of code, which is not excessively large in terms of LOC or number of classes."
byte-buddy,net.bytebuddy.agent.builder.txt,God Component,package,net.bytebuddy.agent.builder,1,"Package contains 229 classes with 34,339 lines of code, which is excessively large in both dimensions; the AgentBuilder class alone has 9,519 LOC and 293 fields, indicating massive concentration of responsibilities."
byte-buddy,net.bytebuddy.agent.txt,God Component,package,net.bytebuddy.agent,1,"Package contains 64 classes with total 12,617 LOC; main class ByteBuddyAgent has 1,185 LOC and many inner classes; VirtualMachine class has 2,449 LOC and numerous inner classes, indicating excessive size and complexity."
byte-buddy,net.bytebuddy.android.txt,God Component,package,net.bytebuddy.android,1,"The package has 2012 LOC and 17 classes concentrated in a single file (AndroidClassLoadingStrategy.java), with the main class having 654 LOC and numerous inner classes, indicating excessive size and high responsibility concentration."
byte-buddy,net.bytebuddy.asm.txt,God Component,package,net.bytebuddy.asm,1,"Package contains 411 classes and 81,157 lines of code, which is excessively large. Several individual classes also show extreme size characteristics, most notably the 'Advice' class with 11,101 LOC, 403 fields, and 24 methods, and the 'MemberSubstitution' class with 6,597 LOC and 292 fields. The package exhibits structural complexity with numerous inner classes and high dependencies."
byte-buddy,net.bytebuddy.benchmark.jmh_generated.txt,God Component,package,net.bytebuddy.benchmark.jmh_generated,0,"Package contains 59 generated JMH benchmark classes with consistent structure and low complexity (averaging 275 LOC each), totaling 11,019 LOC. These are auto-generated benchmarking utilities rather than a cohesive component with functional responsibility. Dependencies are minimal (Ce=0, Ca=0) and classes follow uniform patterns typical of generated code."
byte-buddy,net.bytebuddy.benchmark.runner.txt,God Component,package,net.bytebuddy.benchmark.runner,0,Package contains only 1 class and 23 LOC; single-class component is not excessively large by lines of code or number of classes.
byte-buddy,net.bytebuddy.benchmark.specimen.txt,God Component,package,net.bytebuddy.benchmark.specimen,0,Package contains only 2 classes with a total of 298 LOC; neither class nor package size is excessively large relative to typical component boundaries in benchmarking code.
byte-buddy,net.bytebuddy.benchmark.txt,God Component,package,net.bytebuddy.benchmark,0,"Package contains 8 classes with total 1284 LOC, representing a coherent benchmark suite. Individual class sizes range from 79 to 370 LOC, focused on specific benchmarking scenarios without excessive accumulation of unrelated responsibilities."
byte-buddy,net.bytebuddy.build.gradle.android.txt,God Component,package,net.bytebuddy.build.gradle.android,0,"Package has 37 classes and 2856 LOC, which is moderately sized for a Gradle plugin package. The largest class (ByteBuddyAndroidPlugin at 528 LOC) contains multiple inner classes that decompose its responsibilities, and no single class appears excessively large or complex beyond typical plugin patterns."
byte-buddy,net.bytebuddy.build.gradle.txt,God Component,package,net.bytebuddy.build.gradle,0,"Package has 42 classes and 3915 LOC, which is moderate for a complex Gradle plugin module. Individual classes like AbstractByteBuddyTask (474 LOC, 32 methods) and AbstractByteBuddyTaskExtension (360 LOC, 38 methods) are substantial but not excessively large relative to the plugin's responsibilities. The codebase shows logical distribution across specialized classes with clear inheritance hierarchies, and no single component dominates excessively in size or responsibility."
byte-buddy,net.bytebuddy.build.maven.txt,God Component,package,net.bytebuddy.build.maven,1,"The ByteBuddyMojo class is excessively large with 971 LOC and 37 fields, representing 42% of the total package LOC. Additionally, the class file contains 18 inner classes that increase its structural complexity, while the package has 29 total classes concentrated in one component."
byte-buddy,net.bytebuddy.build.txt,God Component,package,net.bytebuddy.build,1,"Package is excessively large with 131 classes and 21,284 lines of code. The class 'Plugin' alone accounts for 4,286 LOC and 116 fields, and the package contains multiple other large classes like 'Plugin.Engine' (3,681 LOC), indicating overwhelming size and responsibility concentration."
byte-buddy,net.bytebuddy.description.annotation.txt,God Component,package,net.bytebuddy.description.annotation,1,"Package contains 49 classes and 9225 lines of code, which is excessively large. The class 'AnnotationValue' alone contains 2457 LOC and 42 fields, indicating severe concentration of functionality within a single component."
byte-buddy,net.bytebuddy.description.enumeration.txt,God Component,package,net.bytebuddy.description.enumeration,0,"The package has only 4 classes and 254 total lines of code, with the largest class at 138 lines. This scale is not excessively large in terms of class count or code volume."
byte-buddy,net.bytebuddy.description.field.txt,God Component,package,net.bytebuddy.description.field,0,"Package contains 17 classes and 1418 LOC, with most classes being small inner classes; the largest class (FieldDescription) has 509 LOC, but the overall size does not appear excessively large given the context of a bytecode manipulation library and the focused responsibility of field description."
byte-buddy,net.bytebuddy.description.method.txt,God Component,package,net.bytebuddy.description.method,1,"Package contains 53 classes with 7252 total LOC, indicating excessive size. Multiple large individual classes exist, including MethodDescription (1695 LOC, 35 fields, 29 methods) and ParameterDescription (899 LOC, 33 fields, 5 methods). The high class count and substantial cumulative lines of code suggest the package has too many responsibilities concentrated in one component."
byte-buddy,net.bytebuddy.description.modifier.txt,God Component,package,net.bytebuddy.description.modifier,0,"Package has 27 classes with total 1317 LOC, but all classes are small (average ~49 LOC) and focused on a single responsibility (modifier definitions), with high cohesion and no single overly dominant class; overall size is manageable for a utility package in a bytecode manipulation framework."
byte-buddy,net.bytebuddy.description.module.txt,God Component,package,net.bytebuddy.description.module,0,"Package contains 23 classes and 2300 LOC, which is moderate size for a module description component. One class (ModuleDescription) has high LOC (931) but appears to be a central model class with many inner classes handling specific aspects of module metadata."
byte-buddy,net.bytebuddy.description.txt,God Component,package,net.bytebuddy.description,0,"Package contains 28 classes and 1656 LOC, but individual classes are relatively small (average ~59 LOC) with focused responsibilities like NamedElement, TypeVariableSource, ModifierReviewable, and ByteCodeElement. The total size is moderate for a core package in a bytecode manipulation library, and no single component shows excessive complexity or lines of code."
byte-buddy,net.bytebuddy.description.type.txt,God Component,package,net.bytebuddy.description.type,1,"Package contains 175 classes and 33,551 lines of code, which is excessively large. Major contributor is the TypeDescription class with 8,174 LOC and 163 fields, plus many large inner classes like TypeDescription.Generic (5,738 LOC), indicating a massive concentration of functionality."
byte-buddy,net.bytebuddy.dynamic.loading.txt,God Component,package,net.bytebuddy.dynamic.loading,1,"Package contains 118 classes and 14892 lines of code, which is excessively large. Key classes like ClassInjector (2245 LOC), ByteArrayClassLoader (1127 LOC), and PackageDefinitionStrategy (547 LOC) have high individual size, and the package overall exhibits high structural complexity with numerous inner classes and dependencies."
byte-buddy,net.bytebuddy.dynamic.scaffold.inline.txt,God Component,package,net.bytebuddy.dynamic.scaffold.inline,0,"Package contains 20 classes and 2242 LOC, which is moderate for a framework core package. No single class exceeds 425 LOC, and responsibility distribution appears coherent for bytecode manipulation functionality."
byte-buddy,net.bytebuddy.dynamic.scaffold.subclass.txt,God Component,package,net.bytebuddy.dynamic.scaffold.subclass,0,"The package contains 9 classes and 812 total lines of code, with individual classes showing moderate sizes (104 to 256 LOC). This does not indicate excessive size in terms of lines of code or class count for a library component."
byte-buddy,net.bytebuddy.dynamic.scaffold.txt,God Component,package,net.bytebuddy.dynamic.scaffold,1,"Package contains 168 classes with total 36,243 LOC, both metrics indicating excessive size. Multiple large classes present including TypeWriter (4,701 LOC, 150 fields), MethodGraph (1,553 LOC, 42 fields), MethodRegistry (776 LOC, 33 fields), and InstrumentedType (1,502 LOC, 26 fields). High class count and substantial total LOC demonstrate the package has become excessively large and complex."
byte-buddy,net.bytebuddy.dynamic.txt,God Component,package,net.bytebuddy.dynamic,1,"Package contains 143 classes and 26,076 lines of code, far exceeding typical module size. Multiple large classes exist within (DynamicType at 4,937 LOC, ClassFileLocator at 1,670 LOC), and the package shows high cohesion with 24 efferent and 22 afferent dependencies. The extreme size in both class count and code volume indicates the package centralizes too much functionality and responsibility."
byte-buddy,net.bytebuddy.implementation.attribute.txt,God Component,package,net.bytebuddy.implementation.attribute,1,"The package contains 44 classes and 3359 lines of code, which is excessively large. This size indicates the package may be handling multiple responsibilities (annotation appending for types, fields, methods, and record components) without adequate modularization, leading to high complexity and reduced maintainability."
byte-buddy,net.bytebuddy.implementation.auxiliary.txt,God Component,package,net.bytebuddy.implementation.auxiliary,0,"Package contains 26 classes with total 1979 LOC, distributed across multiple focused classes with reasonable individual sizes (most under 100 LOC). While moderately sized, the package shows good decomposition with specialized classes for auxiliary type implementations rather than a single monolithic component."
byte-buddy,net.bytebuddy.implementation.bind.annotation.txt,God Component,package,net.bytebuddy.implementation.bind.annotation,1,"Package contains 97 classes with 7068 lines of code, which is excessively large in terms of both number of classes and total code volume, indicating a highly concentrated set of functionality."
byte-buddy,net.bytebuddy.implementation.bind.txt,God Component,package,net.bytebuddy.implementation.bind,1,"Package contains 32 classes and 2628 lines of code, with MethodDelegationBinder class having 777 LOC and 28 fields, indicating excessive size and concentration of functionality."
byte-buddy,net.bytebuddy.implementation.bytecode.assign.primitive.txt,God Component,package,net.bytebuddy.implementation.bytecode.assign.primitive,0,"The package has 12 classes and 959 LOC, which is moderate. Individual class sizes are within typical bounds (max 235 LOC). The package exhibits focused responsibility and manageable complexity."
byte-buddy,net.bytebuddy.implementation.bytecode.assign.reference.txt,God Component,package,net.bytebuddy.implementation.bytecode.assign.reference,1,"Package contains 9 classes with 976 total lines of code; GenericTypeAwareAssigner and its inner class IsAssignableToVisitor account for 696 LOC (71% of package) and exhibit high complexity through multiple specialized inner classes, indicating excessive centralization."
byte-buddy,net.bytebuddy.implementation.bytecode.assign.txt,God Component,package,net.bytebuddy.implementation.bytecode.assign,0,"Package contains 6 classes with 238 total LOC, which is modest in size for a Java package. The largest class has 95 LOC, and all classes have focused responsibilities related to bytecode assignment operations. The metrics do not indicate excessive size in terms of classes or lines of code."
byte-buddy,net.bytebuddy.implementation.bytecode.collection.txt,God Component,package,net.bytebuddy.implementation.bytecode.collection,0,"The package contains 10 classes and 675 lines of code, which is moderate for a specialized utility component. The largest individual class (ArrayFactory) has only 235 lines, and the class-level metrics indicate focused responsibilities with low method counts and limited dependencies, not suggesting excessive size or overwhelming complexity."
byte-buddy,net.bytebuddy.implementation.bytecode.constant.txt,God Component,package,net.bytebuddy.implementation.bytecode.constant,0,"Package has 28 classes and 1768 LOC, but classes are small and focused with clear single responsibilities (constant generation helpers). No individual class exceeds 400 LOC, and the package structure is cohesive with moderate coupling (Ce=9, Ca=7)."
byte-buddy,net.bytebuddy.implementation.bytecode.member.txt,God Component,package,net.bytebuddy.implementation.bytecode.member,0,"The package contains 25 classes but with a moderate total LOC of 1737, averaging about 69 lines per class. Many classes are small inner classes focused on specific bytecode operations, and the package's cohesion is evident in its narrow responsibility for member access and invocation. The number of classes and LOC is not excessive given the low-level bytecode manipulation domain."
byte-buddy,net.bytebuddy.implementation.bytecode.txt,God Component,package,net.bytebuddy.implementation.bytecode,0,"Package contains 27 classes and 1514 LOC, which is moderately sized for a core bytecode manipulation component; individual classes are small and focused, with no single class exceeding 209 LOC, indicating appropriate decomposition of responsibilities."
byte-buddy,net.bytebuddy.implementation.txt,God Component,package,net.bytebuddy.implementation,1,"Package contains 264 classes and 32,056 lines of code, which is excessively large in both dimensions, indicating a massive concentration of functionality and high complexity within a single component."
byte-buddy,net.bytebuddy.matcher.txt,God Component,package,net.bytebuddy.matcher,1,"Package contains 73 classes and 5083 LOC, which is excessively large for a single package. The ElementMatchers class alone has 1785 LOC and 198 methods, indicating extreme concentration of functionality and complexity within the package."
byte-buddy,net.bytebuddy.pool.txt,God Component,package,net.bytebuddy.pool,1,"The package contains 160 classes and 34,265 lines of code, which is excessively large. Multiple inner classes within TypePool.java have very high LOC (e.g., TypePool 7,626, TypePool.Default 6,861, TypePool.GenericTypeToken 1,711) and field counts, indicating the component centralizes numerous responsibilities."
byte-buddy,net.bytebuddy.txt,God Component,package,net.bytebuddy,1,"Package contains 32 classes with 3,541 total LOC, including the excessively large ByteBuddy class (898 LOC, 52 methods, 35 fields) and ClassFileVersion class (476 LOC, 36 fields, 26 methods), indicating centralized functionality with disproportionate size and responsibility concentration."
byte-buddy,net.bytebuddy.utility.dispatcher.txt,God Component,package,net.bytebuddy.utility.dispatcher,0,"The package contains 19 classes and 2788 LOC, which is moderate for a utility package. While one class (JavaDispatcher) is large (1180 LOC), it appears to be a main dispatcher class with multiple inner classes, which is a common design pattern for such components. The overall size and structure do not indicate excessive complexity."
byte-buddy,net.bytebuddy.utility.privilege.txt,God Component,package,net.bytebuddy.utility.privilege,0,"The package contains only 3 small classes with a total of 85 lines of code, which is not excessively large in terms of class count or overall size for a typical component."
byte-buddy,net.bytebuddy.utility.txt,God Component,package,net.bytebuddy.utility,1,"Package has 69 classes and 8542 lines of code, which is excessively large in both dimensions. High number of classes and total LOC indicate a concentration of functionality, supported by significant afferent (25) and efferent (16) couplings, suggesting multiple responsibilities and central role."
byte-buddy,net.bytebuddy.utility.visitor.txt,God Component,package,net.bytebuddy.utility.visitor,0,The package contains 6 classes with a total of 993 LOC. The largest class has 332 LOC and 39 methods. The number of classes and overall size are moderate and do not indicate excessive complexity or responsibility concentration for a utility package.
byte-buddy,org.gradle.api.file.txt,God Component,package,org.gradle.api.file,0,"Package contains only 2 classes with a total of 42 lines of code, which is not excessively large in size or complexity for a component."
byte-buddy,org.gradle.api.provider.txt,God Component,package,org.gradle.api.provider,0,"The package contains only one class with 18 lines of code, which is extremely small and not excessively large in terms of LOC or number of classes."
byte-buddy,org.gradle.api.tasks.txt,God Component,package,org.gradle.api.tasks,0,"The package contains only one class with 16 lines of code, which is minimal in both class count and code volume, far below thresholds for excessive size."
byte-buddy,org.gradle.work.txt,God Component,package,org.gradle.work,0,"Package has only 3 small classes with total 38 LOC, each class minimal in size and responsibility, showing no signs of excessive growth in classes or code volume."
commons-io,org.apache.commons.io.build.txt,God Component,package,org.apache.commons.io.build,0,"Package contains 17 classes but with moderate total size (1633 LOC). Classes are focused on specialized builder/origin functionality with cohesive responsibilities and low coupling metrics (Ce=4, Ca=2). The largest class (AbstractOrigin, 614 LOC) is decomposed into multiple inner classes, showing intentional modularization."
commons-io,org.apache.commons.io.channels.txt,God Component,package,org.apache.commons.io.channels,0,"Package has 4 classes and 458 lines of code, with the largest class having 202 LOC. This is within reasonable size limits and does not indicate excessive growth."
commons-io,org.apache.commons.io.charset.txt,God Component,package,org.apache.commons.io.charset,0,"The package contains only 2 small classes with total 48 LOC, and each class has minimal methods (3 and 2), which does not indicate excessive size in terms of classes or code volume."
commons-io,org.apache.commons.io.comparator.txt,God Component,package,org.apache.commons.io.comparator,0,"Package contains only 10 small classes with a total of 490 LOC; individual classes are focused single-purpose comparators averaging under 65 LOC, with no class exceeding 77 LOC."
commons-io,org.apache.commons.io.file.attribute.txt,God Component,package,org.apache.commons.io.file.attribute,0,"The package contains only one class (FileTimes) with 225 LOC, 24 methods, and 12 fields. While the class is moderately sized, the package as a whole is small in terms of class count and total LOC, lacking the excessive scale typical of a God Component."
commons-io,org.apache.commons.io.file.spi.txt,God Component,package,org.apache.commons.io.file.spi,0,"Package has only 1 class and 56 LOC; class has 3 fields, 6 methods, and 56 LOC, which is small and focused, not excessively large in size or responsibility."
commons-io,org.apache.commons.io.file.txt,God Component,package,org.apache.commons.io.file,0,"The package has 29 classes and 3723 LOC, which is not excessively large for a utility package. The classes are cohesive around file operations. While one class (PathUtils) is large (1516 LOC), the package as a whole does not meet the criteria for a God Component."
commons-io,org.apache.commons.io.filefilter.txt,God Component,package,org.apache.commons.io.filefilter,1,"Package contains 32 classes totaling 2709 lines of code, with individual classes like FileFilterUtils (469 LOC, 43 methods) exhibiting very high complexity. The package demonstrates excessive size and functional concentration typical of God Component."
commons-io,org.apache.commons.io.function.txt,God Component,package,org.apache.commons.io.function,0,"Package contains 34 small classes with total 2198 LOC; average class size is modest (64.6 LOC) with only two classes above 300 LOC (IOStream 394 LOC, Uncheck 342 LOC), indicating reasonable distribution of functionality without excessive centralization."
commons-io,org.apache.commons.io.input.buffer.txt,God Component,package,org.apache.commons.io.input.buffer,0,"The package contains only 3 classes with a total of 343 lines of code, each class being modest in size (max 196 LOC, 13 methods). This scale does not indicate excessive size or responsibility in terms of LOC or class count."
commons-io,org.apache.commons.io.input.txt,God Component,package,org.apache.commons.io.input,1,"Package contains 101 classes and 10,353 lines of code, representing an excessively large component. It has multiple large classes with high complexity (e.g., Tailer 683 LOC, XmlStreamReader 541 LOC, ReadAheadInputStream 401 LOC), and numerous inner classes, indicating a violation of single responsibility principle and excessive scope concentration."
commons-io,org.apache.commons.io.monitor.txt,God Component,package,org.apache.commons.io.monitor,0,"The package contains 7 classes and 947 lines of code, which is a moderate size. The largest class, FileAlterationObserver, has 375 lines and 29 methods, but it is not excessively large. The classes are cohesive and focused on file monitoring responsibilities, and the package does not exhibit signs of excessive size or complexity that would characterize a God Component."
commons-io,org.apache.commons.io.output.txt,God Component,package,org.apache.commons.io.output,1,"Package contains 52 classes with 4700 total LOC, making it excessively large. The class list shows many classes with high LOC and complexity metrics (e.g., AbstractByteArrayOutputStream: 322 LOC, 24 methods; LockableFileWriter: 327 LOC, 22 methods), indicating the package has grown beyond a cohesive unit of responsibility."
commons-io,org.apache.commons.io.serialization.txt,God Component,package,org.apache.commons.io.serialization,0,"Package has 7 classes and 579 total LOC, which is moderate. The largest class (ValidatingObjectInputStream) has 278 LOC but overall distribution and size are within typical bounds for a focused serialization utility package."
commons-io,org.apache.commons.io.txt,God Component,package,org.apache.commons.io,1,"Package contains 40 classes and 9478 LOC, indicating excessive size; includes two very large utility classes (IOUtils with 2487 LOC and 172 methods, FileUtils with 2371 LOC and 159 methods) that centralize extensive functionality, contributing to high overall package complexity."
commons-lang,org.apache.commons.lang3.arch.txt,God Component,package,org.apache.commons.lang3.arch,0,"The package has only 3 classes (one main class with two inner enums) and 219 lines of code, which is small. The main class has 11 methods and 153 lines, not excessively large in number of methods, lines, or classes."
commons-lang,org.apache.commons.lang3.builder.txt,God Component,package,org.apache.commons.lang3.builder,1,"Package contains 29 classes and 6366 LOC, with multiple excessively large classes (e.g., ToStringStyle 1694 LOC, EqualsBuilder 720 LOC, HashCodeBuilder 507 LOC, CompareToBuilder 620 LOC, ToStringBuilder 646 LOC), indicating high complexity and multiple responsibilities concentrated in one package."
commons-lang,org.apache.commons.lang3.compare.txt,God Component,package,org.apache.commons.lang3.compare,0,"Package contains only 3 classes and 288 LOC, which is not excessively large. The classes are modest in size and complexity, with low coupling (Ce=0, Ca=1)."
commons-lang,org.apache.commons.lang3.concurrent.locks.txt,God Component,package,org.apache.commons.lang3.concurrent.locks,0,"The package contains only 9 classes with 947 total lines of code, with the main outer class LockingVisitors having 440 lines. This is within reasonable bounds for a focused concurrency utility package, and there is no evidence of excessive responsibility aggregation or disproportionate size relative to typical utility packages."
commons-lang,org.apache.commons.lang3.concurrent.txt,God Component,package,org.apache.commons.lang3.concurrent,1,"Package contains 42 classes and 3203 LOC, which represents a very large and complex component. Multiple classes like EventCountCircuitBreaker (316 LOC), TimedSemaphore (309 LOC), and BackgroundInitializer (235 LOC) are individually substantial. The package handles diverse responsibilities including circuit breakers, initializers, futures, semaphores, and thread factories, indicating lack of single responsibility."
commons-lang,org.apache.commons.lang3.event.txt,God Component,package,org.apache.commons.lang3.event,0,Package contains 4 classes and 398 total LOC; individual classes are moderate in size (largest is 219 LOC with 15 methods). This scale does not indicate excessive complexity or size for a utility package.
commons-lang,org.apache.commons.lang3.exception.txt,God Component,package,org.apache.commons.lang3.exception,0,"Package contains 10 classes and 1061 LOC, which is moderate for a utility package. While ExceptionUtils class is relatively large (575 LOC), the overall package size and number of classes don't indicate excessive complexity or responsibility centralization."
commons-lang,org.apache.commons.lang3.function.txt,God Component,package,org.apache.commons.lang3.function,0,"Package contains 61 small, cohesive classes (average LOC 41.8, all under 500 LOC) focused on functional interfaces, with no single class dominating in size or responsibility."
commons-lang,org.apache.commons.lang3.math.txt,God Component,package,org.apache.commons.lang3.math,0,"The package contains only 3 classes (num_classes=3) and 2111 lines of code (loc=2111), which is a moderate size for a utility package in a library like Apache Commons Lang. The number of classes is low, and the total LOC, while substantial, is not excessively large in this context."
commons-lang,org.apache.commons.lang3.mutable.txt,God Component,package,org.apache.commons.lang3.mutable,0,"The package has 9 classes and 1884 LOC, which is moderate. Each class is focused and small (most under 300 LOC). The package is cohesive, providing mutable wrappers for primitive types, and exhibits low coupling (Ce=1, Ca=3). This does not indicate excessive size for a utility package in a library."
commons-lang,org.apache.commons.lang3.reflect.txt,God Component,package,org.apache.commons.lang3.reflect,0,"Package has 14 classes and 3368 LOC, which are moderate for a utility package. Individual classes show focused responsibilities (e.g., TypeUtils, MethodUtils, FieldUtils) without extreme concentration of functionality in any single class."
commons-lang,org.apache.commons.lang3.stream.txt,God Component,package,org.apache.commons.lang3.stream,0,"Package has 7 classes and 734 LOC, which is moderate; individual classes (Streams is largest with 384 LOC, 21 methods) are within reasonable size for a utility library without excessive complexity."
commons-lang,org.apache.commons.lang3.text.translate.txt,God Component,package,org.apache.commons.lang3.text.translate,0,"The package contains 13 classes with a total of 746 lines of code, averaging 57 LOC per class. The largest class (EntityArrays) has only 106 LOC. The overall size and class count are moderate and focused within a specialized translation domain, not excessively large in context."
commons-lang,org.apache.commons.lang3.text.txt,God Component,package,org.apache.commons.lang3.text,0,"The package has 10 top-level classes and 5402 LOC, which is moderate for a utility library package. The package is cohesive in functionality and has low coupling (Ce=2, Ca=1). While some individual classes are large (e.g., StrBuilder with 2304 LOC), the package as a whole is not excessively large in terms of LOC or number of classes."
commons-lang,org.apache.commons.lang3.time.txt,God Component,package,org.apache.commons.lang3.time,1,"Package contains 51 classes and 6908 total LOC, with multiple large individual classes exceeding 500 LOC (FastDatePrinter: 1132, DateUtils: 1095, FastDateParser: 764, StopWatch: 549, DurationFormatUtils: 561), indicating excessive size and broad scope for a single component."
commons-lang,org.apache.commons.lang3.tuple.txt,God Component,package,org.apache.commons.lang3.tuple,0,"The package contains 6 classes with a total of 795 lines of code, which is moderate. Each class is small (LOC between 113 and 159) and focused on tuple representations, with low coupling (Ce=1, Ca=1). The component is not excessively large in terms of lines of code or number of classes."
commons-lang,org.apache.commons.lang3.txt,God Component,package,org.apache.commons.lang3,1,"Package contains 73 classes and 26295 LOC, which is excessively large. Individual classes such as ArrayUtils (5740 LOC, 377 methods) and StringUtils (4411 LOC, 244 methods) are extremely large and complex, dominating the package's size and functionality."
commons-lang,org.apache.commons.lang3.util.txt,God Component,package,org.apache.commons.lang3.util,0,Package has only 2 classes and 463 total LOC; individual class sizes (396 and 67 LOC) are not excessive; overall scale does not indicate excessive size in terms of classes or code volume.
google-java-format,com.google.googlejavaformat.intellij.txt,God Component,package,com.google.googlejavaformat.intellij,0,"Package contains 10 classes with only 381 total LOC, and individual classes are small (max 73 LOC). The component size is moderate, with each class having focused responsibilities and reasonable metrics."
google-java-format,com.google.googlejavaformat.java.filer.txt,God Component,package,com.google.googlejavaformat.java.filer,0,"The package contains only 2 classes with a total of 102 LOC, which is modest in size. Individual classes are small (49 and 53 LOC, 7 methods each) and have low complexity metrics, indicating focused responsibilities."
google-java-format,com.google.googlejavaformat.java.javadoc.txt,God Component,package,com.google.googlejavaformat.java.javadoc,0,"Package has moderate size with 10 classes and 888 total LOC; no individual class is excessively large (max LOC 375, methods 36) within a specialized javadoc formatting domain."
google-java-format,com.google.googlejavaformat.java.txt,God Component,package,com.google.googlejavaformat.java,1,"The package contains 76 classes and 8184 lines of code, indicating excessive size. The class JavaInputAstVisitor alone has 3233 LOC and 167 methods, dominating the package and demonstrating lack of decomposition."
google-java-format,com.google.googlejavaformat.txt,God Component,package,com.google.googlejavaformat,0,"The package has 32 classes and 2478 LOC, which is moderate for a core formatting library. Most classes are small, with only two exceeding 500 LOC, and the average class size is around 77 LOC. The number of classes and total LOC do not indicate an excessively large component in this context."
gson,com.example.txt,God Component,package,com.example,0,"Package has 33 classes and 577 total LOC, with individual classes being small (average ~17.5 LOC). No single class is excessively large (largest class has 173 LOC, 19 methods). This is a test package with focused, small classes, which is typical and not excessively large in context."
gson,com.google.gson.extras.examples.rawcollections.txt,God Component,package,com.google.gson.extras.examples.rawcollections,0,"The package has only 2 classes and 38 lines of code, which is very small and does not indicate excessive size in terms of number of classes or lines of code."
gson,com.google.gson.graph.txt,God Component,package,com.google.gson.graph,0,"Package contains only 4 classes with 403 total LOC; the main class GraphAdapterBuilder has 228 LOC, which is substantial but not excessively large in context, and the overall component size does not indicate excessive responsibility or complexity."
gson,com.google.gson.interceptors.txt,God Component,package,com.google.gson.interceptors,0,"The package contains only 3 classes and 65 total lines of code, which is a small and focused unit; the classes are also small with individual LOC of 34, 21, and 10, showing no excessive size in terms of classes or code volume."
gson,com.google.gson.internal.bind.txt,God Component,package,com.google.gson.internal.bind,1,"Package contains 30 classes and 3316 LOC, which is excessively large. Several individual classes are very large and complex (e.g., TypeAdapters with 681 LOC and 126 WMC, ReflectiveTypeAdapterFactory with 407 LOC, JavaTimeTypeAdapters with 317 LOC), indicating the package handles too many responsibilities."
gson,com.google.gson.internal.bind.util.txt,God Component,package,com.google.gson.internal.bind.util,0,"The package contains only one class with 264 LOC and 9 methods, which is a focused utility component. The LOC and method count are moderate, and the class has a single responsibility related to ISO8601 date handling. The low coupling (Ca=1, Ce=0) and absence of dependencies further indicate it is not excessively large or complex."
gson,com.google.gson.internal.reflect.txt,God Component,package,com.google.gson.internal.reflect,0,"The package contains only 4 classes with a total of 299 LOC, and the largest class has 218 LOC. This scale is not excessively large for a utility package, and it does not indicate an excessive number of responsibilities or overwhelming size typical of a God Component."
gson,com.google.gson.internal.sql.txt,God Component,package,com.google.gson.internal.sql,0,"The package contains only 4 classes and 166 lines of code, which is relatively small and focused; each class has a single, cohesive responsibility related to SQL type adapters, and the overall metrics do not indicate excessive size or complexity."
gson,com.google.gson.internal.txt,God Component,package,com.google.gson.internal,0,"Package has 30 classes and 2464 LOC, which is moderate for an internal library package; no single class exceeds 600 LOC, and responsibilities appear distributed across multiple focused classes."
gson,com.google.gson.metrics.txt,God Component,package,com.google.gson.metrics,0,"The package has 22 classes and 831 LOC, which is moderate for a benchmarking suite. No single class is excessively large (max LOC 295), and the classes are cohesive with low coupling (Ce=3, Ca=0)."
gson,com.google.gson.protobuf.generated.txt,God Component,package,com.google.gson.protobuf.generated,1,"Package contains 27 classes with total 17,618 LOC, dominated by one massive Bag.java file (6,101 LOC for outer class) containing 26 inner classes, including several inner classes each with 1,000+ LOC (ProtoWithAnnotations 2,361 LOC, InnerMessage 1,413 LOC), making the component excessively large in both class count and code volume."
gson,com.google.gson.protobuf.txt,God Component,package,com.google.gson.protobuf,0,"The package contains only 3 classes with a total of 308 LOC, which is not excessively large. The main class has 243 LOC but does not dominate the package excessively in context, and the overall size and complexity are moderate."
gson,com.google.gson.reflect.txt,God Component,package,com.google.gson.reflect,1,"Package contains a single class (TypeToken) with excessive size (285 LOC, 22 methods, 64 WMC) and handles multiple responsibilities including type resolution and caching, forming a monolithic component that centralizes too much functionality."
gson,com.google.gson.stream.txt,God Component,package,com.google.gson.stream,0,"The package has 5 classes and 1839 LOC, which is not excessively large. While JsonReader is a large class (1244 LOC), the package's total size and number of classes are moderate and appropriate for its focused responsibility of streaming JSON handling."
gson,com.google.gson.txt,God Component,package,com.google.gson,0,"Package contains 32 classes and 3235 LOC, which is moderate for a core library package. The largest class (Gson) has 826 LOC and 51 methods, but overall distribution shows many small/medium classes. Package cohesion appears reasonable given the domain focus on JSON processing."
gson,com.google.gson.typeadapters.txt,God Component,package,com.google.gson.typeadapters,0,"The package contains only 4 classes and 409 total lines of code, which is not excessively large. Individual class sizes are moderate, with the largest class having 208 lines, and overall package complexity and coupling are low."
javaparser,(default package).txt,God Component,package,(default package),1,"Package contains 101 classes which is excessively high, far exceeding typical package size norms. Despite relatively low total LOC (676), the sheer number of classes concentrated in a single package indicates poor modularization and violation of single responsibility principle at package level."
javaparser,a.b.c.txt,God Component,package,a.b.c,0,"The package contains only 6 small classes with a total of 26 lines of code, each class being minimal (e.g., 2-9 LOC). This is far from excessively large in terms of either number of classes or overall size."
javaparser,a.txt,God Component,package,a,0,"The package contains only 4 small classes with a total of 22 lines of code, which is not excessively large in terms of number of classes or LOC."
javaparser,aPackage.txt,God Component,package,aPackage,0,"The package contains only 2 classes and 10 lines of code, which is far below any reasonable threshold for being considered excessively large in either dimension."
javaparser,another.txt,God Component,package,another,0,"Package has only 6 classes and 11 total lines of code, each class is minimal (1-2 LOC) with no methods or fields, indicating a very small, focused component."
javaparser,bar.txt,God Component,package,bar,0,"Package contains only 1 class with 2 lines of code, which is extremely small and shows no signs of excessive size in terms of classes or code volume."
javaparser,box.txt,God Component,package,box,0,"The component is minimal with only one class and two lines of code, showing no sign of excessive size or responsibility."
javaparser,com.example.txt,God Component,package,com.example,0,"The package has 6 classes and only 34 total lines of code, which is very small. The individual classes are tiny (maximum 11 LOC) and exhibit low complexity and coupling, not indicating excessive size or responsibility."
javaparser,com.foo.base.txt,God Component,package,com.foo.base,0,"Package contains only one class with minimal lines of code (2 LOC) and no significant complexity metrics (0 methods, 0 fields). The component is extremely small in both size and responsibility scope."
javaparser,com.foo.txt,God Component,package,com.foo,0,"Package has only one class with 20 lines of code, which is small in size and number of classes, not meeting the criteria for excessive complexity or scale."
javaparser,com.github.javaparser.ast.body.txt,God Component,package,com.github.javaparser.ast.body,1,"Package contains 18 classes and 3034 LOC, indicating very large scale. High afferent coupling (Ca=29) and efferent coupling (Ce=12) show extensive dependencies, with many classes having significant complexity (WMC up to 71, LOC up to 293). This suggests the component is central and excessively large in both size and responsibility."
javaparser,com.github.javaparser.ast.comments.txt,God Component,package,com.github.javaparser.ast.comments,0,"The package contains only 7 classes and 508 total lines of code, with no individual class exceeding 158 lines of code or 35 methods, indicating a small and focused component without excessive size in either dimension."
javaparser,com.github.javaparser.ast.expr.txt,God Component,package,com.github.javaparser.ast.expr,1,"The package contains 48 classes and 4911 LOC, which is excessively large. This is compounded by the presence of a very large base class (Expression with 536 LOC, 177 methods, and 71 children) and multiple other substantial classes, indicating the package is trying to do too much and should be split."
javaparser,com.github.javaparser.ast.modules.txt,God Component,package,com.github.javaparser.ast.modules,0,"Package contains only 7 classes with 835 total LOC, with individual class sizes moderate (91-144 LOC each). The component is cohesive, focused on module directives, and not excessively large given its responsibilities."
javaparser,com.github.javaparser.ast.nodeTypes.modifiers.txt,God Component,package,com.github.javaparser.ast.nodeTypes.modifiers,0,"Package has only 8 small classes and total 88 LOC, with each class focused on a specific modifier interface, which is not excessively large."
javaparser,com.github.javaparser.ast.nodeTypes.txt,God Component,package,com.github.javaparser.ast.nodeTypes,0,"Package contains 31 small, cohesive interface classes (avg 44 LOC each) focused on specific AST node behaviors, with low coupling metrics (Ce=10, Ca=8). The total size (1358 LOC) and class count are appropriate for a utility package in a parser library."
javaparser,com.github.javaparser.ast.observer.txt,God Component,package,com.github.javaparser.ast.observer,0,"Package contains 7 classes and 276 total LOC, which is a moderate size. Individual class sizes are not excessive, with the largest class having 135 LOC. The component is not excessively large in terms of LOC or number of classes within the context of a typical codebase."
javaparser,com.github.javaparser.ast.stmt.txt,God Component,package,com.github.javaparser.ast.stmt,0,"The package contains 26 classes with a total of 2723 LOC, which is a moderate size for a specialized AST statement package in a parser library. The classes are cohesive and focused on distinct statement types, and the size is justified by the domain's need for comprehensive representation without excessive complexity."
javaparser,com.github.javaparser.ast.txt,God Component,package,com.github.javaparser.ast,0,"The package has 21 classes and 2829 lines of code, which is substantial but not excessively large for a core AST package in a parser library. The package has a single responsibility (defining AST nodes) and the size is distributed across multiple classes, though two classes are particularly large. The high afferent coupling (Ca=44) is expected for a core package and does not necessarily indicate a God Component."
javaparser,com.github.javaparser.ast.type.txt,God Component,package,com.github.javaparser.ast.type,0,"Package has 16 classes with total 1563 LOC, which is moderate for a domain modeling component. Individual classes exhibit focused responsibilities (e.g., ArrayType, ClassOrInterfaceType) with reasonable sizes (max 211 LOC) and low fan-out. The high number of classes is justified by representing distinct type system entities in a parser framework."
javaparser,com.github.javaparser.ast.validator.language_level_validations.chunks.txt,God Component,package,com.github.javaparser.ast.validator.language_level_validations.chunks,0,"The package contains 7 classes and 359 LOC, which is a moderate size. The largest class has 168 LOC and 18 methods, but overall the package is cohesive and focused on language-level validation without excessive size in terms of classes or code volume."
javaparser,com.github.javaparser.ast.validator.language_level_validations.txt,God Component,package,com.github.javaparser.ast.validator.language_level_validations,0,"Package contains 35 classes with 658 total LOC, but each class is small (average ~19 LOC) and focused on specific Java version validation; overall package size and complexity remain manageable despite the number of classes."
javaparser,com.github.javaparser.ast.validator.postprocessors.txt,God Component,package,com.github.javaparser.ast.validator.postprocessors,0,"Package contains 17 classes but total LOC is only 134, with individual classes being very small (mostly 5 LOC each). The largest class has 30 LOC, and package demonstrates high cohesion with focused, single-responsibility classes per Java version."
javaparser,com.github.javaparser.ast.validator.txt,God Component,package,com.github.javaparser.ast.validator,0,"Package has only 190 LOC and 10 relatively small classes, with the largest class having only 30 LOC. The overall size is modest and does not indicate excessive complexity or responsibility concentration."
javaparser,com.github.javaparser.ast.visitor.txt,God Component,package,com.github.javaparser.ast.visitor,1,"Package contains 18 classes and 11816 LOC, which is excessively large for a single component. Multiple visitor classes exceed 1000 LOC each and have over 100 methods, indicating massive responsibilities and lack of separation. The package has high coupling (Ce=11, Ca=11) and handles extensive AST node types across the entire codebase."
javaparser,com.github.javaparser.generator.core.node.txt,God Component,package,com.github.javaparser.generator.core.node,0,"The package contains 9 classes with a total of 360 lines of code; individual classes are small and focused, with the largest having 118 lines of code and 6 methods, indicating a well-distributed, single-responsibility design without excessive size."
javaparser,com.github.javaparser.generator.core.other.txt,God Component,package,com.github.javaparser.generator.core.other,0,"Package has only 3 classes and 122 lines of code, which are small in number and size, and no class exceeds 50 lines of code, indicating no excessive complexity or size."
javaparser,com.github.javaparser.generator.core.quality.txt,God Component,package,com.github.javaparser.generator.core.quality,0,"Package contains only one class with 93 lines of code, 8 methods, and 2 public methods; this scale is moderate and not indicative of excessive size in terms of classes or lines of code."
javaparser,com.github.javaparser.generator.core.txt,God Component,package,com.github.javaparser.generator.core,0,"The package contains only one class with 48 lines of code, which is a small size and does not indicate excessive complexity or responsibility."
javaparser,com.github.javaparser.generator.core.utils.txt,God Component,package,com.github.javaparser.generator.core.utils,0,"The package contains only one class with 16 LOC and 2 methods, which is a very small and focused component."
javaparser,com.github.javaparser.generator.core.visitor.txt,God Component,package,com.github.javaparser.generator.core.visitor,0,"Package has 15 classes but only 426 total LOC with average class size of 28.4 LOC; individual classes are small (12-56 LOC each) with simple metrics (2-3 methods, low WMC), and all classes share similar focused visitor generation responsibilities."
javaparser,com.github.javaparser.generator.metamodel.txt,God Component,package,com.github.javaparser.generator.metamodel,0,"The package has only 5 classes and 369 lines of code, which is not excessively large. The largest class (MetaModelGenerator) has 185 lines of code and 8 methods, which is moderate and does not indicate a God Component in this context."
javaparser,com.github.javaparser.generator.txt,God Component,package,com.github.javaparser.generator,0,"Package contains only 5 classes with total 325 LOC; individual classes are moderate in size (largest class has 165 LOC) with focused responsibilities, and dependencies are well-distributed without excessive concentration in a single class."
javaparser,com.github.javaparser.javadoc.description.txt,God Component,package,com.github.javaparser.javadoc.description,0,"Package has 5 classes and 186 LOC total, with the largest class (JavadocInlineTag) at 71 LOC and 9 methods. These metrics indicate a small, focused component without excessive size or responsibility concentration."
javaparser,com.github.javaparser.javadoc.txt,God Component,package,com.github.javaparser.javadoc,0,"The package has only 3 classes and 216 total lines of code, which is not excessively large in terms of number of classes or LOC. The individual classes are moderate in size (max 113 LOC, 14 methods)."
javaparser,com.github.javaparser.javasymbolsolver.javassist_symbols.excluded_jar.txt,God Component,package,com.github.javaparser.javasymbolsolver.javassist_symbols.excluded_jar,0,"Package contains only 2 small classes with a total of 6 lines of code, which is not excessively large in terms of class count or LOC."
javaparser,com.github.javaparser.javasymbolsolver.javassist_symbols.included_jar.txt,God Component,package,com.github.javaparser.javasymbolsolver.javassist_symbols.included_jar,0,"The package contains only 2 classes and 6 total lines of code, which is not excessively large in terms of size or complexity."
javaparser,com.github.javaparser.javasymbolsolver.javassist_symbols.main_jar.txt,God Component,package,com.github.javaparser.javasymbolsolver.javassist_symbols.main_jar,0,"Package contains 17 small classes with a total of only 47 lines of code. All classes are extremely simple (1-4 LOC each), with zero methods and minimal responsibilities, indicating this is not an excessively large component."
javaparser,com.github.javaparser.metamodel.txt,God Component,package,com.github.javaparser.metamodel,1,"Package contains 121 classes with total 2549 LOC, including JavaParserMetaModel class with 973 LOC (38% of package total) and 119 fields, significantly larger than all other classes (typically <20 LOC). This concentration of functionality in a single component exhibits excessive size and responsibility."
javaparser,com.github.javaparser.printer.concretesyntaxmodel.txt,God Component,package,com.github.javaparser.printer.concretesyntaxmodel,0,"Package contains 18 classes with total 588 LOC; average class size is small (avg LOC ~32.7) with no single class exceeding 100 LOC. The 18 classes represent a focused model hierarchy with specific, limited responsibilities and low coupling (Ce=7, Ca=3), indicating well-distributed design."
javaparser,com.github.javaparser.printer.configuration.imports.txt,God Component,package,com.github.javaparser.printer.configuration.imports,0,"Package contains only 3 small classes with total 99 LOC; each class has 3 methods and low complexity metrics (WMC 4-10, LCOM 0.0). The overall size and responsibilities are appropriately scoped for import ordering strategies."
javaparser,com.github.javaparser.printer.configuration.txt,God Component,package,com.github.javaparser.printer.configuration,0,"The package contains 9 classes and 452 lines of code, which are moderate in size. The largest class, PrettyPrinterConfiguration, has 170 LOC and 34 methods, but this does not constitute excessive size for the entire package. The package's coupling (Ce=2, Ca=5) and the overall code volume are within reasonable limits, not indicating a God Component."
javaparser,com.github.javaparser.printer.lexicalpreservation.changes.txt,God Component,package,com.github.javaparser.printer.lexicalpreservation.changes,0,Package has only 6 classes with total 170 LOC; individual classes are small (max 41 LOC) and cohesive with focused responsibilities; does not exhibit excessive size or complexity characteristic of God Component.
javaparser,com.github.javaparser.printer.lexicalpreservation.txt,God Component,package,com.github.javaparser.printer.lexicalpreservation,1,"Package contains 36 classes and 3801 lines of code, which is excessively large for a single package. Multiple individual classes also exhibit high complexity metrics (Difference: 788 LOC, 46 methods; LexicalPreservingPrinter: 592 LOC). The package handles lexical preservation functionality with numerous responsibilities spread across many tightly coupled classes, indicating excessive size and reduced cohesion."
javaparser,com.github.javaparser.printer.txt,God Component,package,com.github.javaparser.printer,1,"Package has high total LOC (3974) with two classes (PrettyPrintVisitor and DefaultPrettyPrinterVisitor) comprising over 82% of the code, each exceeding 1500 LOC and 120 methods, indicating excessive size and functional concentration."
javaparser,com.github.javaparser.quality.txt,God Component,package,com.github.javaparser.quality,0,"Component has only one class with 40 lines of code and 5 methods, which does not constitute an excessively large size in terms of lines of code or number of classes."
javaparser,com.github.javaparser.range.txt,God Component,package,com.github.javaparser.range,0,"The package contains only 2 small classes with a total of 10 LOC, which is not excessively large in terms of size or complexity."
javaparser,com.github.javaparser.resolution.cache.txt,God Component,package,com.github.javaparser.resolution.cache,0,"The package has only 2 classes and 106 total lines of code, with individual classes being small (58 and 48 LOC) and having low method counts (14 and 8). This scale does not indicate excessive size in either class count or overall code volume."
javaparser,com.github.javaparser.resolution.declarations.txt,God Component,package,com.github.javaparser.resolution.declarations,0,"The package contains 22 classes with total 1189 LOC, which represents a moderate size for a domain modeling package. Individual classes are small (average ~54 LOC) and focused on specific declaration types without excessive complexity metrics. The package shows high cohesion through related interface definitions and does not exhibit the characteristics of an excessively large component."
javaparser,com.github.javaparser.resolution.logic.txt,God Component,package,com.github.javaparser.resolution.logic,0,"The package has 7 classes and 1322 LOC, which are moderate in size for a typical Java project. While one class (MethodResolutionLogic) is large (803 LOC, 31 methods), the overall package is not excessively large in terms of class count or total lines of code."
javaparser,com.github.javaparser.resolution.model.txt,God Component,package,com.github.javaparser.resolution.model,0,"Package contains only 3 classes with 143 total LOC; individual classes are small (71, 44, and 28 LOC each); dependencies are minimal; does not exhibit characteristics of excessive size in classes or code volume"
javaparser,com.github.javaparser.resolution.model.typesystem.txt,God Component,package,com.github.javaparser.resolution.model.typesystem,0,"The package contains only 3 classes with a total of 258 lines of code, which is a small and focused module, and each class is relatively small in size and responsibility."
javaparser,com.github.javaparser.resolution.promotion.txt,God Component,package,com.github.javaparser.resolution.promotion,0,"Package contains only one small class with very low LOC (3) and minimal dependencies, showing no signs of excessive size or responsibility."
javaparser,com.github.javaparser.resolution.txt,God Component,package,com.github.javaparser.resolution,0,"Package has 10 classes and 753 LOC total, with individual classes showing moderate sizes (max 214 LOC, max 26 methods). The component shows balanced responsibilities across multiple focused classes without excessive concentration in any single component."
javaparser,com.github.javaparser.resolution.types.parametrization.txt,God Component,package,com.github.javaparser.resolution.types.parametrization,0,"The package contains only 4 classes with a total of 152 LOC, and the largest class has 84 LOC and 12 methods, which are not excessively large in the given context."
javaparser,com.github.javaparser.resolution.types.txt,God Component,package,com.github.javaparser.resolution.types,0,"Package contains 12 classes and 1040 lines of code, which is moderate. Individual classes show focused responsibilities with reasonable sizes, and dependencies indicate cohesive type system modeling without excessive centralization."
javaparser,com.github.javaparser.serialization.txt,God Component,package,com.github.javaparser.serialization,0,"The package contains only 6 classes with a total of 290 LOC. The two main classes have 126 and 129 LOC respectively, which are moderate sizes, and the other classes are small inner classes. The overall size is not excessively large in terms of number of classes or total lines of code."
javaparser,com.github.javaparser.storage.txt,God Component,package,com.github.javaparser.storage,0,"The package contains only 1 class and 2 lines of code, which is extremely small and does not indicate an excessively large component."
javaparser,com.github.javaparser.symbolsolver.cache.txt,God Component,package,com.github.javaparser.symbolsolver.cache,0,"The package has only 4 classes with a total of 263 LOC; individual classes are small (max 136 LOC, 19 methods), indicating focused responsibilities and no excessive size in either class count or code volume."
javaparser,com.github.javaparser.symbolsolver.core.resolution.txt,God Component,package,com.github.javaparser.symbolsolver.core.resolution,0,"The package has only 3 small classes with a combined 17 lines of code, and each class has minimal methods and dependencies, indicating no excessive size or responsibility."
javaparser,com.github.javaparser.symbolsolver.declarations.common.txt,God Component,package,com.github.javaparser.symbolsolver.declarations.common,0,"The package contains a single class with only 55 lines of code and 5 methods, which is not excessively large in terms of size, complexity, or number of constituent classes."
javaparser,com.github.javaparser.symbolsolver.javaparsermodel.contexts.txt,God Component,package,com.github.javaparser.symbolsolver.javaparsermodel.contexts,1,"Package contains 37 classes with 2,451 LOC, representing an excessively large component with high internal complexity across multiple context implementation classes."
javaparser,com.github.javaparser.symbolsolver.javaparsermodel.declarations.txt,God Component,package,com.github.javaparser.symbolsolver.javaparsermodel.declarations,0,"Package contains 24 classes (moderate count for a domain-specific declaration module) and 2568 LOC, with individual classes showing reasonable size distribution (most under 150 LOC, few larger but specialized). No single component exhibits excessive size or overwhelming complexity given the package's focused responsibility for Java declaration representations."
javaparser,com.github.javaparser.symbolsolver.javaparsermodel.declarators.txt,God Component,package,com.github.javaparser.symbolsolver.javaparsermodel.declarators,0,Package contains only 6 small classes with total 82 LOC; average class LOC is 13.7 with none exceeding 19 LOC; all classes have minimal methods (1-2) and dependencies; package metrics show modest efferent coupling (4) and no afferent coupling; component size is not excessive for a specialized utility package.
javaparser,com.github.javaparser.symbolsolver.javaparsermodel.txt,God Component,package,com.github.javaparser.symbolsolver.javaparsermodel,0,"The package contains 8 classes and 1736 lines of code, which is a moderate size for a complex library component. While some individual classes are large (e.g., DefaultVisitorAdapter with 103 methods, JavaParserFacade with 494 LOC), the overall package is not excessively large in terms of class count or total LOC within the context of a symbol-solving library."
javaparser,com.github.javaparser.symbolsolver.javassistmodel.txt,God Component,package,com.github.javaparser.symbolsolver.javassistmodel,0,"The package contains 16 classes and 1556 lines of code, which is moderately sized for a Java library package. The classes are specialized implementations for different declaration types (enum, interface, record, etc.) and are focused on a single responsibility domain (Javassist model integration). No single class exceeds 200 LOC, and the total codebase is within reasonable limits for its functionality."
javaparser,com.github.javaparser.symbolsolver.logic.txt,God Component,package,com.github.javaparser.symbolsolver.logic,0,"The component has only 3 classes and 101 lines of code, which is modest in size. The classes within the component are small (7, 40, and 54 LOC) and have low complexity, with moderate coupling (Ce=6, Ca=6). This does not indicate an excessively large component."
javaparser,com.github.javaparser.symbolsolver.reflectionmodel.comparators.txt,God Component,package,com.github.javaparser.symbolsolver.reflectionmodel.comparators,0,"The package contains only 3 small classes with a total of 49 lines of code, each class being focused on a single comparator with minimal methods and dependencies, which does not indicate excessive size in LOC or number of classes."
javaparser,com.github.javaparser.symbolsolver.reflectionmodel.txt,God Component,package,com.github.javaparser.symbolsolver.reflectionmodel,0,"The package contains 16 classes and 1848 LOC, which is moderate and not excessively large for a cohesive set of reflection model declarations. Individual class sizes are reasonable, with the largest having 312 LOC, and the total package size does not indicate an unmanageable or overly complex component."
javaparser,com.github.javaparser.symbolsolver.resolution.naming.txt,God Component,package,com.github.javaparser.symbolsolver.resolution.naming,0,"The package has 4 classes and 629 LOC, which is not excessively large. While the NameLogic class is large (599 LOC), the overall package size in terms of class count and total LOC does not indicate a God Component."
javaparser,com.github.javaparser.symbolsolver.resolution.promotion.txt,God Component,package,com.github.javaparser.symbolsolver.resolution.promotion,0,"The package contains only 4 small classes with a total of 101 LOC, and the largest class has 58 LOC; this scale is not indicative of a God Component."
javaparser,com.github.javaparser.symbolsolver.resolution.txt,God Component,package,com.github.javaparser.symbolsolver.resolution,0,"The package has a single class with 106 LOC and 14 methods, which does not indicate excessive size in lines of code or number of classes."
javaparser,com.github.javaparser.symbolsolver.resolution.typeinference.bounds.txt,God Component,package,com.github.javaparser.symbolsolver.resolution.typeinference.bounds,0,"The package has only 5 small classes and a total of 210 LOC. Individual classes are focused, with LOC ranging from 21 to 60 and moderate method counts. The overall size and complexity are not excessive for a utility package."
javaparser,com.github.javaparser.symbolsolver.resolution.typeinference.constraintformulas.txt,God Component,package,com.github.javaparser.symbolsolver.resolution.typeinference.constraintformulas,0,"Package has 7 classes and 433 total LOC, which is moderate. No single class is excessively large; the largest class (ExpressionCompatibleWithType) has 165 LOC and 11 methods, and all other classes are small with LOC ≤ 60. Overall size does not indicate excessive complexity or responsibility concentration."
javaparser,com.github.javaparser.symbolsolver.resolution.typeinference.txt,God Component,package,com.github.javaparser.symbolsolver.resolution.typeinference,1,"Package contains 21 classes with 2021 total LOC; multiple large classes exist including BoundSet (530 LOC, 32 methods), TypeInference (277 LOC, 21 methods), and LeastUpperBoundLogic (257 LOC, 27 methods). The package shows high complexity with multiple classes having high WMC values and extensive external dependencies, indicating excessive size and responsibility concentration."
javaparser,com.github.javaparser.symbolsolver.resolution.typesolvers.txt,God Component,package,com.github.javaparser.symbolsolver.resolution.typesolvers,0,"The package contains 9 classes with 1135 total lines of code, which is moderate for a utility package. Individual class sizes range from 34 to 247 LOC, with no single class dominating the package. The metrics do not indicate excessive size in terms of classes or lines of code for the component."
javaparser,com.github.javaparser.symbolsolver.txt,God Component,package,com.github.javaparser.symbolsolver,1,"Package has one dominant class (JavaSymbolSolver) with very high LOC (324) and complexity (WMC=88), representing 67.5% of package's total LOC (480) while only containing 3 classes total, indicating excessive size and responsibility concentration."
javaparser,com.github.javaparser.symbolsolver.utils.txt,God Component,package,com.github.javaparser.symbolsolver.utils,0,"The package contains only 4 classes with a total of 165 LOC. The individual classes are small, with the largest having 71 LOC and 7 methods. The package's overall size and complexity are not indicative of an excessively large component."
javaparser,com.github.javaparser.testpackage.txt,God Component,package,com.github.javaparser.testpackage,0,"The package has only one class with 6 lines of code and minimal complexity (2 methods, no dependencies), which is not excessively large."
javaparser,com.github.javaparser.txt,God Component,package,com.github.javaparser,1,"Package contains 54 classes with 18,663 total LOC, significantly high for a single package. The class 'GeneratedJavaParser' alone has 10,520 LOC and 789 methods, dominating the package size. Multiple other classes exceed 300 LOC. High Ce (16) and Ca (38) indicate extensive external and internal coupling."
javaparser,com.github.javaparser.utils.txt,God Component,package,com.github.javaparser.utils,1,"Package contains 34 classes with 2501 total LOC, including multiple large classes like SourceRoot (453 LOC, 40 methods), StringEscapeUtils (257 LOC with multiple inner classes), and VisitorList (175 LOC, 37 methods). The package exhibits high afferent coupling (Ca=35) and contains diverse utilities spanning string processing, file operations, visitor patterns, and code generation, indicating excessive responsibility concentration."
javaparser,com.github.javaparser.wiki_samples.txt,God Component,package,com.github.javaparser.wiki_samples,0,"The package contains only 1 class with 10 LOC, which is not excessively large in lines of code or number of classes."
javaparser,com.packageName.txt,God Component,package,com.packageName,0,"The package contains only 4 small classes and 35 total LOC, which is not excessively large in scale or complexity for a component."
javaparser,d.e.f.txt,God Component,package,d.e.f,0,"The package contains only 2 classes with a total of 10 lines of code, and each individual class is small (5 lines of code, 1 method, 0 fields). This is not excessively large in terms of class count or code volume."
javaparser,demo.txt,God Component,package,demo,0,"Package contains only 6 small classes with total 111 LOC, each class has minimal methods and fields, low complexity metrics, and appears to be test code rather than production implementation."
javaparser,extends_duplicate.txt,God Component,package,extends_duplicate,0,"The package contains only 3 classes with a total of 8 lines of code, which is not excessively large in terms of either class count or code volume."
javaparser,foo.bar.differentpackage.txt,God Component,package,foo.bar.differentpackage,0,"Package has only 2 classes and 8 lines of code, which is not excessively large in terms of class count or code volume."
javaparser,foo.bar.txt,God Component,package,foo.bar,0,"The package contains 6 classes and a total of 20 lines of code, with each class having between 1 and 5 lines. This scale is small and does not indicate excessive size in terms of classes or lines of code."
javaparser,foo.txt,God Component,package,foo,0,"The package contains 15 classes but has very low overall complexity (total LOC:71, average class LOC:4.73). Most classes are minimal with 0-2 methods and 2-9 LOC, indicating they are small, focused classes rather than a single excessively large component."
javaparser,groovy.transform.builder.txt,God Component,package,groovy.transform.builder,0,"Package contains only one class with 117 LOC and 15 methods, which does not indicate excessive size or complexity for a single component in this context."
javaparser,implements_duplicate.txt,God Component,package,implements_duplicate,0,"Package has only 3 classes and 8 lines of code, which is too small to be considered excessively large."
javaparser,issue1945.implementations.txt,God Component,package,issue1945.implementations,0,"The package contains only 3 classes and 17 lines of code, which is not excessively large in terms of number of classes or code volume. All individual classes are small and focused, with low method counts and no indication of monolithic functionality."
javaparser,issue1945.interfaces.txt,God Component,package,issue1945.interfaces,0,"Package has only 3 classes and 20 total LOC, with the largest class having 14 LOC. All classes are small and focused, showing no signs of excessive size in lines of code or number of classes."
javaparser,issue1945.main.txt,God Component,package,issue1945.main,0,"The package has only 1 class with 28 LOC, which is not excessively large in terms of lines of code or number of classes."
javaparser,issue241.txt,God Component,package,issue241,0,"The package contains only 2 classes and 6 total lines of code, which is not excessively large in terms of size or complexity."
javaparser,japa.bdd.samples.txt,God Component,package,japa.bdd.samples,0,"The package has 12 classes and 430 total LOC, which is moderately sized. The main class JavaConcepts has 299 LOC and 29 fields, but other classes are very small. The package shows low coupling (Ce=1, Ca=0) and the overall component size doesn't appear excessively large for a sample/utility package."
javaparser,japa.parser.comments.txt,God Component,package,japa.parser.comments,0,"Package contains only one class with 7 lines of code, which is not excessively large in terms of LOC or number of classes."
javaparser,javaparser.txt,God Component,package,javaparser,0,"The package contains only 5 classes and 57 lines of code total, with each class being small (max 31 LOC). These metrics do not indicate excessive size in terms of classes or lines of code."
javaparser,main.txt,God Component,package,main,0,"Package has 26 classes but total LOC is only 98, average LOC per class is very low (≈3.77), and all individual classes are extremely small with maximum LOC of 15, indicating distributed functionality rather than concentrated excessive size."
javaparser,org.tensorflow.op.txt,God Component,package,org.tensorflow.op,1,"The package has 12688 lines of code, which is excessively large. Moreover, each class in the package has over 3000 lines of code and over 300 methods, contributing to the package's overall size and complexity."
javaparser,package_a.txt,God Component,package,package_a,0,"The component has only 1 class and 2 LOC, which is minimal and does not exhibit excessive size in terms of classes or lines of code."
javaparser,package_b.txt,God Component,package,package_b,0,"The package contains only one class with 2 lines of code, which is not excessively large in terms of number of classes or lines of code."
javaparser,package_c.txt,God Component,package,package_c,0,"Package contains only 1 class with 2 lines of code (LOC); extremely low size in both number of classes and LOC, does not indicate excessive complexity or responsibility."
jimfs,com.google.common.jimfs.txt,God Component,package,com.google.common.jimfs,1,"The package contains 92 classes and 8457 lines of code, which is excessively large. The package centralizes a wide range of responsibilities including file system implementation, path handling, attribute providers, and watch services, indicating a lack of modularization and high complexity within a single component."
jitwatch,(default package).txt,God Component,package,(default package),1,"Package has 104 classes and 42,742 lines of code, which is excessively large for a single package, with one class alone containing 20,010 LOC and 5,001 methods."
jitwatch,org.adoptopenjdk.jitwatch.chain.txt,God Component,package,org.adoptopenjdk.jitwatch.chain,0,"Package contains only 2 classes with a combined 228 lines of code; each class has moderate size (111 and 117 LOC) with limited method counts (19 and 5), not constituting an excessively large component."
jitwatch,org.adoptopenjdk.jitwatch.compilation.codecache.txt,God Component,package,org.adoptopenjdk.jitwatch.compilation.codecache,0,"The package contains only 2 classes and 88 lines of code, which is small and not excessively large in terms of class count or code volume."
jitwatch,org.adoptopenjdk.jitwatch.compilation.txt,God Component,package,org.adoptopenjdk.jitwatch.compilation,0,"Package has 4 classes and 246 LOC, which is moderate in size; largest class (CompilationUtil) has 224 LOC and 12 methods, indicating responsibility but not excessive bulk within this context."
jitwatch,org.adoptopenjdk.jitwatch.core.txt,God Component,package,org.adoptopenjdk.jitwatch.core,1,"The package exhibits God Component due to the JITWatchConfig class (568 LOC, 86 methods) and JITWatchConstants class (296 LOC, 283 fields) being excessively large and complex, dominating the package's total size of 1071 LOC across 9 classes, indicating centralization of too many responsibilities."
jitwatch,org.adoptopenjdk.jitwatch.demo.txt,God Component,package,org.adoptopenjdk.jitwatch.demo,0,"Package contains only one class (num_classes:1) with 331 LOC and 39 methods, but exhibits high cohesion (lcom:0.051) and no dependencies, indicating a focused component that is not excessively large in this context."
jitwatch,org.adoptopenjdk.jitwatch.histo.txt,God Component,package,org.adoptopenjdk.jitwatch.histo,0,"The package contains only 7 classes and 239 lines of code, which is not excessively large for a component. Individual classes are small to moderate in size (max 94 LOC), and the overall structure does not indicate disproportionate scale or responsibility concentration."
jitwatch,org.adoptopenjdk.jitwatch.hotthrow.txt,God Component,package,org.adoptopenjdk.jitwatch.hotthrow,0,"Package contains only 2 classes with 169 total LOC, which is small in scale. Individual classes (118 and 51 LOC) are modest in size and focused. Number of external dependencies (Ce=4) is low, indicating limited responsibility breadth."
jitwatch,org.adoptopenjdk.jitwatch.inline.txt,God Component,package,org.adoptopenjdk.jitwatch.inline,0,"The package contains only 3 classes and 251 total lines of code, which is modest in size and scope. No single class or the package as a whole shows excessive scale or responsibility based on the provided metrics."
jitwatch,org.adoptopenjdk.jitwatch.intrinsic.txt,God Component,package,org.adoptopenjdk.jitwatch.intrinsic,0,"Package contains only one class with 89 lines of code and 3 methods, which is not excessively large in size or complexity for a single responsibility component."
jitwatch,org.adoptopenjdk.jitwatch.jarscan.allocationcount.txt,God Component,package,org.adoptopenjdk.jitwatch.jarscan.allocationcount,0,"Package contains only 3 classes with total 93 lines of code; each class has low to moderate metrics (max LOC 37, max WMC 9), indicating compact, focused functionality without excessive size or responsibility concentration."
jitwatch,org.adoptopenjdk.jitwatch.jarscan.freqinlinesize.txt,God Component,package,org.adoptopenjdk.jitwatch.jarscan.freqinlinesize,0,"Package contains only 1 class with 57 LOC, moderate complexity (WMC 9), and manageable dependencies; overall scale is small and focused."
jitwatch,org.adoptopenjdk.jitwatch.jarscan.instructioncount.txt,God Component,package,org.adoptopenjdk.jitwatch.jarscan.instructioncount,0,"The component is minimal with only one class and 48 lines of code, which does not indicate excessive size in either metric."
jitwatch,org.adoptopenjdk.jitwatch.jarscan.invokecount.txt,God Component,package,org.adoptopenjdk.jitwatch.jarscan.invokecount,0,"The package contains only 3 small classes with a total of 83 LOC, none of which exhibit excessive size in terms of LOC, methods, or complexity (WMC)."
jitwatch,org.adoptopenjdk.jitwatch.jarscan.methodlength.txt,God Component,package,org.adoptopenjdk.jitwatch.jarscan.methodlength,0,"Package contains only 1 class and 57 LOC, which is not excessively large in terms of code volume or structural complexity within the given context."
jitwatch,org.adoptopenjdk.jitwatch.jarscan.methodsizehisto.txt,God Component,package,org.adoptopenjdk.jitwatch.jarscan.methodsizehisto,0,"Package contains only 1 class with 41 LOC, which is not excessively large; class has low complexity (WMC=8) and minimal dependencies, indicating a focused, manageable component."
jitwatch,org.adoptopenjdk.jitwatch.jarscan.nextinstruction.txt,God Component,package,org.adoptopenjdk.jitwatch.jarscan.nextinstruction,0,"The package contains only 3 classes and 84 lines of code, which is a small and focused component, not excessively large."
jitwatch,org.adoptopenjdk.jitwatch.jarscan.sequencecount.txt,God Component,package,org.adoptopenjdk.jitwatch.jarscan.sequencecount,0,"The package has only 2 classes and 131 total lines of code. The largest class, SequenceCountOperation, has 105 lines and 10 methods, which is not excessively large in this context. Both classes have low complexity and limited responsibilities, with minimal external dependencies."
jitwatch,org.adoptopenjdk.jitwatch.jarscan.sequencesearch.txt,God Component,package,org.adoptopenjdk.jitwatch.jarscan.sequencesearch,0,"The package contains only 2 classes with a total of 164 LOC, which is not excessively large. The classes are small and focused with moderate complexity, and there are no indicators of a monolithic component."
jitwatch,org.adoptopenjdk.jitwatch.jarscan.txt,God Component,package,org.adoptopenjdk.jitwatch.jarscan,0,"The package contains only 2 classes and 307 total lines of code, which is not excessively large. The primary class JarScan (303 LOC) does not make the package a God Component given the moderate overall size and low class count."
jitwatch,org.adoptopenjdk.jitwatch.jarscan.visualiser.txt,God Component,package,org.adoptopenjdk.jitwatch.jarscan.visualiser,0,"Package contains only one class with 154 lines of code, which is not excessively large in terms of lines of code or number of classes. The class has 12 methods and 8 fields, a moderate size that does not indicate excessive complexity or responsibility."
jitwatch,org.adoptopenjdk.jitwatch.jvmlang.txt,God Component,package,org.adoptopenjdk.jitwatch.jvmlang,0,"The package contains a single class with 123 lines of code, 8 methods, and a weighted method count of 43, which does not indicate excessive size in terms of lines of code or number of classes."
jitwatch,org.adoptopenjdk.jitwatch.launch.txt,God Component,package,org.adoptopenjdk.jitwatch.launch,0,"The package contains only 2 classes and 159 lines of code, which is not excessively large in terms of class count or code volume."
jitwatch,org.adoptopenjdk.jitwatch.loader.txt,God Component,package,org.adoptopenjdk.jitwatch.loader,0,"Package contains only 4 classes and 659 total LOC, with moderate dependencies (Ce=5, Ca=7). While one class (BytecodeLoader) is large (541 LOC), the overall package size is not excessive given typical component scales."
jitwatch,org.adoptopenjdk.jitwatch.logger.txt,God Component,package,org.adoptopenjdk.jitwatch.logger,0,"Package contains only 3 small classes with a total of 18 lines of code, far below thresholds for excessive size in either class count or code volume."
jitwatch,org.adoptopenjdk.jitwatch.model.assembly.arm.txt,God Component,package,org.adoptopenjdk.jitwatch.model.assembly.arm,0,"The package has only 6 classes and 328 total lines of code, which is not excessively large. One class (AssemblyParserARM) is larger (214 LOC) but the overall package size and class count are moderate, and dependencies (Ce=1, Ca=2) are low, indicating manageable complexity."
jitwatch,org.adoptopenjdk.jitwatch.model.assembly.txt,God Component,package,org.adoptopenjdk.jitwatch.model.assembly,0,"Package contains 11 classes and 1047 total LOC, with individual classes showing moderate sizes (maximum 216 LOC) and focused responsibilities, indicating reasonable decomposition without excessive size or centralization."
jitwatch,org.adoptopenjdk.jitwatch.model.assembly.x86.txt,God Component,package,org.adoptopenjdk.jitwatch.model.assembly.x86,0,"The package has only 3 classes and 215 total LOC, which is modest. The largest class, AssemblyParserX86, has 160 LOC, a moderate size. The metrics do not indicate an excessively large component in terms of code volume or complexity in the given context."
jitwatch,org.adoptopenjdk.jitwatch.model.bytecode.txt,God Component,package,org.adoptopenjdk.jitwatch.model.bytecode,0,"The package has 22 classes and 1547 total LOC, with an average of about 70 LOC per class. The largest class (BytecodeAnnotationBuilder) has 474 LOC, but most classes are small and focused on bytecode modeling. The package exhibits high cohesion and moderate size, not excessively large in terms of class count or overall LOC."
jitwatch,org.adoptopenjdk.jitwatch.model.txt,God Component,package,org.adoptopenjdk.jitwatch.model,1,"Package contains 29 classes with 2474 total lines of code, including several large classes (MemberSignatureParts with 462 LOC and 29 methods, AbstractMetaMember with 311 LOC and 38 methods, Compilation with 280 LOC and 39 methods), indicating excessive size and responsibility concentration."
jitwatch,org.adoptopenjdk.jitwatch.parser.hotspot.txt,God Component,package,org.adoptopenjdk.jitwatch.parser.hotspot,0,"The package contains only one class with 253 LOC and 19 methods, which does not represent excessive size in terms of lines of code or number of classes compared to typical god components."
jitwatch,org.adoptopenjdk.jitwatch.parser.j9.txt,God Component,package,org.adoptopenjdk.jitwatch.parser.j9,0,"The package contains only 3 classes and 249 total LOC, which is small in scale. The largest class (J9Line) has 143 LOC and 19 methods, but within the context of the entire package, this does not constitute an excessively large component."
jitwatch,org.adoptopenjdk.jitwatch.parser.txt,God Component,package,org.adoptopenjdk.jitwatch.parser,0,"Package contains only 5 classes with total 424 LOC; a single large class (AbstractLogParser with 374 LOC) exists, but overall component size is moderate and not excessive in context."
jitwatch,org.adoptopenjdk.jitwatch.parser.zing.txt,God Component,package,org.adoptopenjdk.jitwatch.parser.zing,0,"The package contains only 3 classes with 378 total LOC, and no single class exceeds 230 LOC or has an excessively high number of methods or fields within this context."
jitwatch,org.adoptopenjdk.jitwatch.process.compiler.txt,God Component,package,org.adoptopenjdk.jitwatch.process.compiler,0,"Package has 7 classes and 195 LOC, which is relatively small. Each class is focused and modest in size, with the largest having only 48 LOC, indicating clear separation of responsibilities and no excessive complexity."
jitwatch,org.adoptopenjdk.jitwatch.process.javap.txt,God Component,package,org.adoptopenjdk.jitwatch.process.javap,0,"Package contains only 2 classes with 140 total LOC, both classes have low method counts (4 and 5) and manageable complexity metrics, dependencies are minimal with Ce=1 and Ca=1"
jitwatch,org.adoptopenjdk.jitwatch.process.runtime.txt,God Component,package,org.adoptopenjdk.jitwatch.process.runtime,0,"The package contains only 7 classes with a total of 229 LOC, and all individual classes are small (max 48 LOC). The structure represents a focused, cohesive set of runtime implementations without excessive size or complexity."
jitwatch,org.adoptopenjdk.jitwatch.process.txt,God Component,package,org.adoptopenjdk.jitwatch.process,0,"Package contains only 2 classes with a total of 99 LOC; individual classes are small (4 and 95 LOC). The package has low complexity metrics (Ce=1, Ca=2) and no class exhibits excessive size or responsibility."
jitwatch,org.adoptopenjdk.jitwatch.report.comparator.txt,God Component,package,org.adoptopenjdk.jitwatch.report.comparator,0,"The package has only 2 classes and 10 lines of code, which is not excessively large in terms of number of classes or LOC."
jitwatch,org.adoptopenjdk.jitwatch.report.escapeanalysis.eliminatedallocation.txt,God Component,package,org.adoptopenjdk.jitwatch.report.escapeanalysis.eliminatedallocation,0,"Package has only 1 class and 8 lines of code, which is not excessively large. Dependencies are minimal with only 2 efferent and 1 afferent coupling."
jitwatch,org.adoptopenjdk.jitwatch.report.escapeanalysis.txt,God Component,package,org.adoptopenjdk.jitwatch.report.escapeanalysis,0,"Package has only 1 class and 65 lines of code (LOC); both metrics are low, not indicative of excessive size or complexity typical of a God Component."
jitwatch,org.adoptopenjdk.jitwatch.report.inlining.txt,God Component,package,org.adoptopenjdk.jitwatch.report.inlining,0,"Package has only 1 class with 52 LOC, 5 methods, and 2 fields, which is small in size and complexity compared to typical God Components."
jitwatch,org.adoptopenjdk.jitwatch.report.locks.txt,God Component,package,org.adoptopenjdk.jitwatch.report.locks,0,"The package contains only one class with 8 LOC, 2 methods, and minimal dependencies, which is not excessively large in terms of size or complexity."
jitwatch,org.adoptopenjdk.jitwatch.report.suggestion.txt,God Component,package,org.adoptopenjdk.jitwatch.report.suggestion,0,"The package contains a single class with 310 lines of code, which is not considered excessively large in terms of lines of code or number of classes. The class has 32 fields and 10 methods, but the low LCOM (0.2) indicates high cohesion, and the LOC is moderate."
jitwatch,org.adoptopenjdk.jitwatch.report.txt,God Component,package,org.adoptopenjdk.jitwatch.report,0,"The package contains only 3 classes with a total LOC of 99, and the largest class (Report) has 80 LOC, which does not indicate excessive size for a component at the package level."
jitwatch,org.adoptopenjdk.jitwatch.sandbox.txt,God Component,package,org.adoptopenjdk.jitwatch.sandbox,0,"The package contains only one class with 258 lines of code, which is not excessively large. The class has moderate complexity (52 WMC, 13 fields, 11 methods) and cohesive design (LCOM 0.0). While it has multiple dependencies, the overall size doesn't indicate a God Component given the single-class structure."
jitwatch,org.adoptopenjdk.jitwatch.toplist.txt,God Component,package,org.adoptopenjdk.jitwatch.toplist,0,"Package contains 12 small classes with a total of only 277 LOC, and no single class dominates in size or complexity; the largest class has 77 LOC, which is moderate."
jitwatch,org.adoptopenjdk.jitwatch.treevisitor.txt,God Component,package,org.adoptopenjdk.jitwatch.treevisitor,0,"The package contains only 2 classes with a total of 27 lines of code, which is extremely small and does not indicate excessive size."
jitwatch,org.adoptopenjdk.jitwatch.ui.browser.txt,God Component,package,org.adoptopenjdk.jitwatch.ui.browser,0,"Package contains only one class with 19 lines of code, which is a trivial size; it does not exhibit excessive scale in terms of classes, lines of code, or complexity."
jitwatch,org.adoptopenjdk.jitwatch.ui.compilationchooser.txt,God Component,package,org.adoptopenjdk.jitwatch.ui.compilationchooser,0,"The package contains only one class with 48 lines of code, which is small in both size and complexity. The class has a limited number of methods and fields, and dependencies are minimal, indicating a focused, single-responsibility component."
jitwatch,org.adoptopenjdk.jitwatch.ui.compilechain.txt,God Component,package,org.adoptopenjdk.jitwatch.ui.compilechain,0,"Package has only 2 classes and 228 LOC, which is a small size. The main class CompileChainStage contains 224 LOC and moderate complexity, but the overall component is not excessively large."
jitwatch,org.adoptopenjdk.jitwatch.ui.filechooser.txt,God Component,package,org.adoptopenjdk.jitwatch.ui.filechooser,0,"The package has only 2 classes and 146 lines of code, which is not excessively large in terms of class count or code volume for a typical software component."
jitwatch,org.adoptopenjdk.jitwatch.ui.graphing.txt,God Component,package,org.adoptopenjdk.jitwatch.ui.graphing,0,"Package contains 4 classes with total 590 LOC; individual classes are moderate in size (max 200 LOC, 23 fields, 19 methods) and the component exhibits focused responsibilities for UI graphing without excessive complexity or scale."
jitwatch,org.adoptopenjdk.jitwatch.ui.main.txt,God Component,package,org.adoptopenjdk.jitwatch.ui.main,1,"The JITWatchUI class dominates the package with 983 LOC (57% of total package LOC), 74 fields, 79 methods, and 174 weighted method complexity, indicating excessive responsibility concentration. While the package has 12 classes (moderate count), the disproportionate size and complexity of one class creates a focal point of excessive functionality."
jitwatch,org.adoptopenjdk.jitwatch.ui.nmethod.codecache.txt,God Component,package,org.adoptopenjdk.jitwatch.ui.nmethod.codecache,0,"Package contains only one class with 291 LOC, 18 methods, and 20 fields, which is moderate in size for a UI component with visualization responsibilities. Dependencies are limited to 4 packages with 6 specific class imports, indicating focused functionality."
jitwatch,org.adoptopenjdk.jitwatch.ui.nmethod.compilerthread.txt,God Component,package,org.adoptopenjdk.jitwatch.ui.nmethod.compilerthread,1,"The CompilerThreadStage class dominates the package with 467 LOC, 28 methods, and 17 fields, representing over 95% of the package's total LOC. Its high method count and wide range of dependencies indicate it's taking on excessive responsibilities within the component."
jitwatch,org.adoptopenjdk.jitwatch.ui.nmethod.txt,God Component,package,org.adoptopenjdk.jitwatch.ui.nmethod,0,"Package contains only 2 classes with a total of 259 LOC, which is not excessively large. Individual classes have moderate size (154 and 105 LOC) with reasonable complexity metrics and cohesion."
jitwatch,org.adoptopenjdk.jitwatch.ui.parserchooser.txt,God Component,package,org.adoptopenjdk.jitwatch.ui.parserchooser,0,"Package has only 2 classes and 26 lines of code, which is very small; the largest class has 23 lines and 4 methods, indicating no excessive size."
jitwatch,org.adoptopenjdk.jitwatch.ui.report.cell.txt,God Component,package,org.adoptopenjdk.jitwatch.ui.report.cell,0,"Package contains only 5 classes with a total of 124 lines of code; individual classes are small (max 48 LOC) and focused on table cell rendering, not indicating excessive size in classes or LOC."
jitwatch,org.adoptopenjdk.jitwatch.ui.report.eliminatedallocation.txt,God Component,package,org.adoptopenjdk.jitwatch.ui.report.eliminatedallocation,0,"The package contains only 2 classes with a total of 101 LOC, which is relatively small. Both classes have moderate sizes (69 and 32 LOC) and do not exhibit excessive complexity or responsibility that would indicate a God Component."
jitwatch,org.adoptopenjdk.jitwatch.ui.report.inlining.txt,God Component,package,org.adoptopenjdk.jitwatch.ui.report.inlining,0,"The package has only 2 classes and 98 total LOC, with individual classes being small (69 and 29 LOC). These metrics are not excessively large in the given context."
jitwatch,org.adoptopenjdk.jitwatch.ui.report.locks.txt,God Component,package,org.adoptopenjdk.jitwatch.ui.report.locks,0,"Package contains only 2 classes and 105 total lines of code. Both individual classes are small (69 and 36 lines) with moderate method counts (8 and 7), far from excessively large component criteria."
jitwatch,org.adoptopenjdk.jitwatch.ui.report.suggestion.txt,God Component,package,org.adoptopenjdk.jitwatch.ui.report.suggestion,0,"The component contains only 2 classes and 66 total LOC, which are very small metrics for a UI component; each class has minimal methods and responsibilities, showing no signs of excessive size."
jitwatch,org.adoptopenjdk.jitwatch.ui.report.txt,God Component,package,org.adoptopenjdk.jitwatch.ui.report,0,"The package has only 5 classes and 125 lines of code, which is not excessively large. The largest class, ReportStage, contains 86 lines of code, which is moderate. The overall size does not indicate a God Component."
jitwatch,org.adoptopenjdk.jitwatch.ui.resize.txt,God Component,package,org.adoptopenjdk.jitwatch.ui.resize,0,The package contains only 2 classes with a total of 51 LOC. The individual classes are small (48 LOC and 3 LOC). Neither the package size in terms of class count nor the LOC indicates excessive complexity or size.
jitwatch,org.adoptopenjdk.jitwatch.ui.sandbox.txt,God Component,package,org.adoptopenjdk.jitwatch.ui.sandbox,0,"The package contains 6 classes with 1257 total LOC, which is moderate. Individual classes show reasonable size distribution with SandboxStage (451 LOC) and SandboxConfigStage (475 LOC) being the largest, but none exhibit excessive size or complexity that would indicate a God Component. The package has focused cohesion around sandbox UI functionality."
jitwatch,org.adoptopenjdk.jitwatch.ui.stage.txt,God Component,package,org.adoptopenjdk.jitwatch.ui.stage,0,"The package has only 2 classes and 140 lines of code, which is not excessively large in terms of class count or overall code volume."
jitwatch,org.adoptopenjdk.jitwatch.ui.stats.txt,God Component,package,org.adoptopenjdk.jitwatch.ui.stats,0,"Package has only 3 classes and 74 total lines of code, which is not excessively large. Each individual class is also small (max 42 LOC)."
jitwatch,org.adoptopenjdk.jitwatch.ui.toplist.txt,God Component,package,org.adoptopenjdk.jitwatch.ui.toplist,0,"Package contains only 2 classes and 129 total lines of code. The largest class (TopListStage) has 110 lines and 9 methods, which is moderate. This scale is not indicative of an excessively large component."
jitwatch,org.adoptopenjdk.jitwatch.ui.triview.assembly.txt,God Component,package,org.adoptopenjdk.jitwatch.ui.triview.assembly,0,"The package contains only 2 classes with total 259 lines of code. The larger class (ViewerAssembly) has 249 LOC and 15 methods, which represents typical UI view complexity rather than excessive size. The metrics do not indicate an excessively large component in terms of class count or overall code volume within this context."
jitwatch,org.adoptopenjdk.jitwatch.ui.triview.bytecode.txt,God Component,package,org.adoptopenjdk.jitwatch.ui.triview.bytecode,0,"Package contains only 2 classes with 286 total LOC, with ViewerBytecode being moderately sized (276 LOC, 17 methods). No excessive size at package or dominant class level compared to typical UI components."
jitwatch,org.adoptopenjdk.jitwatch.ui.triview.source.txt,God Component,package,org.adoptopenjdk.jitwatch.ui.triview.source,0,"Package contains only 1 class with 28 lines of code and minimal complexity (2 methods, WMC of 5), which is not excessively large in either number of classes or code volume."
jitwatch,org.adoptopenjdk.jitwatch.ui.triview.txt,God Component,package,org.adoptopenjdk.jitwatch.ui.triview,0,"The package contains 10 classes with 1468 total lines of code, showing a moderate size. While one class (TriView) is large at 751 LOC, the overall package metrics do not indicate excessive size. The package's dependencies (Ce=12, Ca=5) suggest moderate coupling, and the classes are mostly small with focused responsibilities."
jitwatch,org.adoptopenjdk.jitwatch.ui.txt,God Component,package,org.adoptopenjdk.jitwatch.ui,0,"The package has only 3 classes and 199 LOC, which is relatively small. Coupling metrics (Ce=1, Ca=3) are low to moderate. The largest class (Dialogs) has 183 LOC and 15 methods, but the overall package size and complexity do not reach excessive levels."
jitwatch,org.adoptopenjdk.jitwatch.ui.viewer.txt,God Component,package,org.adoptopenjdk.jitwatch.ui.viewer,0,"The package contains only 3 classes with a total of 79 LOC, which is a small and manageable size. Each class is focused and has low complexity (e.g., low WMC and LCOM), and there is no indication of excessive responsibilities or size."
jitwatch,org.adoptopenjdk.jitwatch.util.txt,God Component,package,org.adoptopenjdk.jitwatch.util,0,"The package contains 17 classes and 1880 LOC, which is moderately sized for a utility package. While one class (ParseUtil) is large (753 LOC, 46 methods), the overall package does not appear excessively large in terms of total classes or aggregate LOC. Most other classes are small to moderate in size, and the package's responsibilities appear to be appropriately distributed across multiple utility classes."
jsoup,org.jsoup.examples.txt,God Component,package,org.jsoup.examples,0,"The package contains only 4 classes and 190 total lines of code, with no individual class exceeding 100 lines, which does not indicate excessive size in this context."
jsoup,org.jsoup.helper.txt,God Component,package,org.jsoup.helper,1,"Package has 29 classes and 3574 lines of code, indicating excessive size. Additionally, the class HttpConnection within the package is exceptionally large (1021 LOC, 56 fields, 48 methods), contributing to the package's god component characteristics."
jsoup,org.jsoup.internal.txt,God Component,package,org.jsoup.internal,0,"The package contains 13 classes with total 953 LOC, which is a moderate size for a utility package. Individual class sizes are reasonable (max 322 LOC for StringUtil), and the package has low coupling (Ce=4, Ca=5). No single class shows excessive responsibility or size that would dominate the package."
jsoup,org.jsoup.nodes.txt,God Component,package,org.jsoup.nodes,1,"The package is excessively large with 34 classes and 5,498 lines of code. Key classes like Element (1,571 LOC, 157 methods), Node (766 LOC, 79 methods), and Attributes (522 LOC, 48 methods) indicate high complexity and multiple responsibilities concentrated within the component."
jsoup,org.jsoup.parser.txt,God Component,package,org.jsoup.parser,1,"Package contains 30 classes and 7615 LOC, which is excessively large. Two classes (TokeniserState and HtmlTreeBuilderState) are particularly massive (1386 and 1735 LOC) and complex (WMC 409 and 473), indicating the package handles multiple parsing responsibilities and could be split."
jsoup,org.jsoup.safety.txt,God Component,package,org.jsoup.safety,0,"The package contains 9 classes and 636 total LOC, with one large class (Safelist, 399 LOC) balanced by several small inner classes and a moderate secondary class (Cleaner, 133 LOC). The component's size and internal structure do not indicate excessive centralization of functionality or complexity."
jsoup,org.jsoup.select.txt,God Component,package,org.jsoup.select,1,"Package contains 70 classes and 3822 LOC, which is excessively large for a single component. The Evaluator class alone hosts 33 inner classes and 773 LOC, and several other classes (Elements, QueryParser) are also large and complex. This indicates the package has taken on too many responsibilities."
jsoup,org.jsoup.txt,God Component,package,org.jsoup,0,"The package has 11 classes and 1585 LOC, which is not excessively large. The largest class, Connection, has 772 LOC and 43 methods, but it is an interface with inner classes that define the connection API, and the overall package size and structure are manageable."
zxing,com.google.zxing.aztec.decoder.txt,God Component,package,com.google.zxing.aztec.decoder,1,"The Decoder class constitutes the vast majority of the package's code (319 out of 330 LOC) and has high complexity (WMC=61, 11 methods, 10 fields), indicating an excessively large and central component."
zxing,com.google.zxing.aztec.detector.txt,God Component,package,com.google.zxing.aztec.detector,0,"The package has only 3 classes and 436 LOC, which is not excessively large. The main class Detector, while substantial (402 LOC), is focused on a specific detection task and does not indicate an excessive size or complexity for the package as a whole."
zxing,com.google.zxing.aztec.encoder.txt,God Component,package,com.google.zxing.aztec.encoder,0,"Package has 7 classes and 750 LOC, which is moderate. Classes are focused and responsibilities are well-distributed, with no single class excessively large in context. Coupling metrics (Ce=5, Ca=3) indicate manageable external dependencies."
zxing,com.google.zxing.aztec.txt,God Component,package,com.google.zxing.aztec,0,"The package contains only 3 classes and 161 lines of code, which is not excessively large in terms of size or number of classes."
zxing,com.google.zxing.client.android.book.txt,God Component,package,com.google.zxing.client.android.book,0,"Package contains only 6 classes and 422 LOC total, with largest class (SearchBookContentsActivity) at 190 LOC. Both class count and total size are modest, not indicating excessive complexity or responsibility concentration."
zxing,com.google.zxing.client.android.camera.open.txt,God Component,package,com.google.zxing.client.android.camera.open,0,"The package has only 3 classes and 82 lines of code, which is a small size and does not indicate excessive complexity or scale."
zxing,com.google.zxing.client.android.camera.txt,God Component,package,com.google.zxing.client.android.camera,0,"The package has 7 classes and 881 lines of code, with the largest class (CameraConfigurationUtils) at 344 LOC and 21 methods. The total size and individual class sizes are moderate for a utility package handling camera configuration and management, and responsibilities appear appropriately distributed across multiple focused classes."
zxing,com.google.zxing.client.android.clipboard.txt,God Component,package,com.google.zxing.client.android.clipboard,0,"The package has only 1 class and 31 lines of code, which is not excessively large in terms of number of classes or code volume."
zxing,com.google.zxing.client.android.encode.txt,God Component,package,com.google.zxing.client.android.encode,0,"The package contains 11 classes with 714 total LOC, which is moderate in size for an encoding module. Individual class sizes are reasonable (largest class has 266 LOC), and the module shows clear separation of concerns with distinct encoder implementations and formatters without excessive centralization of functionality."
zxing,com.google.zxing.client.android.history.txt,God Component,package,com.google.zxing.client.android.history,0,"The package contains only 5 classes and 390 total lines of code, with the largest class (HistoryManager) at 200 lines. These values are not excessively large for a typical Android package, and the dependencies are well-contained within the expected domain of a history module."
zxing,com.google.zxing.client.android.result.supplement.txt,God Component,package,com.google.zxing.client.android.result.supplement,0,"The package contains 5 classes and 266 LOC, with the largest class having 121 LOC. These metrics are not excessively large in the given context."
zxing,com.google.zxing.client.android.result.txt,God Component,package,com.google.zxing.client.android.result,0,"The package contains 14 classes with 965 total LOC, which is moderate for a specialized result-handling module. The classes are focused and follow a clear inheritance hierarchy (ResultHandler base class with specific handlers), indicating good cohesion and separation of concerns without excessive size."
zxing,com.google.zxing.client.android.share.txt,God Component,package,com.google.zxing.client.android.share,0,"Package has 6 classes and 378 total LOC, which is moderate. The largest class (ShareActivity) has 184 LOC, which is substantial but not excessively large relative to typical Android activity classes. No single class dominates the package excessively in size or responsibility, and the overall component size remains within reasonable bounds."
zxing,com.google.zxing.client.android.txt,God Component,package,com.google.zxing.client.android,0,"The package contains 33 classes and 2328 lines of code, which is substantial but not excessively large for the main Android client component of the ZXing library, given its focused responsibility of barcode scanning and related functionality. The classes are mostly small to medium in size with a clear separation of concerns, and the overall structure does not indicate an overwhelming concentration of logic or dependencies beyond typical Android activity and helper classes."
zxing,com.google.zxing.client.android.wifi.txt,God Component,package,com.google.zxing.client.android.wifi,0,"Package contains only 2 classes and 237 LOC total, with WifiConfigManager class accounting for 224 LOC but having cohesive structure with 14 methods and 3 fields, which doesn't indicate excessive size or responsibility for a component."
zxing,com.google.zxing.client.j2se.txt,God Component,package,com.google.zxing.client.j2se,0,"The package contains 12 classes and 1030 total LOC, which is moderate for a utility package. Individual classes are reasonably sized (max 186 LOC), and no single class dominates the component. Coupling metrics (Ce=4, Ca=1) indicate low dependency complexity."
zxing,com.google.zxing.client.result.txt,God Component,package,com.google.zxing.client.result,0,"The package contains 37 classes and 2296 LOC, which is moderate for a library component handling multiple barcode result types. Classes are small, focused, and follow a consistent pattern (parser and result pairs), indicating modular design and high cohesion. Coupling metrics (Ce=2, Ca=6) are low, and the size is appropriate for the domain of parsing diverse barcode formats."
zxing,com.google.zxing.common.detector.txt,God Component,package,com.google.zxing.common.detector,0,"The package contains only 3 classes with a total of 416 LOC, which is not excessively large. The largest class (WhiteRectangleDetector) has 219 LOC and 6 methods, which is moderate in size. Both the package and its individual classes are within reasonable size limits for their context."
zxing,com.google.zxing.common.reedsolomon.txt,God Component,package,com.google.zxing.common.reedsolomon,0,"The package contains only 5 classes and 530 total LOC, with individual class sizes ranging from 9 to 220 LOC. These metrics are moderate for a specialized algorithm implementation, and the class responsibilities appear appropriately separated without signs of excessive centralization."
zxing,com.google.zxing.common.txt,God Component,package,com.google.zxing.common,1,"Package has 2,224 LOC and 17 classes, with several large classes (BitMatrix: 442 LOC, BitArray: 279 LOC, MinimalECIInput: 243 LOC). This indicates an excessive concentration of code and responsibilities."
zxing,com.google.zxing.datamatrix.decoder.txt,God Component,package,com.google.zxing.datamatrix.decoder,0,"The package contains 8 classes and 1102 lines of code, which is moderate for a decoding module. While DecodedBitStreamParser and BitMatrixParser are individually large, the overall package size and class count are within reasonable bounds for its focused responsibility."
zxing,com.google.zxing.datamatrix.detector.txt,God Component,package,com.google.zxing.datamatrix.detector,0,"Package has a single class with 249 LOC and 11 methods, which is moderate size and complexity for a core detector component; low cohesion metrics (LCOM=0) and focused dependencies indicate a well-contained responsibility."
zxing,com.google.zxing.datamatrix.encoder.txt,God Component,package,com.google.zxing.datamatrix.encoder,1,"The package contains 19 classes and 2409 LOC, with one class (MinimalEncoder) dominating at 614 LOC plus its nested classes totaling over 1000 LOC. The component handles multiple distinct responsibilities (multiple encoders, symbol info, error correction, placement) and shows high internal complexity and size, indicating excessive breadth and lack of modularity."
zxing,com.google.zxing.datamatrix.txt,God Component,package,com.google.zxing.datamatrix,0,"The package contains only 2 classes with a total of 233 LOC, both classes are focused and cohesive with relatively small size and limited responsibilities. The metrics show moderate complexity and coupling without signs of excessive accumulation of functionality."
zxing,com.google.zxing.integration.android.txt,God Component,package,com.google.zxing.integration.android,0,"The package has only 2 classes and 380 lines of code, which is not excessively large. Although the IntentIntegrator class has 325 LOC, the overall package size and complexity do not meet the criteria for a God Component."
zxing,com.google.zxing.maxicode.decoder.txt,God Component,package,com.google.zxing.maxicode.decoder,0,"The package has only 3 classes and 228 lines of code, which is not excessively large. The largest class (DecodedBitStreamParser) has 137 lines of code, which is moderate in size and does not indicate a god component."
zxing,com.google.zxing.maxicode.txt,God Component,package,com.google.zxing.maxicode,0,"Package contains only one class with 56 LOC and 4 methods, which is a small, focused component without excessive size or complexity."
zxing,com.google.zxing.multi.qrcode.detector.txt,God Component,package,com.google.zxing.multi.qrcode.detector,0,Package contains only 3 classes with total 206 LOC; no single class exceeds common size thresholds or shows signs of excessive responsibility centralization.
zxing,com.google.zxing.multi.qrcode.txt,God Component,package,com.google.zxing.multi.qrcode,0,"The package has only 2 classes and 99 total lines of code, which is not excessively large in size or complexity for a component."
zxing,com.google.zxing.multi.txt,God Component,package,com.google.zxing.multi,0,"Package contains only 3 classes with total 176 LOC, and the largest class (GenericMultipleBarcodeReader) has only 103 LOC and 5 methods, indicating focused responsibilities and moderate size without excessive complexity."
zxing,com.google.zxing.oned.rss.expanded.decoders.txt,God Component,package,com.google.zxing.oned.rss.expanded.decoders,0,"The package has 21 classes and 1080 LOC, which are moderate for a specialized decoding module in a library. No single class or the aggregate size appears excessively large relative to the functional responsibility of decoding RSS expanded barcodes. The largest class (GeneralAppIdDecoder) has 350 LOC but is balanced by many small, focused classes."
zxing,com.google.zxing.oned.rss.expanded.txt,God Component,package,com.google.zxing.oned.rss.expanded,1,"The RSSExpandedReader class dominates the package with 607 LOC (83% of package total), 20 fields, 21 methods, 123 WMC, and 14 external dependencies, indicating excessive responsibility and complexity within the component."
zxing,com.google.zxing.oned.rss.txt,God Component,package,com.google.zxing.oned.rss,0,"The package contains only 6 classes with 609 total LOC, which is moderate. While RSS14Reader has 362 LOC (59% of total), the overall component size is not excessively large for a specialized barcode reader implementation."
zxing,com.google.zxing.oned.txt,God Component,package,com.google.zxing.oned,1,"Package contains 32 classes with total 3631 LOC, indicating excessive size for a single component handling multiple barcode formats."
zxing,com.google.zxing.pdf417.decoder.ec.txt,God Component,package,com.google.zxing.pdf417.decoder.ec,0,"The package contains only 3 classes and 396 total LOC. The individual classes are moderate in size (75, 129, and 192 LOC) and exhibit focused responsibilities, with manageable dependencies and complexity metrics."
zxing,com.google.zxing.pdf417.decoder.txt,God Component,package,com.google.zxing.pdf417.decoder,1,"Package contains two excessively large classes (DecodedBitStreamParser with 479 LOC/115 WMC and PDF417ScanningDecoder with 455 LOC/108 WMC) that dominate the package's total 1750 LOC. These classes have high method counts (8 and 25 respectively) and complexity metrics, with DecodedBitStreamParser also having 30 fields, indicating they likely handle too many responsibilities. The package as a whole shows significant concentration of complexity in few components."
zxing,com.google.zxing.pdf417.detector.txt,God Component,package,com.google.zxing.pdf417.detector,0,"The package has only 2 classes and 284 LOC, which is moderate. The Detector class, while substantial (259 LOC, 9 methods, 13 fields), is the main logic for PDF417 detection and does not appear excessively large for its specialized role. The second class is minimal. The package's limited scope and manageable size don't indicate a God Component."
zxing,com.google.zxing.pdf417.encoder.txt,God Component,package,com.google.zxing.pdf417.encoder,0,"The package contains 9 classes and 1069 lines of code, which is not excessively large in context. The moderate size, low coupling (Ce=2, Ca=2), and absence of overwhelming class counts or aggregate LOC indicate no God Component."
zxing,com.google.zxing.pdf417.txt,God Component,package,com.google.zxing.pdf417,0,"Package contains only 4 classes with total 353 LOC, all classes have moderate size (54-120 LOC each) and reasonable number of methods (4-22). No single class or the package as a whole shows excessive size or complexity indicative of a God Component."
zxing,com.google.zxing.qrcode.decoder.txt,God Component,package,com.google.zxing.qrcode.decoder,0,"Package has 12 classes and 1108 total LOC, which is moderate for a domain-focused decoder module; the largest class has 261 LOC, showing distributed responsibility; overall size does not appear excessive in context."
zxing,com.google.zxing.qrcode.detector.txt,God Component,package,com.google.zxing.qrcode.detector,0,"The package contains 7 classes and 1072 lines of code, which is not excessively large. While one class (FinderPatternFinder) is substantial (536 lines), the overall package size and class count are within reasonable bounds for a dedicated QR code detection module, and the package does not exhibit disproportionate growth in size or complexity."
zxing,com.google.zxing.qrcode.encoder.txt,God Component,package,com.google.zxing.qrcode.encoder,0,"The package contains 11 classes and 1641 LOC, which is moderate for a dedicated QR encoding module. The largest class (Encoder, 434 LOC) and other core classes (MinimalEncoder, 382 LOC; MatrixUtil, 226 LOC) are focused on distinct responsibilities, and the overall size is reasonable given the complex encoding functionality."
zxing,com.google.zxing.qrcode.txt,God Component,package,com.google.zxing.qrcode,0,"The package contains only 2 classes with a total of 204 LOC, and the individual classes (QRCodeReader: 137 LOC, QRCodeWriter: 67 LOC) are modest in size and complexity, which does not indicate an excessively large component."
zxing,com.google.zxing.txt,God Component,package,com.google.zxing,0,"Package contains 24 classes and 1265 total LOC, which is moderate for a core library package. Individual classes are small (max 126 LOC) with focused responsibilities, and no single class dominates through excessive size or complexity."
zxing,com.google.zxing.web.generator.client.txt,God Component,package,com.google.zxing.web.generator.client,0,"Package has 16 classes and 1224 LOC, which is moderate; classes are focused and relatively small (largest class 235 LOC), and the package is cohesive with no external dependencies."
zxing,com.google.zxing.web.txt,God Component,package,com.google.zxing.web,0,"The package contains 15 classes and 864 total LOC, which is a moderate size for a web utility package. Individual class sizes are reasonable (most under 100 LOC), with only one class (DecodeServlet) exceeding 300 LOC, but this is not excessive for a servlet handling core decoding functionality. The package demonstrates focused responsibility around web filters and servlets for barcode processing."
