project,file_name,smell,entity_type,entity,detection,justification
byte-buddy,(default package).txt,God Component,package,(default package),0,"The package contains only 2 classes and a total of 186 LOC (each class ~93 LOC). Neither the number of classes nor the total LOC indicate an excessively large component. Class complexity (WMC=12) is moderate and coupling is low (fanin/fanout=0). Based on these elements, the package does not meet the contextual criteria for a God Component."
byte-buddy,com.service.definition.txt,God Component,package,com.service.definition,0,"Package 'com.service.definition' contains a single class (num_classes=1) with only 3 LOC. Class metrics show low complexity (wmc=1), no fanin/fanout, and no incoming/outgoing package dependencies (Ca=0, Ce=0). There is no evidence of excessive size in terms of lines of code or number of classes, so it does not qualify as a God Component."
byte-buddy,com.service.usage.txt,God Component,package,com.service.usage,0,"The package contains a single class and only 5 LOC (num_classes=1, loc=5). Class metrics are very small (wmc=1, nom=1, nopm=1, loc=5) and there are no incoming/outgoing dependencies (Ca=0, Ce=0, fanin=0, fanout=0). These indicators show the component is minimal in size and responsibility, so it does not exhibit a God Component smell."
byte-buddy,com.service.usage2.txt,God Component,package,com.service.usage2,0,"The package com.service.usage2 contains a single class (ServiceImplementation) with only 5 LOC, 1 method (nom=1), WMC=1, no fields, no incoming/outgoing dependencies (Ca=0, Ce=0, fanin=0, fanout=0). The component is very small in both size and class count and shows low complexity, so it does not meet the contextual criteria for a God Component."
byte-buddy,net.bytebuddy.agent.builder.txt,God Component,package,net.bytebuddy.agent.builder,1,"The package net.bytebuddy.agent.builder is excessively large: 229 classes and 34,339 LOC. It contains a very large top-level class AgentBuilder (~9,519 LOC) with many large inner components (AgentBuilder.Default ~2,133 LOC, AgentBuilder.RedefinitionStrategy ~2,097 LOC, AgentBuilder.LambdaInstrumentationStrategy ~1,105 LOC, AgentBuilder.ExecutingTransformer ~484 LOC, plus numerous other inner classes and sizable nested types). The concentration of thousands of LOC and many responsibilities (transformation, dispatching, loading strategies, instrumentation strategies, resubmission, listeners, etc., as reflected by class names) indicates a single component managing excessive functionality and size, consistent with the God Component smell."
byte-buddy,net.bytebuddy.agent.txt,God Component,package,net.bytebuddy.agent,1,"The package net.bytebuddy.agent is excessively large and concentrated: it contains 64 classes and 12,617 LOC. Several very large classes/files concentrate most of the size and responsibility (VirtualMachine ~2449 LOC; ByteBuddyAgent ~1185 LOC; VirtualMachine.ForHotSpot ~1213 LOC; VirtualMachine.ForOpenJ9 ~1121 LOC; VirtualMachine.Connection ~1004 LOC). Many nested/inner classes are declared inside the same files (e.g., many VirtualMachine.* and ByteBuddyAgent.* types), increasing file/class size and responsibility. The main classes also have high complexity indicators (ByteBuddyAgent WMC=47) and many methods/fields (e.g., VirtualMachine nof=70, ByteBuddyAgent nof=35). This combination of high LOC, many classes grouped in a single package/file set, and concentrated complexity supports detecting a God Component."
byte-buddy,net.bytebuddy.android.txt,God Component,package,net.bytebuddy.android,1,"The package contains 17 classes but a concentrated amount of code (2012 LOC) is clustered in a single component file (AndroidClassLoadingStrategy.java). The top-level AndroidClassLoadingStrategy alone is 654 LOC and hosts many nested/related classes recorded in the same file (DexProcessor 279 LOC, ForSdkCompiler 252 LOC, Injecting 172 LOC, Dispatcher 140 LOC, plus multiple smaller inner classes). This concentration of sizable classes and responsibilities in one component/file indicates the package has an excessively large, central component handling many concerns, consistent with the God Component smell."
byte-buddy,net.bytebuddy.asm.txt,God Component,package,net.bytebuddy.asm,1,"The package is excessively large: 411 classes and 81,157 LOC in a single package. Multiple individual classes/nested types contain extremely large bodies (example metrics): Advice (~11,101 LOC), MemberSubstitution (~6,597 LOC), MemberSubstitution.Substitution (~4,607 LOC), MemberSubstitution.Chain (~4,143 LOC), MemberSubstitution.Step (~4,013 LOC), Advice.Dispatcher (~2,415 LOC), Advice.OffsetMapping (~3,434 LOC), MemberSubstitution.OffsetMapping (~2,356 LOC), ClassVisitorFactory (~971 LOC), Advice.StackMapFrameHandler (~941 LOC). The size is concentrated in many very large classes/nested types rather than being evenly distributed, indicating a single component that owns a disproportionate amount of code and responsibility. These facts support detection of the God Component smell for net.bytebuddy.asm."
byte-buddy,net.bytebuddy.benchmark.jmh_generated.txt,God Component,package,net.bytebuddy.benchmark.jmh_generated,1,"The package contains 59 classes and 11,019 LOC, which indicates substantial size for a single component. Many classes are relatively large and complex (numerous jmhTest classes with ~275 LOC and WMC=42 repeated across the package), giving an average of ~186 LOC per class and a concentration of complexity in multiple files. Additionally, the package has no external afferent/emanent couplings (Ca=0, Ce=0), suggesting the functionality is self-contained rather than split across modules. These elements (high total LOC, large number of classes, multiple high-complexity/large classes) support detecting a God Component smell for this package."
byte-buddy,net.bytebuddy.benchmark.runner.txt,God Component,package,net.bytebuddy.benchmark.runner,0,"The package contains only one class (num_classes=1) with 23 lines of code (loc=23). The single class QuickRunner has low complexity (wmc=2), few methods (nom=2), minimal public fields/methods (nof=1, nopf=0, nopm=1), and no incoming/outgoing dependencies (fanin=0, fanout=0). There is no evidence of an excessively large component by LOC or by number of classes, so the God Component smell is not present."
byte-buddy,net.bytebuddy.benchmark.specimen.txt,God Component,package,net.bytebuddy.benchmark.specimen,0,"The package contains only 2 classes and 298 LOC, with code distributed across ExampleClass (167 LOC, 18 methods, WMC 18) and ExampleInterface (131 LOC, 18 methods, WMC 18). There is no evidence of excessive class count or a single overwhelmingly large class — sizes are moderate and balanced. Coupling is very low (package Ce=0, Ca=1, class fanin/fanout=0), and there are no dependencies indicating a central, highly connected component. Given this context, the data do not support labeling this package as a God Component."
byte-buddy,net.bytebuddy.benchmark.txt,God Component,package,net.bytebuddy.benchmark,1,"The package contains 8 classes with a total of 1,284 LOC, but complexity and responsibilities are heavily concentrated in a few very large classes: ClassByImplementation (370 LOC, 32 methods, 29 public methods, WMC=66), ClassByExtension (309 LOC, 23 methods, WMC=25) and SuperClassInvocationBenchmark (265 LOC). Several classes have large method counts and high complexity, indicating concentrated responsibilities rather than being evenly distributed. The package also has Ce=7 (it depends on many external packages) and Ca=0 (no incoming dependencies), suggesting the package is relatively self-contained yet large. Taken together—multiple classes with high LOC, high nominal method counts and high WMC—this supports that the package is excessively large and behaves like a God Component."
byte-buddy,net.bytebuddy.build.gradle.android.txt,God Component,package,net.bytebuddy.build.gradle.android,1,"The package contains 37 classes and 2,856 LOC, indicating substantial size. Several classes are very large and complex (ByteBuddyAndroidPlugin: 528 LOC; ByteBuddyLocalClassesEnhancerTask: 313 LOC, WMC 25; ByteBuddyAndroidService: 292 LOC, WMC 26; ByteBuddyAndroidTaskExtension: 228 LOC, WMC 23; LegacyByteBuddyLocalClassesEnhancerTask: 153 LOC, WMC 17; Transformation: 103 LOC, WMC 11; ByteBuddyAndroidService.State: 101 LOC). Multiple inner/auxiliary classes are embedded in the same package/class files, and the package aggregates responsibilities for plugin, tasks, service and transformation logic. The concentration of large, high-complexity classes and many responsibilities in this single package supports the identification of a God Component."
byte-buddy,net.bytebuddy.build.gradle.txt,God Component,package,net.bytebuddy.build.gradle,1,"The package contains 42 classes and 3,915 LOC, indicating substantial size and surface area. Several classes concentrate most of the complexity and lines: AbstractByteBuddyTask (474 LOC, WMC 50), AbstractByteBuddyTaskExtension (360 LOC, WMC 41), ByteBuddyPlugin (314 LOC), Transformation (221 LOC), and Adjustment (177 LOC). Multiple large classes with high WMC and many inner/related classes (numerous nested types listed) show concentrated responsibilities and complexity within this single package. The combination of high total LOC, large individual classes, and concentrated complexity supports identifying this package as a God Component."
byte-buddy,net.bytebuddy.build.maven.txt,God Component,package,net.bytebuddy.build.maven,1,"The package contains 29 classes and 2,303 LOC, with a pronounced concentration in a single class file: ByteBuddyMojo (971 LOC, WMC 38, 37 fields). ByteBuddyMojo alone accounts for ~42% of the package LOC and declares numerous inner types (e.g. Transformer, ForLifecycleTypes, ForProductionTypes, ForConfiguredPlugin, ForDiscoveredPlugin, StalenessFilter, TransformationLogger, MavenBuildLogger, Coordinate, FilePrefixMatcher, etc.), indicating many responsibilities bundled into one component. ByteBuddyMojo also has many external dependencies listed, increasing its coupling and responsibility scope. This imbalance (one very large, complex class dominating the package) supports detection of a God Component."
byte-buddy,net.bytebuddy.build.txt,God Component,package,net.bytebuddy.build,1,"The package net.bytebuddy.build is excessively large and concentrated: 131 classes and 21,284 LOC. Several enormous compilation units concentrate functionality in this package (e.g. Plugin.java ~4,286 LOC with many inner types, Plugin.Engine ~3,681 LOC, Plugin.Source ~956 LOC, Plugin.Default ~568 LOC, Plugin.Factory ~520 LOC, BuildLogger ~478 LOC). The Plugin class alone defines a large number of nested types and responsibilities, indicating high functional concentration. These metrics (large total LOC, very high class count in one package, multiple individual files with thousands of lines and many inner classes) support that this package behaves as a God Component by centralizing excessive code size and responsibilities."
byte-buddy,net.bytebuddy.description.annotation.txt,God Component,package,net.bytebuddy.description.annotation,1,"The package net.bytebuddy.description.annotation is excessively large in context: it contains 49 classes and 9,225 lines of code, concentrated in a few very large classes/files. Notable examples include AnnotationValue (~2,457 LOC) with many inner types, AnnotationDescription (~1,151 LOC), AnnotationValue.ForConstant (~730 LOC), AnnotationValue.PropertyDelegate (~392 LOC), AnnotationDescription.Builder (~390 LOC) and AnnotationList (~307 LOC). Multiple large inner classes are defined in the same files, suggesting high functional concentration. Given the large aggregate LOC, high class count and several individual classes/files that are very large, this package exhibits the God Component smell."
byte-buddy,net.bytebuddy.description.enumeration.txt,God Component,package,net.bytebuddy.description.enumeration,0,"The package contains 4 classes and 254 LOC, which is moderate. The largest class, EnumerationDescription, is 138 LOC but has low complexity (wmc=3, nc=1) and the remaining classes are small (27, 46, 43 LOC). Coupled metrics are low (Ce=3, Ca=7) and there is no evidence of an excessively large number of classes or extreme LOC concentration that would indicate a God Component. Overall size and complexity are not excessive in context."
byte-buddy,net.bytebuddy.description.field.txt,God Component,package,net.bytebuddy.description.field,0,"The package contains 17 classes and 1,418 LOC, with two larger classes (FieldDescription: 509 LOC; FieldList: 217 LOC) but an average ~83 LOC/class. The package also contains several small inner/auxiliary classes (tokens, latent, substituting, etc.) that decompose behavior. Coupling metrics (Ce=6, Ca=20) show moderate external dependencies and clients rather than an isolated monolithic hotspot. While individual classes are relatively large, the size appears domain-appropriate (field description/manipulation) and responsibilities are split into focused inner types, so the evidence does not support labeling the package a God Component."
byte-buddy,net.bytebuddy.description.method.txt,God Component,package,net.bytebuddy.description.method,1,"The package contains 53 classes and 7,252 LOC, indicating a very large component. Several individual classes are extremely large and feature-rich (e.g. MethodDescription ~1,695 LOC, 29 methods, WMC 29; ParameterDescription ~899 LOC; ParameterList ~505 LOC; plus multiple large inner/auxiliary types), and many responsibilities are co-located in the same package/file (multiple nested types within MethodDescription/ParameterDescription). Coupled with significant incoming/outgoing coupling (Ca=26, Ce=11) making it central to other code, the package exhibits excessive size and concentrated responsibility consistent with a God Component smell."
byte-buddy,net.bytebuddy.description.modifier.txt,God Component,package,net.bytebuddy.description.modifier,0,"The package contains 27 classes and 1,317 LOC, but the majority of classes are small (most ~46 LOC, many in the 46–90 LOC range), giving an average of ~49 LOC/class. Only one file (ModifierContributor) is notably larger (~204 LOC) and several inner types are declared there, but overall method complexity (wmc) values are low across classes and fanin/fanout are zero for most types. The package appears cohesive (all classes model modifier-related concepts) and has low efferent coupling (Ce=1) with modest afferent coupling (Ca=16). Given the distribution of size and low internal complexity, the component is not excessively large in this context and does not meet the contextual criteria for a God Component."
byte-buddy,net.bytebuddy.description.module.txt,God Component,package,net.bytebuddy.description.module,1,"The package contains 23 classes and 2,300 LOC, indicating a large component. Several classes are very large and concentrated in the same package/file: ModuleDescription is 931 LOC, ForLoadedModule is 421 LOC, ModuleDescriptor is 157 LOC and Latent is 142 LOC. The LOC-to-class ratio and the presence of a single class approaching 1,000 LOC (plus multiple substantial inner/related classes in the same compilation unit) suggest that responsibilities are concentrated and the component is excessively large, consistent with the God Component smell."
byte-buddy,net.bytebuddy.description.txt,God Component,package,net.bytebuddy.description,0,"The package contains 28 classes and 1,656 LOC, an average of ~59 LOC per class; while a few classes/files are relatively large (ModifierReviewable entries sum to ~825 LOC across nested types, TypeVariableSource ~118 LOC, ByteCodeElement ~103 LOC), the overall package size is moderate and the classes are thematically cohesive (named/bytecode/modifier description abstractions). Coupling metrics are also moderate (Ce=4, Ca=12), suggesting the package is not an overwhelmingly large, monolithic component dominating the system. Therefore, based on the provided data and contextual judgement, this package does not qualify as a God Component."
byte-buddy,net.bytebuddy.description.type.txt,God Component,package,net.bytebuddy.description.type,1,"The package is excessively large: 175 classes and 33,551 LOC, which indicates concentration of many responsibilities in a single component. Multiple individual types are very large (e.g. TypeDescription: 8,174 LOC; TypeDescription.Generic: 5,738 LOC; TypeDescription.ForLoadedType variants and large inner types such as Builder: 583 LOC, LazyProjection: 597 LOC, TypeList: 844 LOC, RecordComponentList: 232 LOC). The package also contains many nested/inner classes and wide external dependencies, showing high coupling and large surface area. Taken together (very high total LOC, high class count, and several very large classes), these elements justify flagging this package as a God Component."
byte-buddy,net.bytebuddy.dynamic.loading.txt,God Component,package,net.bytebuddy.dynamic.loading,1,"The package contains an unusually large amount of code and classes: 118 classes and ~14,892 LOC concentrated in a single package. Several very large classes/files indicate aggregation of many responsibilities in the package (ClassInjector ~2245 LOC, ByteArrayClassLoader ~1127 LOC, ClassLoadingStrategy ~450 LOC, ClassReloadingStrategy ~430 LOC, ModuleLayerFromSingleClassLoaderDecorator ~407 LOC). Many nested/inner types are defined in the same files and there are high complexity/size hotspots (e.g. ByteArrayClassLoader WMC=30). The combination of high LOC, high class count and multiple large, complex classes handling distinct concerns (class injection, class loading strategies, module layer handling, reloading, etc.) supports identifying net.bytebuddy.dynamic.loading as a God Component."
byte-buddy,net.bytebuddy.dynamic.scaffold.inline.txt,God Component,package,net.bytebuddy.dynamic.scaffold.inline,1,"The package contains 20 classes totaling 2,242 LOC, indicating a large component surface. Several classes concentrate much of that size and complexity: MethodRebaseResolver (425 LOC), MethodRebaseResolver.Resolution (305 LOC) and DecoratingDynamicTypeBuilder (323 LOC, WMC=36, 36 methods) are notably large and complex. The package groups multiple responsibilities (builders, resolvers, implementation targets, matchers) and many nested/inner types, suggesting responsibility concentration. Coupling metrics (Ce=20, Ca=8) show the package has many outgoing and incoming dependencies, reinforcing its central, heavy role. Taken together — high total LOC, multiple very large classes, concentrated complexity and coupling — these elements support detection of a God Component."
byte-buddy,net.bytebuddy.dynamic.scaffold.subclass.txt,God Component,package,net.bytebuddy.dynamic.scaffold.subclass,0,"The package contains 9 classes and 812 LOC, with the largest class (ConstructorStrategy) at 256 LOC and other sizable classes at 158, 106 and 104 LOC. While some classes are non-trivial, the overall class count (9) and total LOC (812) are moderate and the functionality is split into clearly named responsibilities (ConstructorStrategy variants, SubclassImplementationTarget, SubclassDynamicTypeBuilder, factories and small inner types). Complexity metrics (WMC values generally low, LCOM values indicating cohesion) and the presence of multiple focused classes suggest the package is modular rather than a single excessively large God Component."
byte-buddy,net.bytebuddy.dynamic.scaffold.txt,God Component,package,net.bytebuddy.dynamic.scaffold,1,"The package is excessively large and concentrated: 168 classes and 36,243 LOC overall, indicating a very large component. Several individual classes are extremely large (examples: TypeWriter ~4,701 LOC; TypeWriter.Default ~3,402 LOC; MethodGraph ~1,553 LOC; InstrumentedType ~1,502 LOC; TypeWriter.ValidatingClassVisitor ~1,255 LOC; MethodRegistry ~776 LOC), and there are many additional sizable inner/auxiliary classes (multiple TypeWriter and MethodGraph inner types exceeding hundreds of LOC). This concentration of functionality and high LOC across many classes (including many classes >1k LOC) suggests the package is doing too much, harming cohesion and maintainability — consistent with the God Component smell."
byte-buddy,net.bytebuddy.dynamic.txt,God Component,package,net.bytebuddy.dynamic,1,"The package net.bytebuddy.dynamic is excessively large: 143 classes and 26,076 LOC at package level. It contains multiple very large types concentrating functionality (examples: DynamicType ~4,937 LOC, DynamicType.Builder ~4,407 LOC, DynamicType.AbstractBase variants totaling ~1,970 LOC, ClassFileLocator ~1,670 LOC, DynamicType.Adapter ~1,214 LOC) plus many additional inner/adaptor classes. The size is concentrated in a few huge classes and many nested/related classes, indicating a single component responsible for many concerns (type building, class-file location, loading/injection, scaffolding and many adapters). These elements together justify detecting a God Component smell."
byte-buddy,net.bytebuddy.implementation.attribute.txt,God Component,package,net.bytebuddy.implementation.attribute,1,"The package contains 44 classes and 3,359 LOC, which is large for a single package. Several classes are particularly large and concentrate responsibilities: AnnotationAppender (556 LOC), MethodAttributeAppender (338 LOC), TypeAttributeAppender (164 LOC), FieldAttributeAppender (175 LOC), and RecordComponentAttributeAppender (175 LOC). Many files define multiple inner/variant classes (e.g., AnnotationAppender, MethodAttributeAppender, FieldAttributeAppender) indicating a concentration of varied behavior in the same package. This combination of high class count, high total LOC and multiple very large classes suggests the package is excessively large and fulfils the characteristics of a God Component."
byte-buddy,net.bytebuddy.implementation.auxiliary.txt,God Component,package,net.bytebuddy.implementation.auxiliary,1,"The package contains 26 classes and 1,979 LOC, with a clear concentration of size and responsibility in a few large classes: TypeProxy (450 LOC, 38 members) and MethodCallProxy (279 LOC, 12 members). Several files define multiple nested/inner types (e.g., AuxiliaryType and TypeProxy), increasing single-component complexity. The LOC distribution is skewed (average ~76 LOC/class) but concentrated in these large classes and many small helpers, indicating concatenated responsibilities. Coupling is non-trivial (Ce=18, Ca=9), showing the component depends on and is depended on by many other modules. Together these elements (high total LOC, many classes with heavy internal concentration and nested types, and notable coupling) support classifying this package as a God Component."
byte-buddy,net.bytebuddy.implementation.bind.annotation.txt,God Component,package,net.bytebuddy.implementation.bind.annotation,1,"The package contains 97 classes and 7,068 LOC, which is large for a single component and indicates concentration of functionality. Several individual classes are very large and/or complex (examples: Binder.FieldProxy — 683 LOC, wmc 27; TargetMethodAnnotationDrivenBinder — 442 LOC; Binder.Morph — 358 LOC, wmc 14; Binder.Pipe — 291 LOC, wmc 14; DefaultMethod — 154 LOC). Many nested/related binder classes are housed in the same package (numerous Binder.* types and TargetMethodAnnotationDrivenBinder inner types), concentrating responsibilities. The combination of high total LOC, high class count and multiple large, complex classes suggests the package is taking excessive responsibility and qualifies as a God Component."
byte-buddy,net.bytebuddy.implementation.bind.txt,God Component,package,net.bytebuddy.implementation.bind,1,"The package contains 32 classes and 2,628 LOC, indicating substantial size. A large portion of functionality is concentrated in single large sources: MethodDelegationBinder.java alone is 777 LOC and defines many nested types (MethodBinding 174 LOC, ParameterBinding 127 LOC, AmbiguityResolver 146 LOC, Builder 126 LOC, etc.). ArgumentTypeResolver is another large class (203 LOC). The concentration of many responsibilities and substantial lines of code in a few files (especially MethodDelegationBinder and its many inner classes) supports the detection of a God Component."
byte-buddy,net.bytebuddy.implementation.bytecode.assign.primitive.txt,God Component,package,net.bytebuddy.implementation.bytecode.assign.primitive,1,"The package contains 12 classes totaling 959 LOC, with a clear concentration of size and complexity in a few large classes: PrimitiveUnboxingDelegate (235 LOC, WMC 23), PrimitiveNarrowingDelegate (180 LOC, WMC 19), PrimitiveWideningDelegate (178 LOC, WMC 19) and PrimitiveBoxingDelegate (130 LOC, WMC 11). Several inner classes further increase the class count and responsibilities. The package centralizes many related but distinct responsibilities (boxing, unboxing, widening, narrowing) into large, complex classes and nested types, while having no afferent coupling (Ca = 0) and moderate efferent coupling (Ce = 6), indicating concentrated implementation rather than widely reused, modular components. These facts support that the package is excessively large and acts as a God Component."
byte-buddy,net.bytebuddy.implementation.bytecode.assign.reference.txt,God Component,package,net.bytebuddy.implementation.bytecode.assign.reference,1,"The package holds 9 classes with a total of 976 LOC, indicating substantial size for a single component. Two classes within it are very large: GenericTypeAwareAssigner (loc 360) and GenericTypeAwareAssigner.IsAssignableToVisitor (loc 336), which together account for ~700 LOC — a strong concentration of implementation in a few artifacts. Several other nested/inner variants are present in the same compilation unit, suggesting that multiple responsibilities are collocated. Although the package's class count (9) is moderate, the high LOC concentrated in a small number of classes and nested types supports identifying this package as a God Component."
byte-buddy,net.bytebuddy.implementation.bytecode.assign.txt,God Component,package,net.bytebuddy.implementation.bytecode.assign,0,"The package contains 6 classes and 238 LOC total (average ~40 LOC/class), with the largest class (Assigner) at 95 LOC. Class-level metrics (low WMCs, small LOCs, low method counts) do not indicate an excessively large or complex component. Coupling (Ce=5, Ca=12) is moderate but does not by itself imply a God Component. Based on the provided size and complexity data, this package is not excessively large and therefore not a God Component."
byte-buddy,net.bytebuddy.implementation.bytecode.collection.txt,God Component,package,net.bytebuddy.implementation.bytecode.collection,0,"The package contains 10 classes and 675 LOC (average ~67.5 LOC/class), which is moderate rather than excessively large. The largest files are ArrayFactory (235 LOC), ArrayAccess (136 LOC) and ArrayFactory.ArrayCreator (107 LOC), indicating a few localized hotspots but no single class or the package as a whole overwhelmingly dominates size. Complexity hotspots (WMC = 14) exist for ArrayFactory and ArrayAccess, but the package's external coupling is low (Ce = 4, Ca = 1) and responsibilities appear focused on collection/array-related bytecode generation. Given the distribution of LOC and limited coupling, the data do not support classifying this package as a God Component."
byte-buddy,net.bytebuddy.implementation.bytecode.constant.txt,God Component,package,net.bytebuddy.implementation.bytecode.constant,1,"The package contains 28 classes and 1,768 LOC, which is large for a single package and suggests many responsibilities concentrated in one component. Several classes are particularly large and complex: MethodConstant (388 LOC, WMC 20), IntegerConstant (155 LOC, WMC 14), and ClassConstant (139 LOC, WMC 13). There are multiple additional classes in the 70–90 LOC range and many nested/auxiliary types (inner classes), indicating complexity and responsibility clustering. The combination of high class count, total LOC and concentrated complexity supports detecting a God Component."
byte-buddy,net.bytebuddy.implementation.bytecode.member.txt,God Component,package,net.bytebuddy.implementation.bytecode.member,1,"The package contains 25 classes and 1,737 LOC, indicating substantial size for a single component. Several very large classes concentrate most of the code: MethodInvocation (371 LOC), MethodVariableAccess (309 LOC) and FieldAccess (191 LOC). Multiple inner/embedded types are defined in the same files (e.g., many MethodVariableAccess inner types), increasing class count and file complexity. The combination of high LOC, many classes (including large classes) and clustered responsibilities supports identifying this package as a God Component."
byte-buddy,net.bytebuddy.implementation.bytecode.txt,God Component,package,net.bytebuddy.implementation.bytecode,0,"The package contains 27 classes and 1,514 LOC, which is moderate in size and does not indicate an excessively large component. The LOC is distributed: the largest class (StackManipulation) is 209 LOC (~13.8% of package LOC) and the next largest classes (Duplication 134 LOC, ByteCodeAppender 131 LOC, StackSize 111 LOC) together do not dominate the package. Many classes are small (around 30–60 LOC), showing decomposition of responsibilities rather than a single monolith. The package is cohesive (all classes relate to bytecode implementation) and coupling (Ca=22, Ce=4) is consistent with a core utility package rather than evidence of a god component. Based on this contextual assessment (without fixed thresholds), the package does not exhibit the God Component smell."
byte-buddy,net.bytebuddy.implementation.txt,God Component,package,net.bytebuddy.implementation,1,"The package is excessively large: 264 classes and 32,056 LOC concentrated in a single package. It contains numerous very large classes (examples: MethodCall 2,648 LOC; InvokeDynamic 2,217 LOC; Implementation 1,761 LOC; MethodDelegation 1,134 LOC; Implementation.Context 1,133 LOC; MethodCall.ArgumentLoader 794 LOC; FieldAccessor 1,020 LOC; EqualsMethod 843 LOC; HashCodeMethod 641 LOC; ToStringMethod 605 LOC). Several classes exceed 1,000+ LOC and multiple exceed 2,000 LOC, indicating a concentration of responsibilities. The high class count combined with many large classes and many nested/inner types within the same package supports a contextual judgment that this package functions as a God Component."
byte-buddy,net.bytebuddy.matcher.txt,God Component,package,net.bytebuddy.matcher,1,"The package contains 73 classes and 5,083 LOC with a strong concentration of size and complexity in a few files. In particular, ElementMatchers alone accounts for 1,785 LOC, ~198 methods (nom) and a very high WMC (207), indicating it centralizes a large portion of behavior. Additional relatively large classes include LatentMatcher (240 LOC, many nested types), ModifierMatcher (136 LOC), StringMatcher (132 LOC) and FilterableList (111 LOC). The presence of one dominant, highly complex class together with several medium-sized classes within the same package indicates the package functions as an excessively large component (responsibility concentration), supporting the detection of a God Component."
byte-buddy,net.bytebuddy.pool.txt,God Component,package,net.bytebuddy.pool,1,"The package net.bytebuddy.pool is excessively large: 160 classes and 34,265 LOC. It contains multiple very large classes concentrated in the same component (examples: TypePool ~7,626 LOC; TypePool.Default ~6,861 LOC; TypePool.LazyTypeDescription ~4,392 LOC; TypePool.GenericTypeToken ~1,711 LOC; TypePool.TypeExtractor ~712 LOC). Many nested/inner types are defined within a single source (TypePool.java) and the package aggregates substantial functionality and code volume, indicating an overlarge (God) component."
byte-buddy,net.bytebuddy.txt,God Component,package,net.bytebuddy,1,"The package contains 32 classes and 3,541 LOC overall, with several very large classes concentrated in the package. The top class ByteBuddy alone is 898 LOC with 52 methods and WMC 59, indicating high complexity and many responsibilities. Other large classes include ClassFileVersion (476 LOC), NamingStrategy (381 LOC) and TypeCache (369 LOC). The ByteBuddy class also declares a very large set of dependencies across many package areas, suggesting it centralizes orchestration and cross-cutting concerns. The concentration of size and complexity in a few classes plus the package-level size supports identifying this package as a God Component."
byte-buddy,net.bytebuddy.utility.dispatcher.txt,God Component,package,net.bytebuddy.utility.dispatcher,1,"The package contains 19 classes and 2,788 LOC with heavy concentration in a single component: JavaDispatcher (1,180 LOC, WMC=51) that also declares many nested types (InvokerCreationAction, DirectInvoker, Dispatcher, ForDefaultValue, DynamicClassLoader, Resolver, etc.). Several other large types in the same package (Dispatcher: 501 LOC, ForDefaultValue: 253 LOC, DynamicClassLoader: 244 LOC) indicate multiple large responsibilities co-located. The combination of very large class/file size, high complexity (WMC) and multiple sizeable nested/related classes supports detecting a God Component in this package."
byte-buddy,net.bytebuddy.utility.privilege.txt,God Component,package,net.bytebuddy.utility.privilege,0,"The package contains only 3 classes and 85 LOC in total, which is small for a component-level God Component. Individual classes have low LOC (22, 39, 24), low complexity (WMC = 2 for each), minimal method counts, and no significant coupling (fan-in/fan-out = 0, Ca = 1, Ce = 1). These metrics indicate the component is modest in size and responsibility, so it does not exhibit the excessive size characteristic of a God Component."
byte-buddy,net.bytebuddy.utility.txt,God Component,package,net.bytebuddy.utility,1,"The package contains 69 classes and 8,542 LOC, which is large for a single component and indicates aggregation of many responsibilities. Several very large classes concentrate much of that size: JavaConstant alone is ~1,907 LOC with many inner types (MethodHandle, MethodType, Dynamic, Simple, Visitor, Dispatcher, etc.), JavaConstant.Dynamic ~408 LOC, JavaConstant.MethodHandle ~522 LOC, AsmClassWriter ~514 LOC, AsmClassReader ~331 LOC and multiple other classes >150 LOC (JavaModule 238 LOC, JavaType 186 LOC). The presence of many sizable classes and numerous nested/inner types within the same package, plus broad dependencies to and from other packages, suggests this package is doing excessive work and acts as a god component."
byte-buddy,net.bytebuddy.utility.visitor.txt,God Component,package,net.bytebuddy.utility.visitor,1,"The package totals 993 LOC spread over 6 classes but the size and complexity are highly concentrated in a few classes: MetadataAwareClassVisitor (loc 332, nom 39, wmc 44), StackAwareMethodVisitor (loc 318, nom 24, wmc 84) and ExceptionTableSensitiveMethodVisitor (loc 237, nom 35, wmc 36). These three classes alone account for ~887 LOC (~89% of the package), with very high numbers of methods and high cyclomatic complexity (wmc), indicating multiple responsibilities concentrated in a small set of components. This concentration of LOC, methods and complexity supports detection of a God Component in this package."
byte-buddy,org.gradle.api.file.txt,God Component,package,org.gradle.api.file,0,"The package contains only 2 classes and a total of 42 LOC, with individual class LOC of 26 and 16. Complexity metrics (WMC 4 and 2), lack of many methods, and minimal dependencies indicate the component is small and not excessively large, so it does not qualify as a God Component."
byte-buddy,org.gradle.api.provider.txt,God Component,package,org.gradle.api.provider,0,"The package contains a single class (Provider) with only 18 LOC and low complexity (WMC=2, nom=2). There is only one class in the package (num_classes=1) and no signs of aggregation of many classes or very large source size. Coupling is minimal (Ce=0, fanin=0, fanout=0) and metrics do not indicate an excessively large component, so this package does not meet the contextual criteria for a God Component."
byte-buddy,org.gradle.api.tasks.txt,God Component,package,org.gradle.api.tasks,0,"The package contains only 1 class and 16 lines of code, with minimal complexity metrics (low WMC, LOC) and no significant internal or external dependencies (fanin/fanout = 0). Given its very small size and low complexity, it is not excessively large and does not qualify as a God Component."
byte-buddy,org.gradle.work.txt,God Component,package,org.gradle.work,0,"The package contains only 3 classes and a total of 38 LOC, with the largest class being 16 LOC. Class-level metrics show very low complexity (WMC ≤ 2) and no large number of methods or fields. External couplings are minimal (Ce=1, Ca=1) and no single class or the package as a whole shows excessive size or concentration of functionality that would indicate a God Component."
commons-io,org.apache.commons.io.build.txt,God Component,package,org.apache.commons.io.build,1,"The package contains 17 classes and 1,633 LOC with a strong concentration of size and complexity in a few classes: AbstractOrigin (614 LOC, wmc 21), AbstractStreamBuilder (288 LOC, wmc 26) and AbstractOriginSupplier (283 LOC, wmc 34) — these three account for ~72% of the package LOC. AbstractOrigin also defines many nested origin types within a single file, indicating multiple responsibilities collocated. The high LOC and weighted methods per class values combined with multiple cohesive responsibilities suggest the package is excessively large and acting as a God Component."
commons-io,org.apache.commons.io.channels.txt,God Component,package,org.apache.commons.io.channels,0,"The package contains only 4 classes and 458 LOC in total, which is not excessively large in context. The largest class (ByteArraySeekableByteChannel) is 202 LOC with 18 methods and WMC 33 — sizeable but not overwhelmingly dominant relative to the package. Other classes are 118, 99, and 39 LOC. Coupling indicators are low (Ca=0, Ce=2) and there is no indication of extreme concentration of functionality or unusually high class count. Based on these metrics, the component does not exhibit the excessive size characterizing a God Component."
commons-io,org.apache.commons.io.charset.txt,God Component,package,org.apache.commons.io.charset,0,"The package contains only 2 classes and 48 LOC in total (classes: CharsetEncoders 29 LOC, CharsetDecoders 19 LOC). Method counts are small (nom 3 and 2) and WMCs are low (3 and 2). Fan-in/fan-out are 0 and there are no package-level dependencies indicating centralization. Given the very small size and low complexity, this package is not excessively large and does not qualify as a God Component."
commons-io,org.apache.commons.io.comparator.txt,God Component,package,org.apache.commons.io.comparator,0,"The package contains 10 classes and 490 LOC (avg ~49 LOC/class), which is moderate rather than excessive. No single class dominates the LOC (largest is 77 LOC). Class-level complexity metrics (wmc generally 2–8, nom small) and cohesion (lcom values low) are low, and fanin/fanout are zero for listed classes. Afferent/efferent couplings (Ca=1, Ce=2) are minimal. Based on these metrics and the lack of a very large or highly complex class, there is insufficient evidence to classify this package as a God Component."
commons-io,org.apache.commons.io.file.attribute.txt,God Component,package,org.apache.commons.io.file.attribute,0,"The package contains only one class (num_classes = 1) and total LOC = 225, which is not excessively large in the provided context. The single class FileTimes has 225 LOC, 24 methods and WMC = 26 (moderate complexity) but no fan-in/fan-out or external dependencies. LCOM ≈ 0.71 indicates reasonable cohesion. There is no evidence of an excessively large number of classes or an unusually large component size that would justify labeling this package as a God Component."
commons-io,org.apache.commons.io.file.spi.txt,God Component,package,org.apache.commons.io.file.spi,0,"The package contains only 1 class and 56 LOC, which is small and not indicative of an excessively large component. Class-level metrics (nof=3, nom=6, wmc=7) show modest complexity, and fanin/fanout are 0. Package coupling metrics (Ce=0, Ca=0) show no heavy dependency concentration. There is no evidence of excessive lines of code or a large number of classes that would justify labeling this package as a God Component."
commons-io,org.apache.commons.io.file.txt,God Component,package,org.apache.commons.io.file,1,"The package contains 29 classes and 3,723 LOC, indicating a large component. Code is heavily concentrated in a few very large classes: PathUtils alone is 1,516 LOC with 109 methods and WMC 158 (≈40.7% of package LOC), FilesUncheck is 563 LOC, Counters is 309 LOC, CountingPathVisitor is 226 LOC and AccumulatorPathVisitor 178 LOC. Several classes contain many nested/inner types (e.g., Counters, PathUtils), and large method counts/complexities (nom/WMC) further concentrate responsibility. This size and concentration of functionality justify identifying the package as a God Component."
commons-io,org.apache.commons.io.filefilter.txt,God Component,package,org.apache.commons.io.filefilter,0,"Although the package contains 32 classes and 2,709 LOC, the work is distributed among many small, focused classes (many under ~130 LOC) implementing individual file filters. Coupling is low (Ce=5, Ca=3, fanin/fanout mostly 0) and classes exhibit targeted responsibilities (low/narrow nc, modest WMC for most). There is a single larger utility class (FileFilterUtils: 469 LOC, 43 methods) but it appears to be an aggregator/helper rather than evidence the entire package centralizes unrelated functionality. Overall the package structure and metrics indicate cohesion and modularity rather than an excessively large God Component."
commons-io,org.apache.commons.io.function.txt,God Component,package,org.apache.commons.io.function,1,"The package contains 34 classes and 2,198 LOC with several very large, highly complex classes concentrated in it (notably IOStream: 394 LOC, 42 methods, WMC 44; Uncheck: 342 LOC, 22 methods, WMC 22; Erase: 150 LOC; IOFunction: 123 LOC; IOConsumer: 116 LOC). These classes centralize many methods and high cyclomatic complexity values, indicating concentrated responsibilities and size within the package. The combination of moderate-to-high class count plus multiple large, complex classes supports identifying this package as a God Component."
commons-io,org.apache.commons.io.input.buffer.txt,God Component,package,org.apache.commons.io.input.buffer,0,"The package contains only 3 classes and a total of 343 LOC, which is modest in size for a package. Although CircularByteBuffer is the largest class (196 LOC, WMC 34, 13 methods) and accounts for ~57% of the package LOC, the package as a whole is not excessively large in terms of number of classes or total LOC. Coupling is low (Ce=1, Ca=0) and the other classes are small (98 LOC and 49 LOC). Given the provided data and without broader project context, this package does not meet the contextual criteria for a God Component."
commons-io,org.apache.commons.io.input.txt,God Component,package,org.apache.commons.io.input,1,"The package org.apache.commons.io.input is excessively large: 101 classes and 10,353 LOC. The package contains many very large classes (examples: Tailer 683 LOC, XmlStreamReader 541 LOC, ReadAheadInputStream 401 LOC, ReversedLinesFileReader 375 LOC, BoundedInputStream 327 LOC, UnsynchronizedBufferedReader 327 LOC, ProxyInputStream 249 LOC, CharSequenceInputStream 237 LOC, NullInputStream 238 LOC), plus numerous inner/builder classes, indicating concentrated and substantial implementation. The afferent/efferent coupling (Ca=5, Ce=8) suggests this size is due to internal volume rather than external distribution. These elements collectively support detecting a God Component in this package."
commons-io,org.apache.commons.io.monitor.txt,God Component,package,org.apache.commons.io.monitor,0,"The package contains 7 classes and 947 LOC, which is moderate for a focused monitoring package and not excessive in number of classes. The size is concentrated in two classes (FileAlterationObserver: 375 LOC, WMC 45, 29 methods; FileEntry: 212 LOC) while the other classes are small (LOC 47–150). There are no incoming dependencies (Ca = 0) and the package has limited external coupling (Ce = 6). Although FileAlterationObserver shows high complexity and could be a candidate for class-level refactoring (god class), the package as a whole does not present an excessive size in LOC or class count to qualify as a God Component."
commons-io,org.apache.commons.io.output.txt,God Component,package,org.apache.commons.io.output,1,"The package contains a very large number of classes (52) and a high total size (≈4700 LOC), indicating an excessive component size. Several classes are individually large and complex (examples: AbstractByteArrayOutputStream loc=322 wmc=40, LockableFileWriter loc=327 wmc=28, DeferredFileOutputStream loc=322 wmc=25, WriterOutputStream loc=278 wmc=26, ProxyWriter loc=194, XmlStreamWriter loc=193), showing concentrated complexity and multiple responsibilities. The presence of many builder/nested types and many medium-to-large utility classes in the same package suggests the package is doing too much and would benefit from decomposition. These elements support detecting a God Component smell for org.apache.commons.io.output."
commons-io,org.apache.commons.io.serialization.txt,God Component,package,org.apache.commons.io.serialization,0,"The package contains 7 classes and a total of 579 LOC, which is moderate in size and not excessive for a small utility package. Although ValidatingObjectInputStream is relatively large (278 LOC, nom=17, wmc=19) and could be a candidate for class-level refactoring, the remainder of the classes are small (LOC 11–123, most under ~25 LOC). The class count (7) is low and the package LOC is not overwhelmingly large, so the package as a whole does not qualify as a ""God Component."""
commons-io,org.apache.commons.io.txt,God Component,package,org.apache.commons.io,1,"The package contains 9,478 LOC across 40 classes with a highly skewed distribution: IOUtils (2,487 LOC, 172 methods, WMC 275) and FileUtils (2,371 LOC, 159 methods, WMC 244) alone account for roughly half of the package size. Several other large classes (FilenameUtils 928 LOC, FileSystem 433 LOC, EndianUtils 355 LOC, DirectoryWalker 261 LOC) further concentrate functionality. The very high LOC, large numbers of methods and high complexity (WMC) in a few classes indicate excessive responsibilities concentrated in single components, supporting the detection of a God Component at the package level."
commons-lang,org.apache.commons.lang3.arch.txt,God Component,package,org.apache.commons.lang3.arch,0,"The package contains only 3 classes (num_classes=3) and 219 LOC overall, with the largest class (Processor) at 153 LOC and 11 methods (nom=11, wmc=11). Coupling is very low (Ce=0, Ca=1, fanin/fanout=0) and cohesion metrics are acceptable (lcom=0). Given the small number of classes, moderate total LOC, lack of high complexity or heavy coupling, this does not meet the contextual threshold for a God Component."
commons-lang,org.apache.commons.lang3.builder.txt,God Component,package,org.apache.commons.lang3.builder,1,"The package is excessively large: 29 classes and 6,366 LOC overall with a heavy concentration of code in a few very large classes. Notable large/complex classes include ToStringStyle (LOC 1694, NOM 113, WMC 191), EqualsBuilder (LOC 720, NOM 42, WMC 126), ToStringBuilder (LOC 646, NOM 63, WMC 68), CompareToBuilder (LOC 620, NOM 31, WMC 115), HashCodeBuilder (LOC 507, WMC 72) and ReflectionToStringBuilder (LOC 440, WMC 52), plus DiffBuilder (LOC 421). Several classes alone account for a large fraction of the package LOC and high method counts/complexity, indicating the component centralizes too much responsibility and size, which supports the God Component detection."
commons-lang,org.apache.commons.lang3.compare.txt,God Component,package,org.apache.commons.lang3.compare,0,"The package contains only 3 classes and a total of 288 LOC, which is not excessively large for a package. The largest class (ComparableUtils) is 171 LOC with 10 methods, while the other two classes are small (43 LOC and 74 LOC). There is no extreme concentration of many classes or overwhelming LOC in the package, and dependency indicators (Ce=0, Ca=1, low fan-in/fan-out) do not suggest a single oversized component. Based on this contextual information, the package does not qualify as a God Component."
commons-lang,org.apache.commons.lang3.concurrent.locks.txt,God Component,package,org.apache.commons.lang3.concurrent.locks,1,"The package concentrates a large portion of its code in a single component/file: total package LOC = 947 while LockingVisitors (one class/file) alone is 440 LOC (~46% of package LOC) and LockingVisitors.LockVisitor is 215 LOC, so two nested types account for ~69% of the package LOC. The package contains 9 classes but the LOC distribution is highly skewed toward the LockingVisitors file with multiple nested visitor and builder types defined there, indicating centralized responsibilities and excessive size in that component. This concentration of functionality and large class/file size supports detection of a God Component."
commons-lang,org.apache.commons.lang3.concurrent.txt,God Component,package,org.apache.commons.lang3.concurrent,1,"The package contains a large amount of code (3203 LOC) spread over many classes (42). Several classes are individually large and complex (TimedSemaphore: 309 LOC, WMC 30; EventCountCircuitBreaker: 316 LOC, WMC 22; BackgroundInitializer: 235 LOC, WMC 21; BasicThreadFactory: 227 LOC, WMC 14; ConcurrentUtils: 202 LOC, WMC 19), indicating concentrated responsibility and complexity. Multiple nested/builder classes and many methods (nom values up to 21) further show the package aggregates diverse functionality. Taken together (high total LOC, high class count, multiple large/high-WMC classes) this matches the God Component smell: the component is excessively large and likely doing too much."
commons-lang,org.apache.commons.lang3.event.txt,God Component,package,org.apache.commons.lang3.event,1,"The package has 4 classes and 398 LOC, but one class (EventListenerSupport) accounts for 219 LOC (~55% of the package), has 15 methods (highest in the package) and WMC 17, while the other top-level classes are much smaller (EventUtils 84 LOC; nested handlers 43 and 52 LOC). This strong concentration of size and complexity in a single class indicates the package's responsibilities are overly centralized, consistent with a God Component smell."
commons-lang,org.apache.commons.lang3.exception.txt,God Component,package,org.apache.commons.lang3.exception,1,"The package contains 10 classes and 1,061 LOC, with a strong concentration of size and complexity in a single class. ExceptionUtils alone is 575 LOC (≈54% of the package LOC) with 42 methods (nom) and WMC 82, indicating high internal complexity and responsibility. Other classes are moderate (ContextedException and ContextedRuntimeException 126 LOC each, DefaultExceptionContext 99 LOC), but no other class approaches ExceptionUtils' size. This skew—one very large, complex class within a relatively small package—supports identifying the package as a God Component (excessive size concentrated in a component)."
commons-lang,org.apache.commons.lang3.function.txt,God Component,package,org.apache.commons.lang3.function,1,"The package contains 61 classes and 2,551 LOC, which is large for a single component. In particular it houses very large, high-complexity classes: Failable (LOC=467, NOM=37, WMC=45) and MethodInvokers (LOC=122, NOM=13, WMC=13). Failable also lists many dependencies on other function types, indicating it centralizes a lot of functionality. Although many other classes are small functional interfaces, the high class count combined with substantial LOC and concentrated complexity in key classes shows the package is excessively large and likely bundles too many responsibilities, consistent with a God Component smell."
commons-lang,org.apache.commons.lang3.math.txt,God Component,package,org.apache.commons.lang3.math,1,"The package has a high total size (loc=2111) concentrated in only 3 classes, indicating excessive volume in a small component. Two classes are very large: NumberUtils (loc=1271, nom=68, nopm=62, wmc=196) and Fraction (loc=660, nom=34, wmc=97), with a third smaller class IEEE754rUtils (loc=180). The large LOC, high number of methods and high complexity metrics (wmc) in these classes show the package centralizes a lot of functionality, supporting the detection of a God Component."
commons-lang,org.apache.commons.lang3.mutable.txt,God Component,package,org.apache.commons.lang3.mutable,0,"The package contains 9 classes and 1,884 LOC, which is moderate rather than excessively large. Individual classes are fairly uniform (several numeric Mutable* classes around 260–280 LOC with nom ~30 and wmc ~31–32) and represent narrow, repeated responsibilities (primitive/object mutable wrappers). Cohesion indicators (LCOM values ~0.06–0.29) are low (high cohesion), fanin/fanout are 0 for most classes, and package coupling is low (Ce=1, Ca=3). There is no evidence of a single class or the package aggregating many unrelated responsibilities; the size stems from repeated, focused wrapper classes. Therefore this package does not qualify as a God Component."
commons-lang,org.apache.commons.lang3.reflect.txt,God Component,package,org.apache.commons.lang3.reflect,1,"The package has 14 classes and 3,368 LOC but three classes dominate size: TypeUtils (LOC 1,363, WMC 236, NOM 59), MethodUtils (LOC 674, WMC 76, NOM 34) and FieldUtils (LOC 584, WMC 48, NOM 36). Those three (3 of 14 classes) account for ~77.8% of the package LOC (2,621/3,368), showing excessive concentration of code and responsibilities in a few components. TypeUtils itself contains many public methods and nested types (multiple inner classes), further indicating a single oversized component. These metrics support detection of a God Component in this package."
commons-lang,org.apache.commons.lang3.stream.txt,God Component,package,org.apache.commons.lang3.stream,0,"The package has 7 classes and 734 LOC, which is not an excessive number of classes and a moderate total size. However, size and complexity are concentrated in a single class: Streams has 384 LOC (≈52% of the package), 21 methods and WMC 21, while other classes are much smaller (LangCollectors 95 LOC, Streams.FailableStream 121 LOC, nested small collectors/spliterators). This distribution indicates a large/god-like class within the package (Streams) rather than the package itself being a God Component. Therefore the package does not qualify as a God Component based on the provided data."
commons-lang,org.apache.commons.lang3.text.translate.txt,God Component,package,org.apache.commons.lang3.text.translate,0,"The package contains 13 classes and 746 LOC, which is moderate and the implementation is distributed across many small-to-medium classes rather than concentrated in one huge component. No single class dominates the package by LOC (largest classes: EntityArrays 106 LOC, NumericEntityUnescaper 95 LOC, UnicodeEscaper 94 LOC, CharSequenceTranslator 91 LOC) and class complexity (WMC) values remain relatively low (mostly <=13). Package coupling is low (Ce=1, Ca=1) and class fan-in/fan-out are zero for most classes, indicating responsibilities are not centralized into a single god component. Therefore, the evidence does not support labeling this package a God Component."
commons-lang,org.apache.commons.lang3.text.txt,God Component,package,org.apache.commons.lang3.text,1,"The package has a large overall size (5402 LOC across 20 classes) with extreme concentration of code in a few classes: StrBuilder (2304 LOC, 150 methods, WMC 341), StrTokenizer (731 LOC, 64 methods, WMC 100) and StrSubstitutor (782 LOC, 55 methods, WMC 98). These very large classes (high LOC, many methods and high complexity) indicate a single component carrying excessive responsibilities. The package's low external coupling (Ce=2, Ca=1) and the skewed LOC distribution support the judgment that this package contains a God Component."
commons-lang,org.apache.commons.lang3.time.txt,God Component,package,org.apache.commons.lang3.time,1,"The package contains a very large amount of code and many classes concentrated in a few huge components: num_classes=51 and loc=6908 at package level. Several classes are extremely large and complex (examples: FastDatePrinter loc=1132 wmc=102, DateUtils loc=1095 wmc=128, FastDateParser loc=764 wmc=77, DurationFormatUtils loc=561 wmc=85, StopWatch loc=549 wmc=56, FastDateFormat loc=422 wmc=44). Many of these classes include numerous nested/inner types and high method counts (e.g. DateUtils nom=67, FastDatePrinter has many inner Rule types), indicating a concentration of responsibilities. By contextual judgment (high total LOC, high number of classes and multiple very large/complex classes within the same package) this package exhibits the God Component smell."
commons-lang,org.apache.commons.lang3.tuple.txt,God Component,package,org.apache.commons.lang3.tuple,0,"The package contains 6 classes and 795 LOC, which is moderate and does not indicate an excessively large component in context. Class sizes are evenly distributed (~113–159 LOC) with moderate WMC values (8–18) and no single class dominating the package. Coupling is low (Ce=1, Ca=1, fanin/fanout mostly 0) and cohesion metrics (LCOM values around 0.25–0.42) do not suggest a sprawling, unfocused component. Given these elements, there is insufficient evidence to classify this package as a God Component."
commons-lang,org.apache.commons.lang3.txt,God Component,package,org.apache.commons.lang3,1,"The package is excessively large: 73 classes and 26,295 LOC. It contains multiple very large, complex classes that dominate the package (ArrayUtils: 5,740 LOC, nom 377, wmc 870; StringUtils: 4,411 LOC, nom 244, wmc 713; SystemProperties: 2,807 LOC, nom 205, wmc 206; Conversion: 1,110 LOC, wmc 245; ClassUtils: 1,088 LOC, nom 66, wmc 157). Several of these large classes also show signs of low cohesion/complexity (e.g., Validate lcom 0.9259, ObjectUtils lcom 0.7308, Conversion lcom 0.6744). The package has many methods and high complexity concentrated in a few classes, plus broad dependencies to many subpackages, indicating a monolithic component that fits the God Component smell."
commons-lang,org.apache.commons.lang3.util.txt,God Component,package,org.apache.commons.lang3.util,0,"The package contains only 2 classes and 463 LOC overall, so it is not excessively large as a component. Although one class (FluentBitSet) is dominant — 396 LOC (≈85% of package LOC), 44 methods (nom) and WMC 49 — the package as a whole does not have a large number of classes or an unusually high total size. The metrics indicate a concentration of complexity in a single class rather than an excessively large component."
google-java-format,com.google.googlejavaformat.intellij.txt,God Component,package,com.google.googlejavaformat.intellij,0,"The package contains 10 classes totaling 381 LOC which is moderate rather than excessive. Responsibilities are distributed across multiple focused classes (e.g., GoogleJavaFormatFormattingService LOC 70, GoogleJavaFormatConfigurable LOC 73, GoogleJavaFormatSettings LOC 60, JreConfigurationChecker LOC 50, import optimizer LOC 43) and several very small utility/state classes (LOC 1–33). No single class dominates the package in LOC or complexity (largest class 73 LOC, WMC up to 14). Coupling is low (Ca = 0, Ce = 1) and classes have limited fan-in/fan-out, indicating responsibilities are separated. Based on this distribution and the provided metrics, there is no clear evidence that this package is an excessively large God Component."
google-java-format,com.google.googlejavaformat.java.filer.txt,God Component,package,com.google.googlejavaformat.java.filer,0,"The package contains only 2 classes and a total of 102 LOC (classes of ~49 and ~53 LOC), so it is small in both number of classes and lines of code. Class metrics show moderate complexity (WMC 8 and 9) and low coupling (fanin 0, fanout 0; Ca=0, Ce=1). Given the limited size and low coupling, there is insufficient evidence to consider this package a God Component."
google-java-format,com.google.googlejavaformat.java.javadoc.txt,God Component,package,com.google.googlejavaformat.java.javadoc,1,"The package contains 10 classes and 888 LOC with a clear concentration of size and complexity in a few classes: JavadocLexer (375 LOC, WMC 81, many methods) and JavadocWriter (247 LOC, WMC 50) plus JavadocFormatter (99 LOC). These two classes alone account for the majority of the package LOC and exhibit high complexity and large method counts, indicating that the package centralizes substantial responsibilities related to Javadoc lexing/formatting. The combination of total LOC, number of classes and the presence of several very large/complex classes supports identifying this package as a God Component."
google-java-format,com.google.googlejavaformat.java.txt,God Component,package,com.google.googlejavaformat.java,1,"The package is excessively large: 76 classes and 8,184 LOC overall. Several individual classes are very large and centralize complexity (e.g., JavaInputAstVisitor: 3,233 LOC, 167 methods, WMC 560 — ~40% of package LOC; JavaInput: 474 LOC, WMC 64; StringWrapper: 328 LOC, WMC 46; ImportOrderer: 370 LOC, WMC 54; JavaOutput: 277 LOC, WMC 63). The package contains many big classes and nested types, high method counts and complexity concentrated in a few components, which matches the God Component smell (a component excessively large in LOC and number of classes)."
google-java-format,com.google.googlejavaformat.txt,God Component,package,com.google.googlejavaformat,1,"The package has 32 classes and ~2,478 LOC with a strong concentration of size and complexity in a few classes: Doc (536 LOC, numerous fields/nested types such as Doc.Level, Doc.Token, Doc.Break, etc.) and OpsBuilder (504 LOC, 36 methods, WMC 89). Those two classes alone account for ~42% of the package LOC. Additional mid-sized classes (Newlines 159 LOC, Input 115 LOC) exist, but the presence of very large classes with many responsibilities and high complexity (many methods, high WMC, nested types inside Doc) indicates that functionality is centralized in a small number of oversized components, consistent with the God Component smell."
gson,com.example.txt,God Component,package,com.example,1,"The package contains 33 classes and 577 LOC, which is large for a single component in this codebase. A single class (Main) accounts for 173 LOC and 19 methods (high complexity within the package), and there are many nested/related classes concentrated in the same package. The package is largely self-contained (Ca = 0, Ce = 2) so responsibility is centralized here. These facts — high class count and substantial LOC concentrated in one package (including a notably large Main class) — support the detection of a God Component."
gson,com.google.gson.extras.examples.rawcollections.txt,God Component,package,com.google.gson.extras.examples.rawcollections,0,"The package contains only 2 classes and 38 LOC in total (RawCollectionsExample: 27 LOC, Event: 11 LOC). Class metrics are small (low WMC, no complex methods, minimal fan-in/fan-out) and there is no indication of a single class or the package aggregating excessive responsibilities or excessive size. Dependency footprint is minimal. Based on these elements, the package is not a God Component."
gson,com.google.gson.graph.txt,God Component,package,com.google.gson.graph,0,"The package has 4 classes and 403 LOC — not an excessive number of classes or overwhelmingly large size for a component. Although GraphAdapterBuilder is the largest class (228 LOC) and Factory is moderately sized (112 LOC), the remaining inner classes are small (40 LOC and 23 LOC), so size is concentrated but the overall package is modest. Additionally the package has no incoming coupling (Ca = 0) and a small set of external dependencies, indicating it is not an overly dominant/cohesive god component. Therefore this package does not qualify as a God Component based on the provided data."
gson,com.google.gson.interceptors.txt,God Component,package,com.google.gson.interceptors,0,"The package is small: num_classes=3 and total loc=65. Individual classes are small (InterceptorFactory loc=34, InterceptorAdapter loc=21, JsonPostDeserializer loc=10) with low complexity (wmc 2, 0, 1), low fanin/fanout and no indication of a very large number of contained classes. Package coupling is modest (Ce=3, Ca=0) and there are no signs of a single oversized class or overwhelmingly large component. Based on these metrics and contextual judgment, this package does not qualify as a God Component."
gson,com.google.gson.internal.bind.txt,God Component,package,com.google.gson.internal.bind,1,"The package contains 30 classes and 3,316 LOC total, which is large for a single component. Several classes within the package are very large and complex (e.g. TypeAdapters: 681 LOC, 51 fields, WMC 126; ReflectiveTypeAdapterFactory: 407 LOC, WMC 56; JavaTimeTypeAdapters: 317 LOC, WMC 82; JsonTreeReader: 285 LOC, WMC 70), and multiple classes contain many methods and nested types. The concentration of size and complexity in multiple oversized classes indicates the package centralizes too much responsibility and is excessively large by both LOC and number of classes, matching the God Component smell."
gson,com.google.gson.internal.bind.util.txt,God Component,package,com.google.gson.internal.bind.util,0,"The package contains a single class (num_classes=1) with 264 LOC. While the class ISO8601Utils concentrates the package's code (class loc=264) and shows moderate internal complexity (wmc=38, nom=9), it has low coupling (fanin=0, fanout=0) and reasonable cohesion (lcom=0.222). The size is moderate for a self-contained formatter/parser utility and there is not an excessive number of classes or extraordinarily large LOC that would indicate a God Component. Therefore, based on the provided metrics, this does not qualify as a God Component."
gson,com.google.gson.internal.reflect.txt,God Component,package,com.google.gson.internal.reflect,1,"The package has 299 LOC across 4 classes but is dominated by ReflectionHelper (218 LOC, ~73% of package LOC). ReflectionHelper also has high internal complexity and size (16 methods, WMC 23, 12 parameters across methods), while the other nested/helper classes are very small (9, 55, 17 LOC). This concentrated size and responsibility in a single class indicates the package contains a God Component that centralizes excessive functionality."
gson,com.google.gson.internal.sql.txt,God Component,package,com.google.gson.internal.sql,0,"The package contains only 4 classes and a total of 166 LOC, with individual class LOCs of 51, 45, 25, and 45. Complexity and size per class are low (WMC ranges ~3–6, NOM 3–4), and class-level coupling is minimal (fanin=0, fanout=0). Package-level coupling is modest (Ce=3, Ca=1). No single class or the package as a whole exhibits excessive size or concentration of responsibilities, so it does not qualify as a God Component."
gson,com.google.gson.internal.txt,God Component,package,com.google.gson.internal,1,"The package contains 30 classes and 2,464 LOC, indicating a large component surface. Several very large and complex classes concentrate much of that size: LinkedTreeMap (504 LOC, WMC 58) and GsonTypes (483 LOC, WMC 80), plus ConstructorConstructor (262 LOC, WMC 47). A single file (LinkedTreeMap) also defines multiple nested types (Node, Iterator, EntrySet, KeySet), increasing class/count density in one component. The combination of high total LOC, many classes, and a few very large/complex classes supports the conclusion that this package functions as a God Component."
gson,com.google.gson.metrics.txt,God Component,package,com.google.gson.metrics,1,"The package contains 22 classes and 831 LOC, indicating substantial size for a single component. Several large, complex classes concentrate most of the code: ParseBenchmark is 295 LOC and includes many nested types (Document, Api, Parser, GsonStreamParser, GsonSkipParser, JacksonStreamParser, GsonDomParser, GsonBindParser, JacksonBindParser, Tweet, User, Feed, Link, Item, Content, ReaderUser), CollectionsDeserializationBenchmark is 107 LOC (WMC 23) and BagOfPrimitivesDeserializationBenchmark is 91 LOC (WMC 20). The presence of multiple high-LOC and high-WMC classes plus many nested classes suggests the package aggregates multiple responsibilities rather than being focused, consistent with a God Component smell."
gson,com.google.gson.protobuf.generated.txt,God Component,package,com.google.gson.protobuf.generated,1,"The package contains 27 classes with a total of 17,618 LOC, which is very large for a single component. A single top-level class and its nested types dominate the package: Bag (LOC 6101) plus large nested types such as Bag.ProtoWithAnnotations (LOC 2361), Bag.InnerMessage (LOC 1413), Bag.ProtoWithRepeatedFields (LOC 876), Bag.ProtoWithAnnotationsAndJsonNames (LOC 846), Bag.OuterMessage (LOC 630) and multiple Builder inner classes (hundreds of LOC each). The bulk of the package's code is concentrated in these few, very large classes, creating a monolithic, excessively large component (despite low external coupling Ce=0/Ca=0), which matches the God Component smell."
gson,com.google.gson.protobuf.txt,God Component,package,com.google.gson.protobuf,0,"The package contains only 3 classes and 308 LOC overall, which is small for a component. The largest class, ProtoTypeAdapter, is 243 LOC with WMC 32 and 9 methods—moderate complexity but not overwhelmingly large. The other nested types (Builder 55 LOC, EnumSerialization 10 LOC) are small. Coupling metrics are low (Ce=1, Ca=0, fanin/fanout zeros), and there is no evidence of an excessive number of classes or massively large LOC concentrated beyond a single moderately sized adapter class. Therefore this package does not meet the contextual threshold for a God Component."
gson,com.google.gson.reflect.txt,God Component,package,com.google.gson.reflect,0,"The package contains a single class (TypeToken) with 285 LOC, 22 methods (nom) and WMC=64. While the class concentrates complexity (WMC and method count), the package is not excessively large by LOC nor composed of many classes. Coupling shows the class is reused (Ca=9) but efferent coupling is low (Ce=1). Given the single-class package and moderate size, the evidence does not indicate an excessively large component that would qualify as a God Component."
gson,com.google.gson.stream.txt,God Component,package,com.google.gson.stream,1,"The package totals 1,839 LOC across 5 classes, but is overwhelmingly concentrated in two classes: JsonReader (1,244 LOC, 46 methods, WMC 329) and JsonWriter (503 LOC, 39 methods, WMC 81), which together account for ~95% of the package LOC. The very high LOC, method counts and complexity metrics for these classes indicate excessive size and likely multiple responsibilities concentrated in a small number of components. Additionally the package has a non-trivial afferent coupling (Ca=8), increasing the impact of such large classes. These factors support detecting a God Component."
gson,com.google.gson.txt,God Component,package,com.google.gson,1,"The package contains 32 classes and 3,235 LOC, with a strong concentration of size and complexity in a few very large classes: Gson (826 LOC, 51 methods, WMC 104), GsonBuilder (454 LOC, 35 methods, WMC 52), JsonArray (281 LOC), JsonElement (227 LOC), JsonPrimitive (215 LOC) and JsonObject (167 LOC). These large classes account for a large portion of the package's code and responsibilities, and Gson in particular has high cyclomatic complexity and many methods, indicating an aggregation of functionality. Given the overall package size and the concentration of complexity in a small number of classes, the package qualifies as a God Component."
gson,com.google.gson.typeadapters.txt,God Component,package,com.google.gson.typeadapters,0,"The package contains only 4 classes and 409 LOC in total, which is not excessively large for a package. Although two classes are relatively large/complex (UtcDateTypeAdapter: 208 LOC, WMC 29; RuntimeTypeAdapterFactory: 129 LOC, WMC 30), the size/complexity is concentrated in a couple of classes rather than the package as a whole. Coupling is low (Ca=0, Ce=3). Therefore, while individual classes may warrant refactoring (high WMC, many methods), the package does not constitute a God Component."
javaparser,(default package).txt,God Component,package,(default package),1,"The package '(default package)' aggregates 101 classes (num_classes = 101) with a total of 676 LOC. Even though many classes are small, the very high number of classes concentrated in a single package (including many inner/test classes listed) indicates the component is excessively large by class count and therefore exhibits the God Component smell."
javaparser,a.b.c.txt,God Component,package,a.b.c,0,"The package a.b.c has 6 classes and a total of 26 LOC — not an excessive size. Individual classes are very small (LOC values: 2, 9, 2, 2, 9, 2) with low complexity (WMC 0 or 2) and minimal coupling (fanin/fanout 0, Ce/Ca = 0). There is no sign of a single oversized component concentrating functionality, so the package does not qualify as a God Component."
javaparser,a.txt,God Component,package,a,0,"Package 'a' contains 4 classes with a total of 22 LOC (individual class LOC: 8, 5, 5, 4). Class-level metrics show very low complexity (WMC 0-1), negligible method counts, and no fan-in/fan-out. The package has no external coupling (Ce=0, Ca=0). These values indicate the component is small and not excessively large, so it does not meet the God Component smell."
javaparser,aPackage.txt,God Component,package,aPackage,0,"The package contains only 2 classes and a total of 10 LOC (each class 5 LOC). Per-class metrics show very low complexity (WMC=1), no fields/methods beyond minimal (nom=1, nopm=1), and no coupling (Ce=0, Ca=0, fanin=0, fanout=0). Given the small size and lack of complexity or many classes, there is no evidence of an excessively large component."
javaparser,another.txt,God Component,package,another,0,"The package 'another' contains 6 classes but only 11 total LOC, with individual class LOC mostly 1–2 and metrics showing WMC=0, NC=0 for classes. Package-level coupling is Ce=0 and Ca=0 and there are no dependencies. Given the very small size (LOC) and low complexity of all classes, there is no evidence of an excessively large component, so it is not a God Component."
javaparser,bar.txt,God Component,package,bar,0,"The package 'bar' contains only 1 class and 2 lines of code (package.metrics: num_classes=1, loc=2). The single class 'A' has loc=2, wmc=0, nc=0, fanin=0, fanout=0 and no dependencies. These metrics indicate the component is minimal rather than excessively large, so it does not meet the contextual criteria for a God Component."
javaparser,box.txt,God Component,package,box,0,"The package 'box' contains only 1 class and a total of 2 LOC. The single class has LOC=2, WMC=0 and no incoming/outgoing dependencies. These metrics show the component is minimal in size and class count, so it is not an excessively large (God) component."
javaparser,com.example.txt,God Component,package,com.example,0,"The package contains 6 classes and a total of 34 LOC, which is small overall. Individual classes are tiny (LOC ranges 2–11, max 11), with low complexity metrics (wmc mostly 0–1) and low coupling (Ce=1, Ca=0, fanin/fanout mostly 0). No single class or the package as a whole appears excessively large in LOC or number of classes, so the God Component smell is not detected."
javaparser,com.foo.base.txt,God Component,package,com.foo.base,0,"The package com.foo.base contains only 1 class and 2 lines of code. Class-level metrics show loc=2, wmc=0, nom=0 and no dependencies or coupling (Ce=0, Ca=0, fanin=0, fanout=0). Given the very small size and minimal complexity, this package does not exhibit the excessive size characteristic of a God Component."
javaparser,com.foo.txt,God Component,package,com.foo,0,"Package com.foo contains only 1 class and 20 LOC, with low internal complexity (Widget: wmc=3, nom=3, loc=20, lcom=1.0) and no incoming coupling (Ca=0, fanin=0). Although it has several external dependencies (Ce=5), the component is small in size and class count and does not exhibit the excessive size or number of classes characteristic of a God Component."
javaparser,com.github.javaparser.ast.body.txt,God Component,package,com.github.javaparser.ast.body,1,"The package contains 18 classes with a total of 3034 LOC, indicating substantial size for a single component. Several classes are individually large and complex (examples: CallableDeclaration LOC 293, WMC 71; BodyDeclaration LOC 211, NOM 62, WMC 70; CompactConstructorDeclaration LOC 237, WMC 59; MethodDeclaration LOC 228, NOM 39, WMC 61; Parameter LOC 221, WMC 55). The package also has high afferent coupling (Ca = 41), showing many other components depend on it, and multiple classes expose many methods (high NOM) and high complexity (high WMC). Together these factors (large aggregate LOC, many sizable/complex classes, and high external dependency) support classifying this package as a God Component."
javaparser,com.github.javaparser.ast.comments.txt,God Component,package,com.github.javaparser.ast.comments,0,"The package contains 7 classes and 508 LOC overall, which is not excessively large for a single component. Class-level metrics show one relatively larger class (Comment: loc 158, nom 35, wmc 43) and one medium class (MarkdownComment: loc 111, nom 15, wmc 24), but the remaining classes are small (loc 36–53). The size and number of classes are distributed rather than concentrated into a single overwhelmingly large component, and dependencies are moderate. Based on this data, the package does not exhibit the extreme size or number of classes indicative of a God Component."
javaparser,com.github.javaparser.ast.expr.txt,God Component,package,com.github.javaparser.ast.expr,1,"The package contains 48 classes and 4,911 LOC, indicating a large component surface. It includes several very large and complex classes (notably Expression: LOC 536, WMC 180, NOM 177, NC 71; ObjectCreationExpr: LOC 238, WMC 62; MethodCallExpr: LOC 220, WMC 61) plus many other classes >100 LOC and high WMC. The package also has substantial coupling (Ca=40 afferent, Ce=14 efferent), showing it is highly central. The combination of high class count, high total LOC, multiple heavyweight classes and strong coupling supports detection of a God Component."
javaparser,com.github.javaparser.ast.modules.txt,God Component,package,com.github.javaparser.ast.modules,0,"The package contains 7 classes and a total of 835 LOC (average ≈119 LOC/class), which is moderate in size and not excessively large in either lines of code or class count. No single class dominates the package: the largest class (ModuleDeclaration/ModuleDirective area) has ~131–144 LOC and the highest method count shown (nom 44) but this is not disproportionate compared to other classes (most classes are 91–144 LOC and have similar complexity measures). Fan-in/fan-out values are zero for individual classes and package coupling (Ce=6, Ca=8) is modest. The package is organized around distinct module directive types (Provides, Requires, Uses, Opens, Exports, Declaration, Directive), indicating responsibilities are separated rather than concentrated in a single oversized component. Therefore the available data do not support labeling this package as a God Component."
javaparser,com.github.javaparser.ast.nodeTypes.modifiers.txt,God Component,package,com.github.javaparser.ast.nodeTypes.modifiers,0,"The package contains 8 classes with a total of 88 LOC, with individual class sizes ranging from 5 to 14 LOC. Class complexities (WMC) are very low (0–2), and coupling metrics are minimal (package Ce=0, Ca=0; per-class fanin/fanout = 0). There is no single large/dominant class or very high LOC count that would indicate an excessively large component, so this package does not qualify as a God Component."
javaparser,com.github.javaparser.ast.nodeTypes.txt,God Component,package,com.github.javaparser.ast.nodeTypes,1,"The package contains 31 classes and 1358 LOC, which indicates substantial size and potential concentration of responsibilities. Several individual classes are large and complex (e.g., NodeWithMembers: 309 LOC, nom 37; NodeWithAnnotations: 147 LOC, nom 20; NodeWithVariables: 99 LOC, wmc 22; NodeWithParameters: 91 LOC, nom 18; NodeWithStatements: 65 LOC, wmc 17), showing that significant functionality is implemented within this single package. The package also depends on and is depended on by many other packages (multiple AST subpackages), suggesting it plays a central role. Based on this combination of high class count, high total LOC, and multiple oversized classes concentrating behavior, this component is judged to exhibit the God Component smell."
javaparser,com.github.javaparser.ast.observer.txt,God Component,package,com.github.javaparser.ast.observer,0,"The package contains 7 classes and 276 LOC, which is modest in size and not indicative of an excessively large component. Although ObservableProperty is relatively large (135 LOC, 20 methods, WMC 29 — roughly 49% of the package LOC) and PropagatingAstObserver is notable (70 LOC, WMC 21), the overall package size and class count do not constitute a 'God Component'. The distribution shows a couple of larger classes rather than an overwhelmingly large component in terms of total LOC or number of classes, so the available data do not support flagging this package as a God Component."
javaparser,com.github.javaparser.ast.stmt.txt,God Component,package,com.github.javaparser.ast.stmt,1,"The package contains 26 classes and 2,723 LOC, a high concentration of code for a single package. Several classes are large and complex: Statement (loc 264, nom 92, wmc 92) and other heavy classes such as SwitchEntry (loc 193, wmc 46), ExplicitConstructorInvocationStmt (loc 184, wmc 47), TryStmt (loc 168, wmc 46), ForStmt (loc 167, wmc 45) and IfStmt (loc 154, wmc 38). The package average LOC (~105 per class) plus multiple classes with very high method counts/complexity indicates functionality and responsibility are centralized and the component is excessively large, supporting detection of the God Component smell."
javaparser,com.github.javaparser.ast.txt,God Component,package,com.github.javaparser.ast,1,"The package contains 21 classes and 2,829 LOC with several very large, highly complex classes concentrated in it. Notably: Node (877 LOC, WMC 150, NOM 78, NC 49), CompilationUnit (615 LOC, WMC 100, NOM 59), and NodeList (460 LOC, WMC 91, NOM 67). These few classes account for a large portion of the package LOC and exhibit high complexity and many responsibilities. Additionally the package has high afferent coupling (Ca = 60), indicating many other components depend on it, increasing the impact of its size/complexity. Taken together, the concentration of large, complex classes and the package-level size and centrality justify identifying this package as a God Component."
javaparser,com.github.javaparser.ast.type.txt,God Component,package,com.github.javaparser.ast.type,1,"The package contains 16 classes but a relatively large footprint (loc = 1563) with several very large/complex classes concentrated in it: ClassOrInterfaceType (loc 211, wmc 54, nom 31), Type (loc 206, wmc 67, nom 59, nc 21), ArrayType (loc 196, wmc 38), WildcardType (loc 167, wmc 42), PrimitiveType (loc 137, wmc 29) and TypeParameter (loc 136, wmc 35). Multiple classes have high method counts and high complexity (wmc), indicating concentrated responsibilities. The package also has high afferent coupling (Ca = 28), meaning many other components depend on it, increasing its criticality. Taken together — sizable total LOC, several large/complex classes, concentrated responsibilities in central types, and many incoming dependencies — this fits the contextual definition of a God Component (excessively large component)."
javaparser,com.github.javaparser.ast.validator.language_level_validations.chunks.txt,God Component,package,com.github.javaparser.ast.validator.language_level_validations.chunks,0,"The package contains 7 classes and 359 LOC in total, which is moderate and not excessively large for a package. Although ModifierValidator is relatively large (168 LOC, 18 methods, WMC 44) and could be a candidate for class-level refactoring, the other six classes are small (LOCs: 41, 32, 73, 15, 15, 15) with low complexity. The class-and-LOC distribution shows a single outlier rather than an overall oversized component, so the package as a whole does not meet the contextual criteria for a God Component."
javaparser,com.github.javaparser.ast.validator.language_level_validations.txt,God Component,package,com.github.javaparser.ast.validator.language_level_validations,0,"The package contains 35 classes and 658 LOC in total, but the code is spread across many small, focused validator classes (average ~19 LOC/class). Only a few classes are larger (e.g. Java1_0Validator at 125 LOC, Java22Validator 61 LOC, Java5Validator 46 LOC), and there is no single overwhelmingly large class or overwhelmingly large total LOC for a single cohesive responsibility. Coupling is low (Ce=3, Ca=1) and class-level fan-in/fan-out metrics are minimal, indicating cohesive, low-coupled responsibilities (per-version validators). Given the modest total LOC, distributed small classes, and low coupling, this package does not exhibit the God Component smell."
javaparser,com.github.javaparser.ast.validator.postprocessors.txt,God Component,package,com.github.javaparser.ast.validator.postprocessors,0,"The package contains 17 classes but only 134 total LOC (≈8 LOC per class). Most classes are trivial JavaXXPostProcessor files with LOC = 5; the only larger files are PostProcessors (LOC 30, WMC 7) and Java10PostProcessor (LOC 29, WMC 4). There is no single class or concentrated subset that is excessively large in LOC or complexity, and coupling indicators are low (Ce = 2, Ca = 1, fanin/fanout mostly 0). Based on these elements, the package does not exhibit a God Component smell."
javaparser,com.github.javaparser.ast.validator.txt,God Component,package,com.github.javaparser.ast.validator,0,"The package contains 10 classes and 190 total LOC (average ~19 LOC/class), with the largest classes at ~30 LOC (Validators 30 LOC, ProblemReporter 28 LOC, RecordAsTypeIdentifierNotAllowed 28 LOC). Individual class complexity (WMC) is low to moderate (max WMC ~7), and no class shows extreme size or high fanin/fanout. Given the modest total LOC, small per-class sizes, and limited number of classes, the package is not excessively large and does not qualify as a God Component."
javaparser,com.github.javaparser.ast.visitor.txt,God Component,package,com.github.javaparser.ast.visitor,1,"The package contains 18 classes but an extremely large total size (loc = 11,816) with several very large classes concentrated in it. Notable examples: NodeFinderVisitor (loc=1868, wmc=648), GenericListVisitorAdapter (loc=1803, wmc=561), GenericVisitorAdapter (loc=1707, wmc=563), CloneVisitor (loc=1082), ModifierVisitor (loc=1049), EqualsVisitor (loc=848), and multiple other classes in the 300–700+ LOC range. Many classes also declare ~100 methods (nom ≈ 100) and very high WMC values, indicating high internal complexity and multiple responsibilities. The combination of very high LOC, many large classes, high method counts and complexity concentrated in this single package supports the contextual judgement that this package is a God Component."
javaparser,com.github.javaparser.generator.core.node.txt,God Component,package,com.github.javaparser.generator.core.node,0,"The package contains 9 classes and 360 LOC (average ~40 LOC/class) which is not excessively large. Classes are focused generator types (PropertyGenerator, RemoveMethodGenerator, TypeCastingGenerator, etc.), indicating single responsibilities. The largest class is PropertyGenerator at 118 LOC and WMC 23 — notable but not dominant given the overall package size. Class-level fanin/fanout are 0 and package afferent coupling Ca is 0 (not a central monolith), with moderate efferent coupling Ce=7. Overall size, cohesion by role, and moderate complexity do not support labeling this package a God Component."
javaparser,com.github.javaparser.generator.core.other.txt,God Component,package,com.github.javaparser.generator.core.other,0,"The package contains only 3 classes and a total of 122 LOC, which is small for a component considered 'excessively large'. Individual classes have modest sizes (LOC: 30, 44, 48) and low-to-moderate complexity (WMC: 4, 5, 9) and few methods (nom: 3–4). Coupling metrics do not indicate a massive centralized responsibility (Ca=0, Ce=5). Based on these elements, the package does not exhibit the excessive size or class count characteristic of a God Component."
javaparser,com.github.javaparser.generator.core.quality.txt,God Component,package,com.github.javaparser.generator.core.quality,0,"The package contains a single class (num_classes = 1) with 93 LOC. The class NotNullGenerator has modest complexity (wmc = 18, nom = 8) and no incoming coupling (Ca = 0, fanin = 0). There is no evidence of an excessive number of classes or an unusually large amount of code concentrated in this package, so it does not meet the contextual criteria for a God Component."
javaparser,com.github.javaparser.generator.core.txt,God Component,package,com.github.javaparser.generator.core,0,"The package contains a single class (num_classes=1) with only 48 LOC, low complexity (WMC=3), few methods (nom=2, nopm=1), and minimal coupling (Ca=0, Ce=2, fanin=0, fanout=0). These indicators show the component is small and not excessively large in terms of lines of code or number of classes, so it does not qualify as a God Component."
javaparser,com.github.javaparser.generator.core.utils.txt,God Component,package,com.github.javaparser.generator.core.utils,0,"The package contains only 1 class and 16 LOC (package metrics: num_classes=1, loc=16). The single class CodeUtils also has low size and complexity (loc=16, wmc=3, nom=2) and minimal coupling (fanin=0, fanout=0, Ce=2, Ca=1). Given the very small LOC and single-class composition, there is no evidence of an excessively large component, so the God Component smell is not present."
javaparser,com.github.javaparser.generator.core.visitor.txt,God Component,package,com.github.javaparser.generator.core.visitor,0,"The package contains 15 classes and 426 LOC in total, which is moderate and distributed (average ~28 LOC/class). No single class dominates the package (largest class ~56 LOC). Class-level metrics show small, focused generators (low WMC, low LOC) and fan-in/fan-out values are zero for the listed classes. Package coupling indicates Ce=6 (it depends on a few external packages) and Ca=0 (no incoming dependencies), so it is not a central, highly depended-on component. The classes share a clear cohesive purpose (visitor generator variants) rather than many unrelated responsibilities. These factors indicate the package is not excessively large or overly centralized, so it does not qualify as a God Component."
javaparser,com.github.javaparser.generator.metamodel.txt,God Component,package,com.github.javaparser.generator.metamodel,0,"The package contains 5 classes totaling 369 LOC, with the largest class (MetaModelGenerator) at 185 LOC. Other classes are small (75, 36, 38, 35 LOC). No extreme concentration of size or responsibilities is evident: work is distributed across multiple helper generators rather than a single overwhelmingly large class. Additionally, the package has no incoming coupling (Ca=0) and modest outgoing coupling (Ce=6), and class-level metrics (wmc, nom) are moderate. Based on these metrics and the distribution of LOC and classes, there is insufficient evidence to label this package a God Component."
javaparser,com.github.javaparser.generator.txt,God Component,package,com.github.javaparser.generator,0,"The package contains 5 classes and 325 LOC, which is not excessively large in terms of number of classes or total LOC. Although AbstractGenerator is disproportionately large within the package (165 LOC — ~50% of package LOC, 20 methods, WMC=28) and displays high complexity and responsibility (suggesting a God Class within the package), the package as a whole does not exhibit an excessive size by the provided metrics. Package coupling shows Ce=7 and Ca=0, indicating some outward dependencies but no incoming dependency concentration; this supports the view that responsibility is concentrated in a single class rather than the entire package being a God Component."
javaparser,com.github.javaparser.javadoc.description.txt,God Component,package,com.github.javaparser.javadoc.description,0,"The package contains 5 classes with a total of 186 LOC, which is small for a component. The largest classes are JavadocInlineTag (71 LOC, WMC 15) and JavadocDescription (66 LOC, WMC 18); other classes are much smaller (27 LOC, 16 LOC, 6 LOC). No single class or the package as a whole dominates in size or complexity, and coupling metrics are low (Ce=1, Ca=5). Based on these metrics and contextual judgment, this package does not qualify as a God Component."
javaparser,com.github.javaparser.javadoc.txt,God Component,package,com.github.javaparser.javadoc,0,"The package contains only 3 classes and 216 total LOC, which is modest in size. The largest class (Javadoc) is 113 LOC with 14 methods and WMC 23 — nontrivial but not excessively large; other classes are 84 LOC and 19 LOC respectively. Cohesion metrics (LCOM = 0.0) indicate focused responsibilities, and fanin/fanout values are 0 for classes provided, showing limited coupling. Given the small number of classes, moderate LOC per class, and evidence of cohesion, the package does not exhibit the excessive size or scope characteristic of a God Component."
javaparser,com.github.javaparser.javasymbolsolver.javassist_symbols.excluded_jar.txt,God Component,package,com.github.javaparser.javasymbolsolver.javassist_symbols.excluded_jar,0,"The package contains only 2 classes and a total of 6 LOC, with each class having 3 LOC, no methods (nom = 0), no complexity (wmc = 0), and no inbound/outbound dependencies (fanin/fanout = 0). There is no concentration of functionality or excessive size in terms of classes or lines of code, so it does not qualify as a God Component."
javaparser,com.github.javaparser.javasymbolsolver.javassist_symbols.included_jar.txt,God Component,package,com.github.javaparser.javasymbolsolver.javassist_symbols.included_jar,0,"The package contains only 2 classes and a total of 6 LOC (each class ~3 LOC). Class-level metrics show minimal complexity (wmc 0), no methods of interest (nom 0), and no incoming/outgoing dependencies (fanin 0, fanout 0). Given the very small size and low complexity, it is not an excessively large component and therefore does not qualify as a God Component."
javaparser,com.github.javaparser.javasymbolsolver.javassist_symbols.main_jar.txt,God Component,package,com.github.javaparser.javasymbolsolver.javassist_symbols.main_jar,0,"The package contains 17 classes but only 47 total LOC, an average of ~2.8 LOC per class, and every class shows very small size (most classes 1–4 LOC) and minimal complexity (wmc, nom near 0). Package-level metrics (num_classes=17, loc=47, Ca=0, Ce=0) and the absence of large or highly complex classes indicate the component is not excessively large in terms of lines of code or class complexity, so it does not qualify as a God Component."
javaparser,com.github.javaparser.metamodel.txt,God Component,package,com.github.javaparser.metamodel,1,"The package contains 121 classes and 2,549 LOC, indicating a very large component by both class count and total size. In particular, the class JavaParserMetaModel is extremely large (973 LOC) and aggregates a very large number of elements (many fields/entries indicated by nopf=118 and nof=119), while PropertyMetaModel (194 LOC) and BaseNodeMetaModel (168 LOC) are also substantial. The package therefore concentrates a large portion of the package-level LOC and responsibilities into a few very large classes and hosts an unusually high number of related meta-model classes, consistent with a God Component (excessive size and centralized responsibility)."
javaparser,com.github.javaparser.printer.concretesyntaxmodel.txt,God Component,package,com.github.javaparser.printer.concretesyntaxmodel,0,"The package contains 18 classes and 588 LOC, which is moderate rather than excessively large. Most classes are small (many < 50 LOC); only a few classes concentrate more size/complexity (e.g. CsmElement: 90 LOC with 30 methods, CsmList: 82 LOC, CsmToken: 63 LOC). Package coupling is low (Ce=7, Ca=3) and fan-in/fan-out values per class are minimal, indicating focused responsibility. While one class (CsmElement) shows concentrated complexity and could be refactored, the package as a whole does not present the excessive size in LOC or class count that would justify labeling it a God Component."
javaparser,com.github.javaparser.printer.configuration.imports.txt,God Component,package,com.github.javaparser.printer.configuration.imports,0,"The package contains 3 classes with a total of 99 LOC (class LOC: 16, 34, 49). Individual classes have low-to-moderate complexity (WMC 4, 7, 10), no reported coupling (fanin/fanout 0) and limited external dependencies (com.github.javaparser.ast and NodeList). Given the small number of classes, low LOC and limited coupling, the component is not excessively large and does not exhibit a God Component smell."
javaparser,com.github.javaparser.printer.configuration.txt,God Component,package,com.github.javaparser.printer.configuration,0,"The package contains 9 classes and 452 LOC, which is moderate in size. While a few classes hold most of the code (PrettyPrinterConfiguration: 170 LOC, Indentation: 69 LOC, DefaultPrinterConfiguration: 65 LOC, DefaultConfigurationOption: 62 LOC), the package is split into multiple classes (no single overwhelmingly large class) and has low coupling (Ce=2, Ca=5). The concentration of functionality in several related classes appears expected for printer configuration concerns and does not by itself indicate an excessively large component, so there is insufficient evidence to mark this package as a God Component."
javaparser,com.github.javaparser.printer.lexicalpreservation.changes.txt,God Component,package,com.github.javaparser.printer.lexicalpreservation.changes,0,"The package contains 6 classes and a total of 170 LOC, which is modest and not indicative of an excessively large component. Individual classes are small (LOCs: 11, 28, 20, 35, 41, 35) and responsibilities appear distributed across purpose-specific classes (NoChange, PropertyChange, Change, ListAdditionChange, ListRemovalChange, ListReplacementChange). Complexity metrics (maximum WMC = 9, modest NOM values) and the absence of a single class dominating LOC or methods indicate no single god component. Coupling (Ce = 6, Ca = 1) is present but not extreme. Based on these elements, the package does not qualify as a God Component."
javaparser,com.github.javaparser.printer.lexicalpreservation.txt,God Component,package,com.github.javaparser.printer.lexicalpreservation,1,"The package is a集中 of substantial size and complexity: 36 classes and 3801 LOC. Several very large, complex classes live in the same package (Difference: loc=788, nom=46, wmc=189; LexicalPreservingPrinter: loc=592, nom=14, wmc=63; LexicalDifferenceCalculator: loc=328, nom=17, wmc=71; DifferenceElementCalculator: loc=253, nom=11, wmc=52). This indicates many responsibilities concentrated in one component rather than distributed. The package also contains many mid-sized utility/inner classes supporting heavy core logic, and shows moderate coupling (Ce=16, Ca=6), consistent with a central, heavyweight component. Together these facts support detecting a God Component: the package is excessively large in LOC and number of classes and houses multiple high-complexity classes that suggest excessive responsibility concentration."
javaparser,com.github.javaparser.printer.txt,God Component,package,com.github.javaparser.printer,1,"The package contains 13 classes but is very large (3974 LOC). Two classes dominate the package size and complexity: DefaultPrettyPrinterVisitor (1688 LOC, 124 methods, WMC 354, 106 non-private methods) and PrettyPrintVisitor (1588 LOC, 122 methods, WMC 346, 107 non-private methods). Together they account for ~3276 LOC (~82% of the package) and extremely high complexity/number-of-methods, indicating concentrated responsibilities. Additional supporting classes (SourcePrinter 181 LOC, ConcreteSyntaxModel 158 LOC) are much smaller. The concentration of LOC, high method counts and WMC in a few classes, plus many dependencies, support the judgment that this package contains a God Component that is excessively large and likely taking on too many responsibilities."
javaparser,com.github.javaparser.quality.txt,God Component,package,com.github.javaparser.quality,0,"The package contains only 1 class and 40 LOC, which is small and not indicative of an excessively large component. The single class (Preconditions) has 5 methods, LOC 40 and WMC 6, with no outgoing dependencies and no fan-in/fan-out complexity. There is no evidence of a large number of classes or very high LOC that would justify labeling this package a God Component."
javaparser,com.github.javaparser.range.txt,God Component,package,com.github.javaparser.range,0,"The package contains only 2 classes and a total of 10 LOC (each class ~5 LOC). Class-level metrics show very low complexity (wmc=1), no fields/methods beyond minimal, and no incoming/outgoing dependencies (fanin/fanout = 0). These values indicate the component is small and not excessively large in LOC or number of classes, so the God Component smell is not present."
javaparser,com.github.javaparser.resolution.cache.txt,God Component,package,com.github.javaparser.resolution.cache,0,"The package contains only 2 classes and 106 LOC in total, which is small for a 'God Component'. Individual classes have moderate method counts (CacheStats: 14 methods, LOC 58, WMC 14; Cache: 8 methods, LOC 48, WMC 8) but not an excessive number of classes or overwhelming LOC. Coupling is low (Ce = 0, Ca = 2; class fanin/fanout = 0), so the package is not acting as a highly central/bloated component. Therefore, evidence does not support detection of a God Component."
javaparser,com.github.javaparser.resolution.declarations.txt,God Component,package,com.github.javaparser.resolution.declarations,1,"The package contains 22 classes and 1,189 LOC, which is substantial for a single component. Complexity and size are concentrated in multiple large classes: ResolvedTypeParameterDeclaration (loc 230, nom 33, wmc 41), ResolvedReferenceTypeDeclaration (loc 230, nom 31, wmc 37), and ResolvedTypeDeclaration (loc 144, nom 25, wmc 26). Several other classes also have non‑trivial method counts (e.g., ResolvedMethodLikeDeclaration nom 15, ResolvedDeclaration nom 15). The package has high afferent coupling (Ca = 30), indicating many clients depend on it, and relatively low efferent coupling (Ce = 3), suggesting it centralizes responsibilities. The combination of many classes, concentrated large/complex classes, high method counts and strong incoming coupling supports classification as a God Component."
javaparser,com.github.javaparser.resolution.logic.txt,God Component,package,com.github.javaparser.resolution.logic,1,"The package totals 1322 LOC across 7 classes, but one class (MethodResolutionLogic) is extremely large: 803 LOC (≈61% of the package), 31 methods (nom) and very high WMC (211). Other sizable classes include InferenceContext (205 LOC, WMC 58) and ConstructorResolutionLogic (145 LOC, WMC 36). The package therefore shows a strong concentration of code and complexity in a single class (and a few large classes), indicating an excessively large component by LOC and complexity even though the number of classes is modest."
javaparser,com.github.javaparser.resolution.model.txt,God Component,package,com.github.javaparser.resolution.model,0,"The package contains only 3 classes and a total of 143 LOC (class LOCs: 71, 44, 28). No single class dominates the package size, and per-class complexity (WMCs 11, 10, 5) and cohesion figures do not indicate an excessively large or centralized component. Although the package has moderate incoming coupling (Ca = 16), the absolute size in lines and number of classes is small, so there is no evidence of a 'God Component' based on the provided data."
javaparser,com.github.javaparser.resolution.model.typesystem.txt,God Component,package,com.github.javaparser.resolution.model.typesystem,0,"The package contains only 3 classes and a total of 258 LOC, which is not excessively large for a component. Class-level metrics show ReferenceTypeImpl is the largest (161 LOC, 17 methods, WMC 45) and somewhat complex, but the other classes are small (LazyType 70 LOC, NullType 27 LOC). The small number of classes and modest total LOC indicate the component as a whole is not a 'God Component', even though one class has relatively high complexity."
javaparser,com.github.javaparser.resolution.promotion.txt,God Component,package,com.github.javaparser.resolution.promotion,0,"The package is very small: num_classes = 1 and total loc = 3. The single class (ConditionalExprHandler) has loc = 3, wmc = 1, and nc = 3, indicating minimal complexity. A God Component is characterized by being excessively large in LOC or number of classes; this package is tiny and has low coupling metrics (Ce = 1, Ca = 2 and fanin/fanout = 0), so there is no evidence of an overly large or monolithic component."
javaparser,com.github.javaparser.resolution.txt,God Component,package,com.github.javaparser.resolution,0,"The package contains 10 classes and 753 LOC overall, which is moderate in size for a package. Although complexity is concentrated in three relatively large classes (Context: 214 LOC, Navigator: 197 LOC, MethodUsage: 175 LOC with high WMC and many methods), the remaining seven classes are small (many < 62 LOC) so the package is not excessively large as a whole. The class count (10) is not unusually high and overall LOC is not dominated across many classes, indicating the size/complexity problem is localized to a few classes rather than the component itself being a God Component. Metrics such as Ca=31 and Ce=9 show the package is moderately connected but do not by themselves indicate excessive component size."
javaparser,com.github.javaparser.resolution.types.parametrization.txt,God Component,package,com.github.javaparser.resolution.types.parametrization,0,"The package contains only 4 classes and 152 LOC in total, which is not excessively large for a component. The largest class, ResolvedTypeParametersMap, is 84 LOC with 12 methods and WMC 17 — somewhat complex but not so large that it dominates the package. Other classes are small (ResolvedTypeParameterValueProvider 38 LOC, ResolvedTypeParametrized 7 LOC, Builder 23 LOC). Package coupling is low (Ce=2, Ca=5) and the responsibilities appear concentrated and related to type parameter parametrization. Based on this contextual information, the package does not exhibit the excessive size or number of classes characteristic of a God Component."
javaparser,com.github.javaparser.resolution.types.txt,God Component,package,com.github.javaparser.resolution.types,1,"The package contains 12 classes and 1040 LOC with a strong concentration of size and complexity in a few classes: ResolvedReferenceType (loc 377, nom 51, wmc 100), ResolvedType (loc 128, nom 29, wmc 30), ResolvedPrimitiveType (loc 128, nom 21, wmc 39), and ResolvedWildcard (loc 125, nom 20, wmc 39). Those four classes account for the majority (~73%) of the package LOC and exhibit high method counts and cognitive complexity, indicating the component is handling many responsibilities and is excessively large for a single package."
javaparser,com.github.javaparser.serialization.txt,God Component,package,com.github.javaparser.serialization,0,"The package contains 6 classes and 290 LOC total, which is moderate in size. The two largest classes (JavaParserJsonDeserializer: 126 LOC, WMC 22; JavaParserJsonSerializer: 129 LOC, WMC 14) are not extremely large and are accompanied by four very small nested/helper classes (8–11 LOC each). The class count is low (6) and there is no evidence of an excessive concentration of responsibilities across many classes or extremely high LOC. Although efferent coupling (Ce = 12) is higher than afferent (Ca = 0), that indicates dependencies outward rather than a single oversized component. Based on these metrics and contextual judgment, this package does not qualify as a God Component."
javaparser,com.github.javaparser.storage.txt,God Component,package,com.github.javaparser.storage,0,"The package com.github.javaparser.storage contains only 1 class (PrimaryType) with 2 LOC, no methods (nof=0, nom=0), WMC=0, and no incoming/outgoing dependencies (Ca=0, Ce=0, fanin=0, fanout=0). These metrics indicate the component is extremely small and has no signs of being excessively large, so it does not qualify as a God Component."
javaparser,com.github.javaparser.symbolsolver.cache.txt,God Component,package,com.github.javaparser.symbolsolver.cache,0,"The package contains only 4 classes and 263 LOC overall, which is not excessively large. The largest class, DefaultCacheStats, is 136 LOC with 19 methods and WMC 20 — notable but not dominating the package — while the other classes (InMemoryCache 44 LOC, GuavaCache 46 LOC, NoCache 37 LOC) are small. Coupled with low package coupling (Ce=1, Ca=1) and no overwhelming number of classes or extreme LOC concentration, there is insufficient evidence to label this package a God Component."
javaparser,com.github.javaparser.symbolsolver.core.resolution.txt,God Component,package,com.github.javaparser.symbolsolver.core.resolution,0,"The package contains only 3 classes and a total of 17 LOC, which is very small for a component. Individual classes have very low LOC (3, 11, 3), low complexity (WMC = 1 each), low coupling within the package (fanin = 0, fanout = 0 for classes), and shallow inheritance (DIT = 0). Although the package has some external dependencies (Ce = 6, Ca = 7), there is no evidence of an excessive number of classes or large amount of code that would indicate a God Component."
javaparser,com.github.javaparser.symbolsolver.declarations.common.txt,God Component,package,com.github.javaparser.symbolsolver.declarations.common,0,"The package contains a single class and is small in size (package LOC = 55; num_classes = 1). The sole class MethodDeclarationCommonLogic is 55 LOC with moderate complexity (WMC = 13, NOM = 5) but not an excessively large implementation. Although efferent coupling (Ce = 10) indicates it depends on several other packages, the smell definition targets excessive size (LOC or many classes), which is not met here. Therefore this package does not qualify as a God Component."
javaparser,com.github.javaparser.symbolsolver.javaparsermodel.contexts.txt,God Component,package,com.github.javaparser.symbolsolver.javaparsermodel.contexts,1,"The package contains a large number of classes (37) and a high total size (2451 LOC), indicating substantial size at the package level. Several classes are individually large and complex (e.g. MethodCallExprContext: 312 LOC, WMC 86; CompilationUnitContext: 241 LOC, WMC 65; AbstractJavaParserContext: 187 LOC, WMC 49; StatementContext: 178 LOC, WMC 47; JavaParserTypeDeclarationAdapter: 166 LOC, WMC 48), showing concentrated responsibilities and high internal complexity. The package also exhibits notable coupling (Ce=25, Ca=6) and many dependencies across core resolution and AST subsystems, suggesting it centralizes functionality. Taken together — high class count, high total LOC, multiple very large/complex classes, and broad coupling — this supports identifying the package as a God Component."
javaparser,com.github.javaparser.symbolsolver.javaparsermodel.declarations.txt,God Component,package,com.github.javaparser.symbolsolver.javaparsermodel.declarations,1,"The package is substantially large and heterogeneous: 24 classes and 2,568 LOC overall. Multiple classes are individually large (JavaParserRecordDeclaration: 401 LOC, JavaParserEnumDeclaration: 341 LOC, JavaParserClassDeclaration: 271 LOC, JavaParserInterfaceDeclaration: 233 LOC, JavaParserTypeParameter: 149 LOC, JavaParserTypeAdapter: 135 LOC). Several of these also show high complexity (WMC examples: RecordDeclaration 85, ClassDeclaration 76, InterfaceDeclaration 67, EnumDeclaration 56, TypeParameter 42, TypeAdapter 41). The package implements many declaration kinds (class, enum, record, interface, annotation, type parameter, etc.), indicating broad responsibilities concentrated in a single component. Together, the size (LOC, number of classes) and concentrated complexity justify detecting a God Component smell."
javaparser,com.github.javaparser.symbolsolver.javaparsermodel.declarators.txt,God Component,package,com.github.javaparser.symbolsolver.javaparsermodel.declarators,0,"The package contains 6 classes and a total of 82 LOC, with individual classes ranging ~11–19 LOC and low complexity (WM C values 1–3, small number of methods). These counts are small and do not indicate an excessively large component; dependencies show modest efferent coupling (Ce=5) and no incoming coupling (Ca=0). Based on the provided size and complexity metrics, there is no evidence this package is a God Component."
javaparser,com.github.javaparser.symbolsolver.javaparsermodel.txt,God Component,package,com.github.javaparser.symbolsolver.javaparsermodel,1,"The package contains 8 classes but a high total of 1736 LOC with most of the size concentrated in a few very large and complex classes: JavaParserFacade (loc 494, nom 39, wmc 108), TypeExtractor (loc 423, nom 38, wmc 128), DefaultVisitorAdapter (loc 311, nom 103, wmc 103) and NormalCompletionVisitor (loc 198, nom 18, wmc 43). These few classes account for the majority of the package LOC and show very high method counts and complexity metrics, indicating excessive size and responsibility concentrated in a small number of classes within the component. Based on this concentration of LOC and complexity, the package qualifies as a God Component."
javaparser,com.github.javaparser.symbolsolver.javassistmodel.txt,God Component,package,com.github.javaparser.symbolsolver.javassistmodel,1,"The package contains 16 classes with a total of 1556 LOC (average ~97 LOC/class) and many very large, highly complex classes concentrated in the same package. Notable examples: JavassistRecordDeclaration (loc 197, nom 39, wmc 57), JavassistClassDeclaration (loc 182, nom 39, wmc 56), JavassistTypeDeclarationAdapter (loc 188, wmc 34), JavassistUtils (loc 156, wmc 39), JavassistInterfaceDeclaration (loc 141, nom 28, wmc 42) and JavassistEnumDeclaration (loc 136, nom 28, wmc 40). Several classes have large numbers of methods and high cyclomatic complexity, indicating multiple responsibilities are bundled here. The package also has substantial efferent coupling (Ce=21), showing it depends on many other packages. Taken together — high total LOC, many classes with concentrated complexity and many methods — this indicates the package is excessively large and likely a God Component."
javaparser,com.github.javaparser.symbolsolver.logic.txt,God Component,package,com.github.javaparser.symbolsolver.logic,0,"The package contains only 3 classes and 101 total LOC, with the largest class at 54 LOC and the others at 40 and 7 LOC. Complexity metrics are modest (max WMC = 8, NCs are small) and no single class dominates the package in size or responsibility. Although there are several dependencies (Ce=9, Ca=6), the package is not excessively large in terms of lines of code or number of classes, so it does not meet the God Component smell criteria."
javaparser,com.github.javaparser.symbolsolver.reflectionmodel.comparators.txt,God Component,package,com.github.javaparser.symbolsolver.reflectionmodel.comparators,0,"The package is small and not excessively large: num_classes = 3 and total LOC = 49. Individual classes are small (LOCs 12, 18, 19) with low complexity (WMC 3, 6, 6). Coupling is minimal (Ce = 0, Ca = 1, class-level fanin/fanout = 0) and there is no evidence of an outsized number of classes or overwhelmingly large source size. These metrics do not support identifying this package as a God Component."
javaparser,com.github.javaparser.symbolsolver.reflectionmodel.txt,God Component,package,com.github.javaparser.symbolsolver.reflectionmodel,1,"The package contains 16 classes with a total of 1848 LOC, and a small subset of classes concentrates most of the size and complexity. Notably: ReflectionInterfaceDeclaration (312 LOC, WMC 70, NOM 38), ReflectionRecordDeclaration (257 LOC, WMC 72, NOM 39), ReflectionClassDeclaration (223 LOC, WMC 64, NOM 35), ReflectionClassAdapter (149 LOC, WMC 41, NOM 14), ReflectionEnumDeclaration (149 LOC, WMC 40, NOM 23), ReflectionAnnotationDeclaration (118 LOC, WMC 30, NOM 22), ReflectionFactory (96 LOC, WMC 27, NOM 3) and ReflectionMethodDeclaration (84 LOC, WMC 25, NOM 19). These 8 classes (half the package) account for roughly 75% of the package LOC, and several have high method counts and complexity (high NOM and WMC), indicating concentrated responsibilities. The package also has numerous external couplings (Ce = 21, Ca = 9), reflecting many dependencies. Taken together, the size concentration and high internal complexity support detecting a God Component smell for this package."
javaparser,com.github.javaparser.symbolsolver.resolution.naming.txt,God Component,package,com.github.javaparser.symbolsolver.resolution.naming,1,"The package total LOC is 629 but one class, NameLogic, accounts for 599 LOC (~95% of the package), indicating extreme concentration of size and responsibility. NameLogic also has very high complexity (WMC=184), many methods (nom=22) and numerous dependencies, while the other three classes are tiny (loc 23, 4, 3). The package contains only 4 classes, yet almost all functionality and complexity is in a single oversized class, which supports detecting a God Component."
javaparser,com.github.javaparser.symbolsolver.resolution.promotion.txt,God Component,package,com.github.javaparser.symbolsolver.resolution.promotion,0,"The package contains 4 classes and 101 LOC overall, which is modest in size and not excessively large. The largest class (NumericConditionalExprHandler) is 58 LOC with WMC 15; the remaining classes are small (14–17 LOC, WMC 3–4). Fan-in and fan-out values are zero for these classes and package-level afferent/efferent counts are low (Ca=1, Ce=3), indicating limited coupling. Given the small number of classes, moderate LOC, and absence of high coupling or extremely large/complex classes, there is insufficient evidence to consider this package a God Component."
javaparser,com.github.javaparser.symbolsolver.resolution.txt,God Component,package,com.github.javaparser.symbolsolver.resolution,0,"The package contains a single class (num_classes = 1) with 106 LOC, which is not excessively large in terms of lines of code or number of classes. The class SymbolSolver has 14 methods and WMC = 26 (moderate complexity) and low LCOM (0.143) indicating reasonable cohesion. Although the package has several outgoing/incoming dependencies (Ce = 24, Ca = 6), the size metrics (LOC and class count) do not support labeling it a God Component."
javaparser,com.github.javaparser.symbolsolver.resolution.typeinference.bounds.txt,God Component,package,com.github.javaparser.symbolsolver.resolution.typeinference.bounds,0,"The package contains 5 classes and 210 LOC in total, with individual class sizes of 60, 57, 39, 33 and 21 LOC. No single class or the package as a whole is excessively large by contextual judgment (no very high LOC or large number of classes). Complexity metrics (WMC values: 17,16,11,9,5) are moderate and fan-in/fan-out are zero for these classes. Therefore there is no evidence that this component is a God Component."
javaparser,com.github.javaparser.symbolsolver.resolution.typeinference.constraintformulas.txt,God Component,package,com.github.javaparser.symbolsolver.resolution.typeinference.constraintformulas,0,"The package contains 7 classes and 433 LOC, which is moderate in size and not excessively large in either class count or total LOC. The largest class (ExpressionCompatibleWithType) is 165 LOC with a high WMC (45), but the remaining classes range from 26–60 LOC, so LOC and complexity are not concentrated across many classes. Incoming coupling is low (Ca = 1) and class fan-in values are 0, indicating the package is not a highly central, monolithic component relied upon by many others. Based on the provided distribution and coupling metrics, there is insufficient evidence to classify this package as a God Component."
javaparser,com.github.javaparser.symbolsolver.resolution.typeinference.txt,God Component,package,com.github.javaparser.symbolsolver.resolution.typeinference,1,"The package contains 21 classes and 2021 LOC, showing substantial size. Several classes are very large and complex: BoundSet (loc 530, wmc 134, nom 32), TypeInference (loc 277, wmc 69, nom 21), LeastUpperBoundLogic (loc 257, wmc 56, nom 27), TypeHelper (loc 196, wmc 45). Multiple high-WMC, high-LOC classes indicate concentrated complexity and many responsibilities (type inference, bound management, least-upper-bound logic, type helper, control flow logic). The variety of responsibilities combined with the package-level size and complexity supports identification as a God Component."
javaparser,com.github.javaparser.symbolsolver.resolution.typesolvers.txt,God Component,package,com.github.javaparser.symbolsolver.resolution.typesolvers,1,"The package totals show 1,135 LOC across 9 classes, concentrating substantial size and complexity into several large classes. Notably: JavaParserTypeSolver (232 LOC, 20 methods, WMC 48), JarTypeSolver (247 LOC, 19 methods, WMC 39), CombinedTypeSolver (214 LOC, 15 methods, WMC 29) and TypeSolverBuilder (156 LOC, 14 methods, WMC 16). These classes carry many methods and high complexity metrics, indicating the component centralizes large responsibilities. Given the overall LOC and multiple large, complex classes within a single package, the component is contextually excessively large and matches the God Component smell."
javaparser,com.github.javaparser.symbolsolver.txt,God Component,package,com.github.javaparser.symbolsolver,1,"The package's size and responsibility are highly concentrated in a single class: JavaSymbolSolver has 324 LOC out of the package's 480 LOC (~67%), 15 methods (12 public), and a very high WMC of 88, indicating high complexity. It also depends on many resolution and AST types (long dependency list), suggesting it centralizes many responsibilities. The package contains only 3 classes, so the component's behaviour and complexity are dominated by one large class — a clear sign of a God Component."
javaparser,com.github.javaparser.symbolsolver.utils.txt,God Component,package,com.github.javaparser.symbolsolver.utils,0,"The package contains 4 classes totaling 165 LOC, which is not excessively large. The largest class, SymbolSolverCollectionStrategy, is 71 LOC with moderate complexity (wmc 22, nom 7); the other classes are small (45, 38, 11 LOC). There is no unusually high number of classes, no very large LOC concentration, and no high fan-in indicating a central monolithic component, so the package does not meet the contextual criteria for a God Component."
javaparser,com.github.javaparser.testpackage.txt,God Component,package,com.github.javaparser.testpackage,0,"The package contains only 1 class and 6 lines of code (num_classes=1, loc=6). The single class has low complexity and size (loc=6, wmc=2, nom=2) and no incoming or outgoing dependencies (Ca=0, Ce=0, fanin=0, fanout=0). These metrics indicate the component is very small and not excessively large, so it does not qualify as a God Component."
javaparser,com.github.javaparser.txt,God Component,package,com.github.javaparser,1,"The package is excessively large in size and concentrated responsibility: total LOC = 18,663 across 54 classes, with extremely large classes inside the package (GeneratedJavaParser: 10,520 LOC, 789 methods, WMC 5113; GeneratedJavaParserTokenManager: 2,353 LOC, WMC 1130; JavaToken: 404 LOC; UnicodeEscapeProcessingProvider: 458 LOC). A single class (GeneratedJavaParser) dominates the package, carrying very high complexity and many methods, and the package has high incoming coupling (Ca = 52), indicating it is a central, heavily depended-upon component. These factors together indicate an excessive size and concentration of responsibilities consistent with a God Component."
javaparser,com.github.javaparser.utils.txt,God Component,package,com.github.javaparser.utils,1,"The package contains 34 classes and 2,501 LOC, indicating substantial size for a single component. Several classes are individually large and complex (SourceRoot: 453 LOC, nom 40, wmc 59; StringEscapeUtils: 257 LOC; Utils: 230 LOC, nom 26, wmc 53; VisitorList: 175 LOC, nom 37, wmc 48; plus multiple other non-trivial classes). The package also has high incoming coupling (Ca = 42), showing it is a central, heavily used component. The combination of many classes, high total LOC, multiple large high-complexity classes with many methods, and strong coupling supports the judgement that this package functions as a God Component."
javaparser,com.github.javaparser.wiki_samples.txt,God Component,package,com.github.javaparser.wiki_samples,0,"The package contains only one class (TestFile) with 10 LOC and num_classes=1. Class metrics show low complexity (wmc=3), loc=10, nom=3, and no incoming/outgoing dependencies. There is no indication of excessive size in lines of code or number of classes, so this is not a God Component."
javaparser,com.packageName.txt,God Component,package,com.packageName,0,"The package contains 4 classes and 35 LOC in total, which is small and not excessive. Individual classes have low LOC (13, 11, 6, 5), minimal numbers of methods (most nom = 0 or 1), and very low complexity metrics (wmc = 0 or 1). There is no high fan-in/fan-out or large number of responsibilities indicated. Based on these metrics, the component is not excessively large and does not qualify as a God Component."
javaparser,d.e.f.txt,God Component,package,d.e.f,0,"The package contains only 2 classes and a total of 10 LOC (each class 5 LOC). Class metrics show minimal complexity (wmc=1), no coupling (Ce=0, Ca=0, fanin=0, fanout=0), and no large number of methods or fields. Given the very small size and low complexity, there is no evidence of an excessively large component."
javaparser,demo.txt,God Component,package,demo,0,"The package contains 6 classes and 111 LOC overall, which is not excessively large. Individual classes are small (three Main classes ~31 LOC each, three Main.Callback classes ~6 LOC each) with low complexity (Main wmc=4, Callback wmc=0) and no notable inheritance depth or cohesion issues. Coupling is low (Ce=1, Ca=0, fanin/fanout mostly 0). The apparent class count is largely due to duplicated small test variants rather than a single bloated component. Therefore the package does not exhibit the characteristics of a God Component."
javaparser,extends_duplicate.txt,God Component,package,extends_duplicate,0,"The package contains only 3 classes and a total of 8 LOC (class LOCs: 4, 2, 2). Class-level metrics show zero complexity (wmc=0), no methods/fields, and no incoming/outgoing dependencies. Given the very small size and lack of internal/external coupling, there is no evidence of an excessively large component, so the God Component smell is not present."
javaparser,foo.bar.differentpackage.txt,God Component,package,foo.bar.differentpackage,0,"The package contains only 2 classes and a total of 8 LOC, with very low complexity metrics (wmc=0, nof=2 per class, loc per class=4), minimal coupling (Ce=1, Ca=0) and no significant fan-in/fan-out. These values indicate the component is small and not excessively large, so it does not qualify as a God Component."
javaparser,foo.bar.txt,God Component,package,foo.bar,0,"The package foo.bar contains 6 classes with a total of 20 LOC, which is small in both class count and size. Individual class LOC values range from 1 to 5 and most classes report nom=0, wmc=0 and minimal complexity metrics. Fan-in and fan-out are 0 for classes, package coupling Ce=0 and Ca=1, and there are only a few simple dependencies. There is no concentration of large code or high complexity that would indicate an excessively large (God) component."
javaparser,foo.txt,God Component,package,foo,0,"The package 'foo' contains 15 classes but a total of only 71 LOC, yielding a very small average size per class (~4.7 LOC). Individual classes are all small (examples: Main 7 LOC, several A/Foo/etc. 4–9 LOC, many inner/auxiliary classes 1–4 LOC). Complexity metrics (wmc) are low across classes and fan-in/fan-out are 0 for most, indicating low coupling. There is no single large class or concentrated large LOC/method complexity that would make this package 'excessively' large in code or class count. Therefore, based on the provided metrics and contextual judgment, this is not a God Component."
javaparser,groovy.transform.builder.txt,God Component,package,groovy.transform.builder,0,"The package contains a single class (DefaultStrategy) with 117 LOC and 15 methods — not an excessively large number of classes nor an extreme LOC that would indicate a package-level God Component. Although the class has a relatively high WMC (26) and LCOM ~0.93 (suggesting some complexity and low cohesion), the component is small in terms of class count and overall size, and has no incoming/outgoing package-level dependencies (Ca and Ce = 0). These factors do not support labeling the package as a God Component."
javaparser,implements_duplicate.txt,God Component,package,implements_duplicate,0,"The package 'implements_duplicate' contains only 3 classes and a total of 8 LOC (class LOCs: 4, 2, 2). There are no outgoing or incoming dependencies and no complex metrics indicating high responsibility or size. Given the very small number of classes and minimal lines of code, the component is not excessively large and does not qualify as a God Component."
javaparser,issue1945.implementations.txt,God Component,package,issue1945.implementations,0,"The package is small and not excessively large: num_classes=3 and total loc=17. Individual classes are tiny (Sheep loc=5, WoolRenderer loc=7, HairTypeWool loc=5) with low method counts (nom 1,2,1) and low WMC values, no significant fan-in/fan-out or high coupling. There is no indication of a single component accumulating excessive responsibilities or lines of code, so it does not qualify as a God Component."
javaparser,issue1945.interfaces.txt,God Component,package,issue1945.interfaces,0,"The package issue1945.interfaces contains only 3 classes and 20 total LOC (num_classes=3, loc=20). The largest class, HairTypeRenderer, is 14 LOC with low complexity (wmc=2); the other classes HairType and HairyAnimal are 3 LOC each with wmc=1. Package coupling is minimal (Ce=0, Ca=2) and there are no large files or high method counts. These metrics indicate the component is small and not excessively large, so it does not qualify as a God Component."
javaparser,issue1945.main.txt,God Component,package,issue1945.main,0,"The package issue1945.main contains a single class (num_classes=1) with 28 LOC and one field. The class MainIssue1945 shows 6 methods (nom=6), WMC=6 and no significant coupling (fanin=0, fanout=0 at class level, package Ca=0). There is no evidence of excessive size in lines of code or an unusually large number of classes; dependencies are minimal. Based on these metrics, this component is not excessively large and does not qualify as a God Component."
javaparser,issue241.txt,God Component,package,issue241,0,"The package contains only 2 classes and a total of 6 LOC (classes: 4 LOC and 2 LOC). There are no dependencies, no complexity or size indicators (wmc, nc are 0) that suggest an excessively large component. Based on the provided metrics, the package is very small and does not meet the contextual criteria for a God Component."
javaparser,japa.bdd.samples.txt,God Component,package,japa.bdd.samples,1,"The package has 12 classes and 430 LOC but a single class (JavaConcepts) dominates with 299 LOC (~70% of package LOC), 9 methods and a WMC of 23, indicating concentrated size and complexity. Many small types (Ugly, Teste, Sexo, Enum, QWE, A, etc.) are declared in the same file, suggesting one oversized component holding multiple responsibilities. The package also shows low external coupling (Ce=1, Ca=0), meaning the bulk of functionality is internal to this package. Together these facts support that the package contains a God Component (excessively large/central class)."
javaparser,japa.parser.comments.txt,God Component,package,japa.parser.comments,0,"The package contains a single small class (ClassWithOrphanComments) with 7 LOC and lightweight metrics (nom=1, wmc=1, nof=0). The package-level LOC is 7 and num_classes is 1, indicating it is not excessively large in terms of lines of code or number of classes. Dependencies (Ce/Ca) are 0 and the class has no notable fan-in/fan-out, so there is no evidence of a God Component."
javaparser,javaparser.txt,God Component,package,javaparser,0,"The package contains only 5 classes and a total of 57 LOC, with the largest class (GenericClass) at 31 LOC and JSONObject at 17 LOC. Method and complexity metrics are low (e.g., wmc 8 for GenericClass, others 5 or 0), and there is no indication of an excessive number of classes or very large source size. Therefore the package is not excessively large and does not exhibit the God Component smell."
javaparser,main.txt,God Component,package,main,0,"Although the package contains 26 classes, the total LOC is only 98 (average ~3.8 LOC per class) and no individual class shows high size or complexity. Metrics show very small LOC per class (mostly 1–6), low WMC values, and zero fanin/fanout for classes. Given the small overall code size and lack of large or complex classes, the package is not excessively large and does not qualify as a God Component."
javaparser,org.tensorflow.op.txt,God Component,package,org.tensorflow.op,1,"The package contains very large classes concentrated in a single component: total package LOC = 12,688 while each of the four class entries named 'Ops' is ~3,172 LOC. Each 'Ops' class has ~313 methods (nom = 313) and high complexity (wmc = 313), indicating a single class that implements a very large portion of functionality. The package therefore exhibits an excessive size concentrated in one component, consistent with the God Component smell."
javaparser,package_a.txt,God Component,package,package_a,0,"The package contains a single class and only 2 lines of code (num_classes=1, loc=2). Class-level metrics show zero complexity and interactions (wmc=0, fanin=0, fanout=0) and there are no package dependencies. Given the very small size and lack of internal/external coupling, the component is not excessively large and therefore does not exhibit the God Component smell."
javaparser,package_b.txt,God Component,package,package_b,0,"package_b contains a single class with only 2 lines of code (loc=2, num_classes=1). Class-level metrics show no methods or complexity (nof=0, nom=0, wmc=0) and there are no incoming or outgoing dependencies (Ca=0, Ce=0, fanin=0, fanout=0). These characteristics indicate the component is minimal, not excessively large, so it does not qualify as a God Component."
javaparser,package_c.txt,God Component,package,package_c,0,"The package contains only 1 class and total LOC = 2. Class-level metrics show minimal complexity (wmc=0, loc=2, nof=0) and there are no incoming or outgoing dependencies. Given the very small size and lack of complexity or many classes, this package does not exhibit a God Component smell."
jimfs,com.google.common.jimfs.txt,God Component,package,com.google.common.jimfs,1,"The package contains 92 classes and 8,457 LOC, indicating a very large component. Several individual classes are themselves large and complex (e.g., JimfsFileChannel: 553 LOC, WMC 52; FileSystemView: 546 LOC, WMC 84; RegularFile: 467 LOC, WMC 81; AttributeService: 292 LOC, WMC 63; JimfsPath: 279 LOC, WMC 71; Directory: 267 LOC, WMC 49; File: 226 LOC, WMC 42). Many classes have high method counts and complexity (high WMC and NOM), and the package hosts numerous responsibilities and inner types. Taken together (high total LOC, high class count, multiple very large/complex classes) this indicates an excessively large component consistent with the God Component smell."
jitwatch,(default package).txt,God Component,package,(default package),1,"The package contains 104 classes and 42,742 LOC, indicating a very large component by class count and size. Critically, a single class, CodeCacheBuster, has 20,010 LOC and 5,001 methods (WMC 5,002), which alone comprises roughly 47% of the package LOC and an extreme method count. This pronounced concentration of code and the high overall class count justify detecting a God Component: the component is excessively large both in total LOC and because it contains at least one overwhelmingly large class."
jitwatch,org.adoptopenjdk.jitwatch.chain.txt,God Component,package,org.adoptopenjdk.jitwatch.chain,0,"The package contains only 2 classes and a total of 228 LOC, which is not excessively large in terms of number of classes or overall code size. Individual class metrics (CompileNode: 111 LOC, WMC 28; CompileChainWalker: 117 LOC, WMC 18) show moderate complexity but not a dominating, monolithic component. Afferent/efferent counts (Ca=2, Ce=3) and the limited package dependencies also do not indicate an overly large or central component. Based on these provided metrics, there is no strong evidence this package is a God Component."
jitwatch,org.adoptopenjdk.jitwatch.compilation.codecache.txt,God Component,package,org.adoptopenjdk.jitwatch.compilation.codecache,0,"The package contains only 2 classes and a total of 88 LOC (each class ~44 LOC). Individual class metrics show modest complexity (WMC 9) and low coupling (fanin/fanout 0, limited external dependencies). Given the small number of classes, low overall size and limited coupling, there is no evidence this component is excessively large or central enough to be considered a God Component."
jitwatch,org.adoptopenjdk.jitwatch.compilation.txt,God Component,package,org.adoptopenjdk.jitwatch.compilation,0,"The package contains 4 classes and 246 LOC overall, which is not excessively large for a package. However, one class (CompilationUtil) dominates the package with 224 LOC (~91% of package LOC), high complexity (WMC=54), 12 methods and 10 public methods, indicating a concentrated large/complex class inside the package. The package-level metrics (num_classes=4, loc=246) do not support calling the whole component a God Component, though they reveal a likely God Class within the package."
jitwatch,org.adoptopenjdk.jitwatch.core.txt,God Component,package,org.adoptopenjdk.jitwatch.core,1,"The package totals 1,071 LOC across only 9 classes, with a large concentration in a few classes: JITWatchConfig (568 LOC, 59 fields, 86 methods, WMC 142) and JITWatchConstants (296 LOC, 283 fields). TagProcessor also contributes 170 LOC. This concentration of code and responsibilities in a very small number of classes (high LOC and high method/field counts) — together with a non-trivial afferent coupling (Ca = 14) — supports that the package contains a God Component (excessively large component/class handling many responsibilities)."
jitwatch,org.adoptopenjdk.jitwatch.demo.txt,God Component,package,org.adoptopenjdk.jitwatch.demo,1,"The package contains a single class (num_classes=1) that accounts for all package LOC (331). The class MakeHotSpotLog has 331 LOC, 39 methods (nom=39) and a high complexity score (wmc=66), indicating many responsibilities concentrated in one component. Additionally the package has no other classes or external coupling (Ce=0, Ca=0), so functionality is centralized in this one large class — characteristics that support the God Component smell."
jitwatch,org.adoptopenjdk.jitwatch.histo.txt,God Component,package,org.adoptopenjdk.jitwatch.histo,0,"The package contains 7 classes and a total of 239 LOC, which is small in absolute terms and not indicative of an excessively large component. The largest classes are InlineSizeHistoVisitable (94 LOC, WMC 17) and Histo (77 LOC, WMC 15) — moderate sizes/complexities but not dominating at an extreme level. Class cohesion metrics (LCOM values low/near 0), shallow inheritance depths (DIT 0–3), zero/low fanin/fanout, and low external coupling (Ce=3, Ca=2) further indicate the package is reasonably modular. Therefore there is insufficient evidence to classify this package as a God Component."
jitwatch,org.adoptopenjdk.jitwatch.hotthrow.txt,God Component,package,org.adoptopenjdk.jitwatch.hotthrow,0,"The package contains only 2 classes and a total of 169 LOC, which is not an excessive size for a component. Class-level sizes are moderate (HotThrowFinder: 118 LOC, WMC 20; HotThrowResult: 51 LOC, WMC 18) but do not by themselves indicate a single overwhelmingly large component. There are a small number of external couplings (Ce=4, Ca=1) and no large number of contained classes, so there is insufficient evidence to label this package a God Component."
jitwatch,org.adoptopenjdk.jitwatch.inline.txt,God Component,package,org.adoptopenjdk.jitwatch.inline,0,"The package contains only 3 classes and 251 LOC overall, with the largest class (HeadlessInlineVisitor) at 144 LOC and two small inner/support classes (75 LOC and 32 LOC). Method and complexity metrics are moderate (HeadlessInlineVisitor: nom=4, wmc=9) and the classes are closely related (inner visitor and failure-info classes), indicating cohesive responsibilities. External coupling is low (Ce=2, Ca=1, fanin/fanout ~0). Given the small number of classes, modest size, and focused responsibilities, this package does not exhibit the excessive size or class count characteristic of a God Component."
jitwatch,org.adoptopenjdk.jitwatch.intrinsic.txt,God Component,package,org.adoptopenjdk.jitwatch.intrinsic,0,"The package contains only one class (IntrinsicFinder) with 89 LOC. Although IntrinsicFinder has a WMC of 14, the overall package size (num_classes=1, loc=89) is modest and there is no large aggregation of classes or extremely high LOC for the component. Dependencies are limited. Based on the provided metrics, there is insufficient evidence of an excessively large component to classify this as a God Component."
jitwatch,org.adoptopenjdk.jitwatch.jarscan.allocationcount.txt,God Component,package,org.adoptopenjdk.jitwatch.jarscan.allocationcount,0,"The package contains 3 classes and a total of 93 LOC, with individual class LOCs of 36, 37 and 20 (no single class dominates). Per-class complexity metrics are low-to-moderate (WMCs 9, 6, 4), low method counts, and low coupling (Ce=1, Ca=1, fanin/fanout mostly 0). Given the small number of classes, modest LOC, and absence of high complexity or high coupling, there is no evidence of an excessively large (God) component."
jitwatch,org.adoptopenjdk.jitwatch.jarscan.freqinlinesize.txt,God Component,package,org.adoptopenjdk.jitwatch.jarscan.freqinlinesize,0,"The package contains only 1 class and a total of 57 LOC, so it is not excessively large in terms of number of classes or lines of code. The single class (FreqInlineSizeOperation) has 57 LOC, WMC 9 and NOM 4, indicating moderate internal complexity but not a massive or monolithic component. Dependency counts (Ce=3, Ca=1) are small to moderate and do not suggest the package centralizes an excessive portion of the system. Based on these elements, the package does not meet the contextual criteria for a God Component."
jitwatch,org.adoptopenjdk.jitwatch.jarscan.instructioncount.txt,God Component,package,org.adoptopenjdk.jitwatch.jarscan.instructioncount,0,"The package contains only 1 class and 48 LOC, which is small in both class count and size. The single class (InstructionCountOperation) has modest complexity (wmc=9, nom=5, loc=48) and no external fan-in/fan-out reported. There is no evidence of an excessively large component by lines of code or number of classes."
jitwatch,org.adoptopenjdk.jitwatch.jarscan.invokecount.txt,God Component,package,org.adoptopenjdk.jitwatch.jarscan.invokecount,0,"The package contains only 3 classes and 83 total LOC, with individual class LOCs of 20, 36, and 27. Method and complexity metrics (WMC 4, 6, and 10) are modest and there is no indication of large inheritance depth or high coupling (fanin/fanout are 0, Ca=1, Ce=2). Given the small number of classes, low total LOC and moderate per-class complexity, it does not meet the contextual criteria for a God Component (not excessively large in LOC or number of classes)."
jitwatch,org.adoptopenjdk.jitwatch.jarscan.methodlength.txt,God Component,package,org.adoptopenjdk.jitwatch.jarscan.methodlength,0,"The package contains a single class (num_classes = 1) with 57 LOC at package level and the class MethodLengthOperation also has 57 LOC. These sizes are small and not 'excessive'. Class complexity indicators (wmc = 9, nom = 4, nopm = 4) and low coupling (fanout = 0, fanin = 0) do not suggest a large, sprawling component. Therefore, based on the provided metrics, this package does not qualify as a God Component."
jitwatch,org.adoptopenjdk.jitwatch.jarscan.methodsizehisto.txt,God Component,package,org.adoptopenjdk.jitwatch.jarscan.methodsizehisto,0,"Package contains a single class (MethodSizeHistoOperation) with 41 LOC, low class count (1), modest complexity (WMC=8), no fanout and limited dependencies. These metrics indicate the component is small and focused, not excessively large in lines of code or number of classes, so it does not qualify as a God Component."
jitwatch,org.adoptopenjdk.jitwatch.jarscan.nextinstruction.txt,God Component,package,org.adoptopenjdk.jitwatch.jarscan.nextinstruction,0,"The package contains only 3 classes and 84 LOC overall, which is small and not indicative of an excessively large component. The largest class (NextInstructionOperation) is 55 LOC with moderate complexity (WMC 12), while the other two classes are 14 and 15 LOC with low complexity. Afferent/efferent coupling is minimal (Ca=1, Ce=2) and there is no evidence of many responsibilities concentrated in a single class or an unusually high number of classes within the package. Therefore, the data do not support detection of a God Component."
jitwatch,org.adoptopenjdk.jitwatch.jarscan.sequencecount.txt,God Component,package,org.adoptopenjdk.jitwatch.jarscan.sequencecount,0,"The package contains only 2 classes and 131 LOC (InstructionSequence: 26 LOC; SequenceCountOperation: 105 LOC). Although SequenceCountOperation holds most of the logic (nom=10, wmc=34), the overall package size and class count are small and do not constitute an excessively large component. Coupling is low (few external dependencies, Ce=1, Ca=3) and fan-in/fan-out are zero at class level, further indicating this is not a God Component."
jitwatch,org.adoptopenjdk.jitwatch.jarscan.sequencesearch.txt,God Component,package,org.adoptopenjdk.jitwatch.jarscan.sequencesearch,0,"The package contains only 2 classes and a total of 164 LOC, which is small in terms of both class count and overall size. The largest class (SequenceSearchOperation) is 116 LOC with WMC=35 indicating some concentrated complexity, but this single moderately complex class does not make the package excessively large. Dependencies are limited (Ce=2, Ca=1). Given the low number of classes and modest total LOC, there is insufficient evidence to consider this package a God Component."
jitwatch,org.adoptopenjdk.jitwatch.jarscan.txt,God Component,package,org.adoptopenjdk.jitwatch.jarscan,1,"The package is dominated by a single large class: JarScan contains 303 of the package's 307 LOC (≈99%), has high complexity (WMC=60), many methods (nom=14) and fields (nof=12). The package only has 2 classes total, so functionality is concentrated in one class. JarScan also depends on numerous operation classes (freqinlinesize, sequencecount, methodsizehisto, allocationcount, sequencesearch, invokecount, nextinstruction, instructioncount, methodlength, BytecodeLoader), indicating it orchestrates many responsibilities. Efferent coupling Ce=11 with Ca=0 further suggests the component is doing much outward work but is not a cohesive, reused module. These factors indicate an excessive concentration of code/responsibility consistent with a God Component."
jitwatch,org.adoptopenjdk.jitwatch.jarscan.visualiser.txt,God Component,package,org.adoptopenjdk.jitwatch.jarscan.visualiser,0,"The package contains a single class (num_classes=1) with 154 LOC, which is moderate in size and not excessively large for a component. Class-level metrics show 12 methods and WMC=24 (some complexity) but LCOM=0.333 and fanin/fanout=0, suggesting cohesion and low coupling. Package coupling is low (Ca=0, Ce=1). There is no evidence of an excessively large number of classes or extreme LOC that would justify labeling this package a God Component."
jitwatch,org.adoptopenjdk.jitwatch.jvmlang.txt,God Component,package,org.adoptopenjdk.jitwatch.jvmlang,0,"The package contains only one class (LanguageManager) and totals 123 LOC (num_classes=1, loc=123). While the class shows relatively high complexity (wmc=43) and several dependencies, the package is not excessively large in terms of lines of code or number of classes, so it does not qualify as a God Component based on the provided data."
jitwatch,org.adoptopenjdk.jitwatch.launch.txt,God Component,package,org.adoptopenjdk.jitwatch.launch,1,"The package has only 2 classes and 159 LOC, but one class (LaunchHeadless) accounts for 152 LOC (~95% of package LOC). LaunchHeadless also shows high complexity (WMC=30), many methods (NOM=10), and numerous external dependencies (listed parser, model, util, report, inline, treevisitor, etc.). The package coupling metrics (Ce=8, Ca=0) indicate heavy outgoing dependencies with no incoming, suggesting centralized responsibilities. The dominance of a single large, complex class that depends on many subsystems supports detection of a God Component."
jitwatch,org.adoptopenjdk.jitwatch.loader.txt,God Component,package,org.adoptopenjdk.jitwatch.loader,1,"The package contains only 4 classes and 659 LOC but one class, BytecodeLoader, accounts for 541 LOC (~82% of package LOC). BytecodeLoader also has high complexity and size indicators (WMC 119, NOM 25) and a long dependency list, while the remaining classes are small (ResourceLoader 107 LOC, others ~10 LOC or 1 LOC). The concentration of most functionality and size in a single class (many methods, high complexity and many dependencies) indicates an excessively large component within this package, consistent with the God Component smell."
jitwatch,org.adoptopenjdk.jitwatch.logger.txt,God Component,package,org.adoptopenjdk.jitwatch.logger,0,"The package is very small: 3 classes and total LOC = 18 (class LOCs: ILogListener=4, StdLogListener=8, NullLogListener=6). Class complexities are low (wmc ≈ 2 for each), few methods per class, and there is no sign of an excessive number of classes or large source size that would indicate a God Component. Based on these metrics and the small scale of the package, it does not qualify as a God Component."
jitwatch,org.adoptopenjdk.jitwatch.model.assembly.arm.txt,God Component,package,org.adoptopenjdk.jitwatch.model.assembly.arm,0,"The package contains 6 classes and 328 LOC in total — not an excessive size for a component. Although AssemblyParserARM is relatively large (214 LOC, WMC 56) and accounts for ~65% of the package LOC, the remaining five classes are small (8–33 LOC) and the package has low external coupling (Ce=1, Ca=2). The overall package size and class count do not indicate an excessively large component, so a God Component is not detected; the issue, if any, is a single large/parser class rather than the entire component."
jitwatch,org.adoptopenjdk.jitwatch.model.assembly.txt,God Component,package,org.adoptopenjdk.jitwatch.model.assembly,1,"The package contains 11 classes and a total of 1,047 LOC, which is high concentration of code and responsibility for a single component. Several classes are individually large and complex: AssemblyReference (216 LOC, WMC 32), AssemblyInstruction (178 LOC, WMC 41, 15 methods), AssemblyProcessor (186 LOC, WMC 46) and AbstractAssemblyParser (138 LOC, WMC 32). These classes hold substantial logic (many methods and high cyclomatic complexity) indicating the package centralizes parsing/processing responsibilities. Given the volume of LOC concentrated in a small set of classes and the high internal complexity, the package shows the characteristics of a God Component."
jitwatch,org.adoptopenjdk.jitwatch.model.assembly.x86.txt,God Component,package,org.adoptopenjdk.jitwatch.model.assembly.x86,0,"The package contains only 3 classes and 215 LOC overall, which is not excessively large for a component. Although one class (AssemblyParserX86) is relatively bigger (160 LOC, WMC 37, NOM 7), the other two classes are small (38 LOC and 17 LOC), so the package as a whole does not exhibit the excessive size in lines of code or number of classes typical of a God Component. Coupling metrics (Ce=1, Ca=2) do not indicate extreme dependency concentration either."
jitwatch,org.adoptopenjdk.jitwatch.model.bytecode.txt,God Component,package,org.adoptopenjdk.jitwatch.model.bytecode,1,"The package contains 22 classes and 1,547 LOC, indicating substantial size. Complexity is concentrated in a few very large classes: BytecodeAnnotationBuilder (474 LOC, WMC 97, dit=2), BytecodeInstruction (181 LOC, WMC 47), LineTable (151 LOC, WMC 37) and MemberBytecode (112 LOC, WMC 30). Several classes have high method counts and high complexity metrics (nom, wmc), showing multiple responsibilities centralized in the package. Additionally the package has high afferent coupling (Ca = 23) and low efferent coupling (Ce = 3), meaning many other components depend on it, increasing its central role. These factors (large total LOC, many classes with concentrated complexity, and high incoming dependencies) support classifying this package as a God Component."
jitwatch,org.adoptopenjdk.jitwatch.model.txt,God Component,package,org.adoptopenjdk.jitwatch.model,1,"The package contains 29 classes and 2,474 LOC and acts as a central model hub (Ca = 49, Ce = 5). Several classes are disproportionately large and complex, indicating concentrated responsibilities: MemberSignatureParts (LOC 462, WMC 109, nom 29), AbstractMetaMember (LOC 311, WMC 80, nom 38), Compilation (LOC 280, WMC 71, nom 39), JITDataModel (LOC 228, WMC 50, nom 22), Tag (LOC 177, WMC 46), MetaClass (LOC 165, WMC 43) and JITStats (LOC 168, WMC 43). Multiple high-method-count and high-complexity classes plus high incoming coupling suggest this package is excessively large and centralizes many responsibilities, consistent with the God Component smell."
jitwatch,org.adoptopenjdk.jitwatch.parser.hotspot.txt,God Component,package,org.adoptopenjdk.jitwatch.parser.hotspot,1,"The package contains a single class (HotSpotLogParser) that accounts for the whole package (loc 253). That class shows high internal complexity and size: WMC 70, 19 methods (nom), and LOC 253, indicating many responsibilities concentrated in one component. The class depends on multiple other packages/classes (assembly, model, core, util) and has non-trivial couplings (Ce=4, Ca=1), suggesting it plays a central role. These factors (single-class package, large LOC and method count, very high complexity and many external dependencies) support identifying a God Component where functionality is excessively concentrated in one component."
jitwatch,org.adoptopenjdk.jitwatch.parser.j9.txt,God Component,package,org.adoptopenjdk.jitwatch.parser.j9,0,"The package contains only 3 classes and a total of 249 LOC, which is not excessively large for a component. Although one class (J9Line) is the largest (143 LOC, 19 methods, WMC 22) and shows concentrated complexity, the package as a whole does not exhibit an excessive number of classes or unusually high total LOC. Coupling metrics (Ce=3, Ca=1) are moderate. Based on the provided data and contextual judgment, this package does not qualify as a God Component."
jitwatch,org.adoptopenjdk.jitwatch.parser.txt,God Component,package,org.adoptopenjdk.jitwatch.parser,1,"The package has 5 classes and 424 LOC but one class, AbstractLogParser, contains 374 LOC (~88% of package LOC), 35 methods (nom), and a very high WMC (80). This concentration of size and complexity in a single class (many methods, high complexity and many dependencies) indicates the component is doing too much and exhibits God Component characteristics."
jitwatch,org.adoptopenjdk.jitwatch.parser.zing.txt,God Component,package,org.adoptopenjdk.jitwatch.parser.zing,1,"The package contains only 3 classes and 378 LOC, but two classes dominate the package: ZingLogParser (LOC 230, NOM 12, WMC 43) and ZingLine (LOC 147, NOM 34, WMC 34), together accounting for virtually all of the package size. ZingLineType is trivial (LOC 1). The high LOC, high method counts and high complexity concentrated in these few classes indicate the component centralizes too much functionality and responsibility, consistent with a God Component smell."
jitwatch,org.adoptopenjdk.jitwatch.process.compiler.txt,God Component,package,org.adoptopenjdk.jitwatch.process.compiler,0,"The package contains 7 classes with a total of 195 LOC (avg ~28 LOC/class). No single class dominates the package: the largest class is CompilerScala at 48 LOC (WMC 10), while other classes are 28–31 LOC with low complexity. There is no high fan-in/fan-out or large aggregated size that would indicate an excessively large component. Based on these metrics and the distributed, small-sized classes, this package does not qualify as a God Component."
jitwatch,org.adoptopenjdk.jitwatch.process.javap.txt,God Component,package,org.adoptopenjdk.jitwatch.process.javap,0,"The package contains only 2 classes and a total of 140 LOC (classes: ReflectionJavap 94 LOC, JavapProcess 46 LOC). Class-level metrics show modest method counts (nom 5 and 4), moderate complexity (WMC 12 and 9) and low coupling (fanin/fanout 0, Ca=1, Ce=1). Given the small number of classes, moderate LOC per class and low coupling, there is no evidence that this component is excessively large in terms of size or class count, so it does not qualify as a God Component."
jitwatch,org.adoptopenjdk.jitwatch.process.runtime.txt,God Component,package,org.adoptopenjdk.jitwatch.process.runtime,0,"The package contains 7 classes and 229 LOC total, which is modest. Individual classes are small (LOC 32–48) and have low complexity (WMC 7–10) and low coupling (fanin/fanout 0). There is no single class that dominates size or responsibility, and the package dependencies are limited (loader, logger, process.compiler). Based on these metrics and the distribution of responsibilities (separate Runtime* classes and a small IRuntime interface), the component is not excessively large and does not meet the contextual criteria for a God Component."
jitwatch,org.adoptopenjdk.jitwatch.process.txt,God Component,package,org.adoptopenjdk.jitwatch.process,0,"The package contains only 2 classes and a total of 99 LOC, so it is not excessively large in number of classes or overall size. Although AbstractProcess dominates the package (95 LOC, 9 methods, WMC 19, NC 13), this single-class concentration does not by itself constitute a 'God Component' given the small package scope and modest total LOC. No evidence of an excessively large component in terms of classes or overwhelmingly large LOC is present."
jitwatch,org.adoptopenjdk.jitwatch.report.comparator.txt,God Component,package,org.adoptopenjdk.jitwatch.report.comparator,0,"The package contains only 2 classes and 10 LOC in total (each class ~5 LOC). Class metrics show very low complexity (wmc=1), low coupling (fanin=0, fanout=0), and minimal dependencies. There is no evidence of excessive size in terms of lines of code or number of classes, so the God Component smell is not present."
jitwatch,org.adoptopenjdk.jitwatch.report.escapeanalysis.eliminatedallocation.txt,God Component,package,org.adoptopenjdk.jitwatch.report.escapeanalysis.eliminatedallocation,0,"The package contains a single class and is very small: num_classes = 1 and total loc = 8. The class (EliminatedAllocationWalker) has only 2 methods (nom = 2), low complexity (wmc = 2), few public members (nopm = 1) and no incoming/outgoing internal fans (fanin = 0, fanout = 0). Although there are a couple of external dependencies (Ce = 2, Ca = 1) and a DIT of 4, the absolute size and class count do not indicate an excessively large component. Therefore, based on the provided data, this package is not a God Component."
jitwatch,org.adoptopenjdk.jitwatch.report.escapeanalysis.txt,God Component,package,org.adoptopenjdk.jitwatch.report.escapeanalysis,0,"The package contains a single class (num_classes = 1) with 65 LOC, which is small and does not indicate an excessively large component. Class metrics (loc = 65, wmc = 14, nom = 6) show moderate complexity but not a sprawling size; coupling metrics (Ca = 0, Ce = 3, fanin = 0, fanout = 0) do not indicate broad dependencies typical of a god component. Based on the provided data, there is no evidence of excessive lines of code or a large number of classes that would justify labeling this package a God Component."
jitwatch,org.adoptopenjdk.jitwatch.report.inlining.txt,God Component,package,org.adoptopenjdk.jitwatch.report.inlining,0,"The package contains only 1 class and 52 LOC, which is not 'excessively' large in terms of lines of code or number of classes. The single class (InliningWalker) has LOC 52 and WMC 14 (moderate complexity), with fanin/fanout = 0 and no indication of very high coupling. Package coupling metrics are low (Ce = 3, Ca = 1). There is no evidence in the provided data of an oversized component that would justify labeling it a God Component."
jitwatch,org.adoptopenjdk.jitwatch.report.locks.txt,God Component,package,org.adoptopenjdk.jitwatch.report.locks,0,"The package contains a single class (OptimisedLocksWalker) with only 8 LOC and low complexity (wmc=2, nom=2, nof=0, fanin=0, fanout=0). The package has num_classes=1 and overall loc=8, indicating it is very small both in lines of code and number of classes. There is no evidence of an excessively large or monolithic component, so the God Component smell is not present."
jitwatch,org.adoptopenjdk.jitwatch.report.suggestion.txt,God Component,package,org.adoptopenjdk.jitwatch.report.suggestion,1,"The package contains a single class (SuggestionWalker) that concentrates functionality: 310 LOC, 32 fields (nof = 32), 10 methods (nom = 10) with a high weighted method count (wmc = 45). The package has only 1 class (num_classes = 1), indicating responsibilities are centralized rather than distributed. SuggestionWalker also depends on multiple other packages/classes (several external dependencies) and the package shows non‑trivial coupling (Ce = 4, Ca = 2). These elements together (large class size, many fields, high complexity and cross-package dependencies) support detecting a God Component—functionality and complexity are excessively concentrated in one component."
jitwatch,org.adoptopenjdk.jitwatch.report.txt,God Component,package,['org.adoptopenjdk.jitwatch.report'],0,"The package contains only 3 classes and 99 LOC in total, so it is not excessively large in terms of classes or size. The largest class (Report) is 80 LOC with 12 methods and WMC 28, while the other classes are very small (AbstractReportBuilder 18 LOC, ReportType 1 LOC). Although Report has moderate complexity, the overall package size and class count do not indicate a God Component."
jitwatch,org.adoptopenjdk.jitwatch.sandbox.txt,God Component,package,org.adoptopenjdk.jitwatch.sandbox,1,"The package is dominated by a single class (num_classes=1) whose size is large (loc=258). The Sandbox class shows high complexity (wmc=52), many members (nof=13, nom=11) and multiple responsibilities implied by numerous external dependencies (Ce=10) across many subsystems (parser, process, util, model, jvmlang, logger, etc.). Low incoming coupling (Ca=1) plus the concentration of code and dependencies in one class indicates the package centralizes excessive functionality, consistent with a God Component."
jitwatch,org.adoptopenjdk.jitwatch.toplist.txt,God Component,package,org.adoptopenjdk.jitwatch.toplist,0,"The package contains 12 classes with a total of 277 LOC — a modest overall size. The largest class (InliningFailReasonTopListVisitable) is 77 LOC with WMC 14, but most classes are small (many under ~30 LOC) and have low complexity and few methods. Coupling indicators are low: Ca (incoming) = 1 and fanin/fanout values at class level are 0 for most classes, showing no single highly central class with many dependents. The functionality appears distributed across several small, focused classes rather than concentrated in one excessively large component, so the evidence does not support a God Component detection."
jitwatch,org.adoptopenjdk.jitwatch.treevisitor.txt,God Component,package,org.adoptopenjdk.jitwatch.treevisitor,0,"The package contains only 2 classes and 27 total LOC, which is small and not 'excessively large'. Class-level metrics show TreeVisitor with 23 LOC, 3 methods and WMC 7 and ITreeVisitable with 4 LOC and 2 methods. Fanout/fanin are zero and dependencies are limited. There is no concentration of size, complexity, or many classes that would indicate a God Component in this package."
jitwatch,org.adoptopenjdk.jitwatch.ui.browser.txt,God Component,package,org.adoptopenjdk.jitwatch.ui.browser,0,"The package contains a single class (num_classes = 1) and very small code size (loc = 19). The sole class BrowserStage has low complexity metrics (wmc = 3, loc = 19, nof = 2) and no incoming fan-in, indicating limited responsibility. There is no evidence of an excessively large number of classes or large LOC that would justify labeling it a God Component."
jitwatch,org.adoptopenjdk.jitwatch.ui.compilationchooser.txt,God Component,package,org.adoptopenjdk.jitwatch.ui.compilationchooser,0,"The package contains only one class (CompilationChooser) with 48 LOC and modest internal size (6 methods, WMC 11, nof 4). The package/class coupling is low (Ce=2, Ca=2, fanin/fanout 0) and cohesion (LCOM 0.0) does not indicate sprawling responsibilities. Given the small LOC, single class count and limited complexity/coupling, there is no evidence this package is an excessively large ""God Component."""
jitwatch,org.adoptopenjdk.jitwatch.ui.compilechain.txt,God Component,package,org.adoptopenjdk.jitwatch.ui.compilechain,0,"The package contains only 2 classes and 228 LOC in total, which is not excessively large for a component. Although CompileChainStage dominates the package (224 LOC, 13 methods, WMC=26, 16 fields) and shows concentrated responsibility/complexity, the package-level metrics (num_classes=2, loc=228) and the very small nested PlotNode (4 LOC) do not indicate an excessively large component. Therefore, based on the provided data, this package does not meet the contextual criteria for a God Component."
jitwatch,org.adoptopenjdk.jitwatch.ui.filechooser.txt,God Component,package,org.adoptopenjdk.jitwatch.ui.filechooser,0,"The package contains only 2 classes and a total of 146 LOC, with the largest class at 123 LOC. Class-level metrics show modest complexity (WMC 21 for the largest class) and minimal fan-in/fan-out. Given the small number of classes and overall lines of code, there is no evidence that this package is excessively large enough to qualify as a God Component."
jitwatch,org.adoptopenjdk.jitwatch.ui.graphing.txt,God Component,package,org.adoptopenjdk.jitwatch.ui.graphing,0,"The package contains only 4 classes and 590 LOC, with functionality clearly split into distinct classes (TimeLineStage 200 LOC, AbstractGraphStage 199 LOC, CodeCacheStage 106 LOC, HistoStage 85 LOC). Afferent coupling is low (Ca=1) and classes show reasonable cohesion (low LCOM values). Although two classes have relatively high complexity (WMC 36 and 30), the size and class count are moderate and responsibilities appear separated, so the package as a whole is not excessively large to qualify as a God Component."
jitwatch,org.adoptopenjdk.jitwatch.ui.main.txt,God Component,package,org.adoptopenjdk.jitwatch.ui.main,1,"The package contains 1,706 LOC across 12 classes with extreme concentration in a single class: JITWatchUI (983 LOC, 79 methods, WMC 174) which alone accounts for ~58% of the package LOC. Additional large classes (ClassMemberList: 222 LOC, 27 methods, WMC 45; ClassTree: 192 LOC, 16 methods, WMC 48) further indicate a small number of classes holding most functionality. JITWatchUI also depends on a very large number of other components (many external stages, viewers, parsers, walkers, utilities), showing high coupling and coordination responsibilities. The combination of very large LOC, high method count and cyclomatic complexity concentrated in a single class (and a few other large classes) supports that this package exhibits the God Component smell."
jitwatch,org.adoptopenjdk.jitwatch.ui.nmethod.codecache.txt,God Component,package,org.adoptopenjdk.jitwatch.ui.nmethod.codecache,0,"The package contains a single class (num_classes=1) with 291 LOC. While the class CodeCacheLayoutStage shows some complexity (nom=18, wmc=46, nof=20), the package is not large in terms of number of classes nor overwhelmingly large in LOC for a component. Coupling figures (Ce=4, Ca=1) and single-class composition indicate concentration of functionality in one class but not an excessively large component by package-level size; therefore it does not meet the contextual criteria for a God Component."
jitwatch,org.adoptopenjdk.jitwatch.ui.nmethod.compilerthread.txt,God Component,package,org.adoptopenjdk.jitwatch.ui.nmethod.compilerthread,1,"The package has 3 classes and 487 LOC, but one class (CompilerThreadStage) alone accounts for 467 LOC (~96% of package LOC). CompilerThreadStage also has high structural complexity (wmc=77), many methods (nom=28) and fields (nof=17), while the other classes are trivial (1–19 LOC). This strong size and complexity concentration in a single class indicates an excessively large component (God Component) despite the small number of classes."
jitwatch,org.adoptopenjdk.jitwatch.ui.nmethod.txt,God Component,package,org.adoptopenjdk.jitwatch.ui.nmethod,0,"The package contains only 2 classes and 259 total LOC, with individual class sizes of 154 LOC and 105 LOC. Method counts (12 and 11) and WMC values (15 each) indicate moderate per-class complexity, not extreme. Coupling metrics are low (Ca=0, Ce=4) and fan-in/fan-out are 0. Given the small number of classes, modest total LOC, and limited coupling, there is insufficient evidence to consider this package an excessively large (God) component."
jitwatch,org.adoptopenjdk.jitwatch.ui.parserchooser.txt,God Component,package,org.adoptopenjdk.jitwatch.ui.parserchooser,0,"The package contains only 2 classes and 26 LOC, which is small. Individual classes are tiny (IParserSelectedListener: LOC 3, WMC 1, 1 method; ParserChooser: LOC 23, WMC 4, 4 methods). Coupling metrics show no high fan-in/fan-out (both 0) and dependencies are minimal. There is no evidence of an excessively large component in terms of lines of code or number of classes."
jitwatch,org.adoptopenjdk.jitwatch.ui.report.cell.txt,God Component,package,org.adoptopenjdk.jitwatch.ui.report.cell,0,"The package is small and does not exhibit an excessive size: only 5 classes and 124 LOC in total. The largest class (MemberTableCell) is 48 LOC; other classes are 30, 20, 13, 13 LOC. Complexity metrics are low (WMC up to 7), fanin/fanout are zero for listed classes, and the package dependencies are limited. There is no evidence of a single, disproportionately large or complex component, so this does not qualify as a God Component."
jitwatch,org.adoptopenjdk.jitwatch.ui.report.eliminatedallocation.txt,God Component,package,org.adoptopenjdk.jitwatch.ui.report.eliminatedallocation,0,"The package contains only 2 classes and a total of 101 LOC (EliminatedAllocationRowBuilder: 69 LOC; EliminatedAllocationRowBean: 32 LOC). Neither the number of classes nor the LOC indicate an excessively large component. Class-level metrics (WMC 8 for both, low fanin/fanout) do not show extreme complexity or centralization. Dependencies are limited. Based on the provided data, the package is small and does not meet the contextual criteria for a God Component."
jitwatch,org.adoptopenjdk.jitwatch.ui.report.inlining.txt,God Component,package,org.adoptopenjdk.jitwatch.ui.report.inlining,0,"The package contains only 2 classes and a total of 98 LOC, which is small in both number of classes and code size. Individual classes are modest (InliningRowBuilder: 69 LOC, 8 methods; InliningRowBean: 29 LOC, 6 methods). Complexity metrics (WMC ~8 per class), low coupling (fanin/fanout 0, Ca=1, Ce=2) and limited external dependencies indicate responsibilities are narrow rather than concentrated in an excessively large component. Therefore there is no evidence of a God Component."
jitwatch,org.adoptopenjdk.jitwatch.ui.report.locks.txt,God Component,package,org.adoptopenjdk.jitwatch.ui.report.locks,0,"The package contains only 2 classes and a total of 105 LOC (classes: 69 LOC and 36 LOC). Method counts are modest (nom ~8 and ~7) and WMC values are moderate (8 and 10). Fan-in/fan-out are zero for the listed classes and package-level coupling is low (Ce=2, Ca=1). Given the small number of classes, low overall LOC and limited coupling, there is no evidence this package is an excessively large or dominant component (i.e., a God Component)."
jitwatch,org.adoptopenjdk.jitwatch.ui.report.suggestion.txt,God Component,package,org.adoptopenjdk.jitwatch.ui.report.suggestion,0,"The package contains only 2 classes and a total of 66 LOC (SuggestionRowBuilder: 49 LOC, SuggestionRowBean: 17 LOC), with a small number of methods (nom ~6 and 3). Coupling metrics are low (Ce=1, Ca=1) and there is no evidence of a large number of responsibilities, classes, or extremely high LOC. Class-level complexity and coupling (wmc, fanin/fanout) are not indicative of an exceptionally large or dominant component. Therefore, based on the provided data, this package is not a God Component."
jitwatch,org.adoptopenjdk.jitwatch.ui.report.txt,God Component,package,org.adoptopenjdk.jitwatch.ui.report,0,"The package contains only 5 classes and 125 LOC overall, which is small for a 'God Component'. Although ReportStage is the largest class (86 LOC, WMC 19, NOM 5) and concentrates most functionality, the remainder of classes are tiny (21, 15, 2, 1 LOC). There is no large number of classes nor a very high total LOC indicating an excessively large component. Coupling values (Ce=9, Ca=1) show dependencies but not overwhelming component size. Therefore the available data do not support labeling this package as a God Component."
jitwatch,org.adoptopenjdk.jitwatch.ui.resize.txt,God Component,package,org.adoptopenjdk.jitwatch.ui.resize,0,"The package contains only 2 classes and a total of 51 LOC (RateLimitedResizeListener: 48 LOC; IRedrawable: 3 LOC). There are no package-level dependencies and low coupling (Ce=0, Ca=3). Although RateLimitedResizeListener has WMC=10, the overall size and class count are small, so the component is not excessively large and does not qualify as a God Component."
jitwatch,org.adoptopenjdk.jitwatch.ui.sandbox.txt,God Component,package,org.adoptopenjdk.jitwatch.ui.sandbox,1,"The package is excessively large and concentrated: total LOC = 1257 across only 6 classes, with two very large classes (SandboxConfigStage: 475 LOC, SandboxStage: 451 LOC) that together account for ~73% of the package LOC. Those classes also show very high complexity (WMC 85 and 97) and many methods (nom 37 and 43), indicating multiple responsibilities bundled into few classes. The package has wide external dependencies (Ce = 12 and listed dependent packages), suggesting it is highly coupled and central. The combination of high LOC concentration, large complex classes, many methods, and broad coupling supports detecting a God Component smell."
jitwatch,org.adoptopenjdk.jitwatch.ui.stage.txt,God Component,package,org.adoptopenjdk.jitwatch.ui.stage,0,"The package contains only 2 classes and 140 LOC (IStageClosedListener: 3 LOC; StageManager: 137 LOC). While StageManager is the dominant class (15 methods, WMC=31) its size and complexity are moderate in the given context and the package does not exhibit excessive LOC or an unusually large number of classes. Coupling metrics (Ce=3, Ca=2) are also not extreme. Therefore the package does not meet the contextual criteria for a God Component."
jitwatch,org.adoptopenjdk.jitwatch.ui.stats.txt,God Component,package,org.adoptopenjdk.jitwatch.ui.stats,0,"The package contains only 3 classes and 74 lines of code in total, which is small for a component. The largest class (StatsStage) is 42 LOC with modest complexity (wmc=3, nom=3). Other classes are 15 and 17 LOC. Coupling metrics are low (Ce=3, Ca=1) and individual class fan-in/fan-out are zero in the provided data. Given the small size and low coupling, there is no evidence that this package is excessively large or acts as a God Component."
jitwatch,org.adoptopenjdk.jitwatch.ui.toplist.txt,God Component,package,org.adoptopenjdk.jitwatch.ui.toplist,0,"The package contains only 2 classes and a total of 129 LOC (TopListStage: 110 LOC, TopListWrapper: 19 LOC). Although TopListStage shows moderate complexity (wmc 16, nom 9, nopm 6), the overall size and class count are small and do not indicate an excessively large component. Dependency counts are modest (Ce=4, Ca=1). Based on these elements, there is insufficient evidence of an excessively large (god) component."
jitwatch,org.adoptopenjdk.jitwatch.ui.triview.assembly.txt,God Component,package,org.adoptopenjdk.jitwatch.ui.triview.assembly,0,"The package contains only 2 classes and 259 LOC overall, so it is not excessively large by package-class-count. Although ViewerAssembly is the dominant class (loc 249, nom 15, wmc 57) indicating a relatively large and complex class, the package as a whole is small (num_classes=2) and cohesion metrics (LCOM ~0.13) are not indicative of widespread bloat. Efferent coupling (Ce=7) and afferent coupling (Ca=1) are moderate. Therefore, using the provided contextual data, the package does not qualify as a God Component even if one class within it is relatively large."
jitwatch,org.adoptopenjdk.jitwatch.ui.triview.bytecode.txt,God Component,package,org.adoptopenjdk.jitwatch.ui.triview.bytecode,1,"The package contains only 2 classes but is heavily dominated by ViewerBytecode (276 of 286 LOC, ~96% of package LOC). ViewerBytecode has high complexity and size (loc=276, nom=17, wmc=60, nopm=10) and many external dependencies, indicating it aggregates multiple responsibilities. The other class (BytecodeLabel) is trivial (loc=10). The concentration of code, methods and dependencies in a single class within the package supports detecting a God Component: responsibilities are not well distributed across classes in the component."
jitwatch,org.adoptopenjdk.jitwatch.ui.triview.source.txt,God Component,package,org.adoptopenjdk.jitwatch.ui.triview.source,0,"The package contains a single class and is very small (num_classes=1, package LOC=28). The sole class ViewerSource has LOC=28, WMC=5, NOM=2, low coupling (fanin=0, fanout=0) and small public surface. There is no indication of excessive size or a large number of classes that would justify a God Component designation."
jitwatch,org.adoptopenjdk.jitwatch.ui.triview.txt,God Component,package,org.adoptopenjdk.jitwatch.ui.triview,1,"The package contains 10 classes but is heavily dominated by two very large, highly complex classes: TriView (751 LOC, 55 methods, WMC 173) and Viewer (386 LOC, 42 methods, WMC 92). The package total LOC is 1468, so TriView and Viewer together account for ~77% of the package LOC, indicating a concentration of responsibility. Both classes have large method counts and high complexity metrics, and TriView has many external dependencies across model, bytecode, UI and loader subsystems, showing high coupling and multiple responsibilities. These factors (large absolute LOC, skewed LOC distribution toward a few classes, many methods and high WMC, and wide dependency surface) support detecting a God Component smell for this package."
jitwatch,org.adoptopenjdk.jitwatch.ui.txt,God Component,package,org.adoptopenjdk.jitwatch.ui,0,"The package contains only 3 classes and 199 LOC overall, which is not excessively large for a component. Although one class (Dialogs) dominates the package (183 LOC, ~92% of package LOC, 15 methods, WMC 21), the package as a whole is small in both LOC and class count. Coupling values (Ce=1, Ca=3) are moderate. These facts indicate the package is not a God Component, though the Dialogs class itself shows signs of being a large/central class (possible God Class) rather than the package being an excessively large component."
jitwatch,org.adoptopenjdk.jitwatch.ui.viewer.txt,God Component,package,org.adoptopenjdk.jitwatch.ui.viewer,0,"The package contains only 3 classes and 79 LOC (num_classes=3, loc=79), with individual class sizes of 19, 27, and 33 LOC. Weighted methods/complexity (wmc) values are low (2, 5, 6), and class-level fanin/fanout are 0. There is no evidence of an excessively large single component either by lines of code or by number of classes; coupling metrics (Ce=4, Ca=1) are modest. Based on these figures, this package does not meet the contextual criteria for a God Component."
jitwatch,org.adoptopenjdk.jitwatch.util.txt,God Component,package,org.adoptopenjdk.jitwatch.util,1,"The package org.adoptopenjdk.jitwatch.util contains 17 classes and 1,880 LOC with a clear concentration of size and responsibility in a few classes. ParseUtil alone is 753 LOC with 46 methods and WMC 200, and StringUtil is 283 LOC with 29 methods and WMC 72; those two classes account for ~1,036 LOC (>50% of the package LOC). Additional mid‑sized classes (FileUtil 132 LOC, UserInterfaceUtil 144 LOC) further increase the package's bulk. The package also has high afferent coupling (Ca = 40), meaning many parts of the system depend on it, amplifying the impact of its size. Taken together — large total LOC, heavy concentration in very large classes (high method counts and complexity), and many dependents — this indicates an excessively large component (God Component)."
jsoup,org.jsoup.examples.txt,God Component,package,org.jsoup.examples,0,"The package contains only 4 classes and a total of 190 LOC, which is small for a 'God Component'. The largest class (HtmlToPlainText) is 96 LOC — notable but not excessively large. Complexity metrics are modest (maximum WMC = 8), and class-level coupling (fanin/fanout = 0) is low. Package-level coupling (Ca = 4, Ce = 4) is moderate and does not indicate a single overwhelmingly central component. Based on class count, overall LOC, and modest complexity/coupling, there is insufficient evidence to classify this package as a God Component."
jsoup,org.jsoup.helper.txt,God Component,package,org.jsoup.helper,1,"Contextual judgment on the provided metrics indicates an excessively large component. The package contains 29 classes and 3,574 LOC overall, with several very large classes concentrated in the same package: HttpConnection (1,021 LOC, 48 methods, high complexity), HttpConnection.Response (388 LOC), W3CDom (343 LOC), DataUtil (316 LOC), Validate (191 LOC). Multiple classes also show high method counts and complexity (e.g. HttpConnection.nom=48, DataUtil.nom=19, W3CDom.nom=18), and the package mixes diverse responsibilities (HTTP connection handling, response processing, data utilities, DOM conversion, validation). These elements together support detecting a God Component in org.jsoup.helper."
jsoup,org.jsoup.internal.txt,God Component,package,org.jsoup.internal,1,"The package contains 13 classes with a total of 953 LOC and a broad set of responsibilities. Several classes are disproportionately large and complex: org.jsoup.internal.StringUtil (322 LOC, 26 methods, WMC 50) and org.jsoup.internal.ControllableInputStream (169 LOC, 17 methods, WMC 34) and org.jsoup.internal.SimpleBufferedInput (120 LOC, 11 methods, WMC 34). StringUtil in particular touches many subsystems (parser, nodes, helper classes) indicating mixed responsibilities and high cognitive load. The package also has multiple external dependencies, suggesting it is a central utility hub. These factors (high package LOC concentrated in a few complex classes, many methods and high complexity metrics, and wide dependency reach) support diagnosing a God Component."
jsoup,org.jsoup.nodes.txt,God Component,package,org.jsoup.nodes,1,"The package contains 34 classes and 5,498 LOC, indicating a very large component. Several individual classes are extremely large and complex (Element: 1,571 LOC, WMC 241, nom 157; Node: 766 LOC, WMC 139, nom 79; Attributes: 522 LOC, WMC 99, nom 48; Document: 447 LOC). Multiple other classes exceed typical single-class sizes (Range 202 LOC, Entities 299 LOC, Printer 176 LOC). High class sizes and high WMC values, combined with many cross-dependencies within the package, indicate concentrated responsibilities and complexity consistent with a God Component."
jsoup,org.jsoup.parser.txt,God Component,package,org.jsoup.parser,1,"Contextual judgement based on the provided data indicates the package concentrates a very large amount of functionality and code in a single component. The package contains 30 classes but a large total of 7,615 LOC, with several classes disproportionately large and highly complex: HtmlTreeBuilderState (1,735 LOC, WMC 473, nom 45), TokeniserState (1,386 LOC, WMC 409, nom 75), HtmlTreeBuilder (765 LOC, WMC 227, nom 95), CharacterReader (533 LOC, WMC 130, nom 57), Token (397 LOC, nom 20), TokenQueue (396 LOC, WMC 86, nom 34), Parser (298 LOC, nom 30). Multiple classes have very high cyclomatic complexity (WMC values up to 473/409) and large numbers of methods, showing concentrated responsibility and complexity inside this package. These facts (high total LOC, many very large/complex classes, and concentrated functionality) support the detection of a God Component in org.jsoup.parser."
jsoup,org.jsoup.safety.txt,God Component,package,org.jsoup.safety,1,"The package has 9 classes and 636 LOC, but one class (Safelist) contains 399 LOC (~63% of package LOC), 22 methods (nom), and high complexity (wmc 54). Safelist also defines several inner types (TagName, AttributeKey, AttributeValue, Protocol, TypedValue) indicating multiple responsibilities bundled into a single large class. The next largest class (Cleaner) is 133 LOC, substantially smaller. The concentration of size, methods and inner types in Safelist supports that a single component is excessively large relative to the package, consistent with the God Component smell."
jsoup,org.jsoup.select.txt,God Component,package,org.jsoup.select,1,"The package is excessively large and concentrates many responsibilities: 70 classes and 3,822 LOC in one package. Several very large/complex classes indicate centralization of functionality — Evaluator (773 LOC, 24 inner evaluator types), Elements (557 LOC, WMC 98), QueryParser (341 LOC, WMC 111), Nodes (247 LOC), StructuralEvaluator (220 LOC) and NodeTraversor (124 LOC). Numerous inner classes for different evaluation behaviours and high method/complexity metrics on core classes show the package handles parsing, querying, traversal and selection logic rather than a single cohesive responsibility, consistent with a God Component smell."
jsoup,org.jsoup.txt,God Component,package,org.jsoup,1,"The package totals 1,585 LOC across 11 classes, but size and responsibility are highly concentrated: org.jsoup.Connection is 772 LOC with 43 methods and WMC 43, and org.jsoup.JSoup is 269 LOC with 24 methods and WMC 25 — these two classes account for the majority (~64%) of the package LOC and large numbers of methods/complexity. The package also shows substantial coupling (Ce=8, Ca=8) and many dependencies to other internal packages, indicating centralized, highly connected functionality. This concentration of code, methods, and complexity in a few large classes supports detection of a God Component at the package level."
zxing,com.google.zxing.aztec.decoder.txt,God Component,package,com.google.zxing.aztec.decoder,1,"The package is overwhelmingly dominated by a single class: Decoder contains 319 of the package's 330 LOC (~97%), while the remaining two nested classes are tiny. Decoder shows high internal complexity (WMC=61), a large number of fields and methods (nof=10, nom=11), and encapsulates related nested types (Decoder.Table, Decoder.CorrectedBitsResult), indicating multiple responsibilities concentrated in one component. The package has only 3 classes overall but interacts with several external subsystems, suggesting the Decoder centralizes much functionality. These elements collectively indicate a God Component."
zxing,com.google.zxing.aztec.detector.txt,God Component,package,com.google.zxing.aztec.detector,1,"The package is dominated by a single class: Detector.java contains 402 LOC out of the package's 436 LOC (~92%), indicating functionality concentrated in one component. Detector also has high internal complexity (WMC = 48), many methods (nom = 20) and fields (nof = 11), and multiple external dependencies, while the package contains only 3 classes overall. These facts (large LOC concentrated in one class, high complexity and many members) support detection of a God Component."
zxing,com.google.zxing.aztec.encoder.txt,God Component,package,com.google.zxing.aztec.encoder,0,"The package contains 7 classes totaling 750 LOC, with the majority of LOC concentrated in three cohesive encoder-related classes (Encoder: 320 LOC, WMC 65; HighLevelEncoder: 180 LOC, WMC 33; State: 130 LOC, WMC 28). The class count is small and the LOC concentration reflects algorithmic complexity within an encoder domain rather than an excessively large or sprawling component. Coupling indicators (Ce=6, Ca=6) are moderate. Given the focused responsibility (Aztec encoding) and the modest number of classes, the data do not support labeling this package a God Component."
zxing,com.google.zxing.aztec.txt,God Component,package,com.google.zxing.aztec,0,"The package contains only 3 classes and 161 LOC in total, with the largest class being 75 LOC (AztecReader) and the others 54 and 32 LOC. Method and complexity metrics are moderate (WMC 11–13) and there is no single class that dominates the package by size or complexity. Fan-in/fan-out at the class level are zero in the provided data, and dependencies are distributed to related subpackages rather than indicating a centralized, excessively large component. Based on these contextual metrics, the package is not excessively large and does not exhibit the God Component smell."
zxing,com.google.zxing.client.android.book.txt,God Component,package,com.google.zxing.client.android.book,0,"The package contains 6 classes and 422 LOC total — not an excessive number of classes or overwhelmingly large size. The largest class, SearchBookContentsActivity, is 190 LOC and an inner NetworkTask is 94 LOC; other classes are small (27–48 LOC). Complexity metrics (WMC values mostly in single digits) and low coupling (Ce=1, Ca=1) indicate responsibilities are distributed and the package is not dominated by a single, excessively large component. Therefore, there is insufficient evidence to label this package as a God Component."
zxing,com.google.zxing.client.android.camera.open.txt,God Component,package,com.google.zxing.client.android.camera.open,0,"The package is small: num_classes = 3 and total LOC = 82. The largest class (OpenCameraInterface) is 51 LOC with WMC = 9; the other classes are 27 LOC (OpenCamera) and 4 LOC (CameraFacing). Coupling indicators are low (Ce = 1, Ca = 1) and there is no large aggregation of classes or extremely high LOC in a single component. Based on these metrics and the provided context, the package does not exhibit the excessive size characteristic of a God Component."
zxing,com.google.zxing.client.android.camera.txt,God Component,package,com.google.zxing.client.android.camera,1,"The package concentrates a large amount of code and complexity in a small number of classes: total package LOC = 881 across 7 classes, with CameraConfigurationUtils (344 LOC, WMC=71, nom=21) and CameraManager (245 LOC, WMC=38, nom=14) dominating the package size and complexity. CameraConfigurationManager is also sizeable (156 LOC). The high LOC and WMC values indicate large, complex classes that centralize behavior, i.e. responsibilities are concentrated rather than distributed. Low external coupling (Ce=2, Ca=2) further suggests functionality is bundled inside this package rather than delegated, supporting the detection of a God Component."
zxing,com.google.zxing.client.android.clipboard.txt,God Component,package,com.google.zxing.client.android.clipboard,0,"The package contains a single class (num_classes = 1) with only 31 LOC, low complexity (wmc = 6), and limited dependencies (Ce = 2, Ca = 2, fanin = 0, fanout = 0). There is no evidence of an excessive number of classes or large size that would indicate a God Component; responsibilities appear limited to a small clipboard interface."
zxing,com.google.zxing.client.android.encode.txt,God Component,package,com.google.zxing.client.android.encode,1,"The package concentrates a large amount of code and multiple responsibilities: total LOC = 714 across 11 classes with heavy concentration in a few classes (QRCodeEncoder: 266 LOC, WMC 57, nom 15; EncodeActivity: 159 LOC, WMC 21; VCardContactEncoder: 81 LOC, WMC 27). It contains encoder logic, contact/vCard/MECARD formatters and an activity, plus nested formatter classes, indicating multiple responsibilities rather than a single cohesive role. High complexity (WMCs), large class sizes and mixed responsibilities support the judgement that this package is excessively large and functions as a God Component."
zxing,com.google.zxing.client.android.history.txt,God Component,package,com.google.zxing.client.android.history,0,"The package contains 5 classes and 390 LOC, which is modest in size for a package. Although HistoryManager is relatively large (200 LOC, 13 methods, WMC=24) and depends on many classes (it centralizes history-related logic and is used by HistoryActivity and DBHelper), the remaining classes are small (HistoryActivity 104 LOC, HistoryItem 29 LOC, HistoryItemAdapter 33 LOC, DBHelper 24 LOC) and responsibilities are not entirely concentrated in a single oversized component. The package size and class count do not indicate an excessively large component overall; therefore, there is insufficient evidence to label the package itself a God Component (HistoryManager may warrant local refactoring, but that does not make the whole package a God Component)."
zxing,com.google.zxing.client.android.result.supplement.txt,God Component,package,com.google.zxing.client.android.result.supplement,0,"The package contains 5 classes and 266 LOC, which is not excessively large for a single component. Although one class (SupplementalInfoRetriever) is relatively large (121 LOC, WMC 25, NOM 8) and accounts for ~45% of the package LOC—indicating a localized risk of a God Class—the overall package size and class count do not justify labeling the entire package as a God Component. Class-level metrics suggest refactoring attention on SupplementalInfoRetriever, but the package as a whole is not excessively large in LOC or number of classes."
zxing,com.google.zxing.client.android.result.txt,God Component,package,com.google.zxing.client.android.result,1,"The package contains 14 classes and 965 LOC, with a strong concentration of size and responsibility in a few classes. ResultHandler alone is 361 LOC with 43 methods (nom), WMC 80 and many external dependencies (HistoryManager, PreferencesActivity, ResultParser, CaptureActivity, ScanFromWebPageManager, etc.), indicating high complexity and many responsibilities. In addition AddressBookResultHandler (126 LOC, WMC 26) and CalendarResultHandler (104 LOC, WMC 18) further increase package size. The distribution shows a small number of very large, complex classes centralizing behavior for many result types, consistent with a God Component smell."
zxing,com.google.zxing.client.android.share.txt,God Component,package,com.google.zxing.client.android.share,0,"The package contains 6 classes and 378 LOC — not an excessively large component in terms of number of classes or total LOC. Although ShareActivity is relatively large (184 LOC, WMC 36, 13 methods) and contributes ~50% of the package LOC, the remaining five classes are small (32–59 LOC each) with modest complexity. Package coupling (Ce=3, Ca=3) is low. Contextually, the size is driven by one activity rather than an overly large package with many classes, so the package itself does not qualify as a God Component."
zxing,com.google.zxing.client.android.txt,God Component,package,com.google.zxing.client.android,1,"The package is substantially large and central: 33 classes and 2,328 LOC. Several very large/high-complexity classes concentrate responsibilities in the package (notably CaptureActivity: 529 LOC, 29 methods, WMC 112; Intents: 193 LOC; DecodeHintManager: 162 LOC, WMC 32; HttpHelper: 161 LOC, WMC 27; LocaleManager: 134 LOC; ViewfinderView: 121 LOC, WMC 15). The package also depends on many subsystems (camera, history, share, encode, result.supplement, clipboard) indicating multiple responsibilities. These factors (high total LOC, many classes and multiple very large/complex classes plus wide dependency footprint) support the detection of a God Component."
zxing,com.google.zxing.client.android.wifi.txt,God Component,package,com.google.zxing.client.android.wifi,1,"The package contains only 2 classes and 237 LOC, but one class (WifiConfigManager) accounts for 224 LOC (~94% of the package), with 14 methods and a high WMC of 47. This single class disproportionately dominates the package in size and complexity, matching the God Component smell (excessively large component)."
zxing,com.google.zxing.client.j2se.txt,God Component,package,com.google.zxing.client.j2se,1,"The package aggregates 12 classes but a relatively large total size (1030 LOC) with several individually large/complex classes (DecodeWorker: 186 LOC, WMC 31; HtmlAssetTranslator: 151 LOC, WMC 26; CommandLineRunner: 118 LOC, WMC 26; MatrixToImageWriter: 111 LOC; BufferedImageLuminanceSource: 107 LOC). The package mixes multiple responsibilities (GUIRunner, command-line runner, encoding, decoding, image conversion, resource translation, web/chart integration) rather than a focused concern. Several classes show high cyclomatic complexity and many methods, indicating concentrated functionality and complexity. The package also depends on multiple other subsystems (com.google.zxing.multi, com.google.zxing.web, com.google.zxing.common, client.result), suggesting a central role. Taken together, these characteristics indicate the package is excessively large and does too many things, consistent with a God Component smell."
zxing,com.google.zxing.client.result.txt,God Component,package,com.google.zxing.client.result,1,"The package contains 37 classes and 2,296 LOC, indicating substantial size and responsibility concentration. Several classes inside the package are individually large and complex (examples: VCardResultParser — loc 284, wmc 61; ResultParser — loc 184, wmc 43, nc 17; CalendarParsedResult — loc 173, wmc 28; VINResultParser — loc 153, wmc 54; AddressBookParsedResult — loc 137, wmc 22; ExpandedProductParsedResult — loc 113, wmc 20). The presence of many parser/result classes bundled in a single package handling diverse result types suggests the package aggregates multiple responsibilities rather than being focused/cohesive. These factors together (high overall LOC, high per-class LOC and complexity across many classes, and numerous distinct responsibilities) support detecting this package as a God Component."
zxing,com.google.zxing.common.detector.txt,God Component,package,com.google.zxing.common.detector,0,"The package contains only 3 classes (num_classes=3) totaling 416 LOC, which is moderate and not excessively large for a component. The largest class, WhiteRectangleDetector, is 219 LOC and MonochromeRectangleDetector is 147 LOC while MathUtils is 50 LOC — these sizes, though non-trivial, do not by themselves indicate a single overwhelmingly large component dominating the package. Affected coupling metrics (Ce=9, Ca=9) show external dependencies but not extreme centralization. Based on the provided contextual data, the package does not meet the criteria for a God Component."
zxing,com.google.zxing.common.reedsolomon.txt,God Component,package,com.google.zxing.common.reedsolomon,1,"The package totals 530 LOC across 5 classes, but the implementation and complexity are heavily concentrated in a few large, complex classes: GenericGFPoly (220 LOC, WMC 49), ReedSolomonDecoder (137 LOC, WMC 25), and GenericGF (118 LOC, WMC 20). A small number of classes hold most of the code and complexity, indicating centralized responsibilities. Additionally the package shows significant external coupling (Ce=8, Ca=8) and multiple cross-package dependencies, suggesting it is a central, tightly coupled component. These elements together support detecting a God Component (excessive size/complexity concentrated in this component)."
zxing,com.google.zxing.common.txt,God Component,package,com.google.zxing.common,1,"The package holds 2,224 LOC across 17 classes with several very large and highly complex classes concentrated in the same component: BitMatrix (442 LOC, 31 methods, WMC 89), BitArray (279 LOC, 27 methods, WMC 58), MinimalECIInput (243 LOC, 13 methods, WMC 48), StringUtils (198 LOC, WMC 36), HybridBinarizer (145 LOC, WMC 33), GlobalHistogramBinarizer (139 LOC, WMC 29). This concentration of size and high WMC indicates multiple responsibilities are implemented inside the package and within single classes. The package also shows substantial coupling (Ce = 29, Ca = 29) and many external dependencies, suggesting it acts as a central hub. Taken together — large total LOC, several oversized/complex classes, and high coupling — these elements justify classifying com.google.zxing.common as a God Component."
zxing,com.google.zxing.datamatrix.decoder.txt,God Component,package,com.google.zxing.datamatrix.decoder,1,"The package has 1,102 LOC across only 8 classes, with a strong concentration of code in a few classes: DecodedBitStreamParser (432 LOC, WMC 103) and BitMatrixParser (372 LOC, WMC 71) together account for ~73% of the package LOC (and adding Version's 115 LOC brings the three to ~83%). These two classes also show very high complexity (WMC 103 and 71), indicating they are doing large, complex work. The package size is therefore driven by a small number of very large/complex classes rather than being evenly distributed, meeting the contextual definition of a God Component."
zxing,com.google.zxing.datamatrix.detector.txt,God Component,package,com.google.zxing.datamatrix.detector,1,"The package contains a single class (num_classes = 1) whose size equals the whole package (loc = 249). The Detector class itself has loc = 249, a high complexity (wmc = 32) and a relatively large number of methods (nom = 11), indicating many responsibilities concentrated in one type. Package-level coupling (Ce = 3, Ca = 3) and the class dependencies (several core detector/common classes) suggest this component plays a central role. Together, the concentrated LOC, high method/complexity counts, and single-class composition support that this package functions as a God Component."
zxing,com.google.zxing.datamatrix.encoder.txt,God Component,package,com.google.zxing.datamatrix.encoder,1,"The package contains 19 classes and a total of 2409 LOC, which is large for a single component and indicates concentrated size. Several classes are individually very large and complex (MinimalEncoder: 614 LOC, wmc 41; HighLevelEncoder: 371 LOC, wmc 73; MinimalEncoder.Edge: 338 LOC; C40Encoder: 170 LOC, wmc 36; DefaultPlacement: 153 LOC, wmc 26; SymbolInfo: 123 LOC, wmc 38; ErrorCorrection: 109 LOC; EdifactEncoder: 109 LOC). The package aggregates many distinct responsibilities (multiple encoder strategies, placement logic, symbol info, error correction) rather than a single cohesive responsibility. The combination of high total LOC, many large/complex classes, and multiple responsibilities supports detecting a God Component smell for this package."
zxing,com.google.zxing.datamatrix.txt,God Component,package,com.google.zxing.datamatrix,0,"The package contains only 2 classes and a total of 233 LOC (DataMatrixReader: 95 LOC, DataMatrixWriter: 138 LOC). Neither the number of classes nor the overall LOC indicate an excessively large component. Class complexity (WMC 16 and 25) is moderate and the package coupling (Ce=5, Ca=5) does not by itself imply a single bloated component. The package responsibilities (reader and writer) are distinct and focused, so the available metrics do not support labeling this package as a God Component."
zxing,com.google.zxing.integration.android.txt,God Component,package,com.google.zxing.integration.android,1,"The package contains only 2 classes but is heavily dominated by a single oversized class. IntentIntegrator accounts for 325 of 380 LOC (~85% of the package), has 34 methods (nom), 24 fields (nof), high complexity (WMC=61) and many public methods (nopm=27), while the other class (IntentResult) is small (55 LOC). The concentration of code, methods and complexity in one class indicates the component is excessively large and centralizes too much responsibility, consistent with a God Component smell."
zxing,com.google.zxing.maxicode.decoder.txt,God Component,package,com.google.zxing.maxicode.decoder,0,"The package contains only 3 classes and 228 LOC overall, which is not excessively large for a focused decoder package. Although DecodedBitStreamParser is the largest class (137 LOC, WMC 33, 10 methods) and could be considered relatively complex, the other classes are small (Decoder: 62 LOC, WMC 12; BitMatrixParser: 29 LOC, WMC 5). Afferent/efferent coupling is low (Ca=4, Ce=4) and responsibilities appear cohesive (all classes relate to MaxiCode decoding). Taken together, the size and class count do not indicate a package-level God Component despite one moderately large class."
zxing,com.google.zxing.maxicode.txt,God Component,package,com.google.zxing.maxicode,0,"The package contains only 1 class and a total of 56 LOC, which is small both in number of classes and size. The single class (MaxiCodeReader) has modest complexity (WMC=9, loc=56) and low coupling indicators (fanin=0, fanout=0 in class metrics; Ce=3, Ca=3 at package level). Given the limited LOC, single class, and no evidence of excessive size or class count, there is insufficient indication of a God Component."
zxing,com.google.zxing.multi.qrcode.detector.txt,God Component,package,com.google.zxing.multi.qrcode.detector,0,"The package contains only 3 classes and a total of 206 LOC, which is not excessively large for a component. The largest class, MultiFinderPatternFinder, is 163 LOC with WMC 30 indicating some complexity, but the remainder (MultiDetector 34 LOC, ModuleSizeComparator 9 LOC) keeps the package compact. There is no large number of classes or an overwhelmingly large LOC concentration to justify labeling this package a God Component."
zxing,com.google.zxing.multi.qrcode.txt,God Component,package,com.google.zxing.multi.qrcode,0,"The package contains only 2 classes and 99 LOC overall (QRCodeMultiReader: 92 LOC, inner SAComparator: 7 LOC). Class-level complexity is moderate (QRCodeMultiReader wmc=16, nom=3) but the component is small in both number of classes and total lines of code. A God Component is characterized by an excessively large size (many classes or very high LOC); this package does not exhibit that, and its incoming/outgoing coupling (Ca=3, Ce=3) is modest, so there is insufficient evidence to label it a God Component."
zxing,com.google.zxing.multi.txt,God Component,package,com.google.zxing.multi,0,"The package contains only 3 classes and a total of 176 LOC, which is modest. The largest class, GenericMultipleBarcodeReader, is 103 LOC (wmc 24) while the others are 64 LOC and 9 LOC — no single class or the package as a whole is disproportionately large. The class count and LOC do not indicate an excessively large component, so the God Component smell is not detected."
zxing,com.google.zxing.oned.rss.expanded.decoders.txt,God Component,package,com.google.zxing.oned.rss.expanded.decoders,1,"The package has 21 classes and 1,080 LOC with size and complexity concentrated in a few classes: GeneralAppIdDecoder is 350 LOC (≈32% of package LOC) with very high complexity (WMC=102) and 18 methods, and FieldParser is 244 LOC (≈23% of package LOC, WMC=18). Together those two classes account for ~55% of the package LOC, indicating centralized responsibilities. The remainder of the package contains many small classes, suggesting poor decomposition. Package-level coupling is low (Ca=3, Ce=3), meaning the functionality is largely self-contained rather than distributed, which reinforces that this component is carrying excessive size and responsibility and therefore behaves like a God Component."
zxing,com.google.zxing.oned.rss.expanded.txt,God Component,package,com.google.zxing.oned.rss.expanded,1,"The package's LOC is 726 but one class, RSSExpandedReader, contains 607 LOC (~83.6% of the package) and very high complexity (WMC=123) and many methods (nom=21), while the remaining three classes are small (36, 45, 38 LOC). This concentration of size and complexity in a single class indicates the component is excessively large and likely embodies a God Component."
zxing,com.google.zxing.oned.rss.txt,God Component,package,com.google.zxing.oned.rss,0,"The package contains 6 classes and 609 LOC, which is moderate in scale and not clearly 'excessively' large as a component. Although one class (RSS14Reader) is relatively large (362 LOC, WMC 73) and concentrates complexity, the rest of the package is small (e.g., AbstractRSSReader 104 LOC, RSSUtils 64 LOC, others << 100 LOC). Coupled instability/afferent-efferent coupling (Ca=4, Ce=4) is modest. Overall, the package size and class count do not justify labeling the entire package a God Component; the problem appears localized to a single large class rather than the component as a whole."
zxing,com.google.zxing.oned.txt,God Component,package,com.google.zxing.oned,1,"The package contains 32 classes and 3,631 LOC (average ~113 LOC/class), indicating substantial size and many responsibilities. Several classes are individually large and complex (examples: Code128Writer 405 LOC, WMC 65; Code128Reader 326 LOC, WMC 79; UPCEANReader 279 LOC, WMC 40; Code39Reader 254 LOC, WMC 52; Code93Reader 221 LOC, WMC 47; OneDReader 196 LOC). There are also multiple inner types in the same package (e.g. Code128Writer inner classes and encoder), and the package mixes many concerns (multiple reader/writer formats, extension/support classes, manufacturer lookup, etc.). These factors (high total LOC, many classes, several highly complex classes and mixed responsibilities) justify detecting a God Component smell for com.google.zxing.oned."
zxing,com.google.zxing.pdf417.decoder.ec.txt,God Component,package,com.google.zxing.pdf417.decoder.ec,0,"The package contains 3 classes and a total of 396 LOC, which is modest in size. Individual class sizes are 192 LOC (ModulusPoly), 129 LOC (ErrorCorrection), and 75 LOC (ModulusGF); none are excessively large in the context provided. The class count (3) is low, and there is no indication of an overwhelmingly large component by LOC or number of classes. Therefore, the God Component smell is not detected."
zxing,com.google.zxing.pdf417.decoder.txt,God Component,package,com.google.zxing.pdf417.decoder,1,"The package contains 11 classes but a total of 1,750 LOC with a strong concentration of size and complexity in a few classes: DecodedBitStreamParser (479 LOC, WMC 115), PDF417ScanningDecoder (455 LOC, WMC 108), DetectionResult (238 LOC, WMC 61) and DetectionResultRowIndicatorColumn (190 LOC, WMC 45). These four classes alone account for the majority of the package LOC and exhibit very high cyclomatic complexity (WMC) and many methods (e.g. PDF417ScanningDecoder nom=25, DecodedBitStreamParser nof=30), indicating large, complex responsibilities concentrated in a few components. This concentration of code and complexity within the package fits the contextual definition of a God Component (excessively large component in LOC and class-level complexity), so the smell is detected."
zxing,com.google.zxing.pdf417.detector.txt,God Component,package,com.google.zxing.pdf417.detector,1,"The package has only 2 classes and 284 LOC, but one class (Detector) contains 259 LOC (~91% of package LOC), 13 fields, 9 methods and a high complexity (WMC=42). The second class (PDF417DetectorResult) is small (25 LOC). The extreme LOC concentration and high class complexity indicate the package's functionality is dominated by a single, excessively large class, supporting detection of a God Component."
zxing,com.google.zxing.pdf417.encoder.txt,God Component,package,com.google.zxing.pdf417.encoder,1,"The package contains 9 classes but a very high total of 1069 LOC, with two classes dominating the package: PDF417HighLevelEncoder (595 LOC, 18 public methods, WMC 94) and PDF417 (234 LOC, 14 public methods, WMC 31). These two classes account for ~78% of the package LOC, indicating concentrated responsibility and excessive size/complexity in a small number of components. High WMC and large method counts suggest heavy internal complexity and potential multiple responsibilities, supporting the detection of a God Component at the package level."
zxing,com.google.zxing.pdf417.txt,God Component,package,com.google.zxing.pdf417,0,"The package contains only 4 classes and 353 LOC in total (class LOCs: 54, 73, 106, 120). No single class overwhelmingly dominates the package size — the largest class is 120 LOC — and the class count is small. While some classes have moderate complexity (WMC up to 22), the package is not excessively large in terms of lines of code or number of classes, so it does not meet the contextual criteria for a God Component."
zxing,com.google.zxing.qrcode.decoder.txt,God Component,package,com.google.zxing.qrcode.decoder,1,"The package concentrates a large amount of code and responsibilities: 12 classes totaling 1,108 LOC with multiple very large/complex classes (DecodedBitStreamParser: 261 LOC, WMC 61; BitMatrixParser: 175 LOC, WMC 35; Version: 163 LOC, WMC 23; Decoder: 114 LOC). Several classes show high cyclomatic complexity and many methods, indicating multiple responsibilities packed into single types. The package also has non-trivial afferent/efferent coupling (Ce=7, Ca=7), suggesting it is a central, highly connected component. Together these facts indicate an excessive concentration of code and responsibilities consistent with the God Component smell."
zxing,com.google.zxing.qrcode.detector.txt,God Component,package,com.google.zxing.qrcode.detector,1,"The package contains 1,072 LOC concentrated in 7 classes, but the distribution is highly skewed: FinderPatternFinder alone is 536 LOC (~50% of the package), with 22 methods and very high complexity (WMC=107). Detector (238 LOC, WMC=37) and AlignmentPatternFinder (195 LOC, WMC=33) are also large and complex. A few classes hold most of the code and complexity rather than responsibilities being evenly distributed, indicating an excessive size/complexity concentrated in a small number of classes. These factors (high LOC concentration, large method counts, and high WMC in the key classes) support identifying this package as exhibiting the God Component smell."
zxing,com.google.zxing.qrcode.encoder.txt,God Component,package,com.google.zxing.qrcode.encoder,1,"The package concentrates a large portion of functionality and code in a few very large, complex classes: total package LOC=1641 across 11 classes, with Encoder (LOC=434, WMC=90, NOM=25), MinimalEncoder (LOC=382, WMC=46, NOM=13) and MatrixUtil (LOC=226, WMC=55, NOM=20) together accounting for >60% of the package LOC. These classes show high complexity and many methods, and the package mixes encoding algorithms, matrix utilities, masking and data structures (QRCode, ByteMatrix, MaskUtil, BlockPair) indicating multiple responsibilities concentrated in one component. The concentration of size and complexity in a small number of classes supports the detection of a God Component."
zxing,com.google.zxing.qrcode.txt,God Component,package,com.google.zxing.qrcode,0,"The package contains only 2 classes (num_classes=2) with a total of 204 LOC, split into QRCodeReader (loc=137, wmc=28) and QRCodeWriter (loc=67, wmc=13). The component is small in number of classes and modest in total size; dependencies (Ce=4, Ca=4) and lack of unusually high fan-in/fan-out do not indicate an excessively large or monolithic component. Therefore it does not meet the contextual criteria for a God Component."
zxing,com.google.zxing.txt,God Component,package,com.google.zxing,0,"The package contains 24 classes and 1,265 LOC, which is moderate rather than excessively large. Class-level LOC values are distributed (several around ~80–130 LOC, many much smaller) with no single class dominating the package size. Coupling metrics (Ce=37, Ca=37) and the variety of small/medium classes (e.g., MultiFormatReader 126 LOC, LuminanceSource 105 LOC, BinaryBitmap 95 LOC, Result 99 LOC) indicate responsibilities are spread across multiple focused classes rather than concentrated in one monolithic component. Based on this contextual evidence, the package does not exhibit the extreme size/centralization characteristic of a God Component."
zxing,com.google.zxing.web.generator.client.txt,God Component,package,com.google.zxing.web.generator.client,1,"The package contains 16 classes with a total of 1,224 LOC and several classes concentrating a large portion of that size and complexity. Notably CalendarEventGenerator (235 LOC, WMC 41, 21 methods) and ContactInfoGenerator (221 LOC, WMC 46, 20 methods) together account for a large share of package LOC; Generator (194 LOC, WMC 18, 14 methods) and WifiGenerator (121 LOC, WMC 28) are also substantial. Multiple classes show high method counts and cyclomatic complexity, indicating concentrated responsibilities rather than evenly distributed functionality. These facts (total LOC, multiple very large/complex classes, many methods in a few classes) support detection of a God Component in this package."
zxing,com.google.zxing.web.txt,God Component,package,com.google.zxing.web,1,"The package contains 15 classes and 864 LOC with a clear concentration of size and complexity in a few classes: DecodeServlet (loc 349, wmc 41, nom 8) accounts for ~40% of the package LOC, ChartServlet (loc 115, wmc 15) and DoSTracker (loc 85) add further large, distinct responsibilities. Several smaller classes (filters, request parameter parsing, utilities) coexist with heavy-weight servlets and tracking logic, indicating multiple responsibilities centralized in this package. High WMC values (e.g. 41 for DecodeServlet) and the mix of servlet logic, DoS tracking, filters and utilities support the judgment that this component is excessively large and acting as a God Component."
