project,file_name,smell,entity_type,entity,detection,justification
byte-buddy,(default package).txt,God Component,package,(default package),0,"The package contains only 2 classes with 93 lines of code each, which is not excessively large in terms of lines of code or number of classes."
byte-buddy,com.service.definition.txt,God Component,package,com.service.definition,0,"The package contains only 1 class with 3 lines of code, and the single class ServiceDefinition has only 1 method with 3 lines of code. The component is not excessively large in terms of lines of code or number of classes."
byte-buddy,com.service.usage.txt,God Component,package,com.service.usage,0,"The package contains only 1 class (ServiceImplementation) with 5 lines of code, 1 method, and no dependencies. The component is extremely small in terms of both lines of code and number of classes, which is the opposite of what constitutes a God Component."
byte-buddy,com.service.usage2.txt,God Component,package,com.service.usage2,0,"The package contains only 1 class with 5 lines of code, which is not excessively large. The class ServiceImplementation has minimal complexity with 1 method and 5 lines of code, indicating it is a small, focused component rather than a God Component."
byte-buddy,net.bytebuddy.agent.builder.txt,God Component,package,net.bytebuddy.agent.builder,1,"The package 'net.bytebuddy.agent.builder' contains 229 classes and 34,339 lines of code, indicating an excessively large component. The class 'AgentBuilder' alone has 9,519 lines of code and 293 fields, further contributing to the god component smell. The high number of classes and LOC at both the package and class levels suggests that the component is handling too many responsibilities and is overly complex."
byte-buddy,net.bytebuddy.agent.txt,God Component,package,net.bytebuddy.agent,1,"The package 'net.bytebuddy.agent' contains 64 classes with a total of 12,617 lines of code. Two main classes, 'ByteBuddyAgent' (1,185 LOC) and 'VirtualMachine' (2,449 LOC), are excessively large and encapsulate numerous nested classes and extensive functionality, indicating a concentration of responsibilities. The high number of classes and LOC in a single package, combined with the presence of dominant classes that implement core functionalities, suggests the package acts as a God Component by centralizing too much logic and responsibility."
byte-buddy,net.bytebuddy.android.txt,God Component,package,net.bytebuddy.android,1,"The package 'net.bytebuddy.android' contains a single dominant class 'AndroidClassLoadingStrategy' with 654 lines of code and 29 fields, making it excessively large. The class also includes multiple nested static classes (e.g., DexProcessor, ForSdkCompiler, Injecting, etc.) that contribute to its complexity and size. The total package LOC is 2012 with 17 classes, but the primary class dominates the codebase in terms of size and responsibility, indicating a God Component smell."
byte-buddy,net.bytebuddy.asm.txt,God Component,package,net.bytebuddy.asm,1,"The package 'net.bytebuddy.asm' contains 411 classes and has a LOC (Lines of Code) of 81157, which indicates an excessively large component. Additionally, the class 'Advice' within this package has 403 fields and 11101 LOC, and the class 'MemberSubstitution' has 292 fields and 6597 LOC, further supporting the presence of a God Component due to their excessive size and complexity."
byte-buddy,net.bytebuddy.benchmark.jmh_generated.txt,God Component,package,net.bytebuddy.benchmark.jmh_generated,0,"The package contains 59 classes and 11019 lines of code, which is not excessively large for a generated benchmark package. The classes are mostly small JMH-generated benchmarks with low complexity (most have 0 methods and low LOC). There is no single class or component that dominates the codebase in terms of size or responsibility. The structure appears to be a collection of related but separate benchmark tests rather than a single God Component."
byte-buddy,net.bytebuddy.benchmark.runner.txt,God Component,package,net.bytebuddy.benchmark.runner,0,"The package contains only 1 class (QuickRunner) with 23 lines of code, which is not excessively large in terms of either Lines Of Code or number of classes. The class itself has only 2 methods and minimal complexity, indicating it is a small, focused component rather than a God Component."
byte-buddy,net.bytebuddy.benchmark.specimen.txt,God Component,package,net.bytebuddy.benchmark.specimen,0,"The package contains only 2 classes with a total of 298 lines of code. The largest class, ExampleClass, has 167 lines of code and 18 methods, while ExampleInterface has 131 lines of code and 18 methods. These metrics do not indicate excessive size in terms of lines of code or number of classes for the package or individual components."
byte-buddy,net.bytebuddy.benchmark.txt,God Component,package,net.bytebuddy.benchmark,0,"The package contains 8 classes with a total of 1284 lines of code, which is not excessively large for a benchmarking module. The largest class, ClassByImplementationBenchmark, has 370 lines of code and 66 methods, which is substantial but not unreasonable for a benchmark class. The package's structure appears to be well-organized around different benchmarking scenarios rather than being a single monolithic component."
byte-buddy,net.bytebuddy.build.gradle.android.txt,God Component,package,net.bytebuddy.build.gradle.android,1,"The package contains 37 classes with a total of 2856 lines of code, indicating a high level of complexity and responsibility. Several classes within the package are excessively large in terms of lines of code and number of fields or methods, such as ByteBuddyAndroidService (292 loc, 10 fields), ByteBuddyAndroidPlugin (528 loc, 24 fields), and ByteBuddyLocalClassesEnhancerTask (313 loc, 6 fields). The high class count and cumulative size suggest the package is handling too many responsibilities, which aligns with the characteristics of a God Component."
byte-buddy,net.bytebuddy.build.gradle.txt,God Component,package,net.bytebuddy.build.gradle,1,"The package contains 42 classes with a total of 3915 lines of code, indicating excessive size. Several classes within the package are also large and complex, such as AbstractByteBuddyTask (474 LOC, WMC 50), AbstractByteBuddyTaskExtension (360 LOC, WMC 41), and ByteBuddyPlugin (314 LOC). The high number of classes and substantial LOC at both package and class levels suggest the presence of a God Component."
byte-buddy,net.bytebuddy.build.maven.txt,God Component,package,net.bytebuddy.build.maven,1,"The package contains 29 classes with a total of 2303 lines of code. The class ByteBuddyMojo is excessively large with 971 lines of code and 37 fields, indicating it accumulates too much responsibility. Multiple inner classes are defined within ByteBuddyMojo, suggesting a lack of proper decomposition. The package-level complexity and class size indicate a violation of the single responsibility principle."
byte-buddy,net.bytebuddy.build.txt,God Component,package,net.bytebuddy.build,1,"The package 'net.bytebuddy.build' contains 131 classes and has a total of 21,284 lines of code, which indicates it is excessively large in terms of both the number of classes and lines of code. The presence of a single class 'Plugin' with 4,286 lines of code and numerous nested classes further supports the detection of a God Component, as it centralizes a vast amount of functionality within one component."
byte-buddy,net.bytebuddy.description.annotation.txt,God Component,package,net.bytebuddy.description.annotation,1,"The package contains 49 classes with a total of 9225 lines of code, indicating excessive size. The AnnotationValue class alone comprises 2457 lines of code and includes numerous nested classes, which suggests it is handling too many responsibilities. The high number of classes and the large size of individual classes like AnnotationValue and AnnotationDescription (1151 LOC) with many nested components are key indicators of a God Component."
byte-buddy,net.bytebuddy.description.enumeration.txt,God Component,package,net.bytebuddy.description.enumeration,0,"The package contains only 4 classes with a total of 254 lines of code. The largest class, EnumerationDescription, has 138 lines of code and a low complexity (WMC=3). The other classes are significantly smaller and simpler, indicating a well-distributed design without a single dominant component."
byte-buddy,net.bytebuddy.description.field.txt,God Component,package,net.bytebuddy.description.field,0,"The package contains 17 classes with a total of 1418 lines of code. The largest classes are FieldList (217 LOC) and FieldDescription (509 LOC), which, while substantial, are not excessively large given their roles as core descriptive components in a bytecode manipulation library. The code is well-organized into multiple cohesive classes with clear responsibilities, and there is no indication of a single component monopolizing functionality or being excessively large in the context of the system."
byte-buddy,net.bytebuddy.description.method.txt,God Component,package,net.bytebuddy.description.method,1,"The package contains 53 classes with a total of 7252 lines of code, indicating excessive size. The class MethodDescription alone has 1695 lines of code and 35 fields, showing high complexity and responsibility. Multiple large classes such as ParameterDescription (899 LOC, 33 fields) and several other classes with significant LOC and field counts suggest the package is handling too much functionality, violating the single responsibility principle."
byte-buddy,net.bytebuddy.description.modifier.txt,God Component,package,net.bytebuddy.description.modifier,0,"The package contains 27 classes with a total of 1317 lines of code. While the number of classes is relatively high, the classes are small and focused, each representing a specific modifier concept (e.g., Visibility, SynchronizationState, FieldManifestation). The largest class, ModifierContributor, has 204 lines of code and includes several inner classes, but this is reasonable given its role as a central contributor to modifier functionality. The overall structure reflects a well-organized domain-specific package rather than a God Component."
byte-buddy,net.bytebuddy.description.module.txt,God Component,package,net.bytebuddy.description.module,1,"The package contains a single class, ModuleDescription, with 931 LOC, which is excessively large. The class has 28 fields and 9 methods, indicating high complexity. Additionally, the package has 23 classes in total with 2300 LOC, suggesting the functionality is concentrated in a single class rather than being well-distributed."
byte-buddy,net.bytebuddy.description.txt,God Component,package,net.bytebuddy.description,1,"The package 'net.bytebuddy.description' contains 28 classes with a total of 1656 lines of code. Several classes within this package are excessively large, such as 'ModifierReviewable' with 542 lines of code and 'ModifierReviewable.AbstractBase' with 283 lines of code. The high number of classes and the presence of multiple large classes indicate that the package is overly complex and承担过多职责, qualifying it as a God Component."
byte-buddy,net.bytebuddy.description.type.txt,God Component,package,net.bytebuddy.description.type,1,"The package 'net.bytebuddy.description.type' contains 175 classes and has a total of 33,551 lines of code, which is excessively large. The high number of classes and LOC indicates that the package is handling too many responsibilities, suggesting the presence of a God Component. Additionally, the package has a high efferent coupling (Ce=16) and afferent coupling (Ca=32), further supporting the claim that it is a central, overly complex component within the system."
byte-buddy,net.bytebuddy.dynamic.loading.txt,God Component,package,net.bytebuddy.dynamic.loading,1,"The package contains 118 classes and has a total of 14,892 lines of code, indicating an excessively large component. Key classes such as PackageDefinitionStrategy (547 LOC), ByteArrayClassLoader (1,127 LOC), ClassInjector (2,245 LOC), and ModuleLayerFromSingleClassLoaderDecorator (407 LOC) contribute significantly to the size and complexity, suggesting the package is handling too many responsibilities."
byte-buddy,net.bytebuddy.dynamic.scaffold.inline.txt,God Component,package,net.bytebuddy.dynamic.scaffold.inline,0,"The package contains 20 classes with a total of 2242 lines of code. While the LOC is substantial, the classes are functionally cohesive and focused on dynamic type scaffolding and inlining mechanisms. No single class dominates the codebase in terms of size or responsibility. The distribution of logic across multiple related classes indicates a well-structured design rather than a god component."
byte-buddy,net.bytebuddy.dynamic.scaffold.subclass.txt,God Component,package,net.bytebuddy.dynamic.scaffold.subclass,0,"The package contains 9 classes with a total of 812 lines of code. The largest classes are ConstructorStrategy (256 LOC) and ConstructorStrategy.Default (158 LOC), which, while substantial, do not indicate an excessively large component. The package's structure appears modular with distinct responsibilities (e.g., SubclassImplementationTarget, ConstructorStrategy, SubclassDynamicTypeBuilder), and no single class dominates the package in terms of complexity or LOC. The distribution of lines of code and number of classes does not suggest a God Component."
byte-buddy,net.bytebuddy.dynamic.scaffold.txt,God Component,package,net.bytebuddy.dynamic.scaffold,1,"The package 'net.bytebuddy.dynamic.scaffold' contains 168 classes and has a total of 36,243 lines of code, which indicates an excessively large component. The high number of classes and LOC suggests that the package is responsible for too many functionalities, violating the principle of separation of concerns and making it difficult to maintain and understand."
byte-buddy,net.bytebuddy.dynamic.txt,God Component,package,net.bytebuddy.dynamic,1,"The package 'net.bytebuddy.dynamic' contains 143 classes and has a total of 26,076 lines of code, indicating an excessively large component. Key classes such as 'DynamicType' (4,937 LOC), 'DynamicType.Builder' (4,407 LOC), 'ClassFileLocator' (1,670 LOC), and 'Transformer' (473 LOC) contribute significantly to this size. The high number of classes and substantial LOC suggest that the package is handling too many responsibilities, which aligns with the characteristics of a God Component."
byte-buddy,net.bytebuddy.implementation.attribute.txt,God Component,package,net.bytebuddy.implementation.attribute,1,"The package contains 44 classes with a total of 3359 lines of code, indicating an excessively large component. The high number of classes and LOC suggests that the package is handling too much responsibility, which aligns with the characteristics of a God Component."
byte-buddy,net.bytebuddy.implementation.auxiliary.txt,God Component,package,net.bytebuddy.implementation.auxiliary,0,"The package contains 26 classes with a total of 1979 lines of code. While the number of classes is relatively high, the LOC per class averages around 76, which is not excessively large. The classes appear to be cohesive and related to auxiliary implementations for bytecode manipulation, without any single class dominating the codebase in terms of size or responsibility. No single component within the package exhibits excessive size or complexity that would indicate a God Component."
byte-buddy,net.bytebuddy.implementation.bind.annotation.txt,God Component,package,net.bytebuddy.implementation.bind.annotation,1,"The package contains 97 classes and 7068 lines of code, indicating an excessively large component. Several classes within the package also exhibit high complexity with numerous fields and dependencies, suggesting a concentration of functionality that violates the single responsibility principle."
byte-buddy,net.bytebuddy.implementation.bind.txt,God Component,package,net.bytebuddy.implementation.bind,1,"The package 'net.bytebuddy.implementation.bind' contains 32 classes with a total of 2628 lines of code. The class 'MethodDelegationBinder' alone has 777 lines of code and 28 fields, indicating high complexity and responsibility. The large number of classes and significant LOC suggest that the package is handling too much functionality, which aligns with the characteristics of a God Component."
byte-buddy,net.bytebuddy.implementation.bytecode.assign.primitive.txt,God Component,package,net.bytebuddy.implementation.bytecode.assign.primitive,0,"The package contains 12 classes with a total of 959 lines of code. While the package has a moderate number of classes and LOC, the individual classes are relatively small and focused, with none exceeding 235 LOC (PrimitiveUnboxingDelegate) and most being under 100 LOC. The complexity as measured by WMC is also distributed reasonably across the classes. There is no single class or component that dominates the codebase in terms of size or complexity, which would be indicative of a God Component."
byte-buddy,net.bytebuddy.implementation.bytecode.assign.reference.txt,God Component,package,net.bytebuddy.implementation.bytecode.assign.reference,0,"The package contains 9 classes with a total of 976 lines of code. While the GenericTypeAwareAssigner class is relatively large (360 LOC), the code is well-structured into multiple cohesive classes, each handling specific responsibilities within type assignment. The presence of nested classes under GenericTypeAwareAssigner indicates a deliberate design to encapsulate related functionality rather than centralizing all logic into a single God Component."
byte-buddy,net.bytebuddy.implementation.bytecode.assign.txt,God Component,package,net.bytebuddy.implementation.bytecode.assign,0,"The package contains 6 classes with a total of 238 lines of code. The largest class, Assigner, has 95 lines of code and 7 nested classes, but this is not excessively large given the nature of the functionality (type assignment logic). The other classes are significantly smaller, with most under 40 lines of code. The distribution of responsibilities appears reasonable for a package handling bytecode assignment operations, and no single class dominates the codebase in terms of size or complexity."
byte-buddy,net.bytebuddy.implementation.bytecode.collection.txt,God Component,package,net.bytebuddy.implementation.bytecode.collection,0,"The package contains 10 classes with a total of 675 lines of code, which is not excessively large for a specialized bytecode manipulation library. The classes are cohesive and focused on array and collection operations within the bytecode context. No single class dominates the codebase in terms of size or responsibility, and the complexity is appropriately distributed."
byte-buddy,net.bytebuddy.implementation.bytecode.constant.txt,God Component,package,net.bytebuddy.implementation.bytecode.constant,0,"The package contains 28 classes with a total of 1768 lines of code. While the package has a substantial number of classes and LOC, the classes appear to be well-organized and focused on specific bytecode constant implementations (e.g., FloatConstant, IntegerConstant, MethodConstant, etc.). The complexity is distributed across multiple cohesive classes rather than concentrated in a single God Component. The package seems to follow a consistent design pattern for representing different types of constants in bytecode manipulation."
byte-buddy,net.bytebuddy.implementation.bytecode.member.txt,God Component,package,net.bytebuddy.implementation.bytecode.member,0,"The package contains 25 classes with a total of 1737 lines of code. While the LOC count is moderately high, the classes are functionally cohesive and organized around bytecode member operations (e.g., MethodVariableAccess, FieldAccess, MethodInvocation). The complexity is distributed across multiple specialized classes rather than concentrated in a single excessively large component. No single class dominates the package in terms of size or responsibility."
byte-buddy,net.bytebuddy.implementation.bytecode.txt,God Component,package,net.bytebuddy.implementation.bytecode,0,"The package contains 27 classes with a total of 1514 lines of code. While the number of classes is relatively high, the classes appear to be cohesive and focused on bytecode manipulation functionalities. The package has a high afferent coupling (22) and low efferent coupling (4), indicating it is widely used but not overly dependent on other packages. The distribution of responsibilities seems合理的 for a specialized domain like bytecode generation, and there's no indication of excessive size or responsibility concentration that would characterize a God Component."
byte-buddy,net.bytebuddy.implementation.txt,God Component,package,net.bytebuddy.implementation,1,"The package 'net.bytebuddy.implementation' contains 264 classes and has 32,056 lines of code, indicating an excessively large component. Several classes within this package also exhibit high complexity with numerous fields and methods, such as 'MethodCall' (80 fields, 42 methods, 2,648 LOC) and 'InvokeDynamic' (53 fields, 43 methods, 2,217 LOC), contributing to the overall size and complexity of the package."
byte-buddy,net.bytebuddy.matcher.txt,God Component,package,net.bytebuddy.matcher,1,"The package contains 73 classes with a total of 5083 lines of code. The class ElementMatchers alone has 198 methods and 1785 lines of code, indicating excessive size and responsibility. The high number of classes and the presence of one dominant class suggest the package is overly large and complex, exhibiting characteristics of a God Component."
byte-buddy,net.bytebuddy.pool.txt,God Component,package,net.bytebuddy.pool,1,"The package 'net.bytebuddy.pool' contains 160 classes and has a total of 34,265 lines of code. The class 'TypePool' alone comprises 7,626 lines of code and declares 411 fields, indicating excessive size and complexity. The large number of classes and the substantial LOC at both the package and class level suggest that the component is excessively large, fulfilling the criteria for the God Component smell."
byte-buddy,net.bytebuddy.txt,God Component,package,net.bytebuddy,1,"The package 'net.bytebuddy' contains 32 classes with a total of 3541 lines of code. The class 'ByteBuddy' alone has 898 lines of code, 52 methods, and depends on numerous other classes, indicating it承担过多职责. The package exhibits high complexity and centralization of functionality, which are key indicators of a God Component."
byte-buddy,net.bytebuddy.utility.dispatcher.txt,God Component,package,net.bytebuddy.utility.dispatcher,1,"The package contains a single class JavaDispatcher with 1180 LOC and 32 fields, making it excessively large. The package also contains 19 classes in total with 2788 LOC, indicating the package itself is large. The JavaDispatcher class contains multiple nested classes and has high complexity with 51 WMC, showing it handles too many responsibilities. The package-level metrics and the dominant size of the JavaDispatcher class indicate a God Component smell."
byte-buddy,net.bytebuddy.utility.privilege.txt,God Component,package,net.bytebuddy.utility.privilege,0,The package contains only 3 classes with a total of 85 lines of code. Each class is small (22-39 LOC) and has a low complexity (WMC of 2). There is no indication that any single component is excessively large or承担过多职责.
byte-buddy,net.bytebuddy.utility.txt,God Component,package,net.bytebuddy.utility,1,"The package 'net.bytebuddy.utility' contains 69 classes and has a total of 8542 lines of code, indicating it is excessively large. Several classes within the package also exhibit high complexity and LOC, such as 'JavaConstant' (1907 LOC), 'AsmClassReader' (331 LOC), and 'AsmClassWriter' (514 LOC), contributing to the overall bloat and suggesting a concentration of responsibilities."
byte-buddy,net.bytebuddy.utility.visitor.txt,God Component,package,net.bytebuddy.utility.visitor,0,"The package contains 6 classes with a total of 993 lines of code. While some individual classes like StackAwareMethodVisitor (318 LOC) and ExceptionTableSensitiveMethodVisitor (237 LOC) are substantial, the overall package size and class distribution do not indicate an excessively large component. The complexity is reasonably distributed across multiple cohesive classes, each serving distinct purposes within the visitor pattern implementation."
byte-buddy,org.gradle.api.file.txt,God Component,package,org.gradle.api.file,0,"The package contains only 2 classes with a total of 42 lines of code, which is not excessively large. The classes DirectoryProperty and Directory have reasonable sizes (26 and 16 LOC respectively) and the package does not exhibit characteristics of a God Component."
byte-buddy,org.gradle.api.provider.txt,God Component,package,org.gradle.api.provider,0,"The package contains only 1 class with 18 lines of code, which is not excessively large. The Provider class has only 2 methods and minimal complexity (WMC=2), indicating a focused and well-scoped component rather than a God Component."
byte-buddy,org.gradle.api.tasks.txt,God Component,package,org.gradle.api.tasks,0,"The package contains only 1 class with 16 lines of code, which is not excessively large in terms of LOC or number of classes. The single class PathSensitivity appears to be a simple, focused component rather than a God Component."
byte-buddy,org.gradle.work.txt,God Component,package,org.gradle.work,0,"The package contains only 3 classes with a total of 38 lines of code, which is not excessively large. Each class has a low number of methods and lines of code, indicating they are small and focused. There is no indication that any single component within the package is disproportionately large or responsible for too many functionalities."
commons-io,org.apache.commons.io.build.txt,God Component,package,org.apache.commons.io.build,0,"The package contains 17 classes with a total of 1633 lines of code, which is not excessively large for a package. The largest class, AbstractOrigin, has 614 lines of code and 19 methods, which is substantial but not excessively so given its role as an abstract base class with multiple inner classes. The classes appear to be well-organized around the builder pattern and file I/O abstractions, with reasonable separation of concerns. No single class dominates the package in terms of complexity or responsibility."
commons-io,org.apache.commons.io.channels.txt,God Component,package,org.apache.commons.io.channels,0,"The package contains only 4 classes with a total of 458 lines of code, which is not excessively large. The largest class, ByteArraySeekableByteChannel, has 202 lines of code and 18 methods, which is substantial but not unreasonable for a single class. The overall complexity and size of the package and its classes are within acceptable limits for typical software components."
commons-io,org.apache.commons.io.charset.txt,God Component,package,org.apache.commons.io.charset,0,"The package contains only 2 classes with a total of 48 lines of code, which is not excessively large. Each class has a low number of methods and lines of code (CharsetEncoders: 3 methods, 29 LOC; CharsetDecoders: 2 methods, 19 LOC). There are no signs of excessive complexity or centralization of functionality that would indicate a God Component."
commons-io,org.apache.commons.io.comparator.txt,God Component,package,org.apache.commons.io.comparator,0,"The package contains 10 classes with a total of 490 lines of code, which is not excessively large. Each class has a well-defined responsibility related to file comparison, and the overall design follows a modular structure with low coupling and no signs of excessive centralization of functionality."
commons-io,org.apache.commons.io.file.attribute.txt,God Component,package,org.apache.commons.io.file.attribute,0,"The package contains only 1 class (FileTimes) with 225 lines of code. While the class has 24 methods and a WMC of 26, the size is not excessive for a single-purpose utility class in the context of file attribute operations. The package structure is simple and focused, without indication of taking on responsibilities beyond its designated scope."
commons-io,org.apache.commons.io.file.spi.txt,God Component,package,org.apache.commons.io.file.spi,0,"The package contains only 1 class with 56 lines of code, which is not excessively large. The class FileSystemProviders has reasonable metrics with 6 methods and 7 weighted method count, indicating it has a focused responsibility and does not exhibit god component characteristics."
commons-io,org.apache.commons.io.file.txt,God Component,package,org.apache.commons.io.file,0,"The package contains 29 classes with a total of 3723 lines of code. While the package has a substantial size, the classes are functionally cohesive and focused on file and path operations. The largest class, PathUtils, has 1516 lines of code and 109 methods, which is significant but not excessively large in the context of its utility and responsibilities. Other classes are much smaller and well-scoped. The package does not exhibit the characteristics of a God Component as it maintains reasonable modularity and separation of concerns."
commons-io,org.apache.commons.io.filefilter.txt,God Component,package,org.apache.commons.io.filefilter,0,"The package contains 32 classes with a total of 2709 lines of code. While the package has a considerable number of classes, they are cohesive and focused on file filtering functionality. The largest class, FileFilterUtils, has 469 lines of code and 43 methods, which is substantial but not excessive given its utility role. Classes are well-distributed in terms of responsibilities, and there is no single class that dominates the package in terms of complexity or lines of code disproportionately."
commons-io,org.apache.commons.io.function.txt,God Component,package,org.apache.commons.io.function,0,"The package contains 34 classes with a total of 2198 lines of code. While the number of classes is relatively high, the lines of code are distributed across many small, focused classes (e.g., most classes have fewer than 100 LOC). Key classes like IOStream (394 LOC) and Uncheck (342 LOC) are large but still within reasonable limits for their functionality. The package appears to be a well-organized functional programming utility module rather than a single excessively large component."
commons-io,org.apache.commons.io.input.buffer.txt,God Component,package,org.apache.commons.io.input.buffer,0,"The package contains only 3 classes with a total of 343 lines of code, which is not excessively large. The largest class, CircularByteBuffer, has 196 lines of code and 13 methods, which is also not excessive. The package and its classes exhibit reasonable size and complexity for their functionality."
commons-io,org.apache.commons.io.input.txt,God Component,package,org.apache.commons.io.input,0,"The package contains 101 classes with a total of 10,353 lines of code. While this is a large package, the classes are well-organized into distinct functional units, each handling specific input stream or reader responsibilities. The largest classes (e.g., ObservableInputStream with 266 LOC, XmlStreamReader with 541 LOC) remain within reasonable complexity bounds. There is no single class or component that dominates the package in terms of size or responsibility, indicating good distribution of functionality."
commons-io,org.apache.commons.io.monitor.txt,God Component,package,org.apache.commons.io.monitor,0,"The package contains 7 classes with a total of 947 lines of code. The largest class, FileAlterationObserver, has 375 lines of code and 29 methods, which is substantial but not excessively large given its role as an observer in the file monitoring system. The distribution of responsibilities appears reasonable across the classes, with no single class dominating the functionality or LOC disproportionately. The package does not exhibit characteristics of a God Component as the size and complexity are contextually appropriate for its functionality."
commons-io,org.apache.commons.io.output.txt,God Component,package,org.apache.commons.io.output,0,"The package contains 52 classes with a total of 4700 lines of code. While the number of classes and LOC is relatively high, the classes are well-organized into cohesive units with clear responsibilities (e.g., OutputStream and Writer implementations). The average LOC per class is around 90, which is not excessively large. There is no single class or component that dominates the package in terms of complexity or functionality, indicating a reasonable distribution of responsibilities."
commons-io,org.apache.commons.io.serialization.txt,God Component,package,org.apache.commons.io.serialization,0,"The package contains only 7 classes with a total of 579 lines of code. The largest class, ValidatingObjectInputStream, has 278 lines of code and 17 methods, which is not excessively large in the context of this package. The other classes are significantly smaller, with most under 25 lines of code. There is no single component that dominates the package in terms of size or complexity."
commons-io,org.apache.commons.io.txt,God Component,package,org.apache.commons.io,0,"While the package contains a large number of classes (40) and significant lines of code (9478), the presence of multiple cohesive and logically grouped classes such as IOUtils, FileUtils, FilenameUtils, and others indicates a well-organized library structure rather than a single God Component. The responsibilities are distributed across specialized classes, each handling distinct aspects of I/O operations."
commons-lang,org.apache.commons.lang3.arch.txt,God Component,package,org.apache.commons.lang3.arch,0,"The package contains only 3 classes with a total of 219 lines of code. The largest class, Processor, has 153 lines of code and 11 methods, which is not excessively large. The other two classes are small enums with 27 and 39 lines respectively. The package does not exhibit excessive size in terms of lines of code or number of classes."
commons-lang,org.apache.commons.lang3.builder.txt,God Component,package,org.apache.commons.lang3.builder,0,"The package contains 29 classes with a total of 6366 lines of code. While the package has a considerable number of classes and lines of code, the classes appear to be well-organized and focused on specific responsibilities related to building and manipulating object representations (e.g., HashCodeBuilder, EqualsBuilder, ToStringBuilder). The largest classes, such as ToStringStyle (1694 LOC) and EqualsBuilder (720 LOC), are individually large but serve distinct purposes and are not excessively entangled. There is no single class or component that dominates the package by taking on too many responsibilities or being disproportionately large compared to others."
commons-lang,org.apache.commons.lang3.compare.txt,God Component,package,org.apache.commons.lang3.compare,0,"The package contains only 3 classes with a total of 288 lines of code, which is not excessively large. The largest class, ComparableUtils, has 171 lines of code and 10 methods, which is also not excessively large. The package does not exhibit signs of being a God Component."
commons-lang,org.apache.commons.lang3.concurrent.locks.txt,God Component,package,org.apache.commons.lang3.concurrent.locks,0,"The package contains 9 classes with a total of 947 lines of code, which is not excessively large for a package. The largest class, LockingVisitors, has 440 lines of code and 6 methods, which is also not excessively large. The package has low afferent (0) and efferent (2) coupling, indicating it is not overly dependent on or depended upon by other packages. There is no evidence of excessive complexity or centralization of functionality that would indicate a God Component."
commons-lang,org.apache.commons.lang3.concurrent.txt,God Component,package,org.apache.commons.lang3.concurrent,0,"The package contains 42 classes with a total of 3203 lines of code. While the package has a substantial size, the classes are well-organized into cohesive components dealing with concurrent utilities (e.g., initializers, circuit breakers, thread factories). No single class dominates the codebase in terms of size or responsibility, and the functionality is appropriately distributed across multiple specialized classes."
commons-lang,org.apache.commons.lang3.event.txt,God Component,package,org.apache.commons.lang3.event,0,"The package contains only 4 classes with a total of 398 lines of code. The largest class, EventListenerSupport, has 219 lines of code and 15 methods, which is not excessively large in the context of this package. The distribution of functionality appears reasonable, and no single class or the package as a whole demonstrates excessive size or complexity that would indicate a God Component."
commons-lang,org.apache.commons.lang3.exception.txt,God Component,package,org.apache.commons.lang3.exception,0,"The package contains 10 classes with a total of 1061 lines of code. While the class ExceptionUtils is notably large with 575 lines of code and 42 methods, the overall package distribution appears reasonable for an exception handling utility module. There is no excessive concentration of responsibilities in a single class that would indicate a God Component smell."
commons-lang,org.apache.commons.lang3.function.txt,God Component,package,org.apache.commons.lang3.function,0,"The package contains 61 classes with a total of 2551 lines of code. While the number of classes is relatively high, the average LOC per class is around 41, which is not excessively large. The largest class, 'Failable', has 467 LOC and 37 methods, which is substantial but not disproportionately dominant compared to the rest of the classes. There is no single class or component that stands out as being excessively large in terms of responsibility or complexity within the package."
commons-lang,org.apache.commons.lang3.math.txt,God Component,package,org.apache.commons.lang3.math,1,"The package contains only 3 classes but has a total of 2111 lines of code, with NumberUtils alone contributing 1271 LOC and 68 methods, and Fraction adding another 660 LOC with 34 methods. This concentration of functionality and size in a few classes indicates an excessive implementation within the package, suggesting it acts as a God Component by handling too much responsibility."
commons-lang,org.apache.commons.lang3.mutable.txt,God Component,package,org.apache.commons.lang3.mutable,0,"The package contains 9 classes with a total of 1884 lines of code. While the LOC count is moderately high, the classes are well-organized and each serves a distinct purpose (representing different mutable types). The average LOC per class is around 209, which is not excessively large. There's no single class dominating the codebase, and the responsibilities are appropriately distributed among the classes."
commons-lang,org.apache.commons.lang3.reflect.txt,God Component,package,org.apache.commons.lang3.reflect,1,"The package contains a single class, TypeUtils, with 1363 lines of code and 59 methods, making it excessively large. The package as a whole has 3368 lines of code and 14 classes, with TypeUtils dominating the codebase. The high WMC (236) and number of dependencies (7) further indicate excessive complexity and responsibility."
commons-lang,org.apache.commons.lang3.stream.txt,God Component,package,org.apache.commons.lang3.stream,0,"The package contains 7 classes with a total of 734 lines of code. The largest class, Streams, has 384 lines of code and 21 methods, which is significant but not excessively large in the context of a utility stream processing package. The distribution of functionality across multiple cohesive classes (e.g., LangCollectors, IntStreams, Streams) suggests a reasonable separation of concerns rather than a single God Component."
commons-lang,org.apache.commons.lang3.text.translate.txt,God Component,package,org.apache.commons.lang3.text.translate,0,"The package contains 13 classes with a total of 746 lines of code. While the number of classes is moderately high, the LOC per class averages around 57, which is not excessively large. The classes appear to have well-defined responsibilities related to text translation and escaping, with no single class dominating the codebase in terms of size or complexity. The overall structure suggests a cohesive set of utilities rather than a monolithic component."
commons-lang,org.apache.commons.lang3.text.txt,God Component,package,org.apache.commons.lang3.text,1,"The package contains 20 classes with a total of 5402 lines of code. The class StrBuilder alone has 2304 lines of code, 150 methods, and a WMC of 341, indicating excessive size and complexity. StrSubstitutor and StrTokenizer also contribute significantly with 782 and 731 lines respectively, along with high method counts and WMC values. The package exhibits concentration of functionality in a few large classes, which is characteristic of a God Component."
commons-lang,org.apache.commons.lang3.time.txt,God Component,package,org.apache.commons.lang3.time,0,"The package contains 51 classes with a total of 6908 lines of code. While the package is substantial, the classes are well-organized into cohesive units such as StopWatch, FastDateFormat, DateUtils, and FastDateParser, each encapsulating distinct time-related functionalities. The distribution of responsibilities across multiple classes indicates a modular design rather than a single God Component."
commons-lang,org.apache.commons.lang3.tuple.txt,God Component,package,org.apache.commons.lang3.tuple,0,"The package contains only 6 classes with a total of 795 lines of code, which is not excessively large. Each class has a manageable size (ranging from 113 to 159 LOC) and the overall complexity is distributed reasonably across the components. There is no indication that a single component is dominating the system or taking on responsibilities beyond its scope."
commons-lang,org.apache.commons.lang3.txt,God Component,package,org.apache.commons.lang3,1,"The package 'org.apache.commons.lang3' contains 73 classes and has a total of 26,295 lines of code, which is excessively large. Several individual classes within the package also exhibit high complexity and size, such as 'ArrayUtils' with 5,740 LOC and 377 methods, 'StringUtils' with 4,411 LOC and 244 methods, and 'SystemProperties' with 2,807 LOC and 205 methods. The high number of classes and substantial LOC at both the package and class levels indicate a God Component smell."
commons-lang,org.apache.commons.lang3.util.txt,God Component,package,org.apache.commons.lang3.util,0,"The package contains only 2 classes with a total of 463 lines of code, which is not excessively large. The largest class, FluentBitSet, has 396 lines of code and 44 methods, which while substantial, does not indicate a god component given the context of utility classes that typically encapsulate related functionality. The class distribution and LOC per class do not suggest an unreasonable concentration of responsibilities."
google-java-format,com.google.googlejavaformat.intellij.txt,God Component,package,com.google.googlejavaformat.intellij,0,"The package contains 10 classes with a total of 381 lines of code, which is not excessively large. The classes are functionally cohesive, focusing on IntelliJ plugin functionality for Google Java Format, and none of the individual classes exhibit excessive size or complexity that would indicate a God Component."
google-java-format,com.google.googlejavaformat.java.filer.txt,God Component,package,com.google.googlejavaformat.java.filer,0,"The package contains only 2 classes with a total of 102 lines of code, which is not excessively large. Neither of the classes shows indicators of being overly complex or handling too many responsibilities. The lines of code per class (49 and 53) are moderate, and the number of methods and fields is low, suggesting focused responsibilities."
google-java-format,com.google.googlejavaformat.java.javadoc.txt,God Component,package,com.google.googlejavaformat.java.javadoc,0,"The package contains 10 classes with a total of 888 lines of code, which is not excessively large for a cohesive module handling Javadoc formatting. The largest classes (JavadocLexer with 375 LOC and JavadocWriter with 247 LOC) are specialized components with clear responsibilities. The package exhibits good internal structure and modularity without a single dominant component."
google-java-format,com.google.googlejavaformat.java.txt,God Component,package,com.google.googlejavaformat.java,1,"The package contains 76 classes with a total of 8184 lines of code, indicating a large and complex component. The class JavaInputAstVisitor alone has 3233 lines of code and 167 methods, contributing significantly to the overall size and complexity. The high number of classes and the presence of excessively large classes like JavaInputAstVisitor justify the detection of the God Component smell."
google-java-format,com.google.googlejavaformat.txt,God Component,package,com.google.googlejavaformat,0,"The package contains 32 classes with a total of 2478 lines of code. While the package has a considerable number of classes and lines of code, the classes are logically grouped around the core functionality of code formatting. Key classes like Doc (536 LOC), OpsBuilder (504 LOC), and Newlines (159 LOC) are large but appear to encapsulate distinct responsibilities. There is no single class or component that overwhelmingly centralizes the logic or operations of the system. The distribution of responsibilities across multiple cohesive classes indicates a well-structured design rather than a God Component."
gson,com.example.txt,God Component,package,com.example,0,"The package contains 33 classes with a total of 577 lines of code, which is not excessively large for a package. The largest class, Main, has 173 lines of code and 19 methods, which is substantial but not indicative of a God Component. The distribution of classes and responsibilities appears reasonable without a single component dominating the codebase."
gson,com.google.gson.extras.examples.rawcollections.txt,God Component,package,com.google.gson.extras.examples.rawcollections,0,"The package contains only 2 classes with a total of 38 lines of code, and the largest class (RawCollectionsExample) has 27 lines of code. The component is small in terms of both number of classes and lines of code, and does not exhibit excessive size that would indicate a God Component smell."
gson,com.google.gson.graph.txt,God Component,package,com.google.gson.graph,0,"The package contains only 4 classes with a total of 403 lines of code, which is not excessively large. The largest class, GraphAdapterBuilder, has 228 lines of code and 5 methods, which is manageable. The other classes are significantly smaller (112, 23, and 40 lines respectively), indicating a reasonable distribution of functionality. There is no indication that any single component is excessively large or taking on too many responsibilities."
gson,com.google.gson.interceptors.txt,God Component,package,com.google.gson.interceptors,0,"The package contains only 3 classes with a total of 65 lines of code, which is not excessively large. The largest class, InterceptorFactory, has 34 lines of code and 2 methods, which is also not excessively large. The package does not exhibit signs of containing an overly complex or large component."
gson,com.google.gson.internal.bind.txt,God Component,package,com.google.gson.internal.bind,1,"The package contains 30 classes with a total of 3316 lines of code, indicating a high level of complexity and responsibility. Several classes within the package are also large in terms of LOC and WMC (e.g., TypeAdapters with 681 LOC and WMC of 126, JsonTreeReader with 285 LOC and WMC of 70, ReflectiveTypeAdapterFactory with 407 LOC and WMC of 56), suggesting that the package and its classes are handling excessive functionality. The high number of classes and their cumulative size imply that the package is managing too much responsibility, which aligns with the characteristics of a God Component."
gson,com.google.gson.internal.bind.util.txt,God Component,package,com.google.gson.internal.bind.util,0,"The package contains only 1 class (ISO8601Utils) with 264 lines of code, which is not excessively large for a utility class handling ISO8601 date parsing logic. The class has reasonable complexity (WMC=38) and serves a single focused purpose."
gson,com.google.gson.internal.reflect.txt,God Component,package,com.google.gson.internal.reflect,0,"The package contains only 4 classes with a total of 299 lines of code. The largest class, ReflectionHelper, has 218 lines of code and 16 methods, which is not excessively large in the context of the package. The other classes are significantly smaller, indicating a reasonable distribution of responsibilities. There is no evidence of a single component monopolizing functionality or being excessively large."
gson,com.google.gson.internal.sql.txt,God Component,package,com.google.gson.internal.sql,0,"The package contains only 4 classes with a total of 166 lines of code, which is not excessively large. None of the individual classes exhibit an unusually high number of methods, fields, or lines of code that would indicate a God Component. The complexity metrics (WMC, LCOM) and size metrics (LOC, NOM, NOF) are within reasonable limits, and there is no indication of excessive responsibility or centralization of functionality."
gson,com.google.gson.internal.txt,God Component,package,com.google.gson.internal,0,"The package contains 30 classes with a total of 2464 lines of code. While the package has a considerable number of classes and LOC, the metrics do not indicate an excessively large component. The classes appear to be logically grouped under the 'internal' package, suggesting a cohesive purpose related to Gson's internal workings. There is no evidence of a single class or component monopolizing functionality or being excessively large in comparison to others."
gson,com.google.gson.metrics.txt,God Component,package,com.google.gson.metrics,0,"The package contains 22 classes and 831 lines of code, which is not excessively large for a metrics package. The largest class, ParseBenchmark, has 295 lines of code and contains several inner classes, but this is contextual to its purpose as a benchmarking utility. There is no single class that dominates the codebase or takes on responsibilities beyond its scope."
gson,com.google.gson.protobuf.generated.txt,God Component,package,com.google.gson.protobuf.generated,1,"The package contains a single class 'Bag' with 6101 lines of code and numerous inner classes, making it excessively large. The total package LOC is 17618 across 27 classes, indicating a concentration of functionality within the 'Bag' class and its generated components. This centralization of logic and excessive size qualifies as a God Component."
gson,com.google.gson.protobuf.txt,God Component,package,com.google.gson.protobuf,0,"The package contains only 3 classes with a total of 308 lines of code. The largest class, ProtoTypeAdapter, has 243 lines of code and 9 methods, which is not excessively large in the context of a specialized adapter implementation. The package and class metrics do not indicate excessive size or complexity that would characterize a God Component."
gson,com.google.gson.reflect.txt,God Component,package,com.google.gson.reflect,0,"The package contains only 1 class (TypeToken) with 285 lines of code, which is not excessively large. The class has reasonable complexity with 22 methods and a WMC of 64. The package has 9 afferent couplings indicating usage but this alone does not indicate god component smell. The size and complexity are within reasonable limits for a utility reflection package."
gson,com.google.gson.stream.txt,God Component,package,com.google.gson.stream,1,"The package contains a single class, JsonReader, which is excessively large with 1244 lines of code and 46 methods. This class also has a high Weighted Method Count (WMC) of 329, indicating high complexity. The package as a whole has a low number of classes (5), but the dominance of a single class in terms of size and complexity indicates a God Component smell."
gson,com.google.gson.txt,God Component,package,com.google.gson,0,"The package contains 32 classes with a total of 3235 lines of code. While the package has a substantial size, the classes are logically grouped under the Gson library's core functionality for JSON processing. Key classes like Gson (826 LOC) and GsonBuilder (454 LOC) are large but serve central roles in the library and are appropriately cohesive. The distribution of responsibilities across multiple classes indicates a well-organized structure rather than a single God Component."
gson,com.google.gson.typeadapters.txt,God Component,package,com.google.gson.typeadapters,0,"The package contains only 4 classes with a total of 409 lines of code. The largest class, UtcDateTypeAdapter, has 208 lines of code and a WMC of 29, which is not excessively large for a single class. The other classes are significantly smaller, with the next largest being RuntimeTypeAdapterFactory at 129 lines of code. The package does not exhibit excessive size in terms of either the number of classes or lines of code, nor does any individual class show signs of being a God Component."
javaparser,(default package).txt,God Component,package,(default package),0,"The package contains 101 classes with a total of 676 lines of code. While the number of classes is relatively high, the average lines of code per class is low (approximately 6.7 LOC/class), and most classes are small test or utility classes. There is no single class or component that dominates the codebase in terms of size or complexity. The distribution of code and responsibilities appears to be spread across many small, likely test-related, classes rather than concentrated in one large component."
javaparser,a.b.c.txt,God Component,package,a.b.c,0,"The package contains only 6 classes with a total of 26 lines of code, which is not excessively large. No single class dominates the codebase in terms of lines of code or complexity. The metrics indicate a very small and simple component, not characteristic of a God Component."
javaparser,a.txt,God Component,package,a,0,"The package contains only 4 classes with a total of 22 lines of code. Each class is small, with the largest having 8 lines of code. There is no indication of excessive size in terms of lines of code or number of classes."
javaparser,aPackage.txt,God Component,package,aPackage,0,"The package contains only 2 classes with 10 lines of code in total. Each class has 5 lines of code, 1 method, and no complex metrics indicating excessive size or responsibility. The low number of classes and lines of code indicate the component is not excessively large."
javaparser,another.txt,God Component,package,another,0,"The package 'another' contains only 6 classes with a total of 11 lines of code. Each class has minimal complexity, with 0 methods, fields, or dependencies. The size and complexity are not excessive for a package, so it does not qualify as a God Component."
javaparser,bar.txt,God Component,package,bar,0,"The package contains only 1 class with 2 lines of code, which is not excessively large in terms of either Lines Of Code or number of classes. The component is minimal and does not exhibit the characteristics of a God Component."
javaparser,box.txt,God Component,package,box,0,"The package contains only 1 class with 2 lines of code, which is not excessively large in terms of either Lines Of Code or number of classes. The component is minimal in size and complexity."
javaparser,com.example.txt,God Component,package,com.example,0,"The package contains only 6 classes with a total of 34 lines of code, which is not excessively large. None of the individual classes exhibit a high number of fields, methods, or lines of code that would indicate a God Component. The complexity metrics (WMC, LCOM) are also low, indicating that the classes are simple and do not centralize functionality."
javaparser,com.foo.base.txt,God Component,package,com.foo.base,0,"The package contains only 1 class with 2 lines of code, which is not excessively large in terms of either Lines Of Code or number of classes. The class Widget also shows minimal complexity with 0 methods, 0 fields, and 2 lines of code, indicating it is a very small and simple component that does not exhibit god component characteristics."
javaparser,com.foo.txt,God Component,package,com.foo,0,"The package contains only 1 class (Widget) with 20 lines of code, which is not excessively large. The class itself has low complexity (WMC=3, NOM=3) and the package has a reasonable number of dependencies (Ce=5). There is no indication of excessive size or complexity that would characterize a God Component."
javaparser,com.github.javaparser.ast.body.txt,God Component,package,com.github.javaparser.ast.body,0,"The package contains 18 classes with a total of 3034 lines of code. While the package has a substantial size, the classes are well-distributed in terms of responsibilities, with no single class excessively dominating the codebase. The largest class, CallableDeclaration, has 293 lines of code and 71 methods, which is significant but not excessively large in the context of this domain. The package's structure reflects a cohesive set of related AST node types for Java body declarations, indicating appropriate encapsulation rather than a God Component."
javaparser,com.github.javaparser.ast.comments.txt,God Component,package,com.github.javaparser.ast.comments,0,"The package contains 7 classes with a total of 508 lines of code. The largest class, Comment, has 158 lines of code and 35 methods, which is not excessively large in the context of a specialized AST node. The classes appear to be well-scoped to handle different types of comments, and the package's responsibilities are cohesive around comment handling in Java source code. No single class dominates the package's complexity or size."
javaparser,com.github.javaparser.ast.expr.txt,God Component,package,com.github.javaparser.ast.expr,1,"The package contains 48 classes with a total of 4911 lines of code, indicating a high level of complexity and responsibility. The Expression class alone has 177 methods and 536 lines of code, showing it takes on excessive responsibilities. The high number of classes and LOC in a single package, combined with the presence of a dominant class, confirms the God Component smell."
javaparser,com.github.javaparser.ast.modules.txt,God Component,package,com.github.javaparser.ast.modules,0,"The package contains 7 classes with a total of 835 lines of code. While the package has a moderate size, none of the individual classes are excessively large in terms of lines of code (ranging from 91 to 144 LOC) or number of methods (ranging from 19 to 44). The complexity metrics (WMC, LCOM) also do not indicate any single class dominating the design. The package appears to be well-organized around the concept of module declarations and directives, without showing signs of excessive centralization or bloat that would characterize a God Component."
javaparser,com.github.javaparser.ast.nodeTypes.modifiers.txt,God Component,package,com.github.javaparser.ast.nodeTypes.modifiers,0,"The package contains only 8 classes with a total of 88 lines of code, which is not excessively large. Each class is small and focused on a specific modifier type, indicating proper separation of concerns rather than a god component."
javaparser,com.github.javaparser.ast.nodeTypes.txt,God Component,package,com.github.javaparser.ast.nodeTypes,0,"The package contains 31 classes with a total of 1358 lines of code. While the number of classes is relatively high, the individual classes are small and focused, with low complexity (WMC <= 22 for the most complex class), suggesting a well-distributed design rather than a single God Component. The package acts as a module for node type interfaces, which is a reasonable design choice for this context."
javaparser,com.github.javaparser.ast.observer.txt,God Component,package,com.github.javaparser.ast.observer,0,"The package contains 7 classes with a total of 276 lines of code. The largest class, ObservableProperty, has 135 LOC and 20 methods, which is not excessively large in the context of this package. The overall size and complexity of the package and its classes do not indicate a God Component smell."
javaparser,com.github.javaparser.ast.stmt.txt,God Component,package,com.github.javaparser.ast.stmt,1,"The package contains 26 classes with a total of 2723 lines of code, indicating a high level of complexity and size. The Statement class alone has 92 methods and 264 lines of code, showing centralization of functionality. High fan-out coupling (Ce=9) and extensive dependencies among numerous statement-related classes suggest excessive responsibility and lack of modularity."
javaparser,com.github.javaparser.ast.txt,God Component,package,com.github.javaparser.ast,1,"The package 'com.github.javaparser.ast' contains 21 classes with a total of 2829 lines of code, indicating a large and potentially overly complex component. Key classes such as 'Node' (877 LOC, 78 methods), 'NodeList' (460 LOC, 67 methods), and 'CompilationUnit' (615 LOC, 59 methods) are excessively large in terms of lines of code and number of methods, suggesting centralization of functionality and lack of proper decomposition. The high number of classes and significant size of core classes indicate that this package may be acting as a God Component by accumulating too much responsibility."
javaparser,com.github.javaparser.ast.type.txt,God Component,package,com.github.javaparser.ast.type,0,"The package contains 16 classes with a total of 1563 lines of code, which is not excessively large for a package handling AST type representations. The classes are cohesive and focused on type-related functionality, with no single class dominating the codebase. The distribution of lines of code and responsibilities across multiple classes indicates a well-organized design rather than a God Component."
javaparser,com.github.javaparser.ast.validator.language_level_validations.chunks.txt,God Component,package,com.github.javaparser.ast.validator.language_level_validations.chunks,0,"The package contains 7 classes with a total of 359 lines of code, which is not excessively large. The largest class, ModifierValidator, has 168 lines of code and 18 methods, but this is still within reasonable limits for a specialized validator class. The other classes are relatively small and focused, indicating a well-distributed design rather than a single God Component."
javaparser,com.github.javaparser.ast.validator.language_level_validations.txt,God Component,package,com.github.javaparser.ast.validator.language_level_validations,0,"The package contains 35 classes with a total of 658 lines of code, which is not excessively large for a package handling language-level validations for multiple Java versions. The classes are cohesive and focused on specific validation tasks per Java version, indicating a well-organized design rather than a god component."
javaparser,com.github.javaparser.ast.validator.postprocessors.txt,God Component,package,com.github.javaparser.ast.validator.postprocessors,0,"The package contains 17 classes with a total of 134 lines of code, which is not excessively large. The classes are small and focused, with most having 5 lines of code and no methods or fields, indicating they are likely simple configuration or version-specific processors. The overall structure suggests a well-organized set of post-processors rather than a single overly complex component."
javaparser,com.github.javaparser.ast.validator.txt,God Component,package,com.github.javaparser.ast.validator,0,"The package contains 10 classes with a total of 190 lines of code, which is not excessively large. The classes are specialized and focused on validation-related functionality, with clear separation of concerns. No single class dominates the package in terms of size or responsibility, and the overall structure reflects a well-organized validation module rather than a God Component."
javaparser,com.github.javaparser.ast.visitor.txt,God Component,package,com.github.javaparser.ast.visitor,1,"The package contains 18 classes with a total of 11,816 lines of code. Several classes within the package are excessively large in terms of methods (e.g., VoidVisitor, GenericVisitor, ModifierVisitor, and others have over 100 methods) and lines of code (e.g., GenericListVisitorAdapter and NodeFinderVisitor exceed 1,800 LOC). The high number of classes and the substantial size of individual classes indicate that the package is承担 excessive responsibilities, qualifying it as a God Component."
javaparser,com.github.javaparser.generator.core.node.txt,God Component,package,com.github.javaparser.generator.core.node,0,"The package contains 9 classes with a total of 360 lines of code, which is not excessively large. The classes appear to have focused responsibilities related to node generation, with no single class dominating the codebase. The distribution of lines of code and complexity is reasonably balanced across multiple specialized generators."
javaparser,com.github.javaparser.generator.core.other.txt,God Component,package,com.github.javaparser.generator.core.other,0,"The package contains only 3 classes with a total of 122 lines of code. Each class is relatively small (30-48 LOC) and has a manageable complexity (WMC values of 4, 5, and 9). There is no indication of excessive size or complexity that would characterize a God Component."
javaparser,com.github.javaparser.generator.core.quality.txt,God Component,package,com.github.javaparser.generator.core.quality,0,"The package contains only 1 class (NotNullGenerator) with 93 lines of code, which is not excessively large. The class has 8 methods and a WMC of 18, indicating moderate complexity. The package has 7 efferent couplings, which is reasonable for a specialized generator component. There is no evidence of excessive size or responsibility that would indicate a God Component."
javaparser,com.github.javaparser.generator.core.txt,God Component,package,com.github.javaparser.generator.core,0,"The package contains only 1 class with 48 lines of code, which is not excessively large. The class metrics show low complexity (WMC=3, NOM=2) and the package has minimal dependencies (Ce=2, Ca=0), indicating it is a small, focused component rather than a God Component."
javaparser,com.github.javaparser.generator.core.utils.txt,God Component,package,com.github.javaparser.generator.core.utils,0,"The package contains only 1 class (CodeUtils) with 16 lines of code, which is not excessively large in terms of either Lines Of Code or number of classes. The component is small and focused."
javaparser,com.github.javaparser.generator.core.visitor.txt,God Component,package,com.github.javaparser.generator.core.visitor,0,"The package contains 15 classes with a total of 426 lines of code, which is not excessively large for a generator package. Each class has a low LOC count (ranging from 12 to 56), low complexity (WMC mostly under 10), and consistent structure, indicating focused responsibilities. The classes appear to be generator implementations for different visitor patterns, which justifies the collective size and number of classes."
javaparser,com.github.javaparser.generator.metamodel.txt,God Component,package,com.github.javaparser.generator.metamodel,0,"The package contains 5 classes with a total of 369 lines of code, which is not excessively large. The largest class, MetaModelGenerator, has 185 lines of code and 8 methods, which is manageable. The other classes are significantly smaller, with lines of code ranging from 35 to 75. The package does not exhibit signs of being a God Component as the code is reasonably distributed across multiple classes without any single class dominating the functionality or size."
javaparser,com.github.javaparser.generator.txt,God Component,package,com.github.javaparser.generator,0,"The package contains only 5 classes with a total of 325 lines of code. While AbstractGenerator is relatively large (165 LOC), the other classes are small to moderate in size. There is no single class that dominates the package excessively in terms of lines of code or number of classes. The distribution of responsibilities appears reasonably balanced across multiple classes."
javaparser,com.github.javaparser.javadoc.description.txt,God Component,package,com.github.javaparser.javadoc.description,0,"The package contains only 5 classes with a total of 186 lines of code, which is not excessively large. The largest class, JavadocInlineTag, has 71 lines of code and 9 methods, which is still within reasonable limits. The package does not exhibit signs of excessive complexity or centralization of functionality that would indicate a God Component."
javaparser,com.github.javaparser.javadoc.txt,God Component,package,com.github.javaparser.javadoc,0,"The package contains only 3 classes with a total of 216 lines of code. The largest class, Javadoc, has 113 LOC and 14 methods, which is not excessively large. The package does not exhibit signs of being a God Component as the size and complexity are within reasonable limits."
javaparser,com.github.javaparser.javasymbolsolver.javassist_symbols.excluded_jar.txt,God Component,package,com.github.javaparser.javasymbolsolver.javassist_symbols.excluded_jar,0,"The package contains only 2 classes with 6 lines of code in total. Each class has 3 lines of code and no methods or complex dependencies. The size and complexity are minimal, not indicating a God Component."
javaparser,com.github.javaparser.javasymbolsolver.javassist_symbols.included_jar.txt,God Component,package,com.github.javaparser.javasymbolsolver.javassist_symbols.included_jar,0,"The package contains only 2 classes with 3 lines of code each, totaling 6 lines of code. Both classes have minimal complexity metrics (WMC=0, NOM=0) and no dependencies. The component is not excessively large in terms of lines of code or number of classes."
javaparser,com.github.javaparser.javasymbolsolver.javassist_symbols.main_jar.txt,God Component,package,com.github.javaparser.javasymbolsolver.javassist_symbols.main_jar,0,"The package contains 17 classes with a total of 47 lines of code, which is not excessively large. The classes themselves are small, with most having 3 lines of code and zero complexity metrics (e.g., WMC, fanin, fanout are 0). There is no indication of excessive functionality or complexity concentrated in this component."
javaparser,com.github.javaparser.metamodel.txt,God Component,package,com.github.javaparser.metamodel,1,"The package contains 121 classes and 2549 lines of code, indicating an excessively large component. The class JavaParserMetaModel alone has 119 fields and 973 lines of code, showing centralization of functionality. High number of classes and LOC suggest the package is handling too much responsibility."
javaparser,com.github.javaparser.printer.concretesyntaxmodel.txt,God Component,package,com.github.javaparser.printer.concretesyntaxmodel,0,"The package contains 18 classes with a total of 588 lines of code, which is not excessively large for a cohesive package. The classes appear to be well-organized around concrete syntax model printing functionality, with each class having a specific responsibility (e.g., CsmTextBlock, CsmChar, CsmList, etc.). The package has a reasonable number of dependencies (7 efferent, 3 afferent) and the individual class sizes are modest (most under 100 LOC), indicating good decomposition rather than a single God Component."
javaparser,com.github.javaparser.printer.configuration.imports.txt,God Component,package,com.github.javaparser.printer.configuration.imports,0,"The package contains only 3 classes with a total of 99 lines of code, which is not excessively large. Each class has a manageable size (16-49 LOC) and low complexity (WMC 4-10). The package has minimal dependencies (Ce=1, Ca=1) and the classes within it are focused on specific import ordering strategies, indicating good separation of concerns rather than a single overly complex component."
javaparser,com.github.javaparser.printer.configuration.txt,God Component,package,com.github.javaparser.printer.configuration,0,"The package contains 9 classes with a total of 452 lines of code. The largest class, PrettyPrinterConfiguration, has 170 lines of code and 34 methods, which is significant but not excessively large in the context of its functionality. Other classes are relatively small and focused. The package does not exhibit excessive size in terms of lines of code or number of classes that would indicate a God Component smell."
javaparser,com.github.javaparser.printer.lexicalpreservation.changes.txt,God Component,package,com.github.javaparser.printer.lexicalpreservation.changes,0,"The package contains 6 classes with a total of 170 lines of code. The largest class has 41 lines of code and 9 methods, which is not excessively large. The package does not exhibit characteristics of a God Component as the classes appear to be focused and cohesive, implementing different types of changes (NoChange, PropertyChange, ListAdditionChange, etc.) within a specific domain (lexical preservation changes)."
javaparser,com.github.javaparser.printer.lexicalpreservation.txt,God Component,package,com.github.javaparser.printer.lexicalpreservation,0,"The package contains 36 classes with a total of 3801 lines of code. While the LOC is substantial, it is distributed across many classes, with the largest class (Difference) at 788 LOC and 189 WMC. The complexity is spread out rather than concentrated in a single excessively large component. The package appears to be a cohesive module for lexical preservation in JavaParser, with classes having focused responsibilities."
javaparser,com.github.javaparser.printer.txt,God Component,package,com.github.javaparser.printer,1,"The package contains 13 classes with a total of 3974 lines of code. Two classes, PrettyPrintVisitor (1588 loc, 122 methods) and DefaultPrettyPrinterVisitor (1688 loc, 124 methods), are excessively large in terms of lines of code and number of methods, indicating a concentration of functionality that suggests a God Component smell."
javaparser,com.github.javaparser.quality.txt,God Component,package,com.github.javaparser.quality,0,"The package contains only 1 class (Preconditions) with 40 lines of code, which is not excessively large. The class has 5 methods and relatively low complexity (WMC=6), indicating it's a small, focused utility component rather than a God Component."
javaparser,com.github.javaparser.range.txt,God Component,package,com.github.javaparser.range,0,"The package contains only 2 classes with 10 lines of code in total. Each class has 5 lines of code, 1 method, and no complex metrics indicating excessive size or responsibility. The package and class metrics are minimal, indicating no excessive concentration of functionality."
javaparser,com.github.javaparser.resolution.cache.txt,God Component,package,com.github.javaparser.resolution.cache,0,"The package contains only 2 classes with a total of 106 lines of code. The largest class, CacheStats, has 58 lines of code and 14 methods, while Cache has 48 lines of code and 8 methods. These metrics do not indicate excessive size in terms of lines of code or number of classes."
javaparser,com.github.javaparser.resolution.declarations.txt,God Component,package,com.github.javaparser.resolution.declarations,0,"The package contains 22 classes with a total of 1189 lines of code. While the package has a high number of classes and LOC, the classes appear to be well-organized and focused on specific aspects of declarations (e.g., ResolvedMethodDeclaration, ResolvedTypeDeclaration, ResolvedEnumDeclaration). The responsibilities are distributed across multiple cohesive classes rather than concentrated in a single large component. No single class dominates the package in terms of size or complexity that would indicate a God Component."
javaparser,com.github.javaparser.resolution.logic.txt,God Component,package,com.github.javaparser.resolution.logic,0,"The package contains 7 classes with a total of 1322 lines of code. While the MethodResolutionLogic class is notably large (803 LOC, 31 methods), the overall package distribution appears reasonable for a logic-focused module handling method and constructor resolution complexities. No single class dominates the package excessively in terms of class count or lines of code disproportionately."
javaparser,com.github.javaparser.resolution.model.txt,God Component,package,com.github.javaparser.resolution.model,0,"The package contains only 3 classes with a total of 143 lines of code, which is not excessively large. None of the individual classes exhibit an unusually high number of methods, fields, or lines of code that would indicate they are taking on too many responsibilities. The complexity metrics (WMC, LCOM) for each class are within reasonable ranges, and there is no indication of excessive coupling or centralization of functionality that would characterize a God Component."
javaparser,com.github.javaparser.resolution.model.typesystem.txt,God Component,package,com.github.javaparser.resolution.model.typesystem,0,"The package contains only 3 classes with a total of 258 lines of code, which is not excessively large. The largest class, ReferenceTypeImpl, has 161 lines of code and 45 weighted method count, which while significant, does not indicate a god component pattern. The distribution of responsibilities appears reasonable across the classes, with no single class dominating the functionality or size excessively."
javaparser,com.github.javaparser.resolution.promotion.txt,God Component,package,com.github.javaparser.resolution.promotion,0,"The package contains only 1 class (ConditionalExprHandler) with 3 lines of code, which is not excessively large in terms of either Lines Of Code or number of classes. The component is small and focused."
javaparser,com.github.javaparser.resolution.txt,God Component,package,com.github.javaparser.resolution,0,"The package contains 10 classes with a total of 753 lines of code. While some individual classes like Context (214 LOC) and Navigator (197 LOC) are relatively large, the overall package size and class distribution do not indicate an excessively large component. The package exhibits reasonable modularity with distinct classes serving different purposes in the resolution domain."
javaparser,com.github.javaparser.resolution.types.parametrization.txt,God Component,package,com.github.javaparser.resolution.types.parametrization,0,"The package contains only 4 classes with a total of 152 lines of code, which is not excessively large. The largest class, ResolvedTypeParametersMap, has 84 lines of code and 12 methods, which is manageable. The distribution of responsibilities appears reasonable, with no single class dominating the package in terms of complexity or size."
javaparser,com.github.javaparser.resolution.types.txt,God Component,package,com.github.javaparser.resolution.types,0,"The package contains 12 classes with a total of 1040 lines of code. While the package has a moderate size, the classes are reasonably distributed in terms of responsibilities, with no single class excessively dominating the codebase. The largest class, ResolvedReferenceType, has 377 lines of code and 51 methods, which is substantial but not indicative of a God Component given the context of type resolution logic. The package's complexity is justified by its role in handling various type resolution scenarios."
javaparser,com.github.javaparser.serialization.txt,God Component,package,com.github.javaparser.serialization,0,"The package contains only 6 classes with a total of 290 lines of code. While the JavaParserJsonDeserializer (126 LOC) and JavaParserJsonSerializer (129 LOC) classes are relatively large, they are not excessively so given their responsibilities in handling serialization logic. The inner classes within JavaParserJsonSerializer are small and auxiliary. The overall structure does not indicate an excessive concentration of functionality or size that would classify it as a God Component."
javaparser,com.github.javaparser.storage.txt,God Component,package,com.github.javaparser.storage,0,"The package contains only 1 class with 2 lines of code, which is not excessively large in terms of either Lines Of Code or number of classes. The component is minimal in size and does not exhibit characteristics of a God Component."
javaparser,com.github.javaparser.symbolsolver.cache.txt,God Component,package,com.github.javaparser.symbolsolver.cache,0,"The package contains only 4 classes with a total of 263 lines of code. The largest class, DefaultCacheStats, has 136 lines of code and 19 methods, which is not excessively large. The other classes are significantly smaller, with lines of code ranging from 37 to 46 and methods ranging from 9 to 10. The package does not exhibit excessive size in terms of lines of code or number of classes."
javaparser,com.github.javaparser.symbolsolver.core.resolution.txt,God Component,package,com.github.javaparser.symbolsolver.core.resolution,0,"The package contains only 3 classes with a total of 17 lines of code, which is not excessively large. Each class is also small, with the largest having 11 lines of code and 1 method. The low number of classes and lines of code indicate that the component is not excessively large in terms of size or complexity."
javaparser,com.github.javaparser.symbolsolver.declarations.common.txt,God Component,package,com.github.javaparser.symbolsolver.declarations.common,0,"The package contains only 1 class with 55 lines of code, which is not excessively large. The class MethodDeclarationCommonLogic has moderate complexity with WMC of 13 and 5 methods, indicating it is reasonably sized and focused. There is no evidence of excessive size in terms of LOC or number of classes to qualify as a God Component."
javaparser,com.github.javaparser.symbolsolver.javaparsermodel.contexts.txt,God Component,package,com.github.javaparser.symbolsolver.javaparsermodel.contexts,0,"The package contains 37 classes with a total of 2451 lines of code. While the package has a substantial number of classes and lines of code, the individual classes are generally small and focused, with most classes having low LOC and WMC values. The largest classes (e.g., StatementContext with 178 LOC and 47 WMC, MethodCallExprContext with 312 LOC and 86 WMC) are still within reasonable limits for their functionality. The package appears to be a well-organized collection of context-related classes for the JavaParser symbol solver, each handling specific AST node types, rather than one excessively large component."
javaparser,com.github.javaparser.symbolsolver.javaparsermodel.declarations.txt,God Component,package,com.github.javaparser.symbolsolver.javaparsermodel.declarations,0,"The package contains 24 classes with a total of 2568 lines of code. While the number of classes is relatively high, the lines of code are distributed across multiple cohesive classes dealing with JavaParser declarations. There is no single class or component that excessively dominates the codebase in terms of size or responsibility. The distribution of LOC and responsibilities among specialized classes (e.g., JavaParserFieldDeclaration, JavaParserMethodDeclaration, etc.) indicates modular design rather than a God Component."
javaparser,com.github.javaparser.symbolsolver.javaparsermodel.declarators.txt,God Component,package,com.github.javaparser.symbolsolver.javaparsermodel.declarators,0,"The package contains 6 classes with a total of 82 lines of code, which is not excessively large. The classes are focused on specific declarator types (e.g., ParameterSymbolDeclarator, FieldSymbolDeclarator) and share common dependencies related to symbol solving. The size and complexity are reasonable for the functionality provided."
javaparser,com.github.javaparser.symbolsolver.javaparsermodel.txt,God Component,package,com.github.javaparser.symbolsolver.javaparsermodel,0,"The package contains 8 classes with a total of 1736 lines of code. While the package has a moderate size, none of the individual classes exhibit excessive complexity or size that would indicate a God Component. The largest class, DefaultVisitorAdapter, has 311 lines of code and 103 methods, which is substantial but not excessively large given its role as a visitor adapter handling numerous AST node types. Other classes in the package are significantly smaller and have well-defined responsibilities. The distribution of functionality across multiple cohesive classes suggests a reasonable design rather than a God Component."
javaparser,com.github.javaparser.symbolsolver.javassistmodel.txt,God Component,package,com.github.javaparser.symbolsolver.javassistmodel,0,"The package contains 16 classes with a total of 1556 lines of code. While the package has a moderate number of classes and LOC, the classes themselves are reasonably sized and focused, with no single class dominating the codebase. The distribution of responsibilities appears balanced across multiple cohesive classes, each handling specific aspects of the javassist model. There is no indication of one component being excessively large or handling too many responsibilities."
javaparser,com.github.javaparser.symbolsolver.logic.txt,God Component,package,com.github.javaparser.symbolsolver.logic,0,"The package contains only 3 classes with a total of 101 lines of code, which is not excessively large. The classes themselves are also reasonably sized, with the largest class having 54 lines of code and 25 nested classes, which does not indicate an excessive concentration of functionality. The package has a balanced number of dependencies (6 efferent and 6 afferent couplings), suggesting it is not overly coupled or central to the system."
javaparser,com.github.javaparser.symbolsolver.reflectionmodel.comparators.txt,God Component,package,com.github.javaparser.symbolsolver.reflectionmodel.comparators,0,"The package contains only 3 classes with a total of 49 lines of code. Each class is small (12-19 LOC) and has a single method, indicating focused responsibilities. The overall size and complexity are not excessive for a specialized utility package handling comparator logic."
javaparser,com.github.javaparser.symbolsolver.reflectionmodel.txt,God Component,package,com.github.javaparser.symbolsolver.reflectionmodel,0,"The package contains 16 classes with a total of 1848 lines of code. While the package has a moderate number of classes and LOC, the complexity is distributed across multiple cohesive components dealing with reflection-based symbol resolution. No single class dominates the package in terms of size or responsibility, and the classes appear to have well-defined roles related to reflection modeling. The package does not exhibit excessive size or complexity that would indicate a God Component."
javaparser,com.github.javaparser.symbolsolver.resolution.naming.txt,God Component,package,com.github.javaparser.symbolsolver.resolution.naming,1,"The package contains a single class 'NameLogic' with 599 LOC and 22 methods, which dominates the package's total of 629 LOC. The class has a high WMC of 184, indicating high complexity. The other classes in the package are minimal in size and functionality, suggesting a lack of balanced distribution of responsibilities. This centralization of logic and size indicates the presence of a God Component."
javaparser,com.github.javaparser.symbolsolver.resolution.promotion.txt,God Component,package,com.github.javaparser.symbolsolver.resolution.promotion,0,"The package contains only 4 classes with a total of 101 lines of code. The largest class, NumericConditionalExprHandler, has 58 lines of code and a WMC of 15, which is not excessively large. The overall size and complexity of the package and its classes are within reasonable limits, indicating no God Component smell."
javaparser,com.github.javaparser.symbolsolver.resolution.txt,God Component,package,com.github.javaparser.symbolsolver.resolution,0,"The package contains only 1 class (SymbolSolver) with 106 lines of code, which is not excessively large. The class has 14 methods with a WMC of 26, indicating moderate complexity. Although it has high efferent coupling (20) and depends on many external classes, the size and number of classes do not meet the criteria for a God Component."
javaparser,com.github.javaparser.symbolsolver.resolution.typeinference.bounds.txt,God Component,package,com.github.javaparser.symbolsolver.resolution.typeinference.bounds,0,"The package contains only 5 classes with a total of 210 lines of code, which is not excessively large. Each class has a manageable size (ranging from 21 to 60 LOC) and the overall complexity is distributed reasonably across the components. There is no indication that a single component is dominating the system or taking on responsibilities beyond its scope."
javaparser,com.github.javaparser.symbolsolver.resolution.typeinference.constraintformulas.txt,God Component,package,com.github.javaparser.symbolsolver.resolution.typeinference.constraintformulas,0,"The package contains 7 classes with a total of 433 lines of code. While the class ExpressionCompatibleWithType is notably larger (165 LOC, WMC of 45), the overall package size and class count are not excessively large. The distribution of responsibilities appears reasonable for a specialized domain like type inference constraint formulas, and no single class dominates the package to an excessive degree."
javaparser,com.github.javaparser.symbolsolver.resolution.typeinference.txt,God Component,package,com.github.javaparser.symbolsolver.resolution.typeinference,0,"The package contains 21 classes with a total of 2021 lines of code. While the package has a considerable number of classes and LOC, the classes appear to be tightly focused on type inference functionality within the JavaParser project. The responsibilities are well-distributed among specialized classes (e.g., BoundSet, TypeInference, ConstraintFormulaSet, InferenceVariable), each handling distinct aspects of type inference. There is no single class that dominates the codebase in terms of size or complexity, and the overall structure suggests a cohesive subsystem rather than a God Component."
javaparser,com.github.javaparser.symbolsolver.resolution.typesolvers.txt,God Component,package,com.github.javaparser.symbolsolver.resolution.typesolvers,0,"The package contains 9 classes with a total of 1135 lines of code. While the LOC is moderately high, it is distributed across multiple cohesive classes, each handling distinct responsibilities related to type solving. No single class dominates the codebase in terms of size or complexity, and the classes appear to follow a reasonable separation of concerns for a specialized module."
javaparser,com.github.javaparser.symbolsolver.txt,God Component,package,com.github.javaparser.symbolsolver,0,"The package contains only 3 classes with a total of 480 lines of code. The largest class, JavaSymbolSolver, has 324 lines of code and 15 methods, which is not excessively large in the context of its functionality as a symbol solver. The package has a reasonable number of classes and lines of code, and does not exhibit the characteristics of a God Component."
javaparser,com.github.javaparser.symbolsolver.utils.txt,God Component,package,com.github.javaparser.symbolsolver.utils,0,"The package contains only 4 classes with a total of 165 lines of code. The largest class, SymbolSolverCollectionStrategy, has 71 lines of code and a WMC of 22, which is not excessively large. The other classes are significantly smaller, with lines of code ranging from 11 to 45. There is no indication that any single class or the package as a whole is excessively large in terms of lines of code or number of classes."
javaparser,com.github.javaparser.testpackage.txt,God Component,package,com.github.javaparser.testpackage,0,"The package contains only 1 class with 6 lines of code, which is not excessively large. The single class TestClass has only 2 methods and 6 lines of code, indicating a very small and focused component that does not exhibit god component characteristics."
javaparser,com.github.javaparser.txt,God Component,package,com.github.javaparser,1,"The package contains an excessively large class, GeneratedJavaParser, with 10,520 lines of code and 789 methods, making it a God Component. Additionally, the package itself contains 54 classes with a total of 18,663 lines of code, indicating a high level of complexity and responsibility concentrated in a single package."
javaparser,com.github.javaparser.utils.txt,God Component,package,com.github.javaparser.utils,1,"The package contains 34 classes with a total of 2501 lines of code, indicating excessive size. Key classes like SourceRoot (453 LOC, 40 methods), StringEscapeUtils (257 LOC, 10 fields), and Utils (230 LOC, 26 methods) are significantly large. The package also exhibits high afferent coupling (Ca=35), suggesting it is heavily depended upon, which combined with its size and complexity, indicates it has too much responsibility and acts as a God Component."
javaparser,com.github.javaparser.wiki_samples.txt,God Component,package,com.github.javaparser.wiki_samples,0,"The package contains only 1 class with 10 lines of code, which is not excessively large. The class TestFile has only 3 methods and 10 lines of code, indicating a very small and simple component that does not exhibit god component characteristics."
javaparser,com.packageName.txt,God Component,package,com.packageName,0,"The package contains only 4 classes with a total of 35 lines of code, which is not excessively large. No single class dominates the package in terms of size or complexity, and the overall structure appears simple and well-organized."
javaparser,d.e.f.txt,God Component,package,d.e.f,0,"The package contains only 2 classes with a total of 10 lines of code, and each class has minimal complexity (1 method, 5 lines of code). There are no dependencies or fan-in/fan-out relationships indicating excessive responsibility or size."
javaparser,demo.txt,God Component,package,demo,0,"The package 'demo' contains only 6 classes and 111 lines of code, which is not excessively large. The classes within the package also have low complexity and size, with the largest class having 31 lines of code and a WMC of 4. There is no indication of excessive responsibility or centralization of functionality that would suggest a God Component."
javaparser,extends_duplicate.txt,God Component,package,extends_duplicate,0,"The package contains only 3 classes with a total of 8 lines of code, and each class has minimal size (2-4 LOC) and complexity (WMC=0), indicating the component is not excessively large in terms of lines of code or number of classes."
javaparser,foo.bar.differentpackage.txt,God Component,package,foo.bar.differentpackage,0,"The package contains only 2 classes with 8 lines of code in total. The classes are small, each having only 4 lines of code and no methods or complex metrics. There is no indication of excessive size or complexity that would suggest a God Component."
javaparser,foo.bar.txt,God Component,package,foo.bar,0,"The package contains only 6 classes with a total of 20 lines of code, which is not excessively large. None of the individual classes exhibit a high number of fields, methods, or lines of code that would indicate they are taking on too many responsibilities. The dependencies between classes are minimal, and there is no indication of excessive complexity or centralization of functionality."
javaparser,foo.txt,God Component,package,foo,0,"The package 'foo' contains 15 classes with a total of 71 lines of code, which is not excessively large. The classes within the package are also small, with most having fewer than 10 lines of code and low complexity (WMC <= 2). There is no single class or component that dominates the codebase in terms of size or responsibility."
javaparser,groovy.transform.builder.txt,God Component,package,groovy.transform.builder,0,"The package contains only 1 class with 117 lines of code, which is not excessively large. The single class DefaultStrategy has 15 methods and 26 WMC, indicating moderate complexity but not excessive size that would classify it as a God Component."
javaparser,implements_duplicate.txt,God Component,package,implements_duplicate,0,"The package contains only 3 classes with a total of 8 lines of code, and each class has minimal size (2-4 LOC) and complexity (WMC=0), indicating no excessive concentration of functionality or code."
javaparser,issue1945.implementations.txt,God Component,package,issue1945.implementations,0,"The package contains only 3 classes with a total of 17 lines of code, which is not excessively large. None of the individual classes exhibit high complexity or excessive size that would indicate a God Component."
javaparser,issue1945.interfaces.txt,God Component,package,issue1945.interfaces,0,"The package contains only 3 classes with a total of 20 lines of code. Each class is small, with the largest having 14 lines of code and 2 methods. There is no indication of excessive size in terms of lines of code or number of classes."
javaparser,issue1945.main.txt,God Component,package,issue1945.main,0,"The package contains only 1 class with 28 lines of code, which is not excessively large in terms of LOC. The single class MainIssue1945 also has reasonable size with 28 LOC and 6 methods, indicating it does not exhibit god component characteristics."
javaparser,issue241.txt,God Component,package,issue241,0,"The package contains only 2 classes with a total of 6 lines of code, and each class has minimal complexity and no dependencies, indicating it is not excessively large in terms of lines of code or number of classes."
javaparser,japa.bdd.samples.txt,God Component,package,japa.bdd.samples,1,"The package 'japa.bdd.samples' contains a single dominant class 'JavaConcepts' with 299 LOC and 9 methods, alongside multiple small nested or inner classes. The total package LOC is 430 with 12 classes, indicating a concentration of functionality within one primary class and suggesting a lack of proper decomposition. The primary class 'JavaConcepts' also exhibits high complexity (WMC=23) and significant internal structure (LCOM=0.888), further supporting the presence of a God Component."
javaparser,japa.parser.comments.txt,God Component,package,japa.parser.comments,0,"The package contains only 1 class with 7 lines of code, which is not excessively large in terms of LOC or number of classes. The single class ClassWithOrphanComments also has minimal complexity with only 1 method and 7 lines of code, indicating it is a small, focused component rather than a god component."
javaparser,javaparser.txt,God Component,package,javaparser,0,"The package contains only 5 classes with a total of 57 lines of code, which is not excessively large. The largest class, GenericClass, has 31 lines of code and 8 methods, which is still within reasonable limits. There are no indicators of excessive complexity or responsibility concentration that would suggest a God Component."
javaparser,main.txt,God Component,package,main,0,"The package 'main' contains 26 classes and 98 lines of code, which are not excessively large. The classes listed have very low complexity (WMC mostly 0 or 1), minimal lines of code per class (mostly under 10 LOC), and no significant structural indicators of a God Component. There is no single class or component that dominates the codebase in terms of size or responsibility."
javaparser,org.tensorflow.op.txt,God Component,package,org.tensorflow.op,1,"The package 'org.tensorflow.op' contains only 4 classes but has a very high LOC count of 12688. One of the classes, 'Ops', is particularly large with 3172 LOC, 313 methods, and 17 fields. The high number of methods and fields in a single class, combined with the overall package size, indicates a God Component smell."
javaparser,package_a.txt,God Component,package,package_a,0,"The package contains only 1 class with 2 lines of code, which is not excessively large in terms of Lines Of Code or number of classes. The component is minimal and does not exhibit the characteristics of a God Component."
javaparser,package_b.txt,God Component,package,package_b,0,"The package contains only 1 class with 2 lines of code, which is not excessively large in terms of either Lines Of Code or number of classes. The class itself has minimal complexity with 0 methods, 0 fields, and 2 lines of code, indicating it is a very small and simple component."
javaparser,package_c.txt,God Component,package,package_c,0,"The package contains only 1 class with 2 lines of code, which is not excessively large in terms of either Lines Of Code or number of classes. The class itself has minimal complexity with 0 methods, 0 fields, and 2 lines of code, indicating it is not a God Component."
jimfs,com.google.common.jimfs.txt,God Component,package,com.google.common.jimfs,0,"The package contains 92 classes with a total of 8457 lines of code. While the package is large, the classes are well-distributed in terms of responsibilities, and no single class dominates the codebase in terms of lines of code or complexity. The largest classes, such as FileSystemView (546 loc, WMC 84) and RegularFile (467 loc, WMC 81), are still within reasonable bounds for their functional scope. The overall structure suggests a well-organized library rather than a God Component."
jitwatch,(default package).txt,God Component,package,(default package),1,"The package contains 104 classes and has a total of 42,742 lines of code. One class, CodeCacheBuster, is excessively large with 20,010 lines of code and 5,001 methods, contributing significantly to the overall size and complexity of the component. This concentration of functionality in a single class, along with the overall package size, indicates a God Component smell."
jitwatch,org.adoptopenjdk.jitwatch.chain.txt,God Component,package,org.adoptopenjdk.jitwatch.chain,0,"The package contains only 2 classes with a combined LOC of 228, which is not excessively large. The class sizes (111 and 117 LOC) and method counts (19 and 5 respectively) are moderate. There is no indication of excessive complexity or responsibility concentration that would suggest a God Component."
jitwatch,org.adoptopenjdk.jitwatch.compilation.codecache.txt,God Component,package,org.adoptopenjdk.jitwatch.compilation.codecache,0,"The package contains only 2 classes with a total of 88 lines of code, which is not excessively large. Neither of the classes shows indicators of being overly complex or handling too many responsibilities. The CodeCacheEventWalker has 4 methods and 44 lines of code, and CodeCacheWalkerResult also has 8 methods and 44 lines of code. The package and class sizes are within reasonable limits, and there is no evidence of excessive centralization of functionality or responsibilities."
jitwatch,org.adoptopenjdk.jitwatch.compilation.txt,God Component,package,org.adoptopenjdk.jitwatch.compilation,0,"The package contains only 4 classes with a total of 246 lines of code. The largest class, CompilationUtil, has 224 lines of code and a WMC of 54, which is relatively high but not excessively so given its utility role. The distribution of responsibilities appears reasonable across the classes, and there is no indication of excessive centralization of logic or responsibilities in a single component."
jitwatch,org.adoptopenjdk.jitwatch.core.txt,God Component,package,org.adoptopenjdk.jitwatch.core,1,"The package contains a single class JITWatchConfig with 568 LOC and 86 methods, which is excessively large. Additionally, the package has a high number of classes (9) and total LOC (1071), indicating it may be taking on too many responsibilities."
jitwatch,org.adoptopenjdk.jitwatch.demo.txt,God Component,package,org.adoptopenjdk.jitwatch.demo,0,"The package contains only 1 class (MakeHotSpotLog) with 331 lines of code and 39 methods. While the class has a substantial size, it is not excessively large in terms of lines of code or number of classes to qualify as a God Component. The package-level metrics show reasonable complexity without indicating the extreme size that would characterize a God Component."
jitwatch,org.adoptopenjdk.jitwatch.histo.txt,God Component,package,org.adoptopenjdk.jitwatch.histo,0,"The package contains 7 classes with a total of 239 lines of code, which is not excessively large. The largest class, InlineSizeHistoVisitable, has 94 LOC and a WMC of 17, which is manageable. The distribution of responsibilities appears reasonable across the classes, with no single class dominating the functionality or LOC count excessively."
jitwatch,org.adoptopenjdk.jitwatch.hotthrow.txt,God Component,package,org.adoptopenjdk.jitwatch.hotthrow,0,"The package contains only 2 classes with a total of 169 lines of code, which is not excessively large. The class HotThrowFinder has 118 lines of code and 20 WMC, and HotThrowResult has 51 lines of code and 18 WMC. The package has a reasonable number of classes and lines of code, and does not exhibit characteristics of a God Component."
jitwatch,org.adoptopenjdk.jitwatch.inline.txt,God Component,package,org.adoptopenjdk.jitwatch.inline,0,"The package contains only 3 classes with a total of 251 lines of code, which is not excessively large. The largest class, HeadlessInlineVisitor, has 144 lines of code and a WMC of 9, which is moderate. There is no indication of excessive complexity or size that would classify this as a God Component."
jitwatch,org.adoptopenjdk.jitwatch.intrinsic.txt,God Component,package,org.adoptopenjdk.jitwatch.intrinsic,0,"The package contains only 1 class with 89 lines of code, which is not excessively large. The class IntrinsicFinder has 3 methods and a WMC of 14, indicating moderate complexity. The package and class metrics do not suggest an excessively large component that would qualify as a God Component."
jitwatch,org.adoptopenjdk.jitwatch.jarscan.allocationcount.txt,God Component,package,org.adoptopenjdk.jitwatch.jarscan.allocationcount,0,"The package contains only 3 classes with a total of 93 lines of code, which is not excessively large. The classes have manageable size and complexity (e.g., loc ranges from 20 to 37, wmc from 4 to 9), and there is no indication of excessive responsibilities or centralization of functionality that would characterize a God Component."
jitwatch,org.adoptopenjdk.jitwatch.jarscan.freqinlinesize.txt,God Component,package,org.adoptopenjdk.jitwatch.jarscan.freqinlinesize,0,"The package contains only 1 class (FreqInlineSizeOperation) with 57 lines of code, which is not excessively large. The class has a reasonable number of methods (4) and fields (2), and the complexity metrics (WMC=9, LCOM=0.5) indicate a well-structured, focused component without excessive responsibilities."
jitwatch,org.adoptopenjdk.jitwatch.jarscan.instructioncount.txt,God Component,package,org.adoptopenjdk.jitwatch.jarscan.instructioncount,0,"The package contains only 1 class with 48 lines of code, which is not excessively large. The class InstructionCountOperation has reasonable metrics with 5 methods and 9 WMC, indicating it is a small, focused component rather than a God Component."
jitwatch,org.adoptopenjdk.jitwatch.jarscan.invokecount.txt,God Component,package,org.adoptopenjdk.jitwatch.jarscan.invokecount,0,"The package contains only 3 classes with a total of 83 lines of code, which is not excessively large. None of the individual classes exhibit a high number of methods, fields, or complexity that would indicate a God Component. The distribution of responsibilities appears reasonably balanced across the classes."
jitwatch,org.adoptopenjdk.jitwatch.jarscan.methodlength.txt,God Component,package,org.adoptopenjdk.jitwatch.jarscan.methodlength,0,"The package contains only 1 class with 57 lines of code, which is not excessively large. The class MethodLengthOperation has reasonable size (57 loc) and complexity (WMC=9), indicating it is focused on a specific responsibility related to method length operations."
jitwatch,org.adoptopenjdk.jitwatch.jarscan.methodsizehisto.txt,God Component,package,org.adoptopenjdk.jitwatch.jarscan.methodsizehisto,0,"The package contains only 1 class with 41 lines of code, which is not excessively large. The class has a manageable number of methods (4) and fields (1), and the overall complexity (WMC=8) is low. There is no indication of excessive responsibilities or disproportionate size that would classify this as a God Component."
jitwatch,org.adoptopenjdk.jitwatch.jarscan.nextinstruction.txt,God Component,package,org.adoptopenjdk.jitwatch.jarscan.nextinstruction,0,"The package contains only 3 classes with a total of 84 lines of code, which is not excessively large. The class sizes are also modest, with the largest class (NextInstructionOperation) having 55 lines of code and 5 methods. There is no indication of excessive complexity or centralization of functionality that would suggest a God Component."
jitwatch,org.adoptopenjdk.jitwatch.jarscan.sequencecount.txt,God Component,package,org.adoptopenjdk.jitwatch.jarscan.sequencecount,0,"The package contains only 2 classes with a total of 131 lines of code. The largest class, SequenceCountOperation, has 105 lines of code and 10 methods, which is not excessively large. The overall size and complexity of the package and its classes are within reasonable limits."
jitwatch,org.adoptopenjdk.jitwatch.jarscan.sequencesearch.txt,God Component,package,org.adoptopenjdk.jitwatch.jarscan.sequencesearch,0,"The package contains only 2 classes with a total of 164 lines of code. Neither the number of classes nor the lines of code indicate an excessively large component. The complexity metrics (WMC, LCOM) also do not suggest excessive complexity or size."
jitwatch,org.adoptopenjdk.jitwatch.jarscan.txt,God Component,package,org.adoptopenjdk.jitwatch.jarscan,0,"The package contains only 2 classes with a total of 307 lines of code. The main class JarScan has 303 lines and 14 methods, which is not excessively large. The package has 11 efferent couplings, indicating some dependencies but not an excessive amount. There is no indication of the class or package being excessively large in terms of lines of code or number of classes."
jitwatch,org.adoptopenjdk.jitwatch.jarscan.visualiser.txt,God Component,package,org.adoptopenjdk.jitwatch.jarscan.visualiser,0,"The package contains only 1 class (HistoPlotter) with 154 lines of code, which is not excessively large. The class has 12 methods and a WMC of 24, indicating moderate complexity. The package has low coupling (Ce=1, Ca=0) and does not exhibit characteristics of a God Component."
jitwatch,org.adoptopenjdk.jitwatch.jvmlang.txt,God Component,package,org.adoptopenjdk.jitwatch.jvmlang,0,"The package contains only one class (LanguageManager) with 123 lines of code and 8 methods. Although the class has a high WMC (43), indicating high complexity, the size in terms of lines of code and number of classes is not excessively large for the package to be considered a God Component."
jitwatch,org.adoptopenjdk.jitwatch.launch.txt,God Component,package,org.adoptopenjdk.jitwatch.launch,0,"The package contains only 2 classes with a total of 159 lines of code, which is not excessively large. The class LaunchHeadless has 152 lines of code and 30 weighted method complexity, which while substantial, does not indicate a God Component given the context of the system and its responsibilities. The dependencies are numerous but align with the launch functionality, suggesting appropriate coupling rather than excessive complexity or size."
jitwatch,org.adoptopenjdk.jitwatch.loader.txt,God Component,package,org.adoptopenjdk.jitwatch.loader,1,"The package contains a single class, BytecodeLoader, which is excessively large with 541 lines of code and 25 methods. This class also has a high weighted method count (WMC) of 119, indicating high complexity. The package as a whole has only 4 classes but the dominant size and complexity of BytecodeLoader suggests it carries excessive responsibility, which are key indicators of a God Component."
jitwatch,org.adoptopenjdk.jitwatch.logger.txt,God Component,package,org.adoptopenjdk.jitwatch.logger,0,"The package contains only 3 classes with a total of 18 lines of code, and each class is small (4-8 LOC). There is no excessive size in terms of lines of code or number of classes to indicate a God Component."
jitwatch,org.adoptopenjdk.jitwatch.model.assembly.arm.txt,God Component,package,org.adoptopenjdk.jitwatch.model.assembly.arm,0,"The package contains only 6 classes with a total of 328 lines of code. The largest class, AssemblyParserARM, has 214 lines of code and 56 WMC, which is not excessively large in the context of the entire package. The distribution of responsibilities appears reasonable for a specialized assembly parsing module."
jitwatch,org.adoptopenjdk.jitwatch.model.assembly.txt,God Component,package,org.adoptopenjdk.jitwatch.model.assembly,0,"The package contains 11 classes with a total of 1047 lines of code. While some individual classes like AssemblyReference (216 LOC) and AssemblyInstruction (178 LOC) are relatively large, the overall distribution of responsibilities appears reasonable given the domain complexity. No single class dominates the package in terms of functionality or LOC, and the classes seem to represent distinct concepts within the assembly model."
jitwatch,org.adoptopenjdk.jitwatch.model.assembly.x86.txt,God Component,package,org.adoptopenjdk.jitwatch.model.assembly.x86,0,"The package contains only 3 classes with a total of 215 lines of code, which is not excessively large. The largest class, AssemblyParserX86, has 160 lines of code and 37 weighted method count, which while significant, does not indicate an excessively large component. The distribution of responsibilities appears reasonable across the classes, and there is no indication of excessive centralization of functionality or dependencies that would suggest a God Component."
jitwatch,org.adoptopenjdk.jitwatch.model.bytecode.txt,God Component,package,org.adoptopenjdk.jitwatch.model.bytecode,0,"The package contains 22 classes with a total of 1547 lines of code. While the BytecodeAnnotationBuilder class is relatively large (474 LOC and WMC of 97), the overall distribution of responsibilities across multiple cohesive classes suggests that no single component is excessively large or承担过多职责. The package's structure indicates a well-organized domain model for bytecode handling rather than a god component."
jitwatch,org.adoptopenjdk.jitwatch.model.txt,God Component,package,org.adoptopenjdk.jitwatch.model,0,"The package contains 29 classes with a total of 2474 lines of code. While the package is sizable, the classes are functionally cohesive and model-related, suggesting a well-defined domain. No single class dominates the codebase in terms of size or responsibility. The distribution of lines of code and responsibilities across multiple classes indicates that the package is not a God Component."
jitwatch,org.adoptopenjdk.jitwatch.parser.hotspot.txt,God Component,package,org.adoptopenjdk.jitwatch.parser.hotspot,0,"The package contains only one class (HotSpotLogParser) with 253 lines of code. Although the class has a high WMC (70) and a significant number of methods (19), the size in terms of LOC and number of classes is not excessively large for the entire package to be considered a God Component."
jitwatch,org.adoptopenjdk.jitwatch.parser.j9.txt,God Component,package,org.adoptopenjdk.jitwatch.parser.j9,0,"The package contains only 3 classes with a total of 249 lines of code, which is not excessively large. The largest class, J9Line, has 143 LOC and 19 methods, but this is still within reasonable limits for a single class. There is no indication that any single component is taking on too many responsibilities or is disproportionately large compared to the rest of the system."
jitwatch,org.adoptopenjdk.jitwatch.parser.txt,God Component,package,org.adoptopenjdk.jitwatch.parser,0,"The package contains only 5 classes with a total of 424 lines of code. The largest class, AbstractLogParser, has 374 lines of code and 35 methods, which is substantial but not excessively large in the context of a parsing component. The package does not exhibit excessive size in terms of class count or lines of code that would indicate a God Component."
jitwatch,org.adoptopenjdk.jitwatch.parser.zing.txt,God Component,package,org.adoptopenjdk.jitwatch.parser.zing,0,"The package contains only 3 classes with a total of 378 lines of code. The largest class, ZingLogParser, has 230 lines of code and 12 methods, while ZingLine has 147 lines of code and 34 methods. These metrics do not indicate excessive size or complexity that would classify this as a God Component."
jitwatch,org.adoptopenjdk.jitwatch.process.compiler.txt,God Component,package,org.adoptopenjdk.jitwatch.process.compiler,0,"The package contains 7 classes with a total of 195 lines of code, which is not excessively large. The classes are focused on specific compiler implementations (e.g., CompilerJava, CompilerScala) and implement a common interface (ICompiler), indicating a well-organized design rather than a single monolithic component."
jitwatch,org.adoptopenjdk.jitwatch.process.javap.txt,God Component,package,org.adoptopenjdk.jitwatch.process.javap,0,"The package contains only 2 classes with a combined LOC of 140, which is not excessively large. The classes JavapProcess (46 LOC) and ReflectionJavap (94 LOC) have manageable sizes and complexity (WMC of 9 and 12 respectively), and there is no indication of excessive responsibilities or dependencies that would classify this as a God Component."
jitwatch,org.adoptopenjdk.jitwatch.process.runtime.txt,God Component,package,org.adoptopenjdk.jitwatch.process.runtime,0,"The package contains only 7 classes with a total of 229 lines of code. Each class is relatively small, with the largest being RuntimeJava at 48 LOC and others ranging from 5 to 45 LOC. The complexity metrics (WMC, DIT, LCOM) are low to moderate, indicating no single class dominates the design. There's no evidence of excessive size or responsibility concentration that would indicate a God Component."
jitwatch,org.adoptopenjdk.jitwatch.process.txt,God Component,package,org.adoptopenjdk.jitwatch.process,0,"The package contains only 2 classes with a total of 99 lines of code. The largest class, AbstractProcess, has 95 lines of code and 9 methods, which is not excessively large. The package does not exhibit characteristics of a God Component as it has a manageable size and complexity."
jitwatch,org.adoptopenjdk.jitwatch.report.comparator.txt,God Component,package,org.adoptopenjdk.jitwatch.report.comparator,0,"The package contains only 2 classes with 5 LOC each, which is not excessively large in terms of lines of code or number of classes. The overall package size is small and does not indicate a God Component."
jitwatch,org.adoptopenjdk.jitwatch.report.escapeanalysis.eliminatedallocation.txt,God Component,package,org.adoptopenjdk.jitwatch.report.escapeanalysis.eliminatedallocation,0,"The package contains only 1 class with 8 lines of code, and the class itself has only 2 methods and 8 lines of code. The size metrics (LOC, number of classes, number of methods) are all very small, indicating the component is not excessively large."
jitwatch,org.adoptopenjdk.jitwatch.report.escapeanalysis.txt,God Component,package,org.adoptopenjdk.jitwatch.report.escapeanalysis,0,"The package contains only one class (AbstractEscapeAnalysisWalker) with 65 lines of code, which is not excessively large. The class has moderate complexity (WMC=14, NOM=6) and does not exhibit signs of taking on too many responsibilities. The package-level metrics also indicate a small and focused component."
jitwatch,org.adoptopenjdk.jitwatch.report.inlining.txt,God Component,package,org.adoptopenjdk.jitwatch.report.inlining,0,"The package contains only 1 class (InliningWalker) with 52 lines of code, which is not excessively large. The class has moderate complexity (WMC=14, NOM=5) and the package does not exhibit signs of accumulating too many responsibilities or classes."
jitwatch,org.adoptopenjdk.jitwatch.report.locks.txt,God Component,package,org.adoptopenjdk.jitwatch.report.locks,0,"The package contains only 1 class with 8 lines of code, and the class itself has only 2 methods and 8 lines of code. The size is not excessive either in terms of number of classes or lines of code."
jitwatch,org.adoptopenjdk.jitwatch.report.suggestion.txt,God Component,package,org.adoptopenjdk.jitwatch.report.suggestion,0,"The package contains only one class (SuggestionWalker) with 310 lines of code and 10 methods. While the class has a moderate size, it does not exhibit excessive complexity or responsibilities that would indicate a God Component. The number of dependencies is reasonable, and there is no evidence of the class being overly large in the context of its functionality."
jitwatch,org.adoptopenjdk.jitwatch.report.txt,God Component,package,org.adoptopenjdk.jitwatch.report,0,"The package contains only 3 classes with a total of 99 lines of code, which is not excessively large. The largest class, Report, has 80 lines of code and 12 methods, which also does not indicate an excessively large component. There is no evidence of the package being responsible for too many functionalities or having excessive complexity that would characterize a God Component."
jitwatch,org.adoptopenjdk.jitwatch.sandbox.txt,God Component,package,org.adoptopenjdk.jitwatch.sandbox,0,"The package contains only one class (Sandbox) with 258 lines of code. While the class has a high number of methods (11) and functions (13), and a high WMC (52), indicating complexity, the size and scope do not indicate it is excessively large in the context of the entire package. The package itself is not excessively large in terms of LOC or number of classes."
jitwatch,org.adoptopenjdk.jitwatch.toplist.txt,God Component,package,org.adoptopenjdk.jitwatch.toplist,0,"The package contains 12 classes with a total of 277 lines of code, which is not excessively large. The classes are focused on specific functionalities related to top list visitables and scores, and there is no single class or component that dominates the codebase in terms of size or responsibility."
jitwatch,org.adoptopenjdk.jitwatch.treevisitor.txt,God Component,package,org.adoptopenjdk.jitwatch.treevisitor,0,"The package contains only 2 classes with a total of 27 lines of code, and the largest class (TreeVisitor) has 23 lines of code and 3 methods. The metrics indicate a very small and focused component, which does not meet the criteria for a God Component."
jitwatch,org.adoptopenjdk.jitwatch.ui.browser.txt,God Component,package,org.adoptopenjdk.jitwatch.ui.browser,0,"The package contains only 1 class (BrowserStage) with 19 lines of code, which is not excessively large in terms of either Lines Of Code or number of classes. The component size is reasonable and does not exhibit characteristics of a God Component."
jitwatch,org.adoptopenjdk.jitwatch.ui.compilationchooser.txt,God Component,package,org.adoptopenjdk.jitwatch.ui.compilationchooser,0,"The package contains only 1 class with 48 lines of code, which is not excessively large. The class has a manageable number of methods (6) and functions (4), indicating it has a focused responsibility. There are no indicators of excessive complexity or disproportionate functionality that would suggest this is a God Component."
jitwatch,org.adoptopenjdk.jitwatch.ui.compilechain.txt,God Component,package,org.adoptopenjdk.jitwatch.ui.compilechain,0,"The package contains only 2 classes with a total of 228 lines of code. The primary class 'CompileChainStage' has 224 lines of code and 13 methods, which is not excessively large in the context of UI components that often encapsulate significant functionality. The class count and lines of code are proportionate to the responsibilities handled, including UI rendering, event handling, and integration with other components. There is no indication of excessive centralization of logic or responsibilities that would characterize a God Component."
jitwatch,org.adoptopenjdk.jitwatch.ui.filechooser.txt,God Component,package,org.adoptopenjdk.jitwatch.ui.filechooser,0,"The package contains only 2 classes with a total of 146 lines of code. The largest class, FileChooserList, has 123 lines of code and 9 methods, which is not excessively large. The overall size and complexity of the package do not indicate a God Component."
jitwatch,org.adoptopenjdk.jitwatch.ui.graphing.txt,God Component,package,org.adoptopenjdk.jitwatch.ui.graphing,0,"The package contains only 4 classes with a total of 590 lines of code, which is not excessively large. The largest class, AbstractGraphStage, has 199 lines of code and 19 methods, which is also not excessively large. The package has a reasonable number of dependencies (5) and is not overly complex in terms of class interactions or method counts."
jitwatch,org.adoptopenjdk.jitwatch.ui.main.txt,God Component,package,org.adoptopenjdk.jitwatch.ui.main,1,"The package contains 12 classes with a total of 1706 lines of code. The class JITWatchUI is excessively large with 983 lines of code, 74 fields, and 79 methods, indicating it centralizes too much functionality. The package also exhibits high afferent (17) and efferent (28) coupling, suggesting it acts as a hub managing numerous dependencies, which aligns with the characteristics of a God Component."
jitwatch,org.adoptopenjdk.jitwatch.ui.nmethod.codecache.txt,God Component,package,org.adoptopenjdk.jitwatch.ui.nmethod.codecache,0,"The package contains only one class (CodeCacheLayoutStage) with 291 lines of code. While the class has a relatively high number of fields (20) and methods (18), and a moderate WMC (46), its size and complexity are not excessive enough to qualify as a God Component given the context of a single-class package responsible for UI-related functionality."
jitwatch,org.adoptopenjdk.jitwatch.ui.nmethod.compilerthread.txt,God Component,package,org.adoptopenjdk.jitwatch.ui.nmethod.compilerthread,1,"The package contains a single dominant class 'CompilerThreadStage' with 467 LOC out of the total package LOC of 487, indicating excessive concentration of functionality. The class has a high number of fields (17), methods (28), and a complex WMC of 77, suggesting it handles too many responsibilities. The package has only 3 classes, but one class overwhelmingly dominates in size and complexity, which aligns with the God Component smell."
jitwatch,org.adoptopenjdk.jitwatch.ui.nmethod.txt,God Component,package,org.adoptopenjdk.jitwatch.ui.nmethod,0,"The package contains only 2 classes with a combined LOC of 259, which is not excessively large. Neither of the classes shows indicators of being overly complex or handling too many responsibilities. The metrics such as WMC, NOM, and NOF for each class are within reasonable limits, and there is no evidence of the package being a central point of control or dependency within the system."
jitwatch,org.adoptopenjdk.jitwatch.ui.parserchooser.txt,God Component,package,org.adoptopenjdk.jitwatch.ui.parserchooser,0,"The package contains only 2 classes with a total of 26 lines of code. The largest class, ParserChooser, has 23 lines of code and 4 methods, which is not excessively large. The component does not exhibit signs of being a God Component based on its size and complexity."
jitwatch,org.adoptopenjdk.jitwatch.ui.report.cell.txt,God Component,package,org.adoptopenjdk.jitwatch.ui.report.cell,0,"The package contains only 5 classes with a total of 124 lines of code, which is not excessively large. The largest class, MemberTableCell, has 48 lines of code and 6 fields, which is also not indicative of a God Component. There is no evidence of excessive complexity or centralization of functionality that would suggest this package is a God Component."
jitwatch,org.adoptopenjdk.jitwatch.ui.report.eliminatedallocation.txt,God Component,package,org.adoptopenjdk.jitwatch.ui.report.eliminatedallocation,0,"The package contains only 2 classes with a total of 101 lines of code, which is not excessively large. The classes themselves are also small, with 69 and 32 lines of code respectively. There is no indication of excessive complexity or centralization of functionality that would suggest a God Component."
jitwatch,org.adoptopenjdk.jitwatch.ui.report.inlining.txt,God Component,package,org.adoptopenjdk.jitwatch.ui.report.inlining,0,"The package contains only 2 classes with a total of 98 lines of code, which is not excessively large. The classes InliningRowBuilder (69 LOC) and InliningRowBean (29 LOC) have reasonable sizes and responsibilities, with no indication of excessive complexity or accumulation of unrelated functionality."
jitwatch,org.adoptopenjdk.jitwatch.ui.report.locks.txt,God Component,package,org.adoptopenjdk.jitwatch.ui.report.locks,0,"The package contains only 2 classes with a total of 105 lines of code, which is not excessively large. The classes themselves are also reasonably sized (69 and 36 LOC respectively), and there is no indication of excessive complexity or responsibility concentration that would suggest a God Component."
jitwatch,org.adoptopenjdk.jitwatch.ui.report.suggestion.txt,God Component,package,org.adoptopenjdk.jitwatch.ui.report.suggestion,0,"The package contains only 2 classes with a total of 66 lines of code, which is not excessively large. The classes SuggestionRowBuilder (49 LOC) and SuggestionRowBean (17 LOC) have reasonable sizes and responsibilities, with no indication of excessive complexity or accumulation of unrelated functionality."
jitwatch,org.adoptopenjdk.jitwatch.ui.report.txt,God Component,package,org.adoptopenjdk.jitwatch.ui.report,0,"The package contains only 5 classes with a total of 125 lines of code. The largest class, ReportStage, has 86 lines of code and a WMC of 19, which is not excessively large in the context of UI components. The package does not exhibit excessive size in terms of number of classes or lines of code."
jitwatch,org.adoptopenjdk.jitwatch.ui.resize.txt,God Component,package,org.adoptopenjdk.jitwatch.ui.resize,0,"The package contains only 2 classes with a total of 51 lines of code, which is not excessively large. The classes RateLimitedResizeListener and IRedrawable have modest size and complexity, with the largest class having 48 lines of code and 10 weighted method count. There is no indication of excessive responsibility or size that would classify this as a God Component."
jitwatch,org.adoptopenjdk.jitwatch.ui.sandbox.txt,God Component,package,org.adoptopenjdk.jitwatch.ui.sandbox,0,"The package contains 6 classes with a total of 1257 lines of code. While some individual classes like SandboxConfigStage (475 LOC) and SandboxStage (451 LOC) are large, the overall package size and class count do not indicate an excessively large component. The complexity is distributed across multiple cohesive classes, each handling distinct responsibilities within the sandbox UI functionality."
jitwatch,org.adoptopenjdk.jitwatch.ui.stage.txt,God Component,package,org.adoptopenjdk.jitwatch.ui.stage,0,"The package contains only 2 classes with a total of 140 lines of code. The largest class, StageManager, has 137 lines of code and 15 methods, which is not excessively large in the context of a UI management component. The package does not exhibit excessive size in terms of lines of code or number of classes that would indicate a God Component smell."
jitwatch,org.adoptopenjdk.jitwatch.ui.stats.txt,God Component,package,org.adoptopenjdk.jitwatch.ui.stats,0,"The package contains only 3 classes with a total of 74 lines of code, which is not excessively large. No single class dominates the package in terms of size or complexity, and the distribution of responsibilities appears reasonable."
jitwatch,org.adoptopenjdk.jitwatch.ui.toplist.txt,God Component,package,org.adoptopenjdk.jitwatch.ui.toplist,0,"The package contains only 2 classes with a total of 129 lines of code. The largest class, TopListStage, has 110 lines of code and 9 methods, which is not excessively large. The package does not exhibit signs of being a God Component based on its size and complexity."
jitwatch,org.adoptopenjdk.jitwatch.ui.triview.assembly.txt,God Component,package,org.adoptopenjdk.jitwatch.ui.triview.assembly,0,"The package contains only 2 classes with a total of 259 lines of code. The largest class, ViewerAssembly, has 249 lines of code and 15 methods, which is not excessively large in the context of UI components that often encapsulate significant functionality. The package does not exhibit excessive size in terms of lines of code or number of classes."
jitwatch,org.adoptopenjdk.jitwatch.ui.triview.bytecode.txt,God Component,package,org.adoptopenjdk.jitwatch.ui.triview.bytecode,0,"The package contains only 2 classes with a total of 286 lines of code. The largest class, ViewerBytecode, has 276 lines of code and 17 methods, which is not excessively large in the context of UI components that often encapsulate significant functionality. The package does not exhibit excessive size in terms of lines of code or number of classes."
jitwatch,org.adoptopenjdk.jitwatch.ui.triview.source.txt,God Component,package,org.adoptopenjdk.jitwatch.ui.triview.source,0,"The package contains only one class (ViewerSource) with 28 lines of code, which is not excessively large in terms of LOC or number of classes. The class itself has low complexity (WMC=5, NOM=2) and does not exhibit characteristics of a God Component."
jitwatch,org.adoptopenjdk.jitwatch.ui.triview.txt,God Component,package,org.adoptopenjdk.jitwatch.ui.triview,1,"The package contains 10 classes with a total of 1468 lines of code. The class 'TriView' is excessively large with 751 lines of code, high complexity (WMC=173), and numerous dependencies (33 fields, 55 methods). Similarly, the 'Viewer' class has 386 lines of code and high complexity (WMC=92). The package exhibits concentration of functionality in a few classes, with 'TriView' and 'Viewer' handling significant logic and dependencies, indicating a God Component smell."
jitwatch,org.adoptopenjdk.jitwatch.ui.txt,God Component,package,org.adoptopenjdk.jitwatch.ui,0,"The package contains only 3 classes with a total of 199 lines of code. The main class 'Dialogs' has 183 lines of code and 15 methods, which is not excessively large in the context of UI-related functionality. The other two classes are minimal inner classes with negligible size. The package does not exhibit excessive size in terms of lines of code or number of classes."
jitwatch,org.adoptopenjdk.jitwatch.ui.viewer.txt,God Component,package,org.adoptopenjdk.jitwatch.ui.viewer,0,"The package contains only 3 classes with a total of 79 lines of code, which is not excessively large. None of the individual classes exceed typical size thresholds for raising a God Component concern. The complexity and dependency metrics do not indicate centralization of functionality or excessive responsibility in a single component."
jitwatch,org.adoptopenjdk.jitwatch.util.txt,God Component,package,org.adoptopenjdk.jitwatch.util,0,"The package contains 17 classes with a total of 1880 lines of code. While some classes like ParseUtil (753 LOC, 46 methods) and StringUtil (283 LOC, 29 methods) are relatively large, the overall distribution of functionality across multiple cohesive classes does not indicate a single excessively large component. The package serves as a utility layer with focused responsibilities per class, and no single class dominates the codebase to an excessive degree."
jsoup,org.jsoup.examples.txt,God Component,package,org.jsoup.examples,0,"The package contains only 4 classes with a total of 190 lines of code, which is not excessively large. The largest class, HtmlToPlainText, has 96 lines of code and a reasonable complexity (WMC=8). No single class dominates the package in terms of size or complexity, and the overall package structure appears to be a collection of example utilities rather than a monolithic component."
jsoup,org.jsoup.helper.txt,God Component,package,org.jsoup.helper,1,"The package contains 29 classes with a total of 3574 lines of code. The class HttpConnection alone comprises 1021 lines of code and has 56 fields and 48 methods, indicating high complexity and responsibility. Several other classes within the package also exhibit significant size and complexity, such as W3CDom (343 LOC, 12 fields, 18 methods) and DataUtil (316 LOC, 10 fields, 19 methods). The package serves as a central hub for various functionalities including HTTP connections, data utilities, regex handling, and DOM conversion, suggesting it accumulates too many responsibilities."
jsoup,org.jsoup.internal.txt,God Component,package,org.jsoup.internal,0,"The package contains 13 classes with a total of 953 lines of code. While some classes like StringUtil (322 loc) and ControllableInputStream (169 loc) are relatively large, the overall distribution of functionality appears reasonable for an internal utility package. There is no single class or component that dominates the codebase excessively in terms of size or complexity."
jsoup,org.jsoup.nodes.txt,God Component,package,org.jsoup.nodes,1,"The package contains 34 classes with a total of 5498 lines of code. Several classes within the package are excessively large in terms of lines of code and number of methods, such as Element (1571 LOC, 157 methods), Attributes (522 LOC, 48 methods), and Node (766 LOC, 79 methods). These classes exhibit high complexity and centralization of functionality, indicating a God Component smell."
jsoup,org.jsoup.parser.txt,God Component,package,org.jsoup.parser,1,"The package contains 30 classes with a total of 7615 lines of code. Several classes within the package are excessively large in terms of LOC and complexity, such as TokeniserState (1386 LOC, WMC 409), HtmlTreeBuilderState (1735 LOC, WMC 473), CharacterReader (533 LOC, WMC 130), and HtmlTreeBuilder (765 LOC, WMC 227). The high number of classes and the substantial size and complexity of individual classes indicate that the package is承担过多职责，符合God Component的特征。"
jsoup,org.jsoup.safety.txt,God Component,package,org.jsoup.safety,0,"The package contains 9 classes with a total of 636 lines of code. The largest class, Safelist, has 399 lines of code and 22 methods, which is substantial but not excessively large given its role in defining safety rules for HTML cleaning. The other classes are significantly smaller, with most being under 20 lines of code. The distribution of responsibilities appears reasonable for a package handling HTML sanitization, without evidence of excessive centralization of functionality or responsibilities."
jsoup,org.jsoup.select.txt,God Component,package,org.jsoup.select,1,"The package 'org.jsoup.select' contains 70 classes with a total of 3822 lines of code, indicating an excessively large component. The class 'Evaluator' alone has 773 lines of code and 33 nested classes, contributing significantly to the overall size and complexity. Other large classes such as 'Elements' (557 LOC) and 'QueryParser' (341 LOC) further support the presence of a God Component."
jsoup,org.jsoup.txt,God Component,package,org.jsoup,1,"The package 'org.jsoup' contains 11 classes with a total of 1585 lines of code. The class 'Connection' alone comprises 772 lines of code and has a high number of methods (43), indicating it encapsulates excessive functionality. Additionally, the 'Jsoup' class, with 269 lines of code and 24 methods, acts as a facade managing dependencies to multiple other classes such as 'Safelist', 'HttpConnection', 'Parser', 'Document', and 'Cleaner', suggesting centralization of system operations. These factors indicate that the package and its key classes are excessively large and承担过多职责, qualifying as a God Component."
zxing,com.google.zxing.aztec.decoder.txt,God Component,package,com.google.zxing.aztec.decoder,1,"The Decoder class contains 319 LOC out of the package's total of 330 LOC, indicating a dominant component. It has high complexity with WMC of 61, 10 fields, and 11 methods. The class manages multiple responsibilities including decoding logic, error correction, and data handling, supported by its numerous dependencies such as ReedSolomonDecoder, BitMatrix, and DecoderResult. The package contains only 3 classes, with one class (Decoder) overwhelmingly encapsulating most functionality and LOC."
zxing,com.google.zxing.aztec.detector.txt,God Component,package,com.google.zxing.aztec.detector,1,"The package contains a single class 'Detector' with 402 lines of code and 20 methods, which dominates the package's total LOC (436) and class count (3). The class 'Detector' encapsulates most of the functionality of the package, indicating a potential God Component smell due to its excessive size and responsibility."
zxing,com.google.zxing.aztec.encoder.txt,God Component,package,com.google.zxing.aztec.encoder,0,"The package contains 7 classes with a total of 750 lines of code. The largest class, Encoder, has 320 lines of code and a WMC of 65, which is high but not excessively so given its role as the main encoding logic handler. Other classes are relatively small and focused. The distribution of responsibilities appears reasonable for an encoder module within a barcode library, without evidence of excessive centralization or bloat that would characterize a God Component."
zxing,com.google.zxing.aztec.txt,God Component,package,com.google.zxing.aztec,0,"The package contains only 3 classes with a total of 161 lines of code, which is not excessively large. The class sizes are also moderate, with the largest class (AztecReader) having 75 lines of code. There is no indication of excessive complexity or centralization of functionality that would suggest a God Component."
zxing,com.google.zxing.client.android.book.txt,God Component,package,com.google.zxing.client.android.book,0,"The package contains 6 classes with a total of 422 lines of code. The largest class, SearchBookContentsActivity, has 190 lines of code and 7 methods, which is not excessively large in the context of an Android activity handling network tasks and UI logic. The presence of a NetworkTask inner class with 94 lines of code suggests some separation of concerns. The overall distribution of responsibilities across multiple classes and the absence of a single class dominating the package's complexity indicate that this is not a God Component."
zxing,com.google.zxing.client.android.camera.open.txt,God Component,package,com.google.zxing.client.android.camera.open,0,"The package contains only 3 classes with a total of 82 lines of code, which is not excessively large. The largest class, OpenCameraInterface, has 51 lines of code and 2 methods, which also does not indicate excessive size or complexity. There is no evidence of a single component taking on too many responsibilities."
zxing,com.google.zxing.client.android.camera.txt,God Component,package,com.google.zxing.client.android.camera,0,"The package contains 7 classes with a total of 881 lines of code. While the CameraConfigurationUtils class is relatively large (344 LOC, WMC 71), the distribution of responsibilities appears reasonable for a camera management module in an Android application. No single class dominates the package excessively in terms of size or complexity, and the classes seem to follow a cohesive design related to camera configuration and management."
zxing,com.google.zxing.client.android.clipboard.txt,God Component,package,com.google.zxing.client.android.clipboard,0,"The package contains only 1 class with 31 lines of code, which is not excessively large. The single class ClipboardInterface has reasonable size (31 LOC) and complexity (WMC=6, NOM=5), indicating proper decomposition and no indication of a God Component."
zxing,com.google.zxing.client.android.encode.txt,God Component,package,com.google.zxing.client.android.encode,0,"The package contains 11 classes with a total of 714 lines of code. The largest class, QRCodeEncoder, has 266 lines of code and a WMC of 57, which is substantial but not excessively large in the context of its responsibilities. Other classes are significantly smaller, indicating a reasonable distribution of functionality. There is no single class or component that dominates the codebase in terms of size or complexity to qualify as a God Component."
zxing,com.google.zxing.client.android.history.txt,God Component,package,com.google.zxing.client.android.history,0,"The package contains 5 classes with a total of 390 lines of code. The largest class, HistoryManager, has 200 lines of code and 13 methods, which is substantial but not excessively large in the context of an Android component managing history functionality. The distribution of responsibilities appears reasonable, with dedicated classes for items (HistoryItem), database handling (DBHelper), UI presentation (HistoryItemAdapter), and activity management (HistoryActivity). There is no indication of excessive centralization of logic or responsibilities within a single class or package-level component."
zxing,com.google.zxing.client.android.result.supplement.txt,God Component,package,com.google.zxing.client.android.result.supplement,0,"The package contains 5 classes with a total of 266 lines of code. The largest class, SupplementalInfoRetriever, has 121 lines of code and 8 methods. While the package is somewhat centralized in functionality (as indicated by class dependencies), the size and complexity are not excessive for typical software components. No single class dominates the package in terms of responsibilities or size to qualify as a God Component."
zxing,com.google.zxing.client.android.result.txt,God Component,package,com.google.zxing.client.android.result,0,"The package contains 14 classes with a total of 965 lines of code. While the ResultHandler class is relatively large (361 LOC, 43 methods), the overall distribution of functionality across multiple cohesive classes suggests a well-factored design rather than a single God Component. The package exhibits reasonable separation of concerns with specialized handlers for different result types."
zxing,com.google.zxing.client.android.share.txt,God Component,package,com.google.zxing.client.android.share,0,"The package contains 6 classes with a total of 378 lines of code. The largest class, ShareActivity, has 184 lines of code and a WMC of 36, which is relatively high but not excessive in the context of an Android activity handling multiple responsibilities such as UI management, event handling, and integration with external components. Other classes are significantly smaller, indicating a reasonable distribution of responsibilities. The package does not exhibit an excessive concentration of logic or responsibilities that would characterize a God Component."
zxing,com.google.zxing.client.android.txt,God Component,package,com.google.zxing.client.android,0,"The package contains 33 classes with a total of 2328 lines of code. While the package has a moderate number of classes and LOC, the distribution of responsibilities appears reasonably separated across multiple classes such as CaptureActivity, HttpHelper, DecodeThread, and others. No single class dominates the codebase excessively in terms of lines of code or complexity, and functionality seems distributed across specialized components."
zxing,com.google.zxing.client.android.wifi.txt,God Component,package,com.google.zxing.client.android.wifi,0,"The package contains only 2 classes with a total of 237 lines of code. The largest class, WifiConfigManager, has 224 lines of code and 14 methods, which is not excessively large in the context of an Android component handling WiFi configuration logic. The package and its classes exhibit reasonable size and complexity for their functionality."
zxing,com.google.zxing.client.j2se.txt,God Component,package,com.google.zxing.client.j2se,0,"The package contains 12 classes with a total of 1030 lines of code, which is not excessively large for a package. The classes are functionally cohesive, handling various aspects of ZXing's Java SE client functionality such as image processing, decoding, encoding, and UI components. No single class dominates the package in terms of responsibilities or LOC. The distribution of lines of code and responsibilities across multiple classes indicates a reasonable separation of concerns rather than a god component."
zxing,com.google.zxing.client.result.txt,God Component,package,com.google.zxing.client.result,0,"The package contains 37 classes with a total of 2296 lines of code. While the number of classes is relatively high, the classes appear to be well-organized and focused on specific parsing and result-handling tasks related to barcode client results. The average lines of code per class is moderate, and there is no single class that dominates the codebase in terms of size or complexity. The package seems to follow a cohesive design pattern centered around parsing different types of barcode results, which justifies the number of classes without indicating a God Component smell."
zxing,com.google.zxing.common.detector.txt,God Component,package,com.google.zxing.common.detector,0,"The package contains only 3 classes with a total of 416 lines of code, which is not excessively large. The largest class, WhiteRectangleDetector, has 219 lines of code and 41 WMC, which is substantial but not indicative of a god component given the context of the entire package and its responsibilities."
zxing,com.google.zxing.common.reedsolomon.txt,God Component,package,com.google.zxing.common.reedsolomon,0,"The package contains only 5 classes with a total of 530 lines of code. The largest class, GenericGFPoly, has 220 lines of code and a WMC of 49, which is not excessively large given its purpose. The distribution of responsibilities appears appropriate for a Reed-Solomon error correction module, with no single class dominating the functionality or size excessively."
zxing,com.google.zxing.common.txt,God Component,package,com.google.zxing.common,0,"The package contains 17 classes with a total of 2224 lines of code. While the LOC is moderately high, it is distributed across multiple cohesive classes, each with focused responsibilities. The largest class, BitMatrix, has 442 LOC and 89 WMC, which is substantial but not excessively large in the context of its functionality. No single class dominates the package in terms of complexity or LOC, indicating that the code is reasonably modular and does not exhibit the characteristics of a God Component."
zxing,com.google.zxing.datamatrix.decoder.txt,God Component,package,com.google.zxing.datamatrix.decoder,0,"The package contains 8 classes with a total of 1102 lines of code. While the DecodedBitStreamParser class has 432 LOC and BitMatrixParser has 372 LOC, which are substantial, they are balanced by smaller, well-defined classes such as Mode, ECBlocks, and ECB. The distribution of responsibilities appears reasonable for a decoder module, with no single class dominating the complexity or functionality excessively."
zxing,com.google.zxing.datamatrix.detector.txt,God Component,package,com.google.zxing.datamatrix.detector,0,"The package contains only one class (Detector) with 249 lines of code. While the class has a substantial size, it is not excessively large given its role as a detector component. The package has low afferent (0) and efferent (3) coupling, indicating focused responsibility. The class encapsulates detector-specific logic with reasonable complexity (WMC=32, NOM=11), suggesting cohesive design rather than god component characteristics."
zxing,com.google.zxing.datamatrix.encoder.txt,God Component,package,com.google.zxing.datamatrix.encoder,0,"The package contains 19 classes with a total of 2409 lines of code. While the package has a moderate number of classes and a substantial LOC, the classes are logically grouped under the DataMatrix encoding functionality. Key classes like MinimalEncoder (614 LOC), HighLevelEncoder (371 LOC), and ErrorCorrection (109 LOC) handle specific responsibilities without excessive centralization. No single class dominates the package in terms of complexity or dependencies, indicating a reasonable distribution of responsibilities."
zxing,com.google.zxing.datamatrix.txt,God Component,package,com.google.zxing.datamatrix,0,"The package contains only 2 classes with a total of 233 lines of code, which is not excessively large. The classes DataMatrixReader and DataMatrixWriter have reasonable responsibilities for reading and writing DataMatrix barcodes respectively, and the package structure appears well-organized without indication of excessive centralization of functionality."
zxing,com.google.zxing.integration.android.txt,God Component,package,com.google.zxing.integration.android,0,"The package contains only 2 classes with a total of 380 lines of code. The largest class, IntentIntegrator, has 325 lines of code and 34 methods, which is not excessively large given its role in handling Android integration logic for ZXing. The second class, IntentResult, is small with 55 lines of code and 8 methods. The overall package size and class sizes are reasonable for their functionality and do not indicate a God Component smell."
zxing,com.google.zxing.maxicode.decoder.txt,God Component,package,com.google.zxing.maxicode.decoder,0,"The package contains only 3 classes with a total of 228 lines of code, which is not excessively large. The class DecodedBitStreamParser has 137 LOC and WMC of 33, but this is not disproportionate for a parser class. The other classes are significantly smaller. The package does not exhibit excessive size in terms of number of classes or lines of code."
zxing,com.google.zxing.maxicode.txt,God Component,package,com.google.zxing.maxicode,0,"The package contains only 1 class (MaxiCodeReader) with 56 lines of code, which is not excessively large in terms of LOC or number of classes. The class has moderate complexity (WMC=9, NOM=4) and the package has limited dependencies (Ce=3, Ca=0), indicating it is a small, focused component rather than a God Component."
zxing,com.google.zxing.multi.qrcode.detector.txt,God Component,package,com.google.zxing.multi.qrcode.detector,0,"The package contains only 3 classes with a total of 206 lines of code. The largest class, MultiFinderPatternFinder, has 163 lines of code and a WMC of 30, which is not excessively large for a single class. The overall package size and complexity are within reasonable limits."
zxing,com.google.zxing.multi.qrcode.txt,God Component,package,com.google.zxing.multi.qrcode,0,"The package contains only 2 classes with a total of 99 lines of code, and the primary class QRCodeMultiReader with 92 lines is not excessively large in the given context. There is no indication of excessive responsibilities or disproportionate size relative to typical components in this domain."
zxing,com.google.zxing.multi.txt,God Component,package,com.google.zxing.multi,0,"The package contains only 3 classes with a total of 176 lines of code, which is not excessively large. The largest class, GenericMultipleBarcodeReader, has 103 lines of code and a WMC of 24, which is reasonable for its functionality. The distribution of responsibilities appears appropriate, with no single class dominating the package in terms of complexity or size."
zxing,com.google.zxing.oned.rss.expanded.decoders.txt,God Component,package,com.google.zxing.oned.rss.expanded.decoders,0,"The package contains 21 classes with a total of 1080 lines of code. While the GeneralAppIdDecoder class is relatively large (350 LOC, WMC 102), the overall distribution of responsibilities appears to be reasonably modular, with most classes being small and focused. The package does not exhibit excessive centralization of functionality or an overwhelming number of classes that would indicate a God Component."
zxing,com.google.zxing.oned.rss.expanded.txt,God Component,package,com.google.zxing.oned.rss.expanded,1,"The package contains a single class RSSExpandedReader with 607 LOC and 123 WMC, indicating excessive size and complexity. This class centralizes most of the functionality within the package, suggesting a God Component smell."
zxing,com.google.zxing.oned.rss.txt,God Component,package,com.google.zxing.oned.rss,0,"The package contains 6 classes with a total of 609 lines of code. The largest class, RSS14Reader, has 362 lines of code and a WMC of 73, which indicates complexity but not excessively so given its role as a reader implementation. The distribution of responsibilities appears reasonable across the classes, with no single class dominating the package in terms of functionality or dependencies. The package does not exhibit signs of excessive size or centralization of logic that would characterize a God Component."
zxing,com.google.zxing.oned.txt,God Component,package,com.google.zxing.oned,0,"The package contains 32 classes with a total of 3631 lines of code. While the package has a substantial number of classes and LOC, the classes appear to be functionally cohesive, focusing on 1D barcode reading and writing operations. The largest classes (e.g., Code128Writer with 405 LOC and Code128Reader with 326 LOC) are complex but remain within reasonable bounds for their functionality. There is no evidence of excessive centralization of logic or responsibilities in a single component; instead, the package demonstrates a well-organized structure for handling various 1D barcode formats."
zxing,com.google.zxing.pdf417.decoder.ec.txt,God Component,package,com.google.zxing.pdf417.decoder.ec,0,"The package contains only 3 classes with a total of 396 lines of code, which is not excessively large. The largest class, ModulusPoly, has 192 LOC and WMC of 46, indicating moderate complexity. ErrorCorrection has 129 LOC and WMC of 23, also moderate. ModulusGF has 75 LOC and WMC of 18. The distribution of functionality across these three cohesive classes suggests a well-factored design rather than a God Component."
zxing,com.google.zxing.pdf417.decoder.txt,God Component,package,com.google.zxing.pdf417.decoder,0,"The package contains 11 classes with a total of 1750 lines of code. While the package has a moderate size, the responsibilities are distributed across multiple classes such as DecodedBitStreamParser (479 LOC), PDF417ScanningDecoder (455 LOC), and DetectionResult (238 LOC). No single class dominates the package in terms of functionality or complexity, and the design appears to follow a reasonable separation of concerns for a decoder module."
zxing,com.google.zxing.pdf417.detector.txt,God Component,package,com.google.zxing.pdf417.detector,0,"The package contains only 2 classes with a total of 284 lines of code. The largest class, Detector, has 259 lines of code and 9 methods, which is not excessively large given its responsibility for PDF417 detection logic. The package structure and class sizes are reasonable for the functionality implemented."
zxing,com.google.zxing.pdf417.encoder.txt,God Component,package,com.google.zxing.pdf417.encoder,0,"The package contains 9 classes with a total of 1069 lines of code. While the PDF417HighLevelEncoder class is relatively large (595 LOC), the overall package distribution appears reasonable for an encoder module handling PDF417 barcode generation. No single class dominates the package excessively in terms of responsibilities or size."
zxing,com.google.zxing.pdf417.txt,God Component,package,com.google.zxing.pdf417,0,"The package contains only 4 classes with a total of 353 lines of code. None of the individual classes are excessively large in terms of lines of code or complexity (as indicated by WMC and other metrics). The distribution of responsibilities appears reasonable, with no single class dominating the package in size or functionality."
zxing,com.google.zxing.qrcode.decoder.txt,God Component,package,com.google.zxing.qrcode.decoder,0,"The package contains 12 classes with a total of 1108 lines of code. While the package has a moderate size, the classes are reasonably distributed in terms of responsibilities and LOC, with the largest class (DecodedBitStreamParser) at 261 LOC and most classes under 100 LOC. There is no single class or component that overwhelmingly centralizes functionality or exceeds typical size thresholds disproportionately."
zxing,com.google.zxing.qrcode.detector.txt,God Component,package,com.google.zxing.qrcode.detector,0,"The package contains 7 classes with a total of 1072 lines of code. The largest class, FinderPatternFinder, has 536 lines of code and 22 methods, which is significant but not excessively large in the context of its responsibilities. The package and its classes appear to be well-organized around QR code detection functionality, without clear evidence of excessive size or responsibility concentration that would indicate a God Component."
zxing,com.google.zxing.qrcode.encoder.txt,God Component,package,com.google.zxing.qrcode.encoder,0,"The package contains 11 classes with a total of 1641 lines of code. While the package has a moderate size, the functionality appears to be well-distributed among specialized classes such as Encoder, MinimalEncoder, MatrixUtil, and MaskUtil, each handling distinct responsibilities within QR code encoding. No single class dominates the codebase in terms of lines of code or complexity, and the dependencies suggest a reasonable division of concerns."
zxing,com.google.zxing.qrcode.txt,God Component,package,com.google.zxing.qrcode,0,"The package contains only 2 classes with a total of 204 lines of code, which is not excessively large. The classes QRCodeReader and QRCodeWriter have manageable sizes (137 and 67 LOC respectively) and do not indicate excessive complexity or responsibility concentration."
zxing,com.google.zxing.txt,God Component,package,com.google.zxing,0,"The package contains 24 classes with a total of 1265 lines of code, which is not excessively large for a core library package. The classes are reasonably modular, with clear separation of concerns (e.g., exceptions, data structures, interfaces, and implementations). No single class dominates the package in terms of complexity or lines of code. The package serves as a foundational module for the ZXing library, and its size is contextually appropriate for its role."
zxing,com.google.zxing.web.generator.client.txt,God Component,package,com.google.zxing.web.generator.client,0,"The package contains 16 classes with a total of 1224 lines of code. While some individual classes like ContactInfoGenerator (221 LOC) and CalendarEventGenerator (235 LOC) are sizable, the overall distribution of responsibilities appears reasonably modular. There is no single class dominating the codebase in terms of lines of code or complexity that would indicate a God Component. The classes also exhibit some level of specialization and encapsulation, with dependencies between them suggesting a structured design rather than one monolithic component."
zxing,com.google.zxing.web.txt,God Component,package,com.google.zxing.web,0,"The package contains 15 classes with a total of 864 lines of code. While some classes like DecodeServlet (349 loc) and ChartServlet (115 loc) are relatively large, the overall distribution of functionality across multiple cohesive classes suggests a reasonable separation of concerns. No single class dominates the package in terms of responsibilities or complexity to qualify as a God Component."
