project,file_name,smell,entity_type,entity,detection,justification
byte-buddy,(default package).txt,,package,(default package),0,"The package '(default package)' has Ce=0 and Ca=0 and both outgoing_dependencies and incoming_dependencies are empty. Because there are no outgoing dependencies to other (less-stable) packages, the Stable Dependencies Principle is not violated and the Unstable Dependency smell is not present."
byte-buddy,com.service.definition.txt,,package,com.service.definition,0,"Package com.service.definition has no outgoing dependencies (Ce = 0) and no incoming dependencies (Ca = 0). With no outgoing dependencies there is nothing it depends on, so it cannot depend on less-stable packages; therefore the Stable Dependencies Principle is not violated."
byte-buddy,com.service.usage.txt,,package,com.service.usage,0,"Ce=0 and Ca=0 with no outgoing_dependencies and no incoming_dependencies. The package does not depend on any other packages (outgoing empty), so it cannot depend on less stable components and the Stable Dependencies Principle is not violated."
byte-buddy,com.service.usage2.txt,,package,com.service.usage2,0,"com.service.usage2 has Ce=0 and Ca=0, with no outgoing dependencies and no incoming dependencies. Because it does not depend on any other packages, it cannot depend on less stable components, so the Unstable Dependency smell is not present."
byte-buddy,net.bytebuddy.agent.builder.txt,,package,net.bytebuddy.agent.builder,0,"Analyzed package metrics: Ce=23, Ca=1 -> instability I = Ce/(Ca+Ce) = 23/24 = 0.958. The Unstable Dependency smell would occur if this package depended on packages with higher instability (i.e. less stable) than 0.958. All outgoing dependencies have lower instability than 0.958 (examples: net.bytebuddy.dynamic I=0.522, net.bytebuddy.dynamic.scaffold I=0.615, net.bytebuddy.implementation.bytecode.assign I=0.294, net.bytebuddy.dynamic.loading I=0.441, net.bytebuddy.description.method I=0.306, net.bytebuddy.asm I=0.677, net.bytebuddy.dynamic.scaffold.inline I=0.741, net.bytebuddy I=0.490). The single incoming dependency (net.bytebuddy, I=0.490) is also more stable. Because every outgoing dependency is more stable (has lower I) than net.bytebuddy.agent.builder, the Stable Dependencies Principle is not violated and no Unstable Dependency smell is detected."
byte-buddy,net.bytebuddy.agent.txt,,package,net.bytebuddy.agent,1,"net.bytebuddy.agent has Ce=1 and Ca=4 (instability I = 1/(1+4) = 0.20) and its outgoing dependency is net.bytebuddy.dynamic which has Ce=24 and Ca=22 (instability I = 24/(24+22) ≈ 0.52). Because net.bytebuddy.agent (more stable, lower I) depends on net.bytebuddy.dynamic (less stable, higher I), this violates the Stable Dependencies Principle and constitutes an Unstable Dependency smell."
byte-buddy,net.bytebuddy.android.txt,,package,net.bytebuddy.android,0,"net.bytebuddy.android has Ce=7 and Ca=0 (stability I=0.00). All outgoing dependencies are more stable (have Ca>0 and higher stability): net.bytebuddy.utility (Ca=25, Ce=16, I≈0.61), net.bytebuddy.matcher (Ca=23, Ce=9, I≈0.72), net.bytebuddy.dynamic (Ca=22, Ce=24, I≈0.48), net.bytebuddy.dynamic.loading (Ca=19, Ce=15, I≈0.56), net.bytebuddy (Ca=26, Ce=25, I≈0.51), net.bytebuddy.description.type (Ca=32, Ce=16, I≈0.67), net.bytebuddy.implementation (Ca=25, Ce=23, I≈0.52). Incoming dependencies list is empty. Because the package depends on packages that are more stable than itself (not on less stable components), the Unstable Dependency smell is not detected."
byte-buddy,net.bytebuddy.asm.txt,,package,net.bytebuddy.asm,1,"net.bytebuddy.asm has Ce=23 and Ca=11 (instability I = Ce/(Ca+Ce) = 23/34 = 0.6765). It has an outgoing dependency on net.bytebuddy.dynamic.scaffold.subclass which has Ce=20 and Ca=9 (I = 20/29 = 0.6897). Because net.bytebuddy.asm depends on a package with higher instability (0.6897 > 0.6765), it depends on a less stable component, violating the Stable Dependencies Principle. This outgoing dependency on net.bytebuddy.dynamic.scaffold.subclass therefore constitutes an Unstable Dependency smell."
byte-buddy,net.bytebuddy.benchmark.jmh_generated.txt,,package,net.bytebuddy.benchmark.jmh_generated,0,"No unstable dependency detected because the package has no outgoing dependencies (Ce = 0) and no incoming dependencies (Ca = 0). Both outgoing_dependencies and incoming_dependencies are empty, so it does not depend on any less-stable packages nor do other packages depend on it."
byte-buddy,net.bytebuddy.benchmark.runner.txt,,package,net.bytebuddy.benchmark.runner,0,"Ce = 0 and Ca = 0 (no outgoing dependencies and no incoming dependencies). outgoing_dependencies = [] and incoming_dependencies = []. The package does not depend on any other package, so there are no dependency directions that could violate the Stable Dependencies Principle. (num_classes=1, loc=23)"
byte-buddy,net.bytebuddy.benchmark.specimen.txt,,package,net.bytebuddy.benchmark.specimen,0,"The package has Ce=0 (no outgoing dependencies) and Ca=1 (one incoming dependency). Its instability I = Ce/(Ca+Ce) = 0/(1+0) = 0 (maximally stable). It does not depend on any other packages, so it cannot depend on less stable components. The single incoming dependency is from net.bytebuddy.benchmark (Ce=7, Ca=0, I = 7/(7+0) = 1, i.e. unstable), so the dependency direction is from an unstable package to this stable package, which does not violate the Stable Dependencies Principle."
byte-buddy,net.bytebuddy.benchmark.txt,,package,net.bytebuddy.benchmark,0,"Analyzed package net.bytebuddy.benchmark has Ce=7 and Ca=0 -> instability I = Ce/(Ca+Ce) = 7/(0+7) = 1.0 (max unstable). Outgoing dependencies and their instabilities: net.bytebuddy.pool (Ce=15, Ca=11, I=15/26≈0.577), net.bytebuddy.benchmark.specimen (Ce=0, Ca=1, I=0.0), net.bytebuddy.matcher (Ce=9, Ca=23, I=9/32≈0.281), net.bytebuddy.dynamic.scaffold (Ce=24, Ca=15, I=24/39≈0.615), net.bytebuddy.dynamic.loading (Ce=15, Ca=19, I=15/34≈0.441), net.bytebuddy.description.type (Ce=16, Ca=32, I=16/48≈0.333), net.bytebuddy.implementation (Ce=23, Ca=25, I=23/48≈0.479). All outgoing dependencies have instability values lower than the analyzed package (i.e., they are more stable than net.bytebuddy.benchmark). Incoming dependencies = 0. Therefore the package does not depend on less stable components and the Unstable Dependency smell is not detected."
byte-buddy,net.bytebuddy.build.gradle.android.txt,,package,net.bytebuddy.build.gradle.android,0,"The package has Ce=9 and Ca=0 -> instability I = 9/(9+0) = 1.0 (maximally unstable). The Stable Dependencies Principle requires that a package only depends on packages with lower instability. All outgoing dependencies are more stable (have lower I) than the analyzed package: net.bytebuddy.pool I≈0.577 (Ce=15,Ca=11), net.bytebuddy.dynamic I≈0.522 (Ce=24,Ca=22), net.bytebuddy.asm I≈0.676 (Ce=23,Ca=11), net.bytebuddy.dynamic.scaffold.inline I≈0.741 (Ce=20,Ca=7), net.bytebuddy.build I≈0.345 (Ce=19,Ca=36), net.bytebuddy I≈0.490 (Ce=25,Ca=26), net.bytebuddy.description.type I≈0.333 (Ce=16,Ca=32), org.gradle.api.tasks I=0.0 (Ce=0,Ca=2), org.gradle.api.provider I=0.0 (Ce=0,Ca=3). There are no incoming dependencies (Ca=0) pointing to this package. Because every outgoing dependency is to a more stable package, the Unstable Dependency smell is not detected."
byte-buddy,net.bytebuddy.build.gradle.txt,,package,net.bytebuddy.build.gradle,0,"net.bytebuddy.build.gradle has Ce=8 and Ca=0 giving stability I = 0.0 (highly unstable). All outgoing dependencies are more stable (I > 0): net.bytebuddy.utility (Ca=25, Ce=16, I≈0.61), org.gradle.api.tasks (Ca=2, Ce=0, I=1.00), org.gradle.work (Ca=1, Ce=1, I=0.50), org.gradle.api.file (Ca=1, Ce=1, I=0.50), net.bytebuddy.dynamic (Ca=22, Ce=24, I≈0.48), net.bytebuddy.dynamic.scaffold.inline (Ca=7, Ce=20, I≈0.26), net.bytebuddy.build (Ca=36, Ce=19, I≈0.65), net.bytebuddy (Ca=26, Ce=25, I≈0.51). Because the package depends only on packages with higher stability, it does not violate the Stable Dependencies Principle and thus no Unstable Dependency smell is detected."
byte-buddy,net.bytebuddy.build.maven.txt,,package,net.bytebuddy.build.maven,0,"Analyzed package net.bytebuddy.build.maven has Ce=7, Ca=0 -> instability I = 7/(7+0) = 1.00 (maximally unstable). All outgoing dependencies are more stable (lower instability): net.bytebuddy.matcher Ce=9 Ca=23 I=9/32≈0.281; net.bytebuddy.dynamic Ce=24 Ca=22 I≈0.522; net.bytebuddy.dynamic.scaffold.inline Ce=20 Ca=7 I≈0.741; net.bytebuddy.build Ce=19 Ca=36 I≈0.345; net.bytebuddy Ce=25 Ca=26 I≈0.490; net.bytebuddy.description.modifier Ce=1 Ca=16 I≈0.059; net.bytebuddy.implementation Ce=23 Ca=25 I≈0.479. Because every outgoing dependency has lower instability than the package, the dependencies point toward more stable packages and do not violate the Stable Dependencies Principle; therefore no Unstable Dependency smell is detected."
byte-buddy,net.bytebuddy.build.txt,,package,net.bytebuddy.build,1,"net.bytebuddy.build has Ce=19, Ca=36 -> Instability I=19/(19+36)=0.345. It depends (outgoing) on many packages whose instability I is greater than 0.345, violating the Stable Dependencies Principle. Violating dependencies (I > 0.345): net.bytebuddy.dynamic I=0.522 (24/46), net.bytebuddy.dynamic.scaffold I=0.615 (24/39), net.bytebuddy.dynamic.loading I=0.441 (15/34), net.bytebuddy.description.annotation I=0.387 (12/31), net.bytebuddy.implementation I=0.479 (23/48), net.bytebuddy.dynamic.scaffold.subclass I=0.690 (20/29), net.bytebuddy.pool I=0.577 (15/26), net.bytebuddy.utility I=0.390 (16/41), net.bytebuddy.asm I=0.676 (23/34), net.bytebuddy.utility.dispatcher I=0.429 (6/14), net.bytebuddy.dynamic.scaffold.inline I=0.741 (20/27), net.bytebuddy I=0.490 (25/51), net.bytebuddy.implementation.attribute I=0.529 (9/17). Non-violating (more stable) dependencies include net.bytebuddy.implementation.bytecode.assign I=0.294, net.bytebuddy.description.method I=0.306, net.bytebuddy.matcher I=0.281, net.bytebuddy.description.field I=0.240, net.bytebuddy.description.type I=0.333, net.bytebuddy.description.modifier I=0.059. Because a majority of outgoing dependencies are less stable (higher instability) than net.bytebuddy.build, the Unstable Dependency smell is detected."
byte-buddy,net.bytebuddy.description.annotation.txt,,package,net.bytebuddy.description.annotation,1,"net.bytebuddy.description.annotation has Ca=19, Ce=12 -> stability I = 19/(19+12) = 0.613. It has outgoing dependencies to several packages with lower stability than 0.613, violating the Stable Dependencies Principle: net.bytebuddy.utility (Ca=25, Ce=16, I=25/41=0.610), net.bytebuddy.dynamic (Ca=22, Ce=24, I=22/46=0.478), net.bytebuddy.asm (Ca=11, Ce=23, I=11/34=0.324), net.bytebuddy.dynamic.loading (Ca=19, Ce=15, I=19/34=0.559), net.bytebuddy (Ca=26, Ce=25, I=26/51=0.510), net.bytebuddy.implementation (Ca=25, Ce=23, I=25/48=0.521). Because net.bytebuddy.description.annotation depends on these less-stable packages, the Unstable Dependency smell is detected."
byte-buddy,net.bytebuddy.description.enumeration.txt,,package,net.bytebuddy.description.enumeration,1,"Analyzed package metrics: Ce=3, Ca=7 => stability I = Ca/(Ca+Ce) = 7/(7+3) = 0.70. Outgoing dependencies: 1) net.bytebuddy.description.type: Ce=16, Ca=32 => I = 32/(16+32) = 0.6667 (less stable than 0.70). 2) net.bytebuddy.build: Ce=19, Ca=36 => I = 36/(19+36) = 0.6545 (less stable than 0.70). 3) net.bytebuddy.description.method: Ce=11, Ca=25 => I = 25/(11+25) = 0.6944 (slightly less stable than 0.70). Because the package depends on these packages whose stability indices are all lower than its own stability, it violates the Stable Dependencies Principle and exhibits the Unstable Dependency smell. Incoming dependency count (Ca=7) shows the package is relatively stable externally, reinforcing that depending on less stable packages is a design smell."
byte-buddy,net.bytebuddy.description.field.txt,,package,net.bytebuddy.description.field,1,"Analyzed package metrics: Ce=6, Ca=19 -> Instability I=6/(6+19)=0.24. All outgoing dependencies are less stable (have higher instability) than the analyzed package: net.bytebuddy.matcher (Ce=9, Ca=23, I=9/32=0.281), net.bytebuddy.build (Ce=19, Ca=36, I=19/55=0.345), net.bytebuddy (Ce=25, Ca=26, I=25/51=0.490), net.bytebuddy.description.type (Ce=16, Ca=32, I=16/48=0.333), net.bytebuddy.description (Ce=4, Ca=12, I=4/16=0.25), net.bytebuddy.description.annotation (Ce=12, Ca=19, I=12/31=0.387). Since the package depends on multiple packages with higher instability values than itself, it violates the Stable Dependencies Principle and exhibits the Unstable Dependency smell."
byte-buddy,net.bytebuddy.description.method.txt,,package,net.bytebuddy.description.method,1,"Analyzed package metrics: Ce=11, Ca=25 => instability I=11/(11+25)=0.306. It has 11 outgoing dependencies; 6 of them are less stable (higher instability) than the analyzed package, violating the Stable Dependencies Principle. Offending outgoing dependencies (instability I): net.bytebuddy.utility.dispatcher (6/(6+8)=0.429), net.bytebuddy.utility (16/(16+25)=0.390), net.bytebuddy.build (19/(19+36)=0.345), net.bytebuddy (25/(25+26)=0.490), net.bytebuddy.description.type (16/(16+32)=0.333), net.bytebuddy.description.annotation (12/(12+19)=0.387). The analyzed package also has a relatively high Ca=25 (many incoming dependents), which makes depending on these less stable packages a design smell. Therefore Unstable Dependency is detected."
byte-buddy,net.bytebuddy.description.modifier.txt,,package,net.bytebuddy.description.modifier,1,"net.bytebuddy.description.modifier has Ce=1 and Ca=16 (instability I = 1/(1+16) ≈ 0.059). It has an outgoing dependency only to net.bytebuddy.build, which has Ce=19 and Ca=36 (instability I = 19/(19+36) ≈ 0.345). Because the analyzed package is much more stable (lower I) than the package it depends on (higher I), the dependency direction is from a more stable package to a less stable one — violating the Stable Dependencies Principle. Incoming coupling (Ca=16) shows many packages depend on net.bytebuddy.description.modifier, reinforcing that it is a stable package; its dependence on the less stable net.bytebuddy.build is therefore an unstable dependency smell."
byte-buddy,net.bytebuddy.description.module.txt,,package,net.bytebuddy.description.module,1,"Stable metric I = Ca/(Ca+Ce) for net.bytebuddy.description.module = 9/(9+8) = 0.529. It has outgoing dependencies to multiple packages; two of them are less stable (I lower than 0.529): net.bytebuddy.dynamic (Ca=22, Ce=24, I=22/46 = 0.478) and net.bytebuddy (Ca=26, Ce=25, I=26/51 = 0.510). Depending on these less-stable packages violates the Stable Dependencies Principle, therefore an Unstable Dependency smell is detected."
byte-buddy,net.bytebuddy.description.txt,,package,net.bytebuddy.description,1,"The analyzed package has Ce=4 and Ca=12 -> instability I=4/(12+4)=0.25 (relatively stable). Of its outgoing dependencies: net.bytebuddy.description.type (Ce=16, Ca=32 -> I=0.333), net.bytebuddy.matcher (Ce=9, Ca=23 -> I=0.281), net.bytebuddy.description.method (Ce=11, Ca=25 -> I=0.306), net.bytebuddy.description.modifier (Ce=1, Ca=16 -> I=0.059). Three of four outgoing dependencies (description.type I=0.333, matcher I=0.281, description.method I=0.306) have higher instability than net.bytebuddy.description (I=0.25), meaning the package depends on less stable packages. Additionally, the package has more incoming than outgoing ties (Ca>Ce), reinforcing that it is relatively stable and should not depend on more unstable components. These facts constitute an Unstable Dependency smell (violation of the Stable Dependencies Principle)."
byte-buddy,net.bytebuddy.description.type.txt,,package,net.bytebuddy.description.type,1,"Analyzed package net.bytebuddy.description.type has Ce=16, Ca=32 => instability I=16/(16+32)=0.333. It has 16 outgoing dependencies; 11 of them have higher instability (i.e. are less stable) than 0.333, indicating an unstable dependency direction. Offending outgoing dependencies (Ce, Ca, I): net.bytebuddy.utility.dispatcher (6,8,0.429), net.bytebuddy.utility (16,25,0.390), net.bytebuddy.dynamic (24,22,0.522), net.bytebuddy.asm (23,11,0.677), net.bytebuddy.dynamic.scaffold (24,15,0.615), net.bytebuddy.description.module (8,9,0.471), net.bytebuddy.dynamic.loading (15,19,0.441), net.bytebuddy.build (19,36,0.345), net.bytebuddy (25,26,0.490), net.bytebuddy.description.annotation (12,19,0.387), net.bytebuddy.implementation (23,25,0.479). Only 5 outgoing dependencies are more stable (lower I). Because net.bytebuddy.description.type depends on many packages that are less stable than itself, it violates the Stable Dependencies Principle — therefore the Unstable Dependency smell is detected."
byte-buddy,net.bytebuddy.dynamic.loading.txt,,package,net.bytebuddy.dynamic.loading,1,"Analyzed package stability I = Ca/(Ca+Ce) = 19/(19+15) = 0.559. It has 15 outgoing dependencies; 6 of them are less stable (I < 0.559): net.bytebuddy.dynamic (Ca=22, Ce=24, I=0.478), net.bytebuddy.dynamic.scaffold (Ca=15, Ce=24, I=0.385), net.bytebuddy.description.module (Ca=9, Ce=8, I=0.529), net.bytebuddy (Ca=26, Ce=25, I=0.510), net.bytebuddy.dynamic.scaffold.subclass (Ca=9, Ce=20, I=0.310), net.bytebuddy.implementation (Ca=25, Ce=23, I=0.521). Several of these (for example net.bytebuddy.dynamic and net.bytebuddy.dynamic.scaffold) also list net.bytebuddy.dynamic.loading among their dependencies (incoming), indicating mutual/cyclic dependencies that exacerbate the violation of the Stable Dependencies Principle. Because the package depends on multiple less-stable components and has cyclic ties with them, the Unstable Dependency smell is detected."
byte-buddy,net.bytebuddy.dynamic.scaffold.inline.txt,,package,net.bytebuddy.dynamic.scaffold.inline,0,"Analyzed package metrics: Ce=20, Ca=7 => instability I = 20/(20+7) = 0.741. All outgoing dependencies are more stable (lower I) than the analyzed package. Examples: net.bytebuddy.asm (Ce=23, Ca=11 => I=23/34=0.676), net.bytebuddy.implementation.auxiliary (Ce=17, Ca=9 => I=17/26=0.654), net.bytebuddy.pool (Ce=15, Ca=11 => I=15/26=0.577), net.bytebuddy.dynamic.scaffold (Ce=24, Ca=15 => I=24/39=0.615), net.bytebuddy.dynamic (Ce=24, Ca=22 => I=24/46=0.522), net.bytebuddy.implementation.attribute (Ce=9, Ca=8 => I=9/17=0.529). None of the outgoing dependencies have instability > 0.741, so the package does not depend on less stable components. Incoming dependencies include some more unstable packages (e.g., net.bytebuddy.agent.builder Ce=23, Ca=1 => I=0.958) that depend on this package, which is acceptable and consistent with the Stable Dependencies Principle."
byte-buddy,net.bytebuddy.dynamic.scaffold.subclass.txt,,package,net.bytebuddy.dynamic.scaffold.subclass,0,"Analyzed package metrics: Ce=20, Ca=9 -> Instability I = 20/(20+9) = 0.6897. All outgoing dependencies have instability <= 0.6897 (examples: net.bytebuddy.dynamic I=0.5217, net.bytebuddy.dynamic.scaffold I=0.6154, net.bytebuddy.asm I=0.6765, net.bytebuddy.implementation.auxiliary I=0.6538, net.bytebuddy.pool I=0.5769, net.bytebuddy.implementation.attribute I=0.5294). Since the package only depends on packages with equal or lower instability (i.e., more stable), it does not violate the Stable Dependencies Principle. Incoming dependencies include a mix of packages (e.g., net.bytebuddy.dynamic.loading I=0.4412, net.bytebuddy.implementation I=0.4792, net.bytebuddy.agent.builder I=0.9583), but these do not create an unstable-dependency smell for the analyzed package because the smell is about the analyzed package depending on less stable packages, which is not the case here."
byte-buddy,net.bytebuddy.dynamic.scaffold.txt,,package,net.bytebuddy.dynamic.scaffold,1,"Analyzed package instability I = Ce/(Ce+Ca) = 24/(24+15) ≈ 0.615. It depends on multiple packages whose instability is higher than 0.615, i.e. they are less stable: net.bytebuddy.dynamic.scaffold.subclass (Ce=20, Ca=9, I≈0.690), net.bytebuddy.utility.visitor (Ce=6, Ca=3, I≈0.667), net.bytebuddy.asm (Ce=23, Ca=11, I≈0.676), net.bytebuddy.implementation.auxiliary (Ce=17, Ca=9, I≈0.654), net.bytebuddy.dynamic.scaffold.inline (Ce=20, Ca=7, I≈0.741). Because the package depends on these less stable packages (higher I), the Stable Dependencies Principle is violated and the Unstable Dependency smell is detected."
byte-buddy,net.bytebuddy.dynamic.txt,,package,net.bytebuddy.dynamic,1,"net.bytebuddy.dynamic has Ce=24, Ca=22 -> instability I=24/(24+22)=0.522. It has outgoing dependencies to several packages that are less stable (higher instability) than itself, violating the Stable Dependencies Principle. Examples: net.bytebuddy.dynamic.scaffold (Ce=24, Ca=15, I=24/39=0.615), net.bytebuddy.utility.visitor (Ce=6, Ca=3, I=6/9=0.667), net.bytebuddy.pool (Ce=15, Ca=11, I=15/26=0.577), net.bytebuddy.asm (Ce=23, Ca=11, I=23/34=0.676), net.bytebuddy.implementation.bytecode.constant (Ce=9, Ca=7, I=9/16=0.5625), net.bytebuddy.implementation.auxiliary (Ce=17, Ca=9, I=17/26=0.654), net.bytebuddy.implementation.attribute (Ce=9, Ca=8, I=9/17=0.529). Because net.bytebuddy.dynamic depends on multiple packages with higher instability than itself, the Unstable Dependency smell is detected."
byte-buddy,net.bytebuddy.implementation.attribute.txt,,package,net.bytebuddy.implementation.attribute,1,"Analyzed package instability I = Ce/(Ca+Ce) = 9/(8+9) = 0.529. It has an outgoing dependency on net.bytebuddy.asm whose instability is 23/(23+11) = 0.676, which is greater than 0.529. Depending on net.bytebuddy.asm (a less stable package) violates the Stable Dependencies Principle and causes an Unstable Dependency smell. (All other outgoing dependencies have lower instability: net.bytebuddy.utility 0.390, net.bytebuddy.dynamic.loading 0.441, net.bytebuddy.build 0.346, net.bytebuddy.description.method 0.306, net.bytebuddy.description.field 0.240, net.bytebuddy 0.490, net.bytebuddy.description.type 0.333, net.bytebuddy.description.annotation 0.387.)"
byte-buddy,net.bytebuddy.implementation.auxiliary.txt,,package,net.bytebuddy.implementation.auxiliary,1,"net.bytebuddy.implementation.auxiliary has Ce=17, Ca=9 => instability I = 17/(17+9) = 0.654. It has an outgoing dependency to net.bytebuddy.dynamic.scaffold.subclass which has Ce=20, Ca=9 => I = 20/(20+9) = 0.690, i.e. more unstable (higher I) than the analyzed package. This violates the Stable Dependencies Principle (a package depending on a less stable package). Other outgoing dependencies (e.g. net.bytebuddy.utility I=0.390, net.bytebuddy.matcher I=0.281, net.bytebuddy.dynamic I=0.522, net.bytebuddy.implementation.bytecode I=0.154) are more stable, but the dependency on net.bytebuddy.dynamic.scaffold.subclass (I=0.690 > 0.654) is sufficient to flag an Unstable Dependency smell."
byte-buddy,net.bytebuddy.implementation.bind.annotation.txt,,package,net.bytebuddy.implementation.bind.annotation,0,"net.bytebuddy.implementation.bind.annotation has Ce=20 and Ca=3 => stability I = 3/(3+20) = 0.130. The Stable Dependencies Principle is violated only if this package depends on packages with lower stability (I < 0.130). Its outgoing dependencies have higher stability values: examples — net.bytebuddy.implementation.bytecode.collection I=0.200, net.bytebuddy.implementation.bind I=0.273, net.bytebuddy.dynamic.scaffold.subclass I=0.310, net.bytebuddy.implementation.auxiliary I=0.346, net.bytebuddy.dynamic I=0.478, net.bytebuddy.implementation I=0.521, net.bytebuddy.build I=0.655, etc. The minimum outgoing dependency stability is 0.200, which is greater than 0.130, so it does not depend on less stable components. Therefore no Unstable Dependency smell is detected."
byte-buddy,net.bytebuddy.implementation.bind.txt,,package,net.bytebuddy.implementation.bind,1,"The package is unstable (Ce=8, Ca=3 -> instability I=8/(8+3)=0.727). It has an outgoing dependency to net.bytebuddy.implementation.bind.annotation which is less stable (Ce=20, Ca=3 -> I=20/(20+3)=0.870). Depending on a package with higher instability violates the Stable Dependencies Principle. Additionally this dependency is mutual (net.bytebuddy.implementation.bind.annotation appears in the package's outgoing list and in its incoming list), increasing fragility. Most other outgoing dependencies are more stable (examples: net.bytebuddy.build I≈0.345, net.bytebuddy.description.type I≈0.333, net.bytebuddy.implementation I≈0.479), but the presence of the dependency on net.bytebuddy.implementation.bind.annotation constitutes an unstable-dependency smell for this package."
byte-buddy,net.bytebuddy.implementation.bytecode.assign.primitive.txt,,package,net.bytebuddy.implementation.bytecode.assign.primitive,0,"Analyzed package has Ce=6, Ca=0 -> stability = 0.0. Unstable-dependency smell occurs when a package depends on packages less stable than itself. Outgoing dependencies and their stabilities: net.bytebuddy.implementation.bytecode.assign (Ce=5, Ca=12 -> stability=12/17≈0.706), net.bytebuddy.build (Ce=19, Ca=36 -> stability=36/55≈0.655), net.bytebuddy.implementation.bytecode (Ce=4, Ca=22 -> stability=22/26≈0.846), net.bytebuddy.description.type (Ce=16, Ca=32 -> stability=32/48≈0.667), net.bytebuddy.implementation.bytecode.constant (Ce=9, Ca=7 -> stability=7/16≈0.438), net.bytebuddy.implementation (Ce=23, Ca=25 -> stability=25/48≈0.521). All outgoing dependencies have stability > 0 (i.e., are more stable than the analyzed package). Therefore there are no dependencies on less-stable packages and the Unstable Dependency smell is not detected."
byte-buddy,net.bytebuddy.implementation.bytecode.assign.reference.txt,,package,net.bytebuddy.implementation.bytecode.assign.reference,0,"The analyzed package has Ce=5, Ca=1 -> instability I = 1/(1+5) = 0.167. All outgoing dependencies are more stable: net.bytebuddy.implementation.bytecode.assign (Ce=5, Ca=12 -> I=12/17=0.706), net.bytebuddy.build (Ce=19, Ca=36 -> I=36/55=0.655), net.bytebuddy.implementation.bytecode (Ce=4, Ca=22 -> I=22/26=0.846), net.bytebuddy.description.type (Ce=16, Ca=32 -> I=32/48=0.667), net.bytebuddy.implementation (Ce=23, Ca=25 -> I=25/48=0.521). The incoming dependency (net.bytebuddy.implementation.bytecode.assign) is also from a more stable package (I=0.706). Since the package depends only on packages with higher stability values than itself, the Unstable Dependency smell is not present."
byte-buddy,net.bytebuddy.implementation.bytecode.assign.txt,,package,net.bytebuddy.implementation.bytecode.assign,1,"The package has Ca=12 and Ce=5 -> stability I = 12/(12+5) = 0.706. It has outgoing dependencies to: net.bytebuddy.build (Ca=36, Ce=19 -> I=36/55 = 0.655), net.bytebuddy.implementation.bytecode (Ca=22, Ce=4 -> I=22/26 = 0.846), net.bytebuddy.description.type (Ca=32, Ce=16 -> I=32/48 = 0.667), net.bytebuddy.implementation.bytecode.assign.reference (Ca=1, Ce=5 -> I=1/6 = 0.167), net.bytebuddy.implementation (Ca=25, Ce=23 -> I=25/48 = 0.521). According to the Stable Dependencies Principle, this package (I=0.706) should depend only on packages with equal or higher stability. Four of its five outgoing dependencies (net.bytebuddy.build I=0.655, net.bytebuddy.description.type I=0.667, net.bytebuddy.implementation.bytecode.assign.reference I=0.167, net.bytebuddy.implementation I=0.521) have lower stability than it does, which constitutes an Unstable Dependency smell. Only net.bytebuddy.implementation.bytecode (I=0.846) is more stable."
byte-buddy,net.bytebuddy.implementation.bytecode.collection.txt,,package,net.bytebuddy.implementation.bytecode.collection,0,"Analyzed package net.bytebuddy.implementation.bytecode.collection has Ce=4, Ca=1 -> Instability I = 4/(4+1) = 0.8. Outgoing dependencies: net.bytebuddy.description.type (Ce=16, Ca=32 -> I = 16/48 ≈ 0.333), net.bytebuddy.build (Ce=19, Ca=36 -> I = 19/55 ≈ 0.345), net.bytebuddy.implementation.bytecode (Ce=4, Ca=22 -> I = 4/26 ≈ 0.154), net.bytebuddy.implementation (Ce=23, Ca=25 -> I = 23/48 ≈ 0.479). All outgoing dependencies have lower instability (are more stable) than the analyzed package, so the package does not depend on less stable components. Incoming dependency net.bytebuddy.implementation.bind.annotation (Ce=20, Ca=3 -> I = 20/23 ≈ 0.870) is more unstable, which does not indicate an unstable dependency from the analyzed package. Therefore no Unstable Dependency smell detected."
byte-buddy,net.bytebuddy.implementation.bytecode.constant.txt,,package,net.bytebuddy.implementation.bytecode.constant,1,"Analyzed package metrics: Ce=9, Ca=7 -> instability I = 9/(9+7) = 0.5625. It has an outgoing dependency to net.bytebuddy.implementation.auxiliary which has Ce=17, Ca=9 -> instability I = 17/(17+9) = 0.6538. Because net.bytebuddy.implementation.auxiliary is less stable (higher instability) than the analyzed package, this violates the Stable Dependencies Principle (a package should depend only on packages that are more stable). All other outgoing dependencies are more stable (examples: net.bytebuddy.utility I≈0.390, net.bytebuddy.build I≈0.345, net.bytebuddy.description.method I≈0.306, net.bytebuddy.implementation.bytecode I≈0.154, net.bytebuddy I≈0.490, net.bytebuddy.description.field I≈0.240, net.bytebuddy.description.type I≈0.333, net.bytebuddy.implementation I≈0.479), so the presence of the dependency on net.bytebuddy.implementation.auxiliary (I=0.6538 > 0.5625) is the reason for detecting an Unstable Dependency smell."
byte-buddy,net.bytebuddy.implementation.bytecode.member.txt,,package,net.bytebuddy.implementation.bytecode.member,1,"Analyzed package metrics: Ce=12, Ca=11 => instability I=11/(11+12)=0.478. Among its outgoing dependencies, net.bytebuddy.implementation.bytecode.constant has metrics Ce=9, Ca=7 => instability I=7/(7+9)=0.438, which is lower than the analyzed package's stability (0.438 < 0.478). This means the analyzed package depends on a less stable package (net.bytebuddy.implementation.bytecode.constant), violating the Stable Dependencies Principle. All other outgoing dependencies have higher stability than the analyzed package (e.g., net.bytebuddy.utility I=0.610, net.bytebuddy.matcher I=0.719, net.bytebuddy.implementation.bytecode.assign I=0.706, net.bytebuddy.build I=0.655, net.bytebuddy.implementation.bytecode I=0.846, net.bytebuddy.description.method I=0.694, net.bytebuddy I=0.510, net.bytebuddy.description.field I=0.760, net.bytebuddy.description.enumeration I=0.700, net.bytebuddy.description.type I=0.667, net.bytebuddy.implementation I=0.521), but the single dependency on net.bytebuddy.implementation.bytecode.constant is sufficient to trigger the Unstable Dependency smell."
byte-buddy,net.bytebuddy.implementation.bytecode.txt,,package,net.bytebuddy.implementation.bytecode,1,"net.bytebuddy.implementation.bytecode has Ce=4 and Ca=22 -> instability I = 4/(22+4) = 0.154 (relatively stable). Its outgoing dependencies are less stable (higher I): net.bytebuddy.description.type (Ce=16, Ca=32, I=16/48=0.333), net.bytebuddy.build (Ce=19, Ca=36, I=19/55=0.345), net.bytebuddy.description.method (Ce=11, Ca=25, I=11/36=0.306), net.bytebuddy.implementation (Ce=23, Ca=25, I=23/48=0.479). Because this package (low I) depends on packages with higher instability (higher I), it violates the Stable Dependencies Principle and exhibits the Unstable Dependency smell."
byte-buddy,net.bytebuddy.implementation.txt,,package,net.bytebuddy.implementation,1,"Unstable Dependency detected because net.bytebuddy.implementation has instability I = Ce/(Ca+Ce) = 23/(25+23) = 0.479 and it depends on multiple packages with higher instability (i.e. less stable than itself). Outgoing dependencies with higher instability: net.bytebuddy.dynamic (Ce=24, Ca=22, I=0.522), net.bytebuddy.dynamic.scaffold (Ce=24, Ca=15, I=0.615), net.bytebuddy.dynamic.scaffold.subclass (Ce=20, Ca=9, I=0.690), net.bytebuddy.implementation.bind (Ce=8, Ca=3, I=0.727), net.bytebuddy.implementation.bytecode.member (Ce=12, Ca=11, I=0.522), net.bytebuddy.implementation.bind.annotation (Ce=20, Ca=3, I=0.870), net.bytebuddy.implementation.bytecode.constant (Ce=9, Ca=7, I=0.563), net.bytebuddy.implementation.auxiliary (Ce=17, Ca=9, I=0.654), net.bytebuddy (Ce=25, Ca=26, I=0.490), net.bytebuddy.implementation.attribute (Ce=9, Ca=8, I=0.529). Because a significant portion of its efferent dependencies are more unstable than net.bytebuddy.implementation, the Stable Dependencies Principle is violated and the Unstable Dependency smell is present."
byte-buddy,net.bytebuddy.matcher.txt,,package,net.bytebuddy.matcher,1,"net.bytebuddy.matcher has Ce=9, Ca=23 => instability I=9/(9+23)=0.281. It has outgoing dependencies whose instability is higher than 0.281, i.e. dependencies on less stable packages: net.bytebuddy (Ce=25,Ca=26,I=0.490), net.bytebuddy.dynamic.loading (Ce=15,Ca=19,I=0.441), net.bytebuddy.utility (Ce=16,Ca=25,I=0.390), net.bytebuddy.description.annotation (Ce=12,Ca=19,I=0.387), net.bytebuddy.build (Ce=19,Ca=36,I=0.345), net.bytebuddy.description.type (Ce=16,Ca=32,I=0.333), net.bytebuddy.description.method (Ce=11,Ca=25,I=0.306). Only net.bytebuddy.description.field (I=0.240) and net.bytebuddy.description (I=0.250) are more stable. Because net.bytebuddy.matcher (relatively stable, Ca>Ce) depends on multiple less stable packages, it violates the Stable Dependencies Principle -> Unstable Dependency smell detected."
byte-buddy,net.bytebuddy.pool.txt,,package,net.bytebuddy.pool,1,"net.bytebuddy.pool has Ce=15, Ca=11 (stability I = 11/(11+15) ≈ 0.423). It has an outgoing dependency to net.bytebuddy.dynamic.scaffold which has Ce=24, Ca=15 (stability I = 15/(15+24) ≈ 0.385). Because net.bytebuddy.pool depends on net.bytebuddy.dynamic.scaffold whose stability (0.385) is lower than net.bytebuddy.pool's stability (0.423), the Stable Dependencies Principle is violated (a package depends on a less stable package). All other listed outgoing dependencies have equal or higher stability than net.bytebuddy.pool, so there is one clear unstable dependency (net.bytebuddy.dynamic.scaffold) causing the smell."
byte-buddy,net.bytebuddy.txt,,package,net.bytebuddy,1,"net.bytebuddy has Ca=26, Ce=25 => stability I = 26/(26+25) ≈ 0.510. Several of its outgoing dependencies are less stable (I lower than 0.510), violating the Stable Dependencies Principle. Outgoing dependencies with lower stability include: net.bytebuddy.dynamic (Ca=22, Ce=24, I≈0.478), net.bytebuddy.dynamic.scaffold (Ca=15, Ce=24, I≈0.385), net.bytebuddy.dynamic.scaffold.subclass (Ca=9, Ce=20, I≈0.310), net.bytebuddy.implementation.bind (Ca=3, Ce=8, I≈0.273), net.bytebuddy.implementation.bytecode.member (Ca=11, Ce=12, I≈0.478), net.bytebuddy.agent.builder (Ca=1, Ce=23, I≈0.042), net.bytebuddy.pool (Ca=11, Ce=15, I≈0.423), net.bytebuddy.implementation.bind.annotation (Ca=3, Ce=20, I≈0.130), net.bytebuddy.implementation.auxiliary (Ca=9, Ce=17, I≈0.346), net.bytebuddy.dynamic.scaffold.inline (Ca=7, Ce=20, I≈0.259), net.bytebuddy.implementation.attribute (Ca=8, Ce=9, I≈0.471). Because net.bytebuddy (I≈0.510) depends on these less-stable packages, an Unstable Dependency smell is detected. Note: net.bytebuddy also depends on several more-stable packages (e.g. build, description.type, implementation.bytecode, matcher, utility), but the presence of multiple dependencies to less-stable packages is sufficient to flag the smell."
byte-buddy,net.bytebuddy.utility.dispatcher.txt,,package,net.bytebuddy.utility.dispatcher,1,"Analyzed package metrics Ce=6, Ca=8 -> Instability I = 6/(6+8) = 0.429. Outgoing dependencies and their instabilities: net.bytebuddy.utility (Ce=16, Ca=25, I=0.390 - more stable), net.bytebuddy.asm (Ce=23, Ca=11, I=0.677 - less stable), net.bytebuddy.dynamic.scaffold (Ce=24, Ca=15, I=0.615 - less stable), net.bytebuddy.build (Ce=19, Ca=36, I=0.345 - more stable), net.bytebuddy.description.method (Ce=11, Ca=25, I=0.306 - more stable), net.bytebuddy (Ce=25, Ca=26, I=0.490 - less stable). Because net.bytebuddy.utility.dispatcher depends on multiple packages (net.bytebuddy.asm, net.bytebuddy.dynamic.scaffold, net.bytebuddy) that have higher instability (I greater than 0.429), it violates the Stable Dependencies Principle and exhibits the Unstable Dependency smell."
byte-buddy,net.bytebuddy.utility.privilege.txt,,package,net.bytebuddy.utility.privilege,0,"Analyzed package net.bytebuddy.utility.privilege has Ce=1, Ca=1 (instability I = 1/(1+1) = 0.5). Its sole outgoing dependency is net.bytebuddy.build (Ce=19, Ca=36, I = 19/(19+36) ≈ 0.345), which is more stable (lower instability) than the analyzed package. Incoming dependency net.bytebuddy.utility (Ce=16, Ca=25, I ≈ 0.390) depends on the analyzed package but does not create an unstable dependency. Since the package only depends on a more stable package, the Unstable Dependency smell is not present."
byte-buddy,net.bytebuddy.utility.txt,,package,net.bytebuddy.utility,1,"net.bytebuddy.utility has Ce=16, Ca=25 -> stability I = 25/(25+16) = 0.61. It has outgoing dependencies to several packages whose stability I is lower than 0.61, violating the Stable Dependencies Principle: net.bytebuddy.utility.dispatcher (Ce=6, Ca=8, I=0.57), net.bytebuddy.pool (Ce=15, Ca=11, I=0.42), net.bytebuddy.dynamic (Ce=24, Ca=22, I=0.48), net.bytebuddy.utility.privilege (Ce=1, Ca=1, I=0.50), net.bytebuddy.description.module (Ce=8, Ca=9, I=0.53), net.bytebuddy.dynamic.loading (Ce=15, Ca=19, I=0.56) and net.bytebuddy (Ce=25, Ca=26, I=0.51). Because net.bytebuddy.utility depends on these less-stable packages, an Unstable Dependency smell is detected (even though some dependencies are more stable, multiple unstable outgoing dependencies cause the smell)."
byte-buddy,net.bytebuddy.utility.visitor.txt,,package,net.bytebuddy.utility.visitor,0,"Analyzed package net.bytebuddy.utility.visitor has Ce=6, Ca=3 -> instability I = 6/(6+3) = 0.667. Its outgoing dependencies are to packages that are more stable (lower I): net.bytebuddy.utility (Ce=16, Ca=25, I=0.390), net.bytebuddy.dynamic (Ce=24, Ca=22, I=0.522), net.bytebuddy.build (Ce=19, Ca=36, I=0.346), net.bytebuddy.description.method (Ce=11, Ca=25, I=0.306), net.bytebuddy.implementation.bytecode (Ce=4, Ca=22, I=0.154), net.bytebuddy.implementation (Ce=23, Ca=25, I=0.479). Because all outgoing dependencies have lower instability than net.bytebuddy.utility.visitor, the Stable Dependency Principle is respected and there is no unstable-dependency smell. (Incoming packages: net.bytebuddy.dynamic I=0.522, net.bytebuddy.dynamic.scaffold I=0.615, net.bytebuddy.asm I=0.677 — although net.bytebuddy.asm is marginally less stable than this package, it is an incoming dependency (it depends on net.bytebuddy.utility.visitor), so it does not cause an unstable dependency for net.bytebuddy.utility.visitor.)"
byte-buddy,org.gradle.api.file.txt,,package,org.gradle.api.file,0,"org.gradle.api.file has Ce=1 and Ca=1 (instability I = Ce/(Ca+Ce) = 1/2 = 0.5). Its single outgoing dependency is org.gradle.api.provider which has Ce=0 and Ca=3 (I = 0/(3+0) = 0.0), i.e. more stable. The dependency direction (org.gradle.api.file -> org.gradle.api.provider) goes from higher instability to lower instability, satisfying the Stable Dependencies Principle. The incoming dependency from net.bytebuddy.build.gradle (Ce=8, Ca=0, I=1.0) is from a less stable package to org.gradle.api.file and does not indicate org.gradle.api.file depending on a less stable package. Therefore no Unstable Dependency smell is detected."
byte-buddy,org.gradle.api.provider.txt,,package,org.gradle.api.provider,0,"org.gradle.api.provider has no outgoing dependencies (Ce = 0) and therefore does not depend on any less-stable packages. Its afferent coupling is Ca = 3, giving stability I = Ca/(Ca+Ce) = 3/(3+0) = 1.0 (very stable). The incoming dependents are net.bytebuddy.build.gradle.android (Ca=0, Ce=9, I=0.0), org.gradle.work (Ca=1, Ce=1, I=0.5) and org.gradle.api.file (Ca=1, Ce=1, I=0.5); these packages depend on org.gradle.api.provider (incoming), not the other way around. Because there are no outgoing dependencies to less stable packages, the Unstable Dependency smell is not present."
byte-buddy,org.gradle.api.tasks.txt,,package,org.gradle.api.tasks,0,"The package has Ce=0 and Ca=2 (instability I = Ce/(Ca+Ce) = 0.0), and no outgoing dependencies. It does not depend on any other packages (outgoing_dependencies empty), so it cannot depend on less-stable packages. Incoming dependencies come from net.bytebuddy.build.gradle.android (Ce=9, Ca=0) and net.bytebuddy.build.gradle (Ce=8, Ca=0) which are unstable but depend on org.gradle.api.tasks. Dependency direction is toward the more stable package, so the Unstable Dependency smell is not present."
byte-buddy,org.gradle.work.txt,,package,org.gradle.work,0,"org.gradle.work has Ce=1 and Ca=1 => instability I=1/(1+1)=0.5. Its only outgoing dependency is org.gradle.api.provider which has Ce=0 and Ca=3 => I=0/(0+3)=0.0, i.e. more stable than org.gradle.work (0.0 < 0.5). The incoming dependency from net.bytebuddy.build.gradle (Ce=8, Ca=0 => I=1.0) is an afferent relation and does not make org.gradle.work depend on a less stable package. Therefore org.gradle.work does not exhibit the Unstable Dependency smell."
commons-io,org.apache.commons.io.build.txt,,package,org.apache.commons.io.build,1,"org.apache.commons.io.build has Ce=4, Ca=2 -> instability I = 4/(4+2) = 0.667. One of its outgoing dependencies, org.apache.commons.io.input, has Ce=7, Ca=3 -> I = 7/(7+3) = 0.700, which is less stable (higher instability) than org.apache.commons.io.build. This violates the Stable Dependencies Principle (a package should depend only on more stable packages). Other outgoing dependencies are more stable (org.apache.commons.io.file I=0.417, org.apache.commons.io.function I=0.222, org.apache.commons.io I=0.353). Note also org.apache.commons.io.input lists org.apache.commons.io.build among its dependencies (cyclic dependency), which further exacerbates the unstable dependency issue."
commons-io,org.apache.commons.io.channels.txt,,package,org.apache.commons.io.channels,0,"Analyzed package org.apache.commons.io.channels has Ce=2 and Ca=0 -> instability I = 2/(0+2) = 1.0 (maximally unstable). Outgoing dependencies: org.apache.commons.io.function (Ce=2, Ca=7 -> I = 2/(2+7) = 0.222), org.apache.commons.io (Ce=6, Ca=11 -> I = 6/(6+11) = 0.353). Both outgoing dependencies have lower instability (are more stable) than the analyzed package. There are no incoming dependencies (Ca=0). Because the package depends only on more stable packages, it does not exhibit the Unstable Dependency smell."
commons-io,org.apache.commons.io.charset.txt,,package,org.apache.commons.io.charset,0,"org.apache.commons.io.charset has Ce=0 and Ca=2 => stability I=2/(2+0)=1.0 (very stable). It has no outgoing dependencies (does not depend on other packages) and two incoming dependencies: org.apache.commons.io.input (Ce=7, Ca=3 => I=3/10=0.3) and org.apache.commons.io.output (Ce=6, Ca=4 => I=4/10=0.4). Those less-stable packages depend on this more-stable package, which follows the Stable Dependencies Principle. Therefore there is no Unstable Dependency smell for this package."
commons-io,org.apache.commons.io.comparator.txt,,package,org.apache.commons.io.comparator,0,"Analyzed package metrics: Ce=1, Ca=1 -> Instability I=Ce/(Ca+Ce)=1/2=0.5. Outgoing dependency org.apache.commons.io: Ce=6, Ca=11 -> I=6/17≈0.353. Since the analyzed package depends on org.apache.commons.io which has lower instability (more stable) than org.apache.commons.io.comparator, the dependency direction follows the Stable Dependencies Principle. There is an incoming dependency from org.apache.commons.io.monitor (Ce=5, Ca=0 -> I=1.0, unstable) but it is an incoming dependency (other package depends on org.apache.commons.io.comparator) and does not constitute an unstable dependency of this package. Therefore no Unstable Dependency smell is detected."
commons-io,org.apache.commons.io.file.attribute.txt,,package,org.apache.commons.io.file.attribute,0,"The package has Ce=0 and Ca=4 giving stability I = 1.0 (very stable). It has no outgoing dependencies. Incoming dependencies come from org.apache.commons.io (I≈0.647), org.apache.commons.io.input (I=0.3), org.apache.commons.io.file (I≈0.583) and org.apache.commons.io.monitor (I=0.0). Because the package does not depend on less stable packages (it has no efferent couplings) and is more stable than its dependents, the Stable Dependency Principle is satisfied and no Unstable Dependency smell is detected."
commons-io,org.apache.commons.io.file.spi.txt,,package,org.apache.commons.io.file.spi,0,"No unstable dependency detected: the package has no outgoing dependencies (Ce = 0, outgoing_dependencies = []) and no incoming dependencies (Ca = 0). Because it does not depend on other packages, it cannot depend on less-stable components, so the Stable Dependencies Principle is not violated."
commons-io,org.apache.commons.io.file.txt,,package,org.apache.commons.io.file,1,"Analyzed package org.apache.commons.io.file has Ce=5, Ca=7 -> instability I = 5/(5+7) = 0.4167. It has outgoing dependencies to: org.apache.commons.io.filefilter (Ce=4, Ca=3 -> I=4/7 = 0.5714) and org.apache.commons.io.output (Ce=6, Ca=4 -> I=6/10 = 0.6000), both of which are less stable (higher I) than org.apache.commons.io.file. Depending on these more unstable packages violates the Stable Dependencies Principle, so an Unstable Dependency smell is detected. Other outgoing dependencies (org.apache.commons.io I=0.3529, org.apache.commons.io.file.attribute I=0.0000, org.apache.commons.io.function I=0.2222) are more stable and do not cause the violation."
commons-io,org.apache.commons.io.filefilter.txt,,package,org.apache.commons.io.filefilter,1,"org.apache.commons.io.filefilter has Ce=4 and Ca=3 -> instability I = 4/(4+3) = 0.571. One of its outgoing dependencies, org.apache.commons.io.output, has Ce=6 and Ca=4 -> I = 6/(6+4) = 0.600, which is less stable (higher instability) than org.apache.commons.io.filefilter. This violates the Stable Dependencies Principle (a package should only depend on packages more stable than itself), so an unstable dependency is detected. Other outgoing dependencies (org.apache.commons.io.file I=0.417, org.apache.commons.io.function I=0.222, org.apache.commons.io I=0.353) are more stable and do not violate the principle. Incoming dependencies include org.apache.commons.io (I=0.353), org.apache.commons.io.file (I=0.417) and org.apache.commons.io.monitor (Ce=5,Ca=0 -> I=1.0), but the outgoing dependency to org.apache.commons.io.output is sufficient to mark this package as having an unstable dependency."
commons-io,org.apache.commons.io.function.txt,,package,org.apache.commons.io.function,1,"Instability of org.apache.commons.io.function = Ce/(Ca+Ce) = 2/(7+2) = 0.222. Outgoing dependencies: org.apache.commons.io.file (Ce=5, Ca=7, I=5/(5+7)=0.417) and org.apache.commons.io (Ce=6, Ca=11, I=6/(6+11)=0.353). Both outgoing packages have higher instability than org.apache.commons.io.function (0.417 > 0.222 and 0.353 > 0.222), so the package depends on less stable components — this violates the Stable Dependencies Principle and indicates an Unstable Dependency smell."
commons-io,org.apache.commons.io.input.buffer.txt,,package,org.apache.commons.io.input.buffer,0,"Analyzed package org.apache.commons.io.input.buffer has Ce=1 and Ca=0, giving instability I = 0/(0+1) = 0. Its sole outgoing dependency is org.apache.commons.io which has Ce=6 and Ca=11, giving instability I = 11/(11+6) ≈ 0.647. Because the analyzed package (I=0) depends on a more stable package (I≈0.647) and there are no incoming dependencies (Ca=0), the Stable Dependencies Principle is not violated; therefore the Unstable Dependency smell is not detected."
commons-io,org.apache.commons.io.input.txt,,package,org.apache.commons.io.input,0,"Analyzed package org.apache.commons.io.input has Ce=7 and Ca=3 -> instability I = 7/(7+3) = 0.70. All outgoing dependencies are more stable (have lower instability): org.apache.commons.io I=6/(6+11)=0.353, org.apache.commons.io.file I=5/(5+7)=0.417, org.apache.commons.io.file.attribute I=0/(0+4)=0.000, org.apache.commons.io.build I=4/(4+2)=0.667, org.apache.commons.io.charset I=0/(0+2)=0.000, org.apache.commons.io.function I=2/(2+7)=0.222, org.apache.commons.io.output I=6/(6+4)=0.600. Since every outgoing dependency has instability < 0.70, the Stable Dependencies Principle is respected and there is no Unstable Dependency smell."
commons-io,org.apache.commons.io.monitor.txt,,package,org.apache.commons.io.monitor,0,"org.apache.commons.io.monitor has Ca=0, Ce=5 -> stability I=0.0. Its outgoing dependencies have higher stability: org.apache.commons.io.filefilter (Ca=3, Ce=4 -> I≈0.4286), org.apache.commons.io (Ca=11, Ce=6 -> I≈0.6471), org.apache.commons.io.comparator (Ca=1, Ce=1 -> I=0.5), org.apache.commons.io.file (Ca=7, Ce=5 -> I≈0.5833), org.apache.commons.io.file.attribute (Ca=4, Ce=0 -> I=1.0). Because all depended-on packages are more stable than org.apache.commons.io.monitor, the Unstable Dependency smell is not present."
commons-io,org.apache.commons.io.output.txt,,package,org.apache.commons.io.output,1,"Analyzed package org.apache.commons.io.output has Ce=6, Ca=4 -> instability I=4/(4+6)=0.40. Outgoing dependencies: org.apache.commons.io.input (Ce=7, Ca=3, I=0.30), org.apache.commons.io (Ce=6, Ca=11, I≈0.65), org.apache.commons.io.file (Ce=5, Ca=7, I≈0.58), org.apache.commons.io.build (Ce=4, Ca=2, I≈0.33), org.apache.commons.io.charset (Ce=0, Ca=2, I=1.00), org.apache.commons.io.function (Ce=2, Ca=7, I≈0.78). The Stable Dependencies Principle requires depending only on packages more stable than the depender. org.apache.commons.io.output depends on org.apache.commons.io.input (I=0.30) and org.apache.commons.io.build (I≈0.33), both less stable than org.apache.commons.io.output (I=0.40). Incoming dependencies (packages depending on this package) include org.apache.commons.io (I≈0.65), org.apache.commons.io.input (I=0.30), org.apache.commons.io.file (I≈0.58), org.apache.commons.io.filefilter (Ce=4, Ca=3, I≈0.43). Despite some incoming more-stable packages, the presence of outgoing dependencies with lower stability (input and build) constitutes an unstable dependency smell."
commons-io,org.apache.commons.io.serialization.txt,,package,org.apache.commons.io.serialization,0,"The analyzed package has Ce=1 and Ca=0 (instability I = 0.0). Its only outgoing dependency is org.apache.commons.io which has Ce=6 and Ca=11 (instability I ≈ 0.647). Since the package depends on a more stable package (0.647 > 0.0), the Stable Dependencies Principle is respected and there is no Unstable Dependency smell. Additionally, there are no incoming dependencies to the analyzed package."
commons-io,org.apache.commons.io.txt,,package,org.apache.commons.io,1,"org.apache.commons.io has Ca=11 and Ce=6 (stability I = 11/(11+6) ≈ 0.647). Several of its outgoing dependencies are less stable (lower I) than 0.647, creating unstable dependencies: org.apache.commons.io.filefilter (Ca=3, Ce=4, I=3/7 ≈ 0.429), org.apache.commons.io.input (Ca=3, Ce=7, I=3/10 = 0.300), org.apache.commons.io.file (Ca=7, Ce=5, I=7/12 ≈ 0.583), org.apache.commons.io.output (Ca=4, Ce=6, I=4/10 = 0.400). Two outgoing dependencies are more stable (no issue): org.apache.commons.io.file.attribute (Ca=4, Ce=0, I=1.000) and org.apache.commons.io.function (Ca=7, Ce=2, I=7/9 ≈ 0.778). Because org.apache.commons.io depends on multiple packages with lower stability, it violates the Stable Dependencies Principle -> unstable dependency detected."
commons-lang,org.apache.commons.lang3.arch.txt,,package,org.apache.commons.lang3.arch,0,"The package has Ce=0 (no outgoing/efferent dependencies) and Ca=1 (one incoming), giving instability I = 0/(0+1) = 0 (fully stable). There are no outgoing dependencies to less-stable packages; the only relation is an incoming dependency from org.apache.commons.lang3. Therefore the Stable Dependencies Principle is not violated and Unstable Dependency is not detected."
commons-lang,org.apache.commons.lang3.builder.txt,,package,org.apache.commons.lang3.builder,1,"org.apache.commons.lang3.builder has Ca=1, Ce=3 => stability I = 1/(1+3) = 0.25. It has outgoing dependencies to: org.apache.commons.lang3 (Ca=13, Ce=10 => I = 13/23 ≈ 0.565), org.apache.commons.lang3.reflect (Ca=1, Ce=5 => I = 1/6 ≈ 0.1667), and org.apache.commons.lang3.tuple (Ca=1, Ce=1 => I = 0.5). Because it depends on org.apache.commons.lang3.reflect which is less stable (I ≈ 0.1667) than org.apache.commons.lang3.builder (I = 0.25), the Stable Dependencies Principle is violated (package depends on a less stable package) -> Unstable Dependency detected."
commons-lang,org.apache.commons.lang3.compare.txt,,package,org.apache.commons.lang3.compare,0,"org.apache.commons.lang3.compare has Ce=0 (no outgoing dependencies) and Ca=1, giving stability I=1.0. It does not depend on any other packages, so it cannot depend on less-stable packages. The only incoming dependency is from org.apache.commons.lang3.reflect (Ce=5, Ca=1, I≈0.1667), which depends on this package — that is the correct direction (less stable package depending on more stable one). Therefore no Unstable Dependency is detected for org.apache.commons.lang3.compare."
commons-lang,org.apache.commons.lang3.concurrent.locks.txt,,package,org.apache.commons.lang3.concurrent.locks,0,"Analyzed package metrics: Ce=2, Ca=0 -> instability I = Ce/(Ca+Ce) = 2/(0+2) = 1.0 (very unstable). Outgoing dependencies: 1) org.apache.commons.lang3.function: Ce=2, Ca=7 -> I = 2/(7+2) = 0.222; 2) org.apache.commons.lang3: Ce=10, Ca=13 -> I = 10/(13+10) = 0.435. Both outgoing dependencies have lower instability (are more stable) than the analyzed package. Incoming dependencies: none (Ca=0). Because the package depends only on more stable packages (lower I values), the Unstable Dependency smell is not detected."
commons-lang,org.apache.commons.lang3.concurrent.txt,,package,org.apache.commons.lang3.concurrent,0,"Analyzed package metrics: Ce=3, Ca=0 -> Instability I = Ce/(Ca+Ce) = 3/(0+3) = 1.00 (highly unstable). Outgoing dependencies: org.apache.commons.lang3.function (Ce=2, Ca=7 -> I=2/9=0.222), org.apache.commons.lang3.exception (Ce=1, Ca=5 -> I=1/6=0.167), org.apache.commons.lang3 (Ce=10, Ca=13 -> I=10/23=0.435). Each outgoing dependency has lower instability (0.222, 0.167, 0.435) than the analyzed package (1.00), so the package depends on more stable packages. No incoming dependencies (Ca=0) do not change this. Therefore the Unstable Dependency smell is not detected."
commons-lang,org.apache.commons.lang3.event.txt,,package,org.apache.commons.lang3.event,0,"Analyzed package has Ce=2 and Ca=0 (stability I=0.000). Its outgoing dependencies are org.apache.commons.lang3.function (Ca=7, Ce=2, I≈0.778) and org.apache.commons.lang3.exception (Ca=5, Ce=1, I≈0.833). Both dependencies are more stable than the analyzed package (0.778 and 0.833 > 0.000), so the package does not depend on less stable components and no Unstable Dependency smell is detected."
commons-lang,org.apache.commons.lang3.exception.txt,,package,org.apache.commons.lang3.exception,1,"org.apache.commons.lang3.exception has Ce=1 and Ca=5 -> stability = 5/(5+1) = 0.8333. It has an outgoing dependency to org.apache.commons.lang3 which has Ce=10 and Ca=13 -> stability = 13/(13+10) = 0.5652. Because the analyzed package (stability 0.8333) depends on a less stable package (stability 0.5652), the Stable Dependencies Principle is violated -> Unstable Dependency detected."
commons-lang,org.apache.commons.lang3.function.txt,,package,org.apache.commons.lang3.function,1,"org.apache.commons.lang3.function has Ca=7 and Ce=2 (stability = 7/(7+2) = 0.778). It depends on org.apache.commons.lang3.exception (Ca=5, Ce=1, stability = 0.833) and org.apache.commons.lang3 (Ca=13, Ce=10, stability = 0.565). Because org.apache.commons.lang3.function depends on org.apache.commons.lang3 whose stability (0.565) is lower than the analyzed package (0.778), the Stable Dependencies Principle is violated (depends on a less stable package)."
commons-lang,org.apache.commons.lang3.math.txt,,package,org.apache.commons.lang3.math,1,"org.apache.commons.lang3.math has Ce=1 and Ca=3 (instability I = 3/(3+1) = 0.75), and its sole outgoing dependency is org.apache.commons.lang3 which has Ce=10 and Ca=13 (instability I = 13/(13+10) ≈ 0.565). Because org.apache.commons.lang3.math is more stable (higher I) yet depends on a less stable package (lower I), this violates the Stable Dependencies Principle and constitutes an Unstable Dependency. The dependency relationship is explicit in the outgoing dependencies (depends on org.apache.commons.lang3). Incoming dependencies (org.apache.commons.lang3.time and org.apache.commons.lang3.reflect) further show usage by relatively unstable packages, but the primary smell is that the analyzed package depends on a less stable package (org.apache.commons.lang3)."
commons-lang,org.apache.commons.lang3.mutable.txt,,package,org.apache.commons.lang3.mutable,1,"org.apache.commons.lang3.mutable has Ce=1 and Ca=3 (stability I = 3/(3+1) = 0.75). It has an outgoing dependency to org.apache.commons.lang3 which has Ce=10 and Ca=13 (stability I = 13/(13+10) ≈ 0.565). Because org.apache.commons.lang3.mutable depends on org.apache.commons.lang3 whose stability (≈0.565) is lower than its own (0.75), this violates the Stable Dependencies Principle and indicates an Unstable Dependency smell."
commons-lang,org.apache.commons.lang3.reflect.txt,,package,org.apache.commons.lang3.reflect,0,"org.apache.commons.lang3.reflect has Ce=5 and Ca=1, instability I = 1/(1+5) = 0.1667. All outgoing dependencies point to packages with higher stability (I greater than 0.1667): org.apache.commons.lang3.mutable (Ce=1,Ca=3 -> I=0.75), org.apache.commons.lang3 (Ce=10,Ca=13 -> I≈0.565), org.apache.commons.lang3.stream (Ce=2,Ca=2 -> I=0.5), org.apache.commons.lang3.compare (Ce=0,Ca=1 -> I=1.0), org.apache.commons.lang3.math (Ce=1,Ca=3 -> I=0.75). The incoming dependency org.apache.commons.lang3.builder (Ce=3,Ca=1 -> I=0.25) is also more stable than the analyzed package. Because all dependencies of the package go to more stable packages, the Unstable Dependency smell is not present."
commons-lang,org.apache.commons.lang3.stream.txt,,package,org.apache.commons.lang3.stream,0,"Analyzed package org.apache.commons.lang3.stream has Ce=2, Ca=2 -> instability I = 2/(2+2) = 0.50. Its outgoing dependencies are: org.apache.commons.lang3.function (Ce=2, Ca=7 -> I = 2/(2+7) ≈ 0.22) and org.apache.commons.lang3 (Ce=10, Ca=13 -> I = 10/(10+13) ≈ 0.43). Both outgoing dependencies have lower instability than the analyzed package (they are more stable), so the package does not depend on less stable components. Incoming dependencies (org.apache.commons.lang3.reflect Ce=5, Ca=1 -> I ≈ 0.83; org.apache.commons.lang3 I ≈ 0.43) do not change this assessment. Therefore no Unstable Dependency smell is detected."
commons-lang,org.apache.commons.lang3.text.translate.txt,,package,org.apache.commons.lang3.text.translate,0,"Analyzed package has Ce=1 and Ca=1 (Instability I = 1/(1+1) = 0.5). Its single outgoing dependency is org.apache.commons.lang3 (Ce=10, Ca=13, I = 13/(13+10) ≈ 0.565), which is slightly more stable than the analyzed package. Because the analyzed package depends only on a more stable package, it does not depend on a less stable component, so the Unstable Dependency smell is not present for this package. (Note: there is a mutual dependency — org.apache.commons.lang3 also depends on this package — which means a more stable package depends on a less stable one, but that is a violation relative to org.apache.commons.lang3 rather than this analyzed package.)"
commons-lang,org.apache.commons.lang3.text.txt,,package,org.apache.commons.lang3.text,0,"Analyzed package metrics Ce=2, Ca=1 -> stability I = 1/(1+2) = 0.333. Outgoing dependencies: org.apache.commons.lang3.mutable (Ce=1, Ca=3 -> I = 3/4 = 0.75) and org.apache.commons.lang3 (Ce=10, Ca=13 -> I = 13/23 ≈ 0.565). Both outgoing dependency packages have higher stability than org.apache.commons.lang3.text (0.75 and ~0.565 > 0.333), so the package does not depend on less stable packages. Therefore, no Unstable Dependency smell detected."
commons-lang,org.apache.commons.lang3.time.txt,,package,org.apache.commons.lang3.time,0,"org.apache.commons.lang3.time has Ce=4 and Ca=1 -> stability I = 1/(1+4) = 0.20 (unstable). Its outgoing dependencies have higher stability: org.apache.commons.lang3.function I = 7/(7+2) = 0.78, org.apache.commons.lang3 I = 13/(13+10) = 0.565, org.apache.commons.lang3.exception I = 5/(5+1) = 0.83, org.apache.commons.lang3.math I = 3/(3+1) = 0.75. All outgoing dependencies are more stable than org.apache.commons.lang3.time, so the Stable Dependencies Principle is respected and there is no Unstable Dependency smell."
commons-lang,org.apache.commons.lang3.tuple.txt,,package,org.apache.commons.lang3.tuple,0,"org.apache.commons.lang3.tuple has Ce=1 and Ca=1 (instability I = 1/(1+1) = 0.50). Its only outgoing dependency is org.apache.commons.lang3.function which has Ce=2 and Ca=7 (I = 2/(2+7) ≈ 0.22), so tuple depends on a more stable package — this follows the Stable Dependencies Principle. Incoming dependency org.apache.commons.lang3.builder (Ce=3, Ca=1, I=0.75) depends on tuple, but incoming unstable dependents do not make tuple violate the principle. Therefore no Unstable Dependency is detected."
commons-lang,org.apache.commons.lang3.txt,,package,org.apache.commons.lang3,1,"Analyzed package org.apache.commons.lang3 has Ce=10, Ca=13 -> stability I = 13/(13+10) = 0.565. Outgoing dependencies and their stability: org.apache.commons.lang3.function (Ca=7, Ce=2, I=0.778), org.apache.commons.lang3.mutable (Ca=3, Ce=1, I=0.750), org.apache.commons.lang3.exception (Ca=5, Ce=1, I=0.833), org.apache.commons.lang3.text (Ca=1, Ce=2, I=0.333), org.apache.commons.lang3.stream (Ca=2, Ce=2, I=0.500), org.apache.commons.lang3.time (Ca=1, Ce=4, I=0.200), org.apache.commons.lang3.arch (Ca=1, Ce=0, I=1.000), org.apache.commons.lang3.text.translate (Ca=1, Ce=1, I=0.500), org.apache.commons.lang3.builder (Ca=1, Ce=3, I=0.250), org.apache.commons.lang3.math (Ca=3, Ce=1, I=0.750). Several outgoing dependencies have lower stability than org.apache.commons.lang3 (I_dependency < 0.565): org.apache.commons.lang3.text (0.333), org.apache.commons.lang3.stream (0.500), org.apache.commons.lang3.text.translate (0.500), org.apache.commons.lang3.time (0.200), org.apache.commons.lang3.builder (0.250). Because org.apache.commons.lang3 depends on these less stable packages, the Unstable Dependency smell is detected (violates the Stable Dependencies Principle)."
commons-lang,org.apache.commons.lang3.util.txt,,package,org.apache.commons.lang3.util,0,"Analyzed package metrics: Ce=1, Ca=0 (stability I = 0/(0+1) = 0). Outgoing dependency: org.apache.commons.lang3 (Ce=10, Ca=13, stability I = 13/(13+10) ≈ 0.565). Incoming dependencies: none. Because org.apache.commons.lang3.util depends only on org.apache.commons.lang3 which is more stable (higher stability index) than org.apache.commons.lang3.util, the Stable Dependencies Principle is not violated and there is no Unstable Dependency smell."
google-java-format,com.google.googlejavaformat.intellij.txt,,package,com.google.googlejavaformat.intellij,0,"com.google.googlejavaformat.intellij has Ce=1 and Ca=0 => instability I = 0/(0+1) = 0 (very unstable). Its sole outgoing dependency is com.google.googlejavaformat.java which has Ce=2 and Ca=2 => instability I = 2/(2+2) = 0.5 (more stable). There are no incoming dependencies to com.google.googlejavaformat.intellij (Ca=0). Because the package depends on a more stable package (0.5 > 0), the Stable Dependencies Principle is respected and no Unstable Dependency smell is detected."
google-java-format,com.google.googlejavaformat.java.filer.txt,,package,com.google.googlejavaformat.java.filer,0,"The analyzed package has Ce=1 and Ca=0 -> instability I = Ce/(Ca+Ce) = 1/(0+1) = 1.0 (highly unstable). Its outgoing dependency com.google.googlejavaformat.java has Ce=2 and Ca=2 -> instability I = 2/(2+2) = 0.5 (more stable). Because the package depends on a more stable package (I 1.0 -> I 0.5), it does not violate the Stable Dependencies Principle. Incoming dependencies are empty (Ca=0), so there is no evidence of an unstable dependency smell."
google-java-format,com.google.googlejavaformat.java.javadoc.txt,,package,com.google.googlejavaformat.java.javadoc,0,"com.google.googlejavaformat.java.javadoc has no outgoing dependencies (outgoing_dependencies = [], Ce = 0) and a single incoming dependency (Ca = 1). Its instability I = Ce/(Ce+Ca) = 0/(0+1) = 0, indicating maximal stability. Since the package does not depend on any other packages, it cannot depend on less stable packages, so the Unstable Dependency smell is not present."
google-java-format,com.google.googlejavaformat.java.txt,,package,com.google.googlejavaformat.java,0,"Analyzed package has Ce=2, Ca=2 (Instability I=2/(2+2)=0.5). Its outgoing dependencies: com.google.googlejavaformat.java.javadoc (Ce=0, Ca=1, I=0.0) and com.google.googlejavaformat (Ce=0, Ca=1, I=0.0) are more stable (I=0.0 < 0.5). Incoming dependents: com.google.googlejavaformat.java.filer (Ce=1, Ca=0, I=1.0) and com.google.googlejavaformat.intellij (Ce=1, Ca=0, I=1.0) are less stable and depend on this package, which is the correct stability direction. Therefore there is no unstable dependency (package does not depend on less stable packages)."
google-java-format,com.google.googlejavaformat.txt,,package,com.google.googlejavaformat,0,"The package has no outgoing dependencies (Ce = 0) and one incoming dependency (Ca = 1). Because Ce = 0 and Ca = 1 its instability I = 0/(0+1) = 0 (maximally stable). The only incoming dependency is from com.google.googlejavaformat.java (Ce = 2, Ca = 2, instability = 2/(2+2) = 0.5). The analyzed package does not depend on any less-stable packages (no outgoing deps), and the dependency direction (com.google.googlejavaformat.java -> com.google.googlejavaformat) is from a less stable package to a more stable one, which conforms to the Stable Dependencies Principle; therefore there is no Unstable Dependency smell."
gson,com.example.txt,,package,com.example,0,"com.example has Ce=2, Ca=0 (instability I = 2/(2+0) = 1.0). Its outgoing dependencies: com.google.gson (Ce=5, Ca=12, I = 5/(5+12) = 0.294) and com.google.gson.reflect (Ce=1, Ca=9, I = 1/(1+9) = 0.100). Both outgoing packages have lower instability (are more stable) than com.example, so the Stable Dependencies Principle is respected and there is no Unstable Dependency smell."
gson,com.google.gson.extras.examples.rawcollections.txt,,package,com.google.gson.extras.examples.rawcollections,0,"The analyzed package has Ce=1 and Ca=0 => instability I = 1.0 (very unstable). Its only outgoing dependency is com.google.gson with Ce=5 and Ca=12 => instability I ≈ 0.294 (more stable). Since the package depends on a more stable package (I_dependent > I_dependency) and has no incoming dependencies, it does not violate the Stable Dependencies Principle; therefore Unstable Dependency is not detected."
gson,com.google.gson.graph.txt,,package,com.google.gson.graph,0,"com.google.gson.graph has Ce=4 and Ca=0 -> stability I = 0/(0+4) = 0.0 (very unstable). Its outgoing dependencies are more stable: com.google.gson (Ce=5, Ca=12 -> I=12/17 ≈ 0.706), com.google.gson.internal (Ce=5, Ca=6 -> I=6/11 ≈ 0.545), com.google.gson.stream (Ce=2, Ca=8 -> I=8/10 = 0.8), com.google.gson.reflect (Ce=1, Ca=9 -> I=9/10 = 0.9). All referenced packages have higher stability than com.google.gson.graph, and there are no incoming dependencies to com.google.gson.graph. Therefore the package does not depend on less stable packages and does not exhibit the Unstable Dependency smell."
gson,com.google.gson.interceptors.txt,,package,com.google.gson.interceptors,0,"com.google.gson.interceptors has Ce=3 and Ca=0 => instability I = 0/(0+3) = 0.0 (completely unstable). Its outgoing dependencies are: com.google.gson (Ce=5, Ca=12 => I = 12/(12+5) = 0.7059), com.google.gson.stream (Ce=2, Ca=8 => I = 8/(8+2) = 0.8), and com.google.gson.reflect (Ce=1, Ca=9 => I = 9/(9+1) = 0.9). All dependent packages have higher stability indices than com.google.gson.interceptors, and there are no incoming dependencies (Ca=0). Therefore the package does not depend on less stable components and does not exhibit the Unstable Dependency smell."
gson,com.google.gson.internal.bind.txt,,package,com.google.gson.internal.bind,0,"Analyzed package metrics: Ce=6, Ca=2 => Instability I = 6/(6+2) = 0.75. Outgoing dependencies and their instability: com.google.gson.reflect (Ce=1, Ca=9, I=0.10), com.google.gson.internal (Ce=5, Ca=6, I≈0.45), com.google.gson (Ce=5, Ca=12, I≈0.29), com.google.gson.internal.bind.util (Ce=0, Ca=1, I=0.00), com.google.gson.internal.reflect (Ce=2, Ca=2, I=0.50), com.google.gson.stream (Ce=2, Ca=8, I=0.20). All outgoing dependencies have lower instability (more stable) than com.google.gson.internal.bind (I=0.75). Incoming dependencies (com.google.gson I≈0.29, com.google.gson.internal I≈0.45) are more stable than the analyzed package, which does not violate the Stable Dependencies Principle. Therefore no Unstable Dependency smell is detected."
gson,com.google.gson.internal.bind.util.txt,,package,com.google.gson.internal.bind.util,0,"The package has Ce=0 (no outgoing dependencies) and Ca=1 (one incoming dependency), yielding stability I = 1.0. It does not depend on any other packages, so it cannot depend on less stable components. The only referenced package is com.google.gson.internal.bind (incoming, Ce=6, Ca=2), which depends on this util package rather than the util depending on it. Therefore Unstable Dependency is not present."
gson,com.google.gson.internal.reflect.txt,,package,com.google.gson.internal.reflect,0,"Analyzed package instability I = Ce/(Ca+Ce) = 2/(2+2) = 0.50. Outgoing dependency com.google.gson: I = 5/(12+5) ≈ 0.294 (more stable than 0.50). Outgoing dependency com.google.gson.internal: I = 5/(6+5) ≈ 0.455 (more stable than 0.50). Both outgoing dependencies have lower instability than the analyzed package, so the package does not depend on less stable components. Incoming dependency com.google.gson.internal.bind has I = 6/(6+2) = 0.75 (more unstable) but this is an incoming relation and does not cause the analyzed package to violate the Stable Dependencies Principle."
gson,com.google.gson.internal.sql.txt,,package,com.google.gson.internal.sql,0,"Target instability I = Ce/(Ce+Ca) = 3/(3+1) = 0.75 (unstable). Outgoing dependencies: com.google.gson I = 5/(5+12) ≈ 0.294, com.google.gson.stream I = 2/(2+8) = 0.20, com.google.gson.reflect I = 1/(1+9) = 0.10. All outgoing dependencies have lower instability (are more stable) than com.google.gson.internal.sql, so the package does not depend on less stable components and thus does not exhibit the Unstable Dependency smell. Note: com.google.gson (I ≈ 0.294) depends on this package (I = 0.75), which means a more stable package depends on a less stable one and may be a risk, but per the given definition the smell (depending on less stable components) is not present for com.google.gson.internal.sql."
gson,com.google.gson.internal.txt,,package,com.google.gson.internal,1,"com.google.gson.internal has Ce=5 and Ca=6 => Instability I = 5/(5+6) = 0.4545. Outgoing dependencies: com.google.gson.reflect (Ce=1,Ca=9 => I=0.10), com.google.gson (Ce=5,Ca=12 => I=0.29), com.google.gson.internal.reflect (Ce=2,Ca=2 => I=0.50), com.google.gson.stream (Ce=2,Ca=8 => I=0.20), com.google.gson.internal.bind (Ce=6,Ca=2 => I=0.75). Two outgoing dependencies (com.google.gson.internal.reflect I=0.50 and com.google.gson.internal.bind I=0.75) are less stable (higher instability) than com.google.gson.internal (I=0.4545), so the package depends on less stable components and violates the Stable Dependencies Principle."
gson,com.google.gson.metrics.txt,,package,com.google.gson.metrics,0,"Analyzed package metrics: Ce=3, Ca=0 -> Stability S_pkg = 3/(3+0) = 1.0 (highly unstable). Outgoing dependencies and their stabilities: com.google.gson (Ce=5, Ca=12 -> S=5/(5+12)=0.294), com.google.gson.stream (Ce=2, Ca=8 -> S=0.2), com.google.gson.reflect (Ce=1, Ca=9 -> S=0.1). The Stable Dependencies Principle requires a package to depend only on packages more stable than itself (lower S). All outgoing dependencies have substantially lower S (are more stable) than com.google.gson.metrics. Although com.google.gson.metrics has Ca=0 (making it inherently unstable), it does not depend on less stable packages. Therefore no Unstable Dependency smell is detected."
gson,com.google.gson.protobuf.generated.txt,,package,com.google.gson.protobuf.generated,0,"No unstable dependency detected: the package has no outgoing dependencies (Ce = 0, outgoing_dependencies = []) and no incoming dependencies (Ca = 0, incoming_dependencies = []), so it does not depend on less-stable packages and does not violate the Stable Dependencies Principle."
gson,com.google.gson.protobuf.txt,,package,com.google.gson.protobuf,0,"com.google.gson.protobuf has Ce=1 and Ca=0 (stability I = 0/(0+1) = 0.0). Its sole outgoing dependency is com.google.gson which has Ce=5 and Ca=12 (stability I = 12/(12+5) ≈ 0.7059). Incoming dependencies to com.google.gson.protobuf = 0. Because the dependency (com.google.gson) is more stable than com.google.gson.protobuf, the Stable Dependencies Principle is respected and no Unstable Dependency smell is detected."
gson,com.google.gson.reflect.txt,,package,com.google.gson.reflect,1,"com.google.gson.reflect has Ce=1 and Ca=9 => instability I = 1/(1+9) = 0.10 (stable). It has an outgoing dependency to com.google.gson.internal (Ce=5, Ca=6 => I = 5/(5+6) ≈ 0.45), which is less stable (higher instability) than com.google.gson.reflect. Multiple incoming dependents (Ca=9) — e.g. com.google.gson.metrics, com.google.gson, com.google.gson.internal, com.google.gson.internal.sql, com.google.gson.internal.bind, com.google.gson.typeadapters, com.google.gson.interceptors, com.google.gson.graph, com.example — indicate com.google.gson.reflect is relatively stable and therefore should not depend on a more unstable package. This violates the Stable Dependencies Principle, so an Unstable Dependency smell is detected."
gson,com.google.gson.stream.txt,,package,com.google.gson.stream,1,"com.google.gson.stream has Ce=2 and Ca=8 (stability S = 8/(8+2) = 0.80). Its outgoing dependencies are: com.google.gson (Ce=5, Ca=12, S = 12/(12+5) ≈ 0.706) and com.google.gson.internal (Ce=5, Ca=6, S = 6/(6+5) ≈ 0.545). Both outgoing dependencies have lower stability than com.google.gson.stream, so com.google.gson.stream depends on less stable components, violating the Stable Dependencies Principle. Incoming dependency metrics (Ca=8) also indicate com.google.gson.stream is relatively stable, reinforcing that depending on the less stable packages above constitutes an Unstable Dependency smell."
gson,com.google.gson.txt,,package,com.google.gson,1,"com.google.gson has Ce=5, Ca=12 => stability I=12/(12+5)=0.706 (relatively stable). It has outgoing dependencies to: com.google.gson.internal.sql (Ce=3, Ca=1 => I=0.25), com.google.gson.internal (Ce=5, Ca=6 => I=0.545), com.google.gson.internal.bind (Ce=6, Ca=2 => I=0.25), com.google.gson.reflect (Ce=1, Ca=9 => I=0.90), com.google.gson.stream (Ce=2, Ca=8 => I=0.80). Because com.google.gson (I=0.706) depends on several packages with lower stability (internal.sql I=0.25, internal I=0.545, internal.bind I=0.25), it violates the Stable Dependencies Principle. Incoming dependency count (Ca=12) indicates com.google.gson is relatively stable and therefore should not depend on these less stable packages—hence an Unstable Dependency smell is detected."
gson,com.google.gson.typeadapters.txt,,package,com.google.gson.typeadapters,0,"com.google.gson.typeadapters has Ce=3 and Ca=0 (instability I = Ce/(Ca+Ce) = 3/(0+3) = 1.0), making it highly unstable; however all of its outgoing dependencies are more stable: com.google.gson (Ce=5, Ca=12, I=5/17 ≈ 0.294), com.google.gson.stream (Ce=2, Ca=8, I=2/10 = 0.2), com.google.gson.reflect (Ce=1, Ca=9, I=1/10 = 0.1). Since the package depends only on packages with lower instability (more stable) and has no incoming dependencies (Ca=0), the Stable Dependencies Principle is not violated. Therefore no Unstable Dependency smell detected."
javaparser,(default package).txt,,package,(default package),0,"The (default package) has Ce=2 and Ca=0 (stability I=0) and no incoming dependencies. Its outgoing dependencies are com.github.javaparser.quality (Ca=3, Ce=0, stability I=1) and com.packageName (Ca=1, Ce=0, stability I=1). Because the package depends on more stable packages (higher Ca and I) rather than less stable ones, the Unstable Dependency smell is not detected."
javaparser,a.b.c.txt,,package,a.b.c,0,"The package a.b.c has no outgoing dependencies (outgoing_dependencies: []) and no incoming dependencies. Its metrics show Ce=0 and Ca=0, so it does not depend on other packages and cannot depend on less stable packages. Therefore the Unstable Dependency smell is not present."
javaparser,a.txt,,package,a,0,"Package 'a' has Ce = 0 (no outgoing dependencies) and Ca = 0 (no incoming dependencies). The outgoing_dependencies and incoming_dependencies lists are empty, so it does not depend on any other package and therefore cannot depend on a less stable package. Consequently there is no Unstable Dependency smell detected."
javaparser,aPackage.txt,,package,aPackage,0,"The package has Ce=0 (no efferent/outgoing dependencies) and outgoing_dependencies is empty, so it does not depend on any other package. Incoming dependencies Ca=0 and incoming_dependencies is empty indicate it has no dependents either. Because there are no outgoing dependencies, there is no possibility of depending on less stable packages, so the Unstable Dependency smell is not detected."
javaparser,another.txt,,package,another,0,"Package 'another' has Ce = 0 and Ca = 0, with no outgoing dependencies and no incoming dependencies. Because it does not depend on any other packages (outgoing dependencies = 0), it cannot depend on less stable components; therefore the Unstable Dependency smell is not present."
javaparser,bar.txt,,package,bar,0,"Package 'bar' has no outgoing dependencies (Ce=0) and no incoming dependencies (Ca=0); both outgoing_dependencies and incoming_dependencies lists are empty, so it does not depend on any less-stable package and therefore does not exhibit the Unstable Dependency smell."
javaparser,box.txt,,package,box,0,"Package 'box' has Ce=0 (no outgoing dependencies) and Ca=0 (no incoming dependencies). Because it does not depend on any other packages, it cannot depend on less-stable components, so the Unstable Dependency smell is not present."
javaparser,com.example.txt,,package,com.example,0,"com.example has Ce=1 and Ca=0 (instability I = 1.0). It has one outgoing dependency to com.github.javaparser.quality which has Ce=0 and Ca=3 (instability I = 0.0). There are no incoming dependencies to com.example. Because com.example depends on a more stable package (I_com.example > I_dependency) the Stable Dependencies Principle is respected, so no Unstable Dependency smell is detected."
javaparser,com.foo.base.txt,,package,com.foo.base,0,"Efferent coupling Ce = 0 and no outgoing_dependencies; Afferent coupling Ca = 0 and no incoming_dependencies. The package has no dependencies on other packages, so it cannot depend on less stable packages; the Stable Dependencies Principle is not violated."
javaparser,com.foo.txt,,package,com.foo,0,"com.foo has Ce=5 and Ca=0 (stability I = 0.00). All outgoing dependencies are more stable than com.foo: com.github.javaparser.ast.body (Ca=29, Ce=12, I≈0.707), com.github.javaparser (Ca=38, Ce=16, I≈0.704), com.github.javaparser.symbolsolver.resolution.typesolvers (Ca=13, Ce=14, I≈0.482), com.github.javaparser.ast (Ca=44, Ce=14, I≈0.759), com.github.javaparser.symbolsolver.javaparsermodel (Ca=10, Ce=24, I≈0.294). Because com.foo depends only on packages with higher stability values, it does not violate the Stable Dependency Principle and therefore does not exhibit the Unstable Dependency smell. Additionally, com.foo has no incoming dependencies (Ca=0)."
javaparser,com.github.javaparser.ast.body.txt,,package,com.github.javaparser.ast.body,1,"The analyzed package has Ce=12 and Ca=29 -> instability I = 12/(12+29) = 0.293. It has outgoing dependencies to multiple packages with higher instability (i.e., less stable), violating the Stable Dependencies Principle. Offending outgoing dependencies: com.github.javaparser.ast.visitor (Ce=11, Ca=11, I=0.500), com.github.javaparser.ast.expr (Ce=14, Ca=31, I=0.311), com.github.javaparser.ast.nodeTypes (Ce=10, Ca=8, I=0.556), com.github.javaparser (Ce=16, Ca=38, I=0.296), com.github.javaparser.ast.type (Ce=17, Ca=23, I=0.425), com.github.javaparser.ast.comments (Ce=11, Ca=12, I=0.478). Because com.github.javaparser.ast.body depends on these less-stable packages, an Unstable Dependency smell is detected."
javaparser,com.github.javaparser.ast.comments.txt,,package,com.github.javaparser.ast.comments,1,"The package has instability I = Ce/(Ca+Ce) = 11/(12+11) = 0.478. It has outgoing dependencies to packages with higher instability: com.github.javaparser.ast.visitor (I = 11/(11+11) = 0.50) and com.github.javaparser.javadoc (I = 5/(5+5) = 0.50). Because com.github.javaparser.ast.comments depends on these less stable (higher-I) packages, it violates the Stable Dependencies Principle and exhibits the Unstable Dependency smell."
javaparser,com.github.javaparser.ast.expr.txt,,package,com.github.javaparser.ast.expr,1,"com.github.javaparser.ast.expr has Ce=14, Ca=31 -> Instability I=14/(14+31)=0.311. It has outgoing dependencies to several packages that are less stable (i.e., have higher instability than 0.311): com.github.javaparser.ast.visitor (Ce=11, Ca=11 -> I=0.50), com.github.javaparser.ast.nodeTypes (Ce=10, Ca=8 -> I=0.556), com.github.javaparser.ast.type (Ce=17, Ca=23 -> I=0.425), and com.github.javaparser.printer (Ce=16, Ca=10 -> I=0.615). Because ast.expr depends on these more unstable packages (higher I), the Stable Dependencies Principle is violated and the Unstable Dependency smell is detected."
javaparser,com.github.javaparser.ast.modules.txt,,package,com.github.javaparser.ast.modules,1,"com.github.javaparser.ast.modules has Ce=6, Ca=7 (Instability I = 6/(6+7) ≈ 0.462). One of its outgoing dependencies, com.github.javaparser.ast.visitor, has Ce=11, Ca=11 (I = 11/(11+11) = 0.500), which is less stable (higher I) than com.github.javaparser.ast.modules. Depending on a package with higher instability violates the Stable Dependencies Principle. All other outgoing dependencies (metamodel I≈0.278, ast.expr I≈0.311, com.github.javaparser I≈0.296, ast I≈0.241, ast.observer I=0.200) are more stable, but the presence of the dependency on com.github.javaparser.ast.visitor constitutes an unstable dependency."
javaparser,com.github.javaparser.ast.nodeTypes.modifiers.txt,,package,com.github.javaparser.ast.nodeTypes.modifiers,0,"The package has no outgoing dependencies (Ce = 0) and no incoming dependencies (Ca = 0); both outgoing_dependencies and incoming_dependencies lists are empty. Because it does not depend on other packages, there is no unstable dependency detected."
javaparser,com.github.javaparser.ast.nodeTypes.txt,,package,com.github.javaparser.ast.nodeTypes,0,"The analyzed package has Ce=10, Ca=8 -> instability I = 10/(10+8) = 0.556. All outgoing dependencies are more stable (have lower instability) than the analyzed package: com.github.javaparser.utils I=0.222, com.github.javaparser.ast.body I=0.293, com.github.javaparser.ast.expr I=0.311, com.github.javaparser I=0.296, com.github.javaparser.ast.type I=0.425, com.github.javaparser.ast.stmt I=0.250, com.github.javaparser.ast I=0.241, com.github.javaparser.ast.comments I=0.478, com.github.javaparser.javadoc I=0.500, com.github.javaparser.ast.observer I=0.200. Since the package does not depend on packages that are less stable (i.e., none of the outgoing dependencies have higher instability than 0.556), the Unstable Dependency smell is not present. Incoming dependencies include both more unstable packages (e.g. symbolsolver.javaparsermodel.declarations I=0.741, symbolsolver.javaparsermodel.contexts I=0.808) and more stable packages (e.g. com.github.javaparser.ast.body I=0.293), but these incoming relationships do not cause this package to depend on less stable components."
javaparser,com.github.javaparser.ast.observer.txt,,package,com.github.javaparser.ast.observer,1,"The analyzed package has Ce=3 and Ca=12 => instability I = 3/(3+12) = 0.20. It depends on: com.github.javaparser.ast (Ce=14, Ca=44 => I ≈ 0.241), com.github.javaparser.ast.body (Ce=12, Ca=29 => I ≈ 0.293), and com.github.javaparser.utils (Ce=10, Ca=35 => I ≈ 0.222). All three outgoing dependencies have higher instability (I > 0.20) than com.github.javaparser.ast.observer, meaning com.github.javaparser.ast.observer depends on less stable packages. This violates the Stable Dependencies Principle and indicates the Unstable Dependency smell."
javaparser,com.github.javaparser.ast.stmt.txt,,package,com.github.javaparser.ast.stmt,1,"com.github.javaparser.ast.stmt has Ce=9 and Ca=27 (Instability I = 9/(9+27) = 0.25), indicating it is relatively stable. However it has outgoing dependencies on several packages that are less stable (i.e., have higher instability than 0.25): com.github.javaparser.ast.visitor (Ce=11, Ca=11, I=0.50), com.github.javaparser.metamodel (Ce=5, Ca=13, I≈0.278), com.github.javaparser.ast.body (Ce=12, Ca=29, I≈0.293), com.github.javaparser.ast.expr (Ce=14, Ca=31, I≈0.311), com.github.javaparser (Ce=16, Ca=38, I≈0.296), and com.github.javaparser.ast.type (Ce=17, Ca=23, I=0.425). Depending on these more unstable packages violates the Stable Dependencies Principle. Although some outgoing dependencies are more stable (e.g., com.github.javaparser.ast I≈0.241, com.github.javaparser.resolution.declarations I≈0.107, com.github.javaparser.ast.observer I=0.20), the presence of multiple dependencies with higher instability constitutes an Unstable Dependency smell for com.github.javaparser.ast.stmt."
javaparser,com.github.javaparser.ast.txt,,package,com.github.javaparser.ast,1,"com.github.javaparser.ast has Ce=14 and Ca=44 (stability S = 44/(44+14) ≈ 0.759). It has 14 outgoing dependencies; only 2 of them are more stable than com.github.javaparser.ast (com.github.javaparser.utils S ≈ 0.778 and com.github.javaparser.ast.observer S ≈ 0.800). The remaining 12 outgoing dependencies have lower stability than com.github.javaparser.ast, for example: com.github.javaparser.printer S ≈ 0.385, com.github.javaparser.ast.visitor S = 0.500, com.github.javaparser.ast.modules S ≈ 0.539, com.github.javaparser.ast.type S = 0.575, com.github.javaparser.ast.expr S ≈ 0.689, com.github.javaparser.ast.body S ≈ 0.707, com.github.javaparser S ≈ 0.704, com.github.javaparser.resolution S ≈ 0.727, com.github.javaparser.metamodel S ≈ 0.722, com.github.javaparser.ast.stmt S = 0.750, com.github.javaparser.ast.comments S ≈ 0.522, com.github.javaparser.printer.configuration S ≈ 0.714. Because com.github.javaparser.ast is relatively stable (high Ca) but depends on many less-stable packages (most outgoing dependencies have S < 0.759), it violates the Stable Dependencies Principle and exhibits the Unstable Dependency smell."
javaparser,com.github.javaparser.ast.type.txt,,package,com.github.javaparser.ast.type,1,"The package com.github.javaparser.ast.type has Ca=23 and Ce=17 -> stability I = 23/(23+17) = 0.575. It has outgoing dependencies to several packages whose stability is lower than 0.575, violating the Stable Dependencies Principle: com.github.javaparser.ast.visitor (Ca=11, Ce=11, I=0.50), com.github.javaparser.symbolsolver (Ca=9, Ce=21, I=0.30), com.github.javaparser.symbolsolver.resolution.typesolvers (Ca=13, Ce=14, I=0.4815), com.github.javaparser.printer (Ca=10, Ce=16, I=0.3846). Because com.github.javaparser.ast.type depends on these less-stable packages (I_target < I_analyzed), an Unstable Dependency smell is detected."
javaparser,com.github.javaparser.ast.validator.language_level_validations.chunks.txt,,package,com.github.javaparser.ast.validator.language_level_validations.chunks,0,"The package has Ce=9 and Ca=0 => instability I=9/(0+9)=1.0 (maximally unstable). All outgoing dependencies are more stable (have lower instability): com.github.javaparser.utils I=10/(10+35)=0.22, com.github.javaparser.metamodel I=5/(5+13)=0.28, com.github.javaparser.ast.body I=12/(12+29)=0.29, com.github.javaparser.ast.expr I=14/(14+31)=0.31, com.github.javaparser.ast.modules I=6/(6+7)=0.46, com.github.javaparser.ast.type I=17/(17+23)=0.43, com.github.javaparser.ast.stmt I=9/(9+27)=0.25, com.github.javaparser.ast I=14/(14+44)=0.24, com.github.javaparser.ast.validator I=6/(6+3)=0.67. Because every dependency has lower instability than the analyzed package, it depends on more stable packages and does not exhibit the Unstable Dependency smell (Stable Dependencies Principle is not violated)."
javaparser,com.github.javaparser.ast.validator.language_level_validations.txt,,package,com.github.javaparser.ast.validator.language_level_validations,0,"Analyzed package metrics: Ce=3, Ca=1 -> Instability I=3/(3+1)=0.75. Outgoing dependencies: com.github.javaparser.ast (Ce=14, Ca=44, I≈0.241), com.github.javaparser.ast.validator (Ce=6, Ca=3, I≈0.667), com.github.javaparser (Ce=16, Ca=38, I≈0.296). All outgoing dependency instabilities (≈0.241, ≈0.667, ≈0.296) are lower than the analyzed package instability (0.75), so the package depends on more stable packages. Incoming dependency from com.github.javaparser.ast.validator (I≈0.667) does not indicate a dependency on a less stable package. Therefore the Stable Dependencies Principle is respected and no Unstable Dependency smell is detected."
javaparser,com.github.javaparser.ast.validator.postprocessors.txt,,package,com.github.javaparser.ast.validator.postprocessors,0,"Analyzed package metrics: Ce=2, Ca=1 => Instability I = 2/(2+1) = 0.667. Outgoing dependencies: com.github.javaparser (Ce=16, Ca=38 => I = 16/54 = 0.296) and com.github.javaparser.ast.type (Ce=17, Ca=23 => I = 17/40 = 0.425). Both outgoing dependencies have lower instability (0.296 and 0.425) than the analyzed package (0.667), so the package depends on more stable packages. Incoming dependency from com.github.javaparser exists but does not create an unstable-dependency violation for this package. Therefore the Stable Dependencies Principle is not violated and the Unstable Dependency smell is not detected."
javaparser,com.github.javaparser.ast.validator.txt,,package,com.github.javaparser.ast.validator,1,"The package has Ce=6 and Ca=3, giving instability I = Ce/(Ca+Ce) = 6/9 = 0.6667. One of its outgoing dependencies, com.github.javaparser.ast.validator.language_level_validations, has Ce=3 and Ca=1, instability I = 3/4 = 0.75, which is less stable (higher instability) than com.github.javaparser.ast.validator. Because com.github.javaparser.ast.validator depends on a package (language_level_validations) that is more unstable than itself, the Stable Dependencies Principle is violated. Other outgoing dependencies (com.github.javaparser.ast.expr I≈0.311, com.github.javaparser.ast.nodeTypes I≈0.555, com.github.javaparser I≈0.296, com.github.javaparser.ast.type I≈0.425, com.github.javaparser.ast I≈0.241) are more stable, but the single dependency to a less stable package is sufficient to classify this package as having an Unstable Dependency smell. Incoming coupling (Ca=3) shows some clients depend on this package, reinforcing that depending on a less stable package is undesirable."
javaparser,com.github.javaparser.ast.visitor.txt,,package,com.github.javaparser.ast.visitor,1,"Analyzed package metrics: Ce=11, Ca=11 -> Instability I = 11/(11+11) = 0.50. Outgoing dependencies and their instabilities: com.github.javaparser.utils (I=10/(10+35)=0.22), com.github.javaparser.ast.body (I=12/(12+29)=0.29), com.github.javaparser.ast.expr (I=14/(14+31)=0.31), com.github.javaparser.ast.nodeTypes (I=10/(10+8)=0.56), com.github.javaparser (I=16/(16+38)=0.30), com.github.javaparser.printer.lexicalpreservation (I=16/(16+3)=0.84), com.github.javaparser.ast.modules (I=6/(6+7)=0.46), com.github.javaparser.ast.type (I=17/(17+23)=0.43), com.github.javaparser.ast.stmt (I=9/(9+27)=0.25), com.github.javaparser.ast (I=14/(14+44)=0.24), com.github.javaparser.ast.comments (I=11/(11+12)=0.48). The analyzed package (I=0.50) depends on two packages that are less stable (higher instability): com.github.javaparser.ast.nodeTypes (I≈0.56) and com.github.javaparser.printer.lexicalpreservation (I≈0.84). This violates the Stable Dependencies Principle and constitutes an Unstable Dependency smell."
javaparser,com.github.javaparser.generator.core.node.txt,,package,com.github.javaparser.generator.core.node,0,"The package has Ce=7 and Ca=0 (instability I = 7 / (7+0) = 1.0). All outgoing dependencies are more stable (lower I) than this package: com.github.javaparser.utils I≈0.222 (Ce=10,Ca=35), com.github.javaparser.metamodel I≈0.278 (Ce=5,Ca=13), com.github.javaparser.generator.core.utils I≈0.667 (Ce=2,Ca=1), com.github.javaparser.ast.body I≈0.293 (Ce=12,Ca=29), com.github.javaparser I≈0.296 (Ce=16,Ca=38), com.github.javaparser.ast.stmt I≈0.250 (Ce=9,Ca=27), com.github.javaparser.ast I≈0.241 (Ce=14,Ca=44). Because the package depends only on packages with lower instability (i.e., more stable) and has no incoming dependencies (Ca=0), the Stable Dependencies Principle is not violated and the Unstable Dependency smell is not detected."
javaparser,com.github.javaparser.generator.core.other.txt,,package,com.github.javaparser.generator.core.other,0,"Analyzed package metrics: Ce=5, Ca=0 => instability I = 5/(5+0) = 1.0. Outgoing dependencies and their instabilities: com.github.javaparser.utils (Ce=10, Ca=35, I≈0.22), com.github.javaparser.ast.body (Ce=12, Ca=29, I≈0.29), com.github.javaparser.ast.expr (Ce=14, Ca=31, I≈0.31), com.github.javaparser.ast.stmt (Ce=9, Ca=27, I≈0.25), com.github.javaparser.ast (Ce=14, Ca=44, I≈0.24). All outgoing dependencies have lower instability (are more stable) than the analyzed package, and there are no incoming dependencies (Ca=0). Therefore the package does not depend on less stable components and the Unstable Dependency smell is not detected."
javaparser,com.github.javaparser.generator.core.quality.txt,,package,com.github.javaparser.generator.core.quality,0,"The package has Ce=7 and Ca=0 → instability I = 7/(7+0) = 1.0 (maximally unstable). All outgoing dependencies are more stable (have lower instability) than the analyzed package: com.github.javaparser.utils (Ce=10,Ca=35,I=0.222), com.github.javaparser.ast (Ce=14,Ca=44,I=0.241), com.github.javaparser.ast.body (Ce=12,Ca=29,I=0.293), com.github.javaparser.ast.expr (Ce=14,Ca=31,I=0.311), com.github.javaparser (Ce=16,Ca=38,I=0.296), com.github.javaparser.ast.stmt (Ce=9,Ca=27,I=0.250), com.github.javaparser.printer (Ce=16,Ca=10,I=0.615). There are no incoming dependencies (Ca=0). Since the package does not depend on any package that is less stable than itself, the Unstable Dependency smell is not detected."
javaparser,com.github.javaparser.generator.core.txt,,package,com.github.javaparser.generator.core,0,"com.github.javaparser.generator.core has Ce=2 and Ca=0 (instability I = 2/(0+2) = 1.0) and outgoing dependencies to com.github.javaparser.utils (Ce=10, Ca=35, I = 10/45 ≈ 0.222) and com.github.javaparser (Ce=16, Ca=38, I = 16/54 ≈ 0.296). Both dependent packages are substantially more stable (lower instability) than the analyzed package, and there are no incoming dependencies to com.github.javaparser.generator.core. Therefore the Stable Dependencies Principle is not violated and the Unstable Dependency smell is not detected."
javaparser,com.github.javaparser.generator.core.utils.txt,,package,com.github.javaparser.generator.core.utils,0,"Analyzed package metrics: Ce=2, Ca=1 => stability I = 1/(1+2) = 0.333. Outgoing dependencies: com.github.javaparser (Ce=16, Ca=38 => I = 38/(38+16) = 0.704) and com.github.javaparser.ast.type (Ce=17, Ca=23 => I = 23/(23+17) = 0.575). Both outgoing packages have higher stability (0.704 and 0.575) than the analyzed package (0.333), so the package depends on more stable packages. Incoming dependency com.github.javaparser.generator.core.node has Ce=7, Ca=0 (I=0) but this is a client of the analyzed package. Therefore there is no unstable-dependency smell for com.github.javaparser.generator.core.utils."
javaparser,com.github.javaparser.generator.core.visitor.txt,,package,com.github.javaparser.generator.core.visitor,0,"Analyzed package metrics: Ce=6, Ca=0 -> instability I = 6/(0+6) = 1.0 (fully unstable). Outgoing dependencies and their instabilities: com.github.javaparser.utils (Ce=10, Ca=35 -> I=0.22), com.github.javaparser.metamodel (Ce=5, Ca=13 -> I=0.28), com.github.javaparser.ast.body (Ce=12, Ca=29 -> I≈0.29), com.github.javaparser (Ce=16, Ca=38 -> I≈0.30), com.github.javaparser.ast.stmt (Ce=9, Ca=27 -> I=0.25), com.github.javaparser.ast (Ce=14, Ca=44 -> I≈0.24). All outgoing dependencies have lower instability (are more stable) than the analyzed package. There are no incoming dependencies (Ca=0). Therefore the package does not violate the Stable Dependencies Principle and no Unstable Dependency smell is detected."
javaparser,com.github.javaparser.generator.metamodel.txt,,package,com.github.javaparser.generator.metamodel,0,"Analyzed package has Ce=6, Ca=0 -> instability I = 6/(6+0) = 1.0. Outgoing dependencies have lower instability (are more stable): com.github.javaparser.utils Ce=10,Ca=35 -> I=0.222; com.github.javaparser.ast Ce=14,Ca=44 -> I=0.241; com.github.javaparser.ast.body Ce=12,Ca=29 -> I=0.293; com.github.javaparser Ce=16,Ca=38 -> I=0.296; com.github.javaparser.printer Ce=16,Ca=10 -> I=0.615; com.github.javaparser.printer.configuration Ce=2,Ca=5 -> I=0.286. Because the package depends only on packages that are more stable (lower instability) than itself, the Stable Dependencies Principle is not violated and no Unstable Dependency smell is detected."
javaparser,com.github.javaparser.generator.txt,,package,com.github.javaparser.generator,0,"Analyzed package metrics: Ce=7, Ca=0 -> Instability I=7/(7+0)=1.000 (very unstable). Outgoing dependencies and their instabilities: com.github.javaparser.utils Ce=10, Ca=35 -> I=0.222; com.github.javaparser.metamodel Ce=5, Ca=13 -> I=0.278; com.github.javaparser.ast.body Ce=12, Ca=29 -> I=0.293; com.github.javaparser.ast.expr Ce=14, Ca=31 -> I=0.311; com.github.javaparser Ce=16, Ca=38 -> I=0.296; com.github.javaparser.ast.stmt Ce=9, Ca=27 -> I=0.250; com.github.javaparser.ast Ce=14, Ca=44 -> I=0.241. All outgoing packages have lower instability (more stable) than the analyzed package. Although the analyzed package has Ca=0 (no incoming deps) making it inherently unstable, it does not depend on less stable components. Therefore the Unstable Dependency smell is not detected."
javaparser,com.github.javaparser.javadoc.description.txt,,package,com.github.javaparser.javadoc.description,1,"com.github.javaparser.javadoc.description has Ce=1 and Ca=4, giving instability I = 1/(1+4) = 0.20. Its sole outgoing dependency is com.github.javaparser.utils which has Ce=10 and Ca=35, giving instability I = 10/(10+35) ≈ 0.222. Because com.github.javaparser.javadoc.description (I=0.20) depends on com.github.javaparser.utils (I≈0.222), it depends on a less stable package (higher instability), violating the Stable Dependencies Principle. The incoming dependencies (e.g. com.github.javaparser, com.github.javaparser.printer.lexicalpreservation, com.github.javaparser.javadoc, com.github.javaparser.ast.comments) indicate the package is relatively stable (multiple afferent couplings), reinforcing that its dependency on a slightly more unstable utils package constitutes an Unstable Dependency smell."
javaparser,com.github.javaparser.javadoc.txt,,package,com.github.javaparser.javadoc,0,"Analyzed package metrics: Ce=5, Ca=5 -> stability I=0.50. Outgoing dependencies and their stabilities: com.github.javaparser.utils (Ce=10, Ca=35 -> I=0.778), com.github.javaparser (Ce=16, Ca=38 -> I=0.704), com.github.javaparser.ast (Ce=14, Ca=44 -> I=0.759), com.github.javaparser.ast.comments (Ce=11, Ca=12 -> I=0.522), com.github.javaparser.javadoc.description (Ce=1, Ca=4 -> I=0.800). All outgoing targets have equal or higher stability (I > 0.50) than the analyzed package, so the Stable Dependencies Principle is not violated. Incoming dependencies include some unstable packages (e.g., com.github.javaparser.serialization Ce=12, Ca=0 -> I=0.0) but those are dependents of the analyzed package (afferent), which is acceptable. Therefore no Unstable Dependency smell is detected."
javaparser,com.github.javaparser.javasymbolsolver.javassist_symbols.excluded_jar.txt,,package,com.github.javaparser.javasymbolsolver.javassist_symbols.excluded_jar,0,"Ce = 0 (no outgoing dependencies) and Ca = 0 (no incoming dependencies). The package has an empty list of outgoing_dependencies and incoming_dependencies, so it does not depend on any less-stable packages and cannot violate the Stable Dependencies Principle; therefore the Unstable Dependency smell is not present."
javaparser,com.github.javaparser.javasymbolsolver.javassist_symbols.included_jar.txt,,package,com.github.javaparser.javasymbolsolver.javassist_symbols.included_jar,0,"The package has no outgoing dependencies (Ce = 0 and outgoing_dependencies = []) and no incoming dependencies (Ca = 0 and incoming_dependencies = []), so it does not depend on any less stable packages. Therefore the Unstable Dependency smell is not present."
javaparser,com.github.javaparser.javasymbolsolver.javassist_symbols.main_jar.txt,,package,com.github.javaparser.javasymbolsolver.javassist_symbols.main_jar,0,"Ce=0 and Ca=0 with no outgoing_dependencies and no incoming_dependencies. The package has no efferent couplings (no dependencies on other packages), so it cannot depend on less-stable components; therefore the Unstable Dependency smell is not present."
javaparser,com.github.javaparser.metamodel.txt,,package,com.github.javaparser.metamodel,1,"com.github.javaparser.metamodel has instability I = Ce/(Ce+Ca) = 5/(5+13) = 0.278. It has outgoing dependencies to: com.github.javaparser.utils (I = 10/(10+35) = 0.222), com.github.javaparser.ast.expr (I = 14/(14+31) = 0.311), com.github.javaparser.ast.type (I = 17/(17+23) = 0.425), com.github.javaparser.ast.stmt (I = 9/(9+27) = 0.250), and com.github.javaparser.ast (I = 14/(14+44) = 0.241). Since com.github.javaparser.metamodel depends on com.github.javaparser.ast.expr (I=0.311) and com.github.javaparser.ast.type (I=0.425), which are less stable (higher instability) than itself (I=0.278), the Stable Dependencies Principle is violated and an Unstable Dependency smell is detected. The other outgoing dependencies (utils, ast.stmt, ast) are more stable and acceptable."
javaparser,com.github.javaparser.printer.concretesyntaxmodel.txt,,package,com.github.javaparser.printer.concretesyntaxmodel,1,"com.github.javaparser.printer.concretesyntaxmodel has Ce=7 and Ca=3 → instability I = 7/(7+3) = 0.70. Among its outgoing dependencies, com.github.javaparser.printer.lexicalpreservation has Ce=16 and Ca=3 → I = 16/(16+3) = 0.84, which is more unstable than the analyzed package. Depending on a package with higher instability (0.84 > 0.70) violates the Stable Dependencies Principle and constitutes an unstable dependency. (Other outgoing deps are more stable: com.github.javaparser.utils I≈0.22, com.github.javaparser.ast I≈0.24, com.github.javaparser I≈0.30, com.github.javaparser.printer I≈0.62, com.github.javaparser.ast.comments I≈0.48, com.github.javaparser.ast.observer I≈0.20. Incoming dependents include com.github.javaparser.printer.lexicalpreservation.changes Ce=6 Ca=1 I≈0.86 and com.github.javaparser.printer I≈0.62.)"
javaparser,com.github.javaparser.printer.configuration.imports.txt,,package,com.github.javaparser.printer.configuration.imports,0,"Analyzed package metrics: Ce=1, Ca=1 -> Instability I = Ca/(Ca+Ce) = 1/2 = 0.50. It has an outgoing dependency to com.github.javaparser.ast (metrics: Ce=14, Ca=44 -> I = 14/(14+44) ≈ 0.24). The analyzed package depends on a more stable package (0.24 < 0.50), which conforms to the Stable Dependencies Principle. Incoming dependency from com.github.javaparser.printer (Ce=16, Ca=10 -> I ≈ 0.62) is less stable than the analyzed package, which does not violate the principle. Therefore there is no unstable dependency smell."
javaparser,com.github.javaparser.printer.configuration.txt,,package,com.github.javaparser.printer.configuration,1,"Analyzed package instability I = Ce/(Ce+Ca) = 2/(2+5) = 0.2857. Outgoing dependencies: com.github.javaparser.ast I = 14/(14+44) = 0.2414 and com.github.javaparser.utils I = 10/(10+35) = 0.2222 — both are more stable than the analyzed package (no violation on outgoing edges). However, incoming dependency com.github.javaparser.ast (I = 0.2414) depends on com.github.javaparser.printer.configuration (I = 0.2857). That means a more stable package depends on a less stable one, violating the Stable Dependencies Principle (dependencies should point toward more stable packages). This incoming edge constitutes an unstable dependency smell."
javaparser,com.github.javaparser.printer.lexicalpreservation.changes.txt,,package,com.github.javaparser.printer.lexicalpreservation.changes,0,"The package has Ce=6 and Ca=1 giving instability I = 6/(6+1) ≈ 0.857 (highly unstable). All outgoing dependencies are more stable (have lower instability): com.github.javaparser.utils I ≈ 0.222 (Ce=10,Ca=35), com.github.javaparser.printer.concretesyntaxmodel I = 0.7 (Ce=7,Ca=3), com.github.javaparser I ≈ 0.296 (Ce=16,Ca=38), com.github.javaparser.ast.type I = 0.425 (Ce=17,Ca=23), com.github.javaparser.ast I ≈ 0.241 (Ce=14,Ca=44), com.github.javaparser.ast.observer I = 0.2 (Ce=3,Ca=12). Since the package depends only on packages with lower instability (more stable than itself), the Stable Dependencies Principle is not violated and no Unstable Dependency smell is detected."
javaparser,com.github.javaparser.printer.lexicalpreservation.txt,,package,com.github.javaparser.printer.lexicalpreservation,1,"com.github.javaparser.printer.lexicalpreservation has Ce=16, Ca=3 (stability I = 3/(3+16) = 0.1579). It has an outgoing dependency to com.github.javaparser.printer.lexicalpreservation.changes which has Ce=6, Ca=1 (stability I = 1/(1+6) = 0.1429), i.e. a less stable package (0.1429 < 0.1579). According to the Stable Dependencies Principle, a package should depend only on packages that are more stable (higher I); depending on the 'changes' package (lower I) constitutes an unstable dependency. (All other outgoing dependencies have equal or higher stability than 0.1579.)"
javaparser,com.github.javaparser.printer.txt,,package,com.github.javaparser.printer,1,"com.github.javaparser.printer has Ce=16, Ca=10 => instability I=16/(16+10)=0.615. It has an outgoing dependency to com.github.javaparser.printer.concretesyntaxmodel which has Ce=7, Ca=3 => I=7/(7+3)=0.700. Since 0.700 > 0.615, the printer package depends on a less stable (more unstable) package, violating the Stable Dependencies Principle. (Most other outgoing dependencies are more stable: e.g. com.github.javaparser.utils I=0.222, com.github.javaparser.ast I=0.241, com.github.javaparser.metamodel I=0.278, but the dependency on com.github.javaparser.printer.concretesyntaxmodel constitutes the unstable dependency smell.)"
javaparser,com.github.javaparser.quality.txt,,package,com.github.javaparser.quality,0,"The package has Ce=0 (no outgoing dependencies) and Ca=3 (three incoming dependencies). Its instability I = Ce/(Ca+Ce) = 0/(3+0) = 0, i.e., fully stable. Since it does not depend on any other packages, it cannot depend on less-stable components; therefore the Unstable Dependency smell is not present. Incoming dependents include (default package), com.github.javaparser, and com.example, which depend on this package rather than the reverse."
javaparser,com.github.javaparser.range.txt,,package,com.github.javaparser.range,0,"No unstable dependency detected: the package has no outgoing dependencies (Ce = 0, outgoing_dependencies = []), and no incoming dependencies (Ca = 0, incoming_dependencies = []). With Ce = 0 it does not depend on any other packages, so it cannot depend on less stable components and does not violate the Stable Dependencies Principle."
javaparser,com.github.javaparser.resolution.cache.txt,,package,com.github.javaparser.resolution.cache,0,"The package has Ce=0 (no outgoing dependencies) and Ca=2 (two incoming dependencies), resulting in instability I = 0/(0+2) = 0 (completely stable). Outgoing dependencies list is empty, so it does not depend on any less-stable packages. It is depended upon by com.github.javaparser.symbolsolver.cache and com.github.javaparser.symbolsolver.resolution.typesolvers, which means dependencies flow toward this stable package, conforming to the Stable Dependencies Principle. Therefore no Unstable Dependency smell is detected."
javaparser,com.github.javaparser.resolution.declarations.txt,,package,com.github.javaparser.resolution.declarations,1,"com.github.javaparser.resolution.declarations has Ce=3 and Ca=25 (instability I = 3/(25+3) ≈ 0.107). Its outgoing dependencies are: com.github.javaparser.ast (Ce=14, Ca=44, I = 14/(14+44) ≈ 0.241), com.github.javaparser.resolution.types (Ce=6, Ca=23, I = 6/(6+23) ≈ 0.207), and com.github.javaparser.ast.expr (Ce=14, Ca=31, I = 14/(14+31) ≈ 0.311). All three outgoing dependencies have higher instability than the analyzed package (their I > 0.107), so the package depends on less stable packages and violates the Stable Dependencies Principle — therefore the Unstable Dependency smell is detected."
javaparser,com.github.javaparser.resolution.logic.txt,,package,com.github.javaparser.resolution.logic,0,"Analyzed package metrics: Ce=5, Ca=9 -> instability I = 5/(5+9) ≈ 0.357. Outgoing dependencies and their instabilities: com.github.javaparser.resolution (Ce=9, Ca=24, I≈0.273), com.github.javaparser.resolution.model.typesystem (Ce=5, Ca=14, I≈0.263), com.github.javaparser.resolution.model (Ce=2, Ca=14, I≈0.125), com.github.javaparser.resolution.types (Ce=6, Ca=23, I≈0.207), com.github.javaparser.resolution.declarations (Ce=3, Ca=25, I≈0.107). All outgoing packages have lower instability (are more stable) than com.github.javaparser.resolution.logic, so the Stable Dependencies Principle is respected. Note: there is a mutual dependency with com.github.javaparser.resolution.model.typesystem, but that package is more stable (I≈0.263). Incoming dependents are generally more unstable (examples: symbolsolver.declarations.common I=1.0, reflectionmodel I≈0.708, symbolsolver.javaparsermodel I≈0.706), which indicates the analyzed package is relatively stable and being depended upon by less stable packages. Therefore no Unstable Dependency smell is detected."
javaparser,com.github.javaparser.resolution.model.txt,,package,com.github.javaparser.resolution.model,1,"com.github.javaparser.resolution.model has Ce=2 and Ca=14 => instability I=2/(2+14)=0.125 (stable). Its outgoing dependencies: com.github.javaparser.resolution.types (Ce=6, Ca=23 => I=6/(6+23)=0.207) and com.github.javaparser.resolution.declarations (Ce=3, Ca=25 => I=3/(3+25)=0.107). The dependency to com.github.javaparser.resolution.types is to a less stable package (I=0.207 > 0.125), violating the Stable Dependencies Principle and constituting an Unstable Dependency smell. The dependency to com.github.javaparser.resolution.declarations (I=0.107 < 0.125) is acceptable. Additionally, the analyzed package has many incoming dependents (Ca=14 and multiple packages depend on it), reinforcing that it is relatively stable and should not depend on less stable packages."
javaparser,com.github.javaparser.resolution.model.typesystem.txt,,package,com.github.javaparser.resolution.model.typesystem,1,"The package com.github.javaparser.resolution.model.typesystem has Ce=5 and Ca=14 => Instability I = 5/(14+5) = 0.263. It has outgoing dependencies to several packages whose instability is higher (i.e., they are less stable): com.github.javaparser.resolution.types.parametrization (Ce=2, Ca=5 => I=2/7 = 0.286), com.github.javaparser.resolution (Ce=9, Ca=24 => I=9/33 = 0.273), and com.github.javaparser.resolution.logic (Ce=5, Ca=9 => I=5/14 = 0.357). Depending on these packages with I > 0.263 violates the Stable Dependencies Principle (a stable package should only depend on more stable packages). Note also the package has substantial incoming coupling (Ca=14, many incoming dependents), which reinforces that it is relatively stable and thus should not depend on less stable packages. Therefore an Unstable Dependency smell is detected."
javaparser,com.github.javaparser.resolution.promotion.txt,,package,com.github.javaparser.resolution.promotion,0,"No unstable dependency detected: com.github.javaparser.resolution.promotion has Ce=1 and Ca=2 (Instability I = 2/(2+1) = 0.667). Its only outgoing dependency is com.github.javaparser.resolution.types (Ce=6, Ca=23, I = 23/(23+6) = 0.793), which is more stable than the analyzed package. Therefore the package depends on a more stable package and respects the Stable Dependencies Principle. Incoming dependencies from com.github.javaparser.symbolsolver.javaparsermodel and com.github.javaparser.symbolsolver.resolution.promotion exist but do not create an unstable dependency here."
javaparser,com.github.javaparser.resolution.txt,,package,com.github.javaparser.resolution,1,"The package com.github.javaparser.resolution is relatively stable (Ce=9, Ca=24 -> instability I = 9/(9+24) = 0.2727) but it has outgoing dependencies to packages that are less stable (i.e. have higher instability I), violating the Stable Dependencies Principle. Offending outgoing dependencies (their Ce, Ca and instability I): com.github.javaparser.resolution.types.parametrization (Ce=2, Ca=5, I=0.2857), com.github.javaparser.ast.body (Ce=12, Ca=29, I=0.2927), com.github.javaparser.ast.expr (Ce=14, Ca=31, I=0.3111), com.github.javaparser.ast.type (Ce=17, Ca=23, I=0.4250). These four have I > 0.2727, so com.github.javaparser.resolution depends on less stable packages. The package also has many incoming dependencies (Ca=24) reinforcing that it is a stable package that should not depend on less stable ones, confirming the unstable dependency smell."
javaparser,com.github.javaparser.resolution.types.parametrization.txt,,package,com.github.javaparser.resolution.types.parametrization,0,"Analyzed package metrics: Ce=2, Ca=5 -> Instability I = 2/(2+5) = 0.2857. Outgoing dependencies: com.github.javaparser.resolution.types (Ce=6, Ca=23 -> I = 6/(6+23) = 0.2069), com.github.javaparser.resolution.declarations (Ce=3, Ca=25 -> I = 3/(3+25) = 0.1071). Both outgoing targets have lower instability (are more stable) than the analyzed package, so the package does not depend on less stable packages. Incoming dependencies (examples: com.github.javaparser.symbolsolver I=0.70, com.github.javaparser.symbolsolver.javaparsermodel.declarations I≈0.7407, com.github.javaparser.resolution I≈0.2727, com.github.javaparser.resolution.model.typesystem I≈0.2632) do not create an unstable-dependency smell for the analyzed package because the smell concerns the stability of outgoing dependencies. Therefore no unstable dependency detected."
javaparser,com.github.javaparser.resolution.types.txt,,package,com.github.javaparser.resolution.types,1,"Analyzed package metrics: Ce=6, Ca=23 -> stability S=23/(23+6)=0.793. Several outgoing dependencies are less stable (have lower S) than the analyzed package, violating the Stable Dependencies Principle: com.github.javaparser.resolution.types.parametrization (Ce=2, Ca=5, S=5/7=0.714), com.github.javaparser.resolution (Ce=9, Ca=24, S=24/33=0.727), com.github.javaparser.resolution.model.typesystem (Ce=5, Ca=14, S=14/19=0.737), com.github.javaparser.ast (Ce=14, Ca=44, S=44/58=0.759), com.github.javaparser.utils (Ce=10, Ca=35, S=35/45=0.778). One outgoing dependency is more stable: com.github.javaparser.resolution.declarations (Ce=3, Ca=25, S=25/28=0.892). Because the package depends on multiple less-stable packages (S < 0.793), this constitutes an Unstable Dependency smell."
javaparser,com.github.javaparser.serialization.txt,,package,com.github.javaparser.serialization,0,"The package has Ce=12 and Ca=0 (instability I = 12/(12+0) = 1.0), i.e. it is maximally unstable. The Unstable Dependency smell would require this package to depend on packages that are less stable (higher instability) than itself. All outgoing dependencies are more stable (lower instability) than com.github.javaparser.serialization: com.github.javaparser.utils I=10/(10+35)=0.222; com.github.javaparser.metamodel I=0.278; com.github.javaparser.ast.body I=0.293; com.github.javaparser.ast.expr I=0.311; com.github.javaparser.resolution I=0.273; com.github.javaparser I=0.296; com.github.javaparser.ast.type I=0.425; com.github.javaparser.ast I=0.241; com.github.javaparser.ast.comments I=0.478; com.github.javaparser.javadoc I=0.5; com.github.javaparser.resolution.types I=0.207; com.github.javaparser.resolution.declarations I=0.107. None of the outgoing dependencies have higher instability than the analyzed package. Additionally there are no incoming dependencies (Ca=0), so no other package depends on this unstable package. Therefore the Stable Dependencies Principle is not violated and the Unstable Dependency smell is not detected."
javaparser,com.github.javaparser.storage.txt,,package,com.github.javaparser.storage,0,"No unstable dependency detected: the package has no outgoing dependencies (Ce = 0) and no incoming dependencies (Ca = 0), so it does not depend on any less stable packages and there is no violation of the Stable Dependencies Principle."
javaparser,com.github.javaparser.symbolsolver.cache.txt,,package,com.github.javaparser.symbolsolver.cache,0,"The package has Ce=1 and Ca=1 (instability I = 1/(1+1) = 0.5). Its only outgoing dependency is com.github.javaparser.resolution.cache (Ce=0, Ca=2, I = 0/(0+2) = 0), i.e., it depends on a more stable package, which complies with the Stable Dependencies Principle. There is an incoming dependency from com.github.javaparser.symbolsolver.resolution.typesolvers (Ce=14, Ca=13, I ≈ 0.52), but incoming dependencies do not cause this package to have an unstable dependency. Hence, no unstable dependency smell is detected."
javaparser,com.github.javaparser.symbolsolver.core.resolution.txt,,package,com.github.javaparser.symbolsolver.core.resolution,1,"Analyzed package metrics: Ce=3, Ca=7 -> instability I = 3/(3+7) = 0.300. Outgoing dependencies: 1) com.github.javaparser.symbolsolver.javaparsermodel.declarations: Ce=20, Ca=7 -> I = 20/(20+7) ≈ 0.741 (less stable than analyzed package). 2) com.github.javaparser.resolution: Ce=9, Ca=24 -> I = 9/(9+24) ≈ 0.273 (more stable). 3) com.github.javaparser.resolution.model: Ce=2, Ca=14 -> I = 2/(2+14) = 0.125 (more stable). Because the analyzed package depends on com.github.javaparser.symbolsolver.javaparsermodel.declarations which has a higher instability (≈0.741) than the analyzed package (0.300), the Stable Dependencies Principle is violated -> Unstable Dependency smell detected."
javaparser,com.github.javaparser.symbolsolver.declarations.common.txt,,package,com.github.javaparser.symbolsolver.declarations.common,0,"Analyzed package metrics: Ce=7, Ca=0 -> stability I = 0/(0+7) = 0. Outgoing dependencies and their stabilities: com.github.javaparser.symbolsolver.reflectionmodel (Ca=7, Ce=17 -> I=7/24≈0.292), com.github.javaparser.resolution (Ca=24, Ce=9 -> I=24/33≈0.727), com.github.javaparser.symbolsolver.core.resolution (Ca=7, Ce=3 -> I=7/10=0.700), com.github.javaparser.symbolsolver.logic (Ca=6, Ce=6 -> I=6/12=0.500), com.github.javaparser.resolution.types (Ca=23, Ce=6 -> I=23/29≈0.793), com.github.javaparser.resolution.declarations (Ca=25, Ce=3 -> I=25/28≈0.893), com.github.javaparser.resolution.logic (Ca=9, Ce=5 -> I=9/14≈0.643). All outgoing dependencies have higher stability (I > 0) than the analyzed package (I = 0), so the package does not depend on less stable components. There are no incoming dependencies (Ca=0). Therefore the Unstable Dependency smell is not detected."
javaparser,com.github.javaparser.symbolsolver.javaparsermodel.contexts.txt,,package,com.github.javaparser.symbolsolver.javaparsermodel.contexts,0,"The package has Ce=21 and Ca=5, giving instability I = 21/(21+5) = 0.808. The Stable Dependencies Principle requires that a package only depends on packages that are more stable (lower instability). All measured outgoing dependencies have lower instability values than 0.808 — examples: com.github.javaparser.symbolsolver.resolution.typeinference I=17/(17+5)=0.773, com.github.javaparser.symbolsolver.resolution I=20/(20+6)=0.769, com.github.javaparser.symbolsolver.javaparsermodel.declarations I=20/(20+7)=0.741, com.github.javaparser.symbolsolver.reflectionmodel I=17/(17+7)=0.708, com.github.javaparser.symbolsolver I=21/(21+9)=0.700, and core framework packages (e.g. com.github.javaparser I=0.296, com.github.javaparser.resolution.declarations I=0.107) are much more stable. Incoming coupling is low (Ca=5) relative to efferent coupling. Since the analyzed package does not depend on any package less stable than itself, the Unstable Dependency smell is not detected."
javaparser,com.github.javaparser.symbolsolver.javaparsermodel.declarations.txt,,package,com.github.javaparser.symbolsolver.javaparsermodel.declarations,1,"The package has instability I = Ce/(Ca+Ce) = 20/(20+7) = 0.741 (Ce=20, Ca=7). It has outgoing dependencies to packages that are less stable (higher I) than itself, violating the Stable Dependencies Principle. Specifically: com.github.javaparser.symbolsolver.javaparsermodel.contexts has I = 21/(21+5) = 0.808 (Ce=21, Ca=5) and com.github.javaparser.symbolsolver.resolution has I = 20/(20+6) = 0.769 (Ce=20, Ca=6). Because the analyzed package depends on these more unstable packages, the Unstable Dependency smell is detected."
javaparser,com.github.javaparser.symbolsolver.javaparsermodel.declarators.txt,,package,com.github.javaparser.symbolsolver.javaparsermodel.declarators,0,"The analyzed package has Ce=4 and Ca=0, giving instability I = Ce/(Ca+Ce) = 4/(0+4) = 1.00 (highly unstable). Its outgoing dependencies have instabilities: com.github.javaparser.symbolsolver.javaparsermodel.declarations I = 20/(20+7) = 0.7407, com.github.javaparser.resolution I = 9/(9+24) = 0.2727, com.github.javaparser.ast.expr I = 14/(14+31) = 0.3111, com.github.javaparser.ast.body I = 12/(12+29) = 0.2927. All outgoing packages are more stable (lower instability) than the analyzed package. Although the analyzed package has no incoming dependencies (Ca=0), it does not depend on less stable components, so the Unstable Dependency smell is not detected."
javaparser,com.github.javaparser.symbolsolver.javaparsermodel.txt,,package,com.github.javaparser.symbolsolver.javaparsermodel,1,"The analyzed package has Ce=24, Ca=10 -> instability I=24/(24+10)=0.706. It depends on several packages that are less stable (have higher instability), violating the Stable Dependencies Principle. Offending outgoing dependencies: com.github.javaparser.symbolsolver.reflectionmodel (Ce=17, Ca=7, I=0.708), com.github.javaparser.symbolsolver.resolution (Ce=20, Ca=6, I=0.769), com.github.javaparser.symbolsolver.javaparsermodel.declarations (Ce=20, Ca=7, I=0.741), com.github.javaparser.symbolsolver.resolution.promotion (Ce=3, Ca=1, I=0.750), com.github.javaparser.symbolsolver.resolution.typeinference (Ce=17, Ca=5, I=0.773). Because the package depends on these more unstable packages (higher I), the Unstable Dependency smell is detected."
javaparser,com.github.javaparser.symbolsolver.javassistmodel.txt,,package,com.github.javaparser.symbolsolver.javassistmodel,0,"Analyzed package metrics: Ce=17, Ca=3 -> stability I=0.15. All outgoing dependencies have higher stability (I) than the analyzed package (examples: com.github.javaparser.symbolsolver.resolution I≈0.23, com.github.javaparser.resolution.logic I≈0.64, com.github.javaparser.resolution I≈0.73, com.github.javaparser.ast.expr I≈0.69, com.github.javaparser.resolution.model.typesystem I≈0.74, com.github.javaparser.symbolsolver.javaparsermodel.contexts I≈0.19, com.github.javaparser.symbolsolver.javaparsermodel I≈0.29, etc.), so the package does not depend on less stable components and therefore does not exhibit the Unstable Dependency smell. Note: incoming dependencies (e.g. com.github.javaparser.symbolsolver I≈0.30, com.github.javaparser.symbolsolver.resolution.typesolvers I≈0.48, com.github.javaparser.symbolsolver.resolution I≈0.23) are more stable than this package, meaning more stable packages depend on this less-stable package — an architectural risk for those dependents but not a detection of Unstable Dependency for the analyzed package itself."
javaparser,com.github.javaparser.symbolsolver.logic.txt,,package,com.github.javaparser.symbolsolver.logic,1,"com.github.javaparser.symbolsolver.logic has Ce=6 and Ca=6 => instability I = 6/(6+6) = 0.5000. It has an outgoing dependency to com.github.javaparser.symbolsolver.resolution.typesolvers which has Ce=14 and Ca=13 => instability I = 14/(14+13) = 0.5185, which is more unstable than 0.5000, violating the Stable Dependencies Principle. All other outgoing dependencies are more stable (com.github.javaparser.resolution I=0.2727, com.github.javaparser.resolution.model.typesystem I=0.2632, com.github.javaparser.resolution.types I=0.2069, com.github.javaparser.resolution.declarations I=0.1071, com.github.javaparser.resolution.logic I=0.3571), so the presence of the dependency to com.github.javaparser.symbolsolver.resolution.typesolvers constitutes an unstable dependency smell."
javaparser,com.github.javaparser.symbolsolver.reflectionmodel.comparators.txt,,package,com.github.javaparser.symbolsolver.reflectionmodel.comparators,0,"The analyzed package has Ce=0 and Ca=1 -> stability I = 1.0 (fully stable). It has no outgoing dependencies (Ce=0), so it does not depend on any other packages, and therefore cannot depend on less-stable packages. There is one incoming dependency from com.github.javaparser.symbolsolver.reflectionmodel (Ce=17, Ca=7 -> stability ≈0.29), i.e. a less-stable package depends on this stable package. Since the smell arises when a package depends on less-stable packages and this package has no outgoing dependencies to less-stable components, the Unstable Dependency smell is not detected."
javaparser,com.github.javaparser.symbolsolver.reflectionmodel.txt,,package,com.github.javaparser.symbolsolver.reflectionmodel,1,"The package has Ce=17 and Ca=7 giving instability I = 7/(7+17) ≈ 0.292. It has outgoing dependencies to packages that are less stable (lower I): com.github.javaparser.symbolsolver.resolution (Ce=20, Ca=6, I ≈ 0.231) and com.github.javaparser.symbolsolver.javaparsermodel.contexts (Ce=21, Ca=5, I ≈ 0.192). Because it depends on these less stable packages, it violates the Stable Dependencies Principle and exhibits the Unstable Dependency smell."
javaparser,com.github.javaparser.symbolsolver.resolution.naming.txt,,package,com.github.javaparser.symbolsolver.resolution.naming,0,"The package has Ce=11 and Ca=0 giving instability I = 0.0. All outgoing dependencies are more stable (higher I) than this package: com.github.javaparser.resolution I≈0.727, com.github.javaparser.ast.expr I≈0.689, com.github.javaparser.ast.body I≈0.707, com.github.javaparser I≈0.704, com.github.javaparser.ast.modules I≈0.539, com.github.javaparser.symbolsolver.resolution.typesolvers I≈0.481, com.github.javaparser.resolution.model I≈0.875, com.github.javaparser.ast.stmt I=0.75, com.github.javaparser.ast I≈0.759, com.github.javaparser.resolution.declarations I≈0.893, com.github.javaparser.symbolsolver.javaparsermodel I≈0.294. Because every outgoing dependency is more stable than the analyzed package, the Stable Dependencies Principle is not violated and no Unstable Dependency smell is detected."
javaparser,com.github.javaparser.symbolsolver.resolution.promotion.txt,,package,com.github.javaparser.symbolsolver.resolution.promotion,1,"The analyzed package has Ce=3 and Ca=1 (stability I = 1/(1+3) = 0.25), indicating it is relatively unstable. It has three outgoing dependencies: com.github.javaparser.resolution.types (Ce=6, Ca=23, I = 23/(23+6) ≈ 0.793), com.github.javaparser.symbolsolver.resolution.typeinference (Ce=17, Ca=5, I = 5/(5+17) ≈ 0.227), and com.github.javaparser.resolution.promotion (Ce=1, Ca=2, I = 2/(2+1) ≈ 0.667). According to the Stable Dependencies Principle, the package should only depend on packages with higher stability (higher I). One outgoing dependency (com.github.javaparser.symbolsolver.resolution.typeinference, I ≈ 0.227) is less stable than the analyzed package (I = 0.25), which is a violation and constitutes an Unstable Dependency smell. The other outgoing dependencies are more stable and do not violate the principle (I ≈ 0.793 and 0.667)."
javaparser,com.github.javaparser.symbolsolver.resolution.txt,,package,com.github.javaparser.symbolsolver.resolution,1,"com.github.javaparser.symbolsolver.resolution has Ce=20, Ca=6 -> instability I = 20/(20+6) = 0.769 (relatively unstable). It has outgoing dependencies to packages that are less stable (higher instability) than itself, violating the Stable Dependencies Principle. Notable offenders: com.github.javaparser.symbolsolver.javassistmodel (Ce=17, Ca=3 -> I = 17/20 = 0.85) and com.github.javaparser.symbolsolver.javaparsermodel.contexts (Ce=21, Ca=5 -> I = 21/26 = 0.808). Because the analyzed package depends on these packages with higher instability, the Unstable Dependency smell is detected."
javaparser,com.github.javaparser.symbolsolver.resolution.typeinference.bounds.txt,,package,com.github.javaparser.symbolsolver.resolution.typeinference.bounds,0,"Analyzed package has Ca=1, Ce=5 -> stability I = 1/(1+5) = 0.167. Outgoing dependencies and their stabilities: com.github.javaparser.resolution (Ca=24, Ce=9 -> I=24/33=0.727), com.github.javaparser.resolution.model.typesystem (Ca=14, Ce=5 -> I=14/19=0.737), com.github.javaparser.resolution.declarations (Ca=25, Ce=3 -> I=25/28=0.893), com.github.javaparser.resolution.types (Ca=23, Ce=6 -> I=23/29=0.793), com.github.javaparser.symbolsolver.resolution.typeinference (Ca=5, Ce=17 -> I=5/22=0.227). All outgoing dependencies have stability values greater than the analyzed package (I>0.167), so the package depends on more stable packages in accordance with the Stable Dependencies Principle. There is an incoming dependency from com.github.javaparser.symbolsolver.resolution.typeinference (I=0.227), but this does not constitute an unstable dependency for the analyzed package. Therefore no Unstable Dependency smell is detected."
javaparser,com.github.javaparser.symbolsolver.resolution.typeinference.constraintformulas.txt,,package,com.github.javaparser.symbolsolver.resolution.typeinference.constraintformulas,0,"The analyzed package has Ce=11 and Ca=1 => Instability I=11/(11+1)=0.917. Stable Dependencies Principle requires a package to depend only on packages that are more stable (lower I). All outgoing dependencies are more stable (have lower instability) than the analyzed package: com.github.javaparser.utils (Ce=10,Ca=35,I=0.222), com.github.javaparser.resolution.logic (Ce=5,Ca=9,I=0.357), com.github.javaparser.resolution (Ce=9,Ca=24,I=0.273), com.github.javaparser.ast.expr (Ce=14,Ca=31,I=0.311), com.github.javaparser.resolution.model.typesystem (Ce=5,Ca=14,I=0.263), com.github.javaparser.symbolsolver.resolution.typeinference (Ce=17,Ca=5,I=0.773), com.github.javaparser.symbolsolver.resolution.typesolvers (Ce=14,Ca=13,I=0.518), com.github.javaparser.ast.stmt (Ce=9,Ca=27,I=0.250), com.github.javaparser.resolution.types (Ce=6,Ca=23,I=0.207), com.github.javaparser.resolution.declarations (Ce=3,Ca=25,I=0.107), com.github.javaparser.symbolsolver.javaparsermodel (Ce=24,Ca=10,I=0.706). The single incoming dependency (com.github.javaparser.symbolsolver.resolution.typeinference, Ce=17,Ca=5,I=0.773) is also more stable than this package. Because none of the outgoing dependencies are less stable (higher I) than the analyzed package, there is no Unstable Dependency smell."
javaparser,com.github.javaparser.symbolsolver.resolution.typeinference.txt,,package,com.github.javaparser.symbolsolver.resolution.typeinference,1,"Analyzed package metrics: Ce=17, Ca=5 -> Instability I=17/(17+5)=0.773. It has outgoing dependencies on packages that are less stable (higher instability) than itself: com.github.javaparser.symbolsolver.resolution.typeinference.constraintformulas (Ce=11, Ca=1 -> I=11/12≈0.917) and com.github.javaparser.symbolsolver.resolution.typeinference.bounds (Ce=5, Ca=1 -> I=5/6≈0.833). Depending on these more unstable packages violates the Stable Dependencies Principle, so the Unstable Dependency smell is present."
javaparser,com.github.javaparser.symbolsolver.resolution.typesolvers.txt,,package,com.github.javaparser.symbolsolver.resolution.typesolvers,1,"Analyzed package metrics: Ce=14, Ca=13 -> stability I = 13/(13+14) ≈ 0.48. Several outgoing dependencies are less stable (have lower I) than the analyzed package, violating the Stable Dependencies Principle. Specifically: com.github.javaparser.symbolsolver.reflectionmodel (Ce=17, Ca=7, I≈0.29), com.github.javaparser.symbolsolver.javassistmodel (Ce=17, Ca=3, I≈0.15), com.github.javaparser.symbolsolver (Ce=21, Ca=9, I≈0.30), com.github.javaparser.symbolsolver.javaparsermodel.declarations (Ce=20, Ca=7, I≈0.26), com.github.javaparser.symbolsolver.utils (Ce=3, Ca=1, I=0.25), com.github.javaparser.symbolsolver.javaparsermodel (Ce=24, Ca=10, I≈0.29). These outgoing dependencies all have stability indices well below 0.48, so the analyzed package depends on less stable packages. Although some outgoing targets are more stable (e.g. com.github.javaparser.utils I≈0.78, com.github.javaparser.resolution I≈0.73, com.github.javaparser I≈0.70, com.github.javaparser.ast I≈0.76, com.github.javaparser.resolution.declarations I≈0.89), the presence of multiple unstable outgoing dependencies indicates an unstable-dependency architecture smell for com.github.javaparser.symbolsolver.resolution.typesolvers."
javaparser,com.github.javaparser.symbolsolver.txt,,package,com.github.javaparser.symbolsolver,1,"Analyzed package instability I = Ce/(Ca+Ce) = 21/(9+21) = 0.700. It has outgoing dependencies on several packages whose instability is greater than 0.700 (i.e., they are less stable), violating the Stable Dependencies Principle. Offending outgoing dependencies (Ce, Ca, I): com.github.javaparser.symbolsolver.reflectionmodel (Ce=17, Ca=7, I≈0.708), com.github.javaparser.symbolsolver.javaparsermodel (Ce=24, Ca=10, I≈0.706), com.github.javaparser.symbolsolver.javassistmodel (Ce=17, Ca=3, I=0.850), com.github.javaparser.symbolsolver.javaparsermodel.contexts (Ce=21, Ca=5, I≈0.808), com.github.javaparser.symbolsolver.resolution (Ce=20, Ca=6, I≈0.769), com.github.javaparser.symbolsolver.javaparsermodel.declarations (Ce=20, Ca=7, I≈0.741). Because the package depends on these more unstable packages, the Unstable Dependency smell is detected."
javaparser,com.github.javaparser.symbolsolver.utils.txt,,package,com.github.javaparser.symbolsolver.utils,0,"Analyzed package metrics: Ce=3, Ca=1 -> Instability I = 3/(3+1) = 0.75. Outgoing dependencies: com.github.javaparser.symbolsolver.resolution.typesolvers (Ce=14, Ca=13 -> I ≈ 0.519), com.github.javaparser.utils (Ce=10, Ca=35 -> I ≈ 0.222), com.github.javaparser (Ce=16, Ca=38 -> I ≈ 0.296). All outgoing dependencies have lower instability (are more stable) than the analyzed package (0.75), so the Stable Dependencies Principle is not violated. Incoming dependency listed (com.github.javaparser.symbolsolver.resolution.typesolvers, I ≈ 0.519) is also more stable than the analyzed package. Therefore there is no Unstable Dependency smell for this package."
javaparser,com.github.javaparser.testpackage.txt,,package,com.github.javaparser.testpackage,0,"No unstable dependency detected because the package has no outgoing dependencies (Ce = 0, dependencies = []). There are also no incoming dependencies (Ca = 0). With Ce = 0 the package does not depend on any other (potentially less stable) packages, so the Stable Dependencies Principle is not violated."
javaparser,com.github.javaparser.txt,,package,com.github.javaparser,1,"The package has Ce=16 and Ca=38 -> instability I = 16/(16+38) ≈ 0.296, so it is relatively stable (many incoming dependencies). It has outgoing dependencies to several packages whose instability is higher than 0.296, violating the Stable Dependencies Principle. Outgoing dependencies with higher instability include: com.github.javaparser.ast.validator.postprocessors (I = 2/(2+1) ≈ 0.667), com.github.javaparser.ast.expr (I = 14/(14+31) ≈ 0.311), com.github.javaparser.printer.lexicalpreservation (I = 16/(16+3) ≈ 0.842), com.github.javaparser.ast.modules (I = 6/(6+7) ≈ 0.462), com.github.javaparser.javadoc (I = 5/(5+5) = 0.5), com.github.javaparser.ast.type (I = 17/(17+23) = 0.425), com.github.javaparser.printer (I = 16/(16+10) ≈ 0.615), com.github.javaparser.ast.validator (I = 6/(6+3) ≈ 0.667), and com.github.javaparser.ast.comments (I = 11/(11+12) ≈ 0.478). Because a relatively stable package (I ≈ 0.296) depends on these less stable packages (higher I), the Unstable Dependency smell is detected."
javaparser,com.github.javaparser.utils.txt,,package,com.github.javaparser.utils,1,"com.github.javaparser.utils has Ce=10 and Ca=35 => Instability I=10/(35+10)=0.222. Its outgoing dependencies all have higher instability (i.e., are less stable) than utils: com.github.javaparser.ast.visitor (Ce=11,Ca=11,I=0.50), com.github.javaparser.ast (Ce=14,Ca=44,I=0.241), com.github.javaparser.ast.body (Ce=12,Ca=29,I=0.293), com.github.javaparser.ast.expr (Ce=14,Ca=31,I=0.311), com.github.javaparser.ast.nodeTypes (Ce=10,Ca=8,I=0.556), com.github.javaparser (Ce=16,Ca=38,I=0.296), com.github.javaparser.ast.type (Ce=17,Ca=23,I=0.425), com.github.javaparser.ast.stmt (Ce=9,Ca=27,I=0.250), com.github.javaparser.printer (Ce=16,Ca=10,I=0.615), com.github.javaparser.ast.comments (Ce=11,Ca=12,I=0.478). Because utils depends on many packages with larger instability than itself, it violates the Stable Dependencies Principle (it depends on less stable components) — Unstable Dependency detected."
javaparser,com.github.javaparser.wiki_samples.txt,,package,com.github.javaparser.wiki_samples,0,"No unstable dependency detected: Ce = 0 (no outgoing dependencies) and outgoing_dependencies list is empty, Ca = 0 (no incoming dependencies). Because the package does not depend on any other packages, it cannot depend on less-stable components and therefore does not violate the Stable Dependencies Principle."
javaparser,com.packageName.txt,,package,com.packageName,0,"com.packageName has Ce=0 (no outgoing dependencies) and Ca=1 (one incoming dependency from (default package) with Ce=2, Ca=0). Its stability I = Ca/(Ca+Ce) = 1.0 (highly stable). The Unstable Dependency smell requires the package to depend on less stable packages, but com.packageName has no outgoing dependencies to less stable components; instead an unstable (default package) depends on it. Therefore the smell is not present."
javaparser,d.e.f.txt,,package,d.e.f,0,"The package d.e.f has Ce=0 and Ca=0 and both outgoing_dependencies and incoming_dependencies are empty. There are no outgoing dependencies to less stable packages (or any packages at all), so the Stable Dependencies Principle cannot be violated for this package."
javaparser,demo.txt,,package,demo,0,"The package 'demo' has Ce=1 and Ca=0 (instability I = 1.0). Its only outgoing dependency is 'com.github.javaparser.utils' which has Ce=10 and Ca=35 (instability I ≈ 0.222). Because 'demo' depends on a more stable package (lower instability), the Stable Dependency Principle is not violated. There are no incoming dependencies to 'demo' that would alter this assessment, so no unstable dependency smell is detected."
javaparser,extends_duplicate.txt,,package,extends_duplicate,0,"No unstable dependency detected because the package has no outgoing dependencies (Ce = 0, outgoing_dependencies = []). There are also no incoming dependencies (Ca = 0, incoming_dependencies = []). Since the package does not depend on any other packages, it cannot depend on less stable components and therefore does not violate the Stable Dependencies Principle."
javaparser,foo.bar.differentpackage.txt,,package,foo.bar.differentpackage,0,"foo.bar.differentpackage has Ce=1 and Ca=0 (instability I = Ce/(Ca+Ce) = 1/(0+1) = 1.0). Its outgoing dependency is foo.bar which has Ce=0 and Ca=1 (instability I = 0/(1+0) = 0.0). The package therefore depends on a more stable package (0.0 < 1.0), which satisfies the Stable Dependencies Principle. There are no incoming dependencies affecting its stability. Hence no Unstable Dependency smell is detected."
javaparser,foo.bar.txt,,package,foo.bar,0,"foo.bar has Ce=0 and Ca=1 (instability I = 0/(0+1) = 0). It has no outgoing dependencies and a single incoming dependency from foo.bar.differentpackage (which has Ce=1, Ca=0, instability I = 1). Because foo.bar does not depend on any less-stable packages (no outgoing dependencies) and instead is depended on by a less-stable package, the Unstable Dependency smell is not present."
javaparser,foo.txt,,package,foo,0,"Package 'foo' has Ce=0 and Ca=0 and both outgoing_dependencies and incoming_dependencies are empty. There are no outgoing dependencies to less-stable packages, so the Unstable Dependency smell is not present."
javaparser,groovy.transform.builder.txt,,package,groovy.transform.builder,0,"No unstable dependency: Ce=0 and outgoing_dependencies is empty so the package has no outgoing dependencies to less-stable packages. Ca=0 and incoming_dependencies is empty (num_classes=1, loc=117) confirm it is not depending on other packages and therefore does not violate the Stable Dependencies Principle."
javaparser,implements_duplicate.txt,,package,implements_duplicate,0,"Package 'implements_duplicate' has no outgoing dependencies (Ce = 0, outgoing_dependencies = []) and no incoming dependencies (Ca = 0, incoming_dependencies = []). Because it does not depend on any other packages, there is no direction of dependency that could point to a less stable package. Therefore the Unstable Dependency smell is not detected for this package."
javaparser,issue1945.implementations.txt,,package,issue1945.implementations,0,"issue1945.implementations has Ce=1 and Ca=0 (stability I = 0/(0+1) = 0). It has an outgoing dependency to issue1945.interfaces, which has Ce=0 and Ca=2 (stability I = 2/(2+0) = 1). The dependency direction is from a less stable package (I=0) to a more stable package (I=1), so the Stable Dependencies Principle is respected and no Unstable Dependency smell is detected."
javaparser,issue1945.interfaces.txt,,package,issue1945.interfaces,0,"issue1945.interfaces has Ce=0 and Ca=2 (instability I = 0/(0+2) = 0) and no outgoing dependencies. Both incoming packages (issue1945.implementations: Ce=1, Ca=0; issue1945.main: Ce=1, Ca=0) depend on this package. The dependency direction is from less stable packages (instability 1) to this more stable package, which complies with the Stable Dependencies Principle. Therefore there is no Unstable Dependency smell."
javaparser,issue1945.main.txt,,package,issue1945.main,0,"issue1945.main has Ce=1 and Ca=0 -> stability I = 1.0 (very unstable). It depends on issue1945.interfaces which has Ce=0 and Ca=2 -> stability I = 0.0 (very stable). The dependency goes from a less stable package (issue1945.main) to a more stable package (issue1945.interfaces), satisfying the Stable Dependencies Principle. No incoming dependencies to issue1945.main contradict this, so no Unstable Dependency smell is detected."
javaparser,issue241.txt,,package,issue241,0,"Ce = 0 and Ca = 0 (no outgoing and no incoming dependencies). There are no outgoing dependencies from this package, so it does not depend on any less-stable packages. The stability index is undefined due to Ce+Ca = 0, but with no outgoing dependencies the Stable Dependencies Principle is not violated."
javaparser,japa.bdd.samples.txt,,package,japa.bdd.samples,0,"japa.bdd.samples has Ce=1 and Ca=0 (instability I = 1.0) and its only outgoing dependency is com.github.javaparser.ast which has Ce=14 and Ca=44 (instability I ≈ 0.241). Because japa.bdd.samples (highly unstable) depends on a more stable package (com.github.javaparser.ast, higher Ca and much lower instability), the Stable Dependencies Principle is respected and there is no Unstable Dependency smell."
javaparser,japa.parser.comments.txt,,package,japa.parser.comments,0,"The package has Ce=0 and Ca=0 (no outgoing and no incoming dependencies). There are no outgoing dependencies to less stable packages, and instability (Ce/(Ce+Ca)) is undefined due to Ce+Ca=0. Therefore the Unstable Dependency smell is not present."
javaparser,javaparser.txt,,package,javaparser,0,"No unstable dependency detected: the package has no outgoing dependencies (Ce = 0, outgoing_dependencies = []) and no incoming dependencies (Ca = 0, incoming_dependencies = []). Since it does not depend on other packages, it cannot depend on less-stable packages and therefore does not violate the Stable Dependencies Principle."
javaparser,main.txt,,package,main,0,"Package 'main' has no outgoing dependencies (Ce = 0, outgoing_dependencies = []) and no incoming dependencies (Ca = 0, incoming_dependencies = []). Because there are no outgoing dependencies to any other packages, there is no dependency on less stable components and thus no violation of the Stable Dependencies Principle (Unstable Dependency smell not present)."
javaparser,org.tensorflow.op.txt,,package,org.tensorflow.op,0,"Package 'org.tensorflow.op' has no outgoing dependencies (Ce = 0) and no incoming dependencies (Ca = 0); there are no dependency relations to other packages to violate the Stable Dependencies Principle, so no Unstable Dependency smell is detected."
javaparser,package_a.txt,,package,package_a,0,"package_a has no outgoing dependencies (Ce=0, outgoing_dependencies=[]) and no incoming dependencies (Ca=0, incoming_dependencies=[]). Because it does not depend on any other package, it cannot depend on less-stable packages, so the Unstable Dependency smell is not present."
javaparser,package_b.txt,,package,package_b,0,"package_b has Ce = 0 and the outgoing_dependencies list is empty (no outgoing dependencies). There are also no incoming_dependencies. Because it does not depend on any other packages, it cannot depend on less-stable components and therefore does not exhibit the Unstable Dependency smell."
javaparser,package_c.txt,,package,package_c,0,"package_c has no outgoing dependencies (Ce = 0, outgoing_dependencies = []) and no incoming dependencies (Ca = 0, incoming_dependencies = []). Because it does not depend on any other packages, there are no dependencies that could be less stable than package_c, so the Unstable Dependency smell is not present."
jimfs,com.google.common.jimfs.txt,,package,com.google.common.jimfs,0,"No unstable dependency detected because the package has no outgoing dependencies (Ce = 0, dependencies = []) and no incoming dependencies (Ca = 0). With Ce = 0 there are no efferent couplings to less-stable packages, and with empty incoming/outgoing dependency lists the Stable Dependencies Principle cannot be violated."
jitwatch,(default package).txt,,package,(default package),0,"No unstable dependency detected: the package has no outgoing dependencies (Ce = 0) and no incoming dependencies (Ca = 0). With Ce = 0 there are no dependencies from this package to others, so it cannot depend on less stable packages."
jitwatch,org.adoptopenjdk.jitwatch.chain.txt,,package,org.adoptopenjdk.jitwatch.chain,0,"Analyzed package org.adoptopenjdk.jitwatch.chain has Ce=3 and Ca=1 (stability I = 1/(1+3) = 0.25). Its outgoing dependencies are more stable: org.adoptopenjdk.jitwatch.util (Ce=5, Ca=39, I = 39/44 ≈ 0.886), org.adoptopenjdk.jitwatch.model (Ce=5, Ca=48, I = 48/53 ≈ 0.904), and org.adoptopenjdk.jitwatch.compilation (Ce=3, Ca=9, I = 9/12 = 0.75). All outgoing dependencies have higher stability values than the analyzed package, so the Stable Dependencies Principle is respected. The incoming dependency org.adoptopenjdk.jitwatch.ui.compilechain (Ce=6, Ca=1, I ≈ 0.143) is less stable but is an incoming caller and does not indicate that this package depends on less stable components. Therefore no Unstable Dependency smell is detected."
jitwatch,org.adoptopenjdk.jitwatch.compilation.codecache.txt,,package,org.adoptopenjdk.jitwatch.compilation.codecache,0,"The package has Ce=1 and Ca=2 (stability I = 2/(2+1) ≈ 0.667). Its only outgoing dependency is org.adoptopenjdk.jitwatch.model which has Ce=5 and Ca=48 (stability I = 48/(48+5) ≈ 0.906). Since the analyzed package depends on a more stable package (dependency I 0.906 > package I 0.667), the Stable Dependencies Principle is respected. Incoming dependencies from org.adoptopenjdk.jitwatch.ui.main and org.adoptopenjdk.jitwatch.ui.nmethod.codecache (two afferents) do not create an unstable dependency for this package."
jitwatch,org.adoptopenjdk.jitwatch.compilation.txt,,package,org.adoptopenjdk.jitwatch.compilation,0,"The package has Ce=3 and Ca=9 (stability I = 9/(9+3) = 0.75). Its outgoing dependencies are more stable: org.adoptopenjdk.jitwatch.treevisitor (Ca=5, Ce=1, I=5/6≈0.83), org.adoptopenjdk.jitwatch.util (Ca=39, Ce=5, I=39/44≈0.89), and org.adoptopenjdk.jitwatch.model (Ca=48, Ce=5, I=48/53≈0.91). Because compilation depends on packages with higher stability than itself, it does not violate the Stable Dependencies Principle and therefore does not exhibit an Unstable Dependency smell."
jitwatch,org.adoptopenjdk.jitwatch.core.txt,,package,org.adoptopenjdk.jitwatch.core,0,"org.adoptopenjdk.jitwatch.core has Ce=3, Ca=13 => instability I=3/(3+13)=0.1875 (relatively stable). Its outgoing dependencies: org.adoptopenjdk.jitwatch.model (Ce=5, Ca=48 => I=5/53≈0.0943), org.adoptopenjdk.jitwatch.util (Ce=5, Ca=39 => I=5/44≈0.1136), org.adoptopenjdk.jitwatch.model.bytecode (Ce=3, Ca=22 => I=3/25=0.12). All outgoing dependencies have lower instability (more stable) than the analyzed package, so the Stable Dependencies Principle is respected. Although many incoming dependents are relatively unstable, incoming dependencies do not cause an unstable-dependency smell for this package. Therefore no unstable dependency smell is detected."
jitwatch,org.adoptopenjdk.jitwatch.demo.txt,,package,org.adoptopenjdk.jitwatch.demo,0,"The package does not exhibit an Unstable Dependency smell because it has no outgoing dependencies (Ce = 0; outgoing_dependencies = []). With no dependencies on other packages, it cannot depend on less stable components. Incoming dependencies are also zero (Ca = 0; incoming_dependencies = []). Relevant metrics: num_classes = 1, loc = 331."
jitwatch,org.adoptopenjdk.jitwatch.histo.txt,,package,org.adoptopenjdk.jitwatch.histo,0,"org.adoptopenjdk.jitwatch.histo has Ce=3 and Ca=1 -> instability I = 3/(3+1) = 0.75. Its outgoing dependencies are: org.adoptopenjdk.jitwatch.treevisitor (Ce=1, Ca=5 -> I = 1/6 ≈ 0.1667), org.adoptopenjdk.jitwatch.model (Ce=5, Ca=48 -> I = 5/53 ≈ 0.0943), and org.adoptopenjdk.jitwatch.compilation (Ce=3, Ca=9 -> I = 3/12 = 0.25). All outgoing dependencies have lower instability values than org.adoptopenjdk.jitwatch.histo, so the package depends on more stable packages. Incoming dependency org.adoptopenjdk.jitwatch.ui.graphing (Ca contribution = 1) is already reflected in Ca. Therefore the Stable Dependencies Principle is respected and no Unstable Dependency smell is detected."
jitwatch,org.adoptopenjdk.jitwatch.hotthrow.txt,,package,org.adoptopenjdk.jitwatch.hotthrow,0,"Analyzed package instability I = Ce/(Ca+Ce) = 4/(1+4) = 0.80. Outgoing dependencies: org.adoptopenjdk.jitwatch.model.bytecode I = 3/(22+3) = 0.12; org.adoptopenjdk.jitwatch.model I = 5/(48+5) ≈ 0.094; org.adoptopenjdk.jitwatch.compilation I = 3/(9+3) = 0.25; org.adoptopenjdk.jitwatch.util I = 5/(39+5) ≈ 0.114. All outgoing dependencies have lower instability (are more stable) than the analyzed package, so the Stable Dependencies Principle is respected. There is an incoming dependency from org.adoptopenjdk.jitwatch.toplist (I = 6/(1+6) ≈ 0.857) but incoming dependencies do not create an unstable dependency smell for this package. Therefore no unstable dependency smell detected."
jitwatch,org.adoptopenjdk.jitwatch.inline.txt,,package,org.adoptopenjdk.jitwatch.inline,0,"Analyzed package has Ce=2, Ca=1 (instability I=2/(1+2)=0.667). Its outgoing dependencies are to org.adoptopenjdk.jitwatch.model (Ce=5, Ca=48, I=5/(5+48)=0.094) and org.adoptopenjdk.jitwatch.compilation (Ce=3, Ca=9, I=3/(3+9)=0.25). Both target packages are more stable (lower instability) than org.adoptopenjdk.jitwatch.inline, so the Stable Dependencies Principle is respected. Incoming dependency from org.adoptopenjdk.jitwatch.launch (Ce=8, Ca=0, I=1.0) does not create an unstable dependency for the analyzed package."
jitwatch,org.adoptopenjdk.jitwatch.intrinsic.txt,,package,org.adoptopenjdk.jitwatch.intrinsic,0,"Package org.adoptopenjdk.jitwatch.intrinsic has Ce=2, Ca=2 (stability I=2/(2+2)=0.50). Its outgoing dependencies are org.adoptopenjdk.jitwatch.model (Ce=5, Ca=48, I≈48/53≈0.906) and org.adoptopenjdk.jitwatch.compilation (Ce=3, Ca=9, I=9/12=0.75) — both are more stable than intrinsic, so intrinsic depends on more stable packages. Incoming dependents are org.adoptopenjdk.jitwatch.toplist (Ce=6, Ca=1, I≈0.143) and org.adoptopenjdk.jitwatch.ui.main (Ce=28, Ca=17, I≈0.378) — these are less stable and depend on intrinsic. Since dependency directions point toward greater stability (SDP respected), there is no Unstable Dependency smell."
jitwatch,org.adoptopenjdk.jitwatch.jarscan.allocationcount.txt,,package,org.adoptopenjdk.jitwatch.jarscan.allocationcount,0,"The analyzed package depends only on org.adoptopenjdk.jitwatch.model.bytecode. Calculated instability (I = Ca / (Ca + Ce)): analyzed package I = 1/(1+1) = 0.5; org.adoptopenjdk.jitwatch.model.bytecode I = 22/(22+3) ≈ 0.88. Since the dependency goes from lower stability (0.5) to higher stability (0.88), the Stable Dependencies Principle is respected and there is no unstable dependency. Incoming dependency org.adoptopenjdk.jitwatch.jarscan has I = 0/(0+11) = 0.0 (very unstable) and depends on the analyzed package, which is acceptable. (Metrics: analyzed Ce=1 Ca=1; model.bytecode Ce=3 Ca=22; jarscan Ce=11 Ca=0.)"
jitwatch,org.adoptopenjdk.jitwatch.jarscan.freqinlinesize.txt,,package,org.adoptopenjdk.jitwatch.jarscan.freqinlinesize,0,"Analyzed package metrics: Ce=3, Ca=1 -> Instability I = 3/(3+1) = 0.75 (relatively unstable). Outgoing dependencies: org.adoptopenjdk.jitwatch.model (Ce=5, Ca=48 -> I = 5/53 ≈ 0.094), org.adoptopenjdk.jitwatch.util (Ce=5, Ca=39 -> I = 5/44 ≈ 0.114), org.adoptopenjdk.jitwatch.model.bytecode (Ce=3, Ca=22 -> I = 3/25 = 0.12). All outgoing targets are substantially more stable (much lower I) than the analyzed package, so the package does not depend on less stable components. Incoming dependency: org.adoptopenjdk.jitwatch.jarscan (Ce=11, Ca=0 -> I = 1.0) is unstable, but this is an incoming dependency and does not constitute an unstable dependency smell for the analyzed package. Therefore detection = false."
jitwatch,org.adoptopenjdk.jitwatch.jarscan.instructioncount.txt,,package,org.adoptopenjdk.jitwatch.jarscan.instructioncount,0,"Analyzed package org.adoptopenjdk.jitwatch.jarscan.instructioncount has Ce=1, Ca=1 (instability I=1/(1+1)=0.5). Its single outgoing dependency org.adoptopenjdk.jitwatch.model.bytecode has Ce=3, Ca=22 (I=3/(3+22)≈0.12), i.e. significantly more stable than the analyzed package. There is an incoming dependency from org.adoptopenjdk.jitwatch.jarscan with Ce=11, Ca=0 (I=1.0), but incoming/afferent dependencies do not cause the unstable-dependency smell for this package. Because the package only depends on a more stable package, the Unstable Dependency smell is not detected."
jitwatch,org.adoptopenjdk.jitwatch.jarscan.invokecount.txt,,package,org.adoptopenjdk.jitwatch.jarscan.invokecount,0,"Analyzed package metrics: Ce=2, Ca=1 -> instability I=2/(2+1)=0.667. Outgoing dependencies: org.adoptopenjdk.jitwatch.model.bytecode (Ce=3, Ca=22 -> I=3/(3+22)=0.120) and org.adoptopenjdk.jitwatch.util (Ce=5, Ca=39 -> I=5/(5+39)=0.114). Both outgoing dependencies have much lower instability (are more stable) than the analyzed package, so the package depends on more stable components as required by the Stable Dependencies Principle. Incoming dependency org.adoptopenjdk.jitwatch.jarscan (Ce=11, Ca=0 -> I=1.0) depends on the analyzed package but does not cause the analyzed package to depend on less-stable components. Therefore there is no Unstable Dependency smell for this package."
jitwatch,org.adoptopenjdk.jitwatch.jarscan.methodlength.txt,,package,org.adoptopenjdk.jitwatch.jarscan.methodlength,0,"The package has Ce=3 and Ca=1 -> Instability I = 1 - 3/(3+1) = 0.25 (relatively unstable). Its outgoing dependencies are:
- org.adoptopenjdk.jitwatch.model (Ce=5, Ca=48 -> I ≈ 0.91)
- org.adoptopenjdk.jitwatch.util (Ce=5, Ca=39 -> I ≈ 0.89)
- org.adoptopenjdk.jitwatch.model.bytecode (Ce=3, Ca=22 -> I = 0.88)
All outgoing dependencies have significantly higher stability indices than the analyzed package, so the package depends on more stable packages (complies with the Stable Dependencies Principle). The only incoming dependency shown is org.adoptopenjdk.jitwatch.jarscan (Ce=11, Ca=0 -> I = 0.0), an unstable package that depends on the analyzed package; this does not constitute an unstable dependency for the analyzed package. Therefore, the Unstable Dependency smell is not detected."
jitwatch,org.adoptopenjdk.jitwatch.jarscan.methodsizehisto.txt,,package,org.adoptopenjdk.jitwatch.jarscan.methodsizehisto,0,"The package has Ce=2 and Ca=1 (stability I = 1/(1+2) = 0.333). Its outgoing dependencies are to org.adoptopenjdk.jitwatch.model.bytecode (Ca=22, Ce=3, I=22/(22+3)=0.880) and org.adoptopenjdk.jitwatch.model (Ca=48, Ce=5, I=48/(48+5)=0.906). Both target packages are significantly more stable than the analyzed package, so the package does not depend on less stable components. Although there is an incoming dependency from org.adoptopenjdk.jitwatch.jarscan (Ca=0, Ce=11, very unstable), incoming unstable clients do not create the Unstable Dependency smell for this package. Therefore no unstable-dependency smell is detected."
jitwatch,org.adoptopenjdk.jitwatch.jarscan.nextinstruction.txt,,package,org.adoptopenjdk.jitwatch.jarscan.nextinstruction,0,"Analyzed package metrics: Ce=2, Ca=1 => Instability I=2/(1+2)=0.6667. Outgoing dependencies: org.adoptopenjdk.jitwatch.model.bytecode (Ce=3, Ca=22 => I=3/(3+22)=0.1200) and org.adoptopenjdk.jitwatch.jarscan.sequencecount (Ce=1, Ca=2 => I=1/(1+2)=0.3333). Both outgoing dependencies have lower instability (are more stable) than the analyzed package, so the package does not depend on less stable components and the Stable Dependencies Principle is respected. Incoming dependency org.adoptopenjdk.jitwatch.jarscan (Ce=11, Ca=0 => I=1.0) is more unstable but is an incoming dependency and does not cause this package to depend on less stable packages."
jitwatch,org.adoptopenjdk.jitwatch.jarscan.sequencecount.txt,,package,org.adoptopenjdk.jitwatch.jarscan.sequencecount,0,"Analyzed package metrics: Ce=1, Ca=2 => instability I = 1/(1+2) = 0.333. Outgoing dependency: org.adoptopenjdk.jitwatch.model.bytecode (Ce=3, Ca=22 => I = 3/(3+22) = 0.12). The package depends on a more stable package (0.12 < 0.333), so it does not violate the Stable Dependencies Principle. Incoming dependencies: org.adoptopenjdk.jitwatch.jarscan.nextinstruction (Ce=2, Ca=1 => I=0.667) and org.adoptopenjdk.jitwatch.jarscan (Ce=11, Ca=0 => I=1.0) depend on the analyzed package; these incoming dependents are less stable, which is acceptable. Therefore no Unstable Dependency smell detected."
jitwatch,org.adoptopenjdk.jitwatch.jarscan.sequencesearch.txt,,package,org.adoptopenjdk.jitwatch.jarscan.sequencesearch,0,"The package has Ce=2 and Ca=1 giving instability I = Ca/(Ca+Ce) = 1/3 ≈ 0.33. Its outgoing dependencies are org.adoptopenjdk.jitwatch.model.bytecode (Ca=22, Ce=3, I = 22/25 = 0.88) and org.adoptopenjdk.jitwatch.model (Ca=48, Ce=5, I = 48/53 ≈ 0.91). Both dependency packages are substantially more stable than the analyzed package, so the package depends on more stable components, respecting the Stable Dependencies Principle. Although an incoming package (org.adoptopenjdk.jitwatch.jarscan) is highly unstable (Ca=0, Ce=11, I=0), that is an incoming dependency and does not indicate this package depends on less stable components. Therefore no Unstable Dependency smell is detected."
jitwatch,org.adoptopenjdk.jitwatch.jarscan.txt,,package,org.adoptopenjdk.jitwatch.jarscan,0,"Analyzed package metrics: Ce=11, Ca=0 -> instability I = Ce/(Ca+Ce) = 11/(0+11) = 1.0 (fully unstable). Unstable Dependency smell would occur if this package depends on packages that are less stable (higher I) than itself. Outgoing dependencies (with Ce, Ca, computed I): org.adoptopenjdk.jitwatch.jarscan.allocationcount (Ce=1,Ca=1 -> I=0.5), org.adoptopenjdk.jitwatch.loader (Ce=5,Ca=7 -> I≈0.417), org.adoptopenjdk.jitwatch.model.bytecode (Ce=3,Ca=22 -> I=0.12), org.adoptopenjdk.jitwatch.jarscan.sequencecount (Ce=1,Ca=2 -> I≈0.333), org.adoptopenjdk.jitwatch.jarscan.nextinstruction (Ce=2,Ca=1 -> I≈0.667), org.adoptopenjdk.jitwatch.jarscan.instructioncount (Ce=1,Ca=1 -> I=0.5), org.adoptopenjdk.jitwatch.jarscan.sequencesearch (Ce=2,Ca=1 -> I≈0.667), org.adoptopenjdk.jitwatch.jarscan.freqinlinesize (Ce=3,Ca=1 -> I=0.75), org.adoptopenjdk.jitwatch.jarscan.methodsizehisto (Ce=2,Ca=1 -> I≈0.667), org.adoptopenjdk.jitwatch.jarscan.methodlength (Ce=3,Ca=1 -> I=0.75), org.adoptopenjdk.jitwatch.jarscan.invokecount (Ce=2,Ca=1 -> I≈0.667). All dependency instability values are less than 1.0, i.e., each dependency is more stable than the analyzed package. Incoming dependencies: none (Ca=0). Therefore the package does not violate the Stable Dependencies Principle by depending on less stable packages — no Unstable Dependency detected."
jitwatch,org.adoptopenjdk.jitwatch.jarscan.visualiser.txt,,package,org.adoptopenjdk.jitwatch.jarscan.visualiser,0,"Analyzed package has Ce=1, Ca=0 (instability I = 1/(0+1) = 1.0) and no incoming dependencies. It has a single outgoing dependency to org.adoptopenjdk.jitwatch.util which has Ce=5, Ca=39 (instability I = 5/(39+5) ≈ 0.114). The dependency direction is from a highly unstable package (I=1.0) to a much more stable package (I≈0.114), so the Stable Dependencies Principle is respected and there are no dependencies on less stable components."
jitwatch,org.adoptopenjdk.jitwatch.jvmlang.txt,,package,org.adoptopenjdk.jitwatch.jvmlang,1,"org.adoptopenjdk.jitwatch.jvmlang has Ce=4 and Ca=3 (stability = 3/(3+4) ≈ 0.429). One of its outgoing dependencies, org.adoptopenjdk.jitwatch.process.runtime, has Ce=3 and Ca=2 (stability = 2/(2+3) = 0.4), which is less stable than jvmlang. According to the Stable Dependencies Principle, jvmlang should only depend on packages more stable than itself; this dependency on process.runtime violates that rule. (Other outgoing deps: core stability ≈ 0.8125, logger = 1.0, process.compiler = 0.75 — these are more stable and do not violate the principle.)"
jitwatch,org.adoptopenjdk.jitwatch.launch.txt,,package,org.adoptopenjdk.jitwatch.launch,0,"Analyzed package org.adoptopenjdk.jitwatch.launch has Ce=8, Ca=0 (instability I=8/(8+0)=1.00). All outgoing dependencies are more stable (lower instability) than the analyzed package: org.adoptopenjdk.jitwatch.core (Ce=3, Ca=13, I=0.1875), org.adoptopenjdk.jitwatch.report.suggestion (Ce=4, Ca=2, I≈0.6667), org.adoptopenjdk.jitwatch.parser (Ce=3, Ca=5, I=0.375), org.adoptopenjdk.jitwatch.treevisitor (Ce=1, Ca=5, I≈0.1667), org.adoptopenjdk.jitwatch.model (Ce=5, Ca=48, I≈0.0943), org.adoptopenjdk.jitwatch.inline (Ce=2, Ca=1, I≈0.6667), org.adoptopenjdk.jitwatch.util (Ce=5, Ca=39, I≈0.1136), org.adoptopenjdk.jitwatch.report.comparator (Ce=1, Ca=2, I≈0.3333). There are no incoming dependencies. Since the package depends only on packages that are more stable than itself, the Unstable Dependency smell is not detected."
jitwatch,org.adoptopenjdk.jitwatch.loader.txt,,package,org.adoptopenjdk.jitwatch.loader,1,"org.adoptopenjdk.jitwatch.loader has stability I = Ca/(Ca+Ce) = 7/(7+5) ≈ 0.583. It has outgoing dependencies to packages that are less stable: org.adoptopenjdk.jitwatch.jvmlang (Ca=3, Ce=4, I≈0.429) and org.adoptopenjdk.jitwatch.process.javap (Ca=1, Ce=1, I=0.5). Depending on these less-stable packages violates the Stable Dependencies Principle. Although some outgoing deps are more stable (org.adoptopenjdk.jitwatch.model.bytecode I≈0.88, org.adoptopenjdk.jitwatch.model I≈0.906, org.adoptopenjdk.jitwatch.util I≈0.886), the presence of dependencies to jvmlang and process.javap (including a cyclic relation with process.javap) justifies flagging an Unstable Dependency smell."
jitwatch,org.adoptopenjdk.jitwatch.logger.txt,,package,org.adoptopenjdk.jitwatch.logger,0,"The package has Ce=0 (no outgoing dependencies) and its dependencies list is empty, so it does not depend on any other packages. It has Ca=6 (incoming dependencies) from packages such as org.adoptopenjdk.jitwatch.jvmlang, org.adoptopenjdk.jitwatch.process.compiler, org.adoptopenjdk.jitwatch.process, org.adoptopenjdk.jitwatch.process.runtime, org.adoptopenjdk.jitwatch.sandbox, and org.adoptopenjdk.jitwatch.ui.main, indicating it is relatively stable. Unstable Dependency occurs when a package depends on less stable packages; since this package has no outgoing dependencies and is depended upon by others, the Unstable Dependency smell is not present."
jitwatch,org.adoptopenjdk.jitwatch.model.assembly.arm.txt,,package,org.adoptopenjdk.jitwatch.model.assembly.arm,1,"The package has Ce=1, Ca=2 => Instability I=1/(1+2)=0.333. It has an outgoing dependency on org.adoptopenjdk.jitwatch.model.assembly (Ce=4, Ca=7 => I=4/(4+7)=0.364). The dependency's instability (0.364) is greater than the analyzed package's instability (0.333), so the package depends on a less stable component, violating the Stable Dependencies Principle."
jitwatch,org.adoptopenjdk.jitwatch.model.assembly.txt,,package,org.adoptopenjdk.jitwatch.model.assembly,0,"org.adoptopenjdk.jitwatch.model.assembly has Ce=4, Ca=7 (stability = 7/(7+4) = 0.636). Its outgoing dependencies: org.adoptopenjdk.jitwatch.model.assembly.x86 (Ce=1, Ca=2, stability=0.667), org.adoptopenjdk.jitwatch.model.assembly.arm (Ce=1, Ca=2, stability=0.667), org.adoptopenjdk.jitwatch.model (Ce=5, Ca=48, stability=0.906), org.adoptopenjdk.jitwatch.util (Ce=5, Ca=39, stability=0.886). All outgoing dependencies have equal or higher stability than the package, so the Stable Dependencies Principle is respected and there is no Unstable Dependency smell."
jitwatch,org.adoptopenjdk.jitwatch.model.assembly.x86.txt,,package,org.adoptopenjdk.jitwatch.model.assembly.x86,1,"org.adoptopenjdk.jitwatch.model.assembly.x86 has Ce=1 and Ca=2 (stability I = 2/(2+1) = 0.667). It has an outgoing dependency to org.adoptopenjdk.jitwatch.model.assembly which has Ce=4 and Ca=7 (stability I = 7/(7+4) = 0.636). Because assembly.x86 depends on org.adoptopenjdk.jitwatch.model.assembly which is less stable (0.636 < 0.667), this violates the Stable Dependencies Principle and indicates an Unstable Dependency smell. Incoming dependencies (from org.adoptopenjdk.jitwatch.model.assembly and org.adoptopenjdk.jitwatch.ui.triview.assembly) do not negate the fact that its outgoing dependency is to a less stable package."
jitwatch,org.adoptopenjdk.jitwatch.model.bytecode.txt,,package,org.adoptopenjdk.jitwatch.model.bytecode,1,"org.adoptopenjdk.jitwatch.model.bytecode has Ce=3 and Ca=22 (stability = 22/(22+3) = 0.88). One of its outgoing dependencies, org.adoptopenjdk.jitwatch.compilation, has Ce=3 and Ca=9 (stability = 9/(9+3) = 0.75), which is less stable than org.adoptopenjdk.jitwatch.model.bytecode. This means the analyzed package (relatively stable) depends on a less stable package, violating the Stable Dependencies Principle. The other outgoing dependencies (org.adoptopenjdk.jitwatch.util: stability ≈0.886, org.adoptopenjdk.jitwatch.model: stability ≈0.906) are more stable, so the detected unstable dependency is specifically the dependency on org.adoptopenjdk.jitwatch.compilation."
jitwatch,org.adoptopenjdk.jitwatch.model.txt,,package,org.adoptopenjdk.jitwatch.model,1,"The package is highly stable (stability = Ca/(Ca+Ce) = 48/(48+5) = 0.906) yet it has outgoing dependencies to packages that are less stable: org.adoptopenjdk.jitwatch.core (stability = 13/(13+3) = 0.813), org.adoptopenjdk.jitwatch.loader (7/(7+5) = 0.583), org.adoptopenjdk.jitwatch.model.bytecode (22/(22+3) = 0.880), org.adoptopenjdk.jitwatch.model.assembly (7/(7+4) = 0.636), org.adoptopenjdk.jitwatch.util (39/(39+5) = 0.886). Because the analyzed package depends on components with lower stability, it violates the Stable Dependencies Principle and exhibits the Unstable Dependency smell."
jitwatch,org.adoptopenjdk.jitwatch.parser.hotspot.txt,,package,org.adoptopenjdk.jitwatch.parser.hotspot,0,"Analyzed package has Ca=0, Ce=4 -> Stability I=0.000. Outgoing dependencies: org.adoptopenjdk.jitwatch.core (Ca=13, Ce=3 -> I=0.813), org.adoptopenjdk.jitwatch.util (Ca=39, Ce=5 -> I=0.886), org.adoptopenjdk.jitwatch.model.assembly (Ca=7, Ce=4 -> I=0.636), org.adoptopenjdk.jitwatch.model (Ca=48, Ce=5 -> I=0.906). All dependencies have higher stability than the analyzed package (I_dep > I_pkg). Incoming dependencies count is 0. Therefore the package does not depend on less stable packages and the Unstable Dependency smell is not detected."
jitwatch,org.adoptopenjdk.jitwatch.parser.j9.txt,,package,org.adoptopenjdk.jitwatch.parser.j9,0,"The analyzed package has Ce=3 and Ca=0 (stability I = 0/(0+3) = 0.00), i.e. it is unstable. Its outgoing dependencies are to packages that are substantially more stable: org.adoptopenjdk.jitwatch.core (Ce=3, Ca=13, I=13/(13+3)=0.8125), org.adoptopenjdk.jitwatch.util (Ce=5, Ca=39, I=39/(39+5)=0.8864), and org.adoptopenjdk.jitwatch.model (Ce=5, Ca=48, I=48/(48+5)=0.9057). Because the package depends on packages with higher stability values (direction of dependencies is toward more stable packages), the Stable Dependencies Principle is satisfied and there is no Unstable Dependency smell."
jitwatch,org.adoptopenjdk.jitwatch.parser.txt,,package,org.adoptopenjdk.jitwatch.parser,0,"org.adoptopenjdk.jitwatch.parser has Ce=3, Ca=5 -> instability I=3/(3+5)=0.375. Its outgoing dependencies: org.adoptopenjdk.jitwatch.core (Ce=3, Ca=13 -> I=0.1875), org.adoptopenjdk.jitwatch.util (Ce=5, Ca=39 -> I≈0.1136), org.adoptopenjdk.jitwatch.model (Ce=5, Ca=48 -> I≈0.0943). All outgoing dependencies have lower instability (are more stable) than the analyzed package, so the package is not depending on less stable components. Incoming dependents (e.g., org.adoptopenjdk.jitwatch.launch I=1.0, org.adoptopenjdk.jitwatch.ui.main I≈0.622) are more unstable and depend on this package, which is consistent with the Stable Dependencies Principle. Therefore no Unstable Dependency smell is detected."
jitwatch,org.adoptopenjdk.jitwatch.parser.zing.txt,,package,org.adoptopenjdk.jitwatch.parser.zing,0,"Analyzed package metrics: Ce=3, Ca=0 -> Stability I = 0/(0+3) = 0.0. Outgoing dependencies: org.adoptopenjdk.jitwatch.core (Ce=3, Ca=13 -> I=13/16≈0.8125), org.adoptopenjdk.jitwatch.util (Ce=5, Ca=39 -> I=39/44≈0.8864), org.adoptopenjdk.jitwatch.model (Ce=5, Ca=48 -> I=48/53≈0.9057). All outgoing dependencies have higher stability (I) than the analyzed package, so the package does not depend on less stable packages. Therefore the Unstable Dependency smell is not detected."
jitwatch,org.adoptopenjdk.jitwatch.process.compiler.txt,,package,org.adoptopenjdk.jitwatch.process.compiler,0,"Analyzed package metrics: Ce=1, Ca=3 → instability = 1/(1+3) = 0.25. Outgoing dependency: org.adoptopenjdk.jitwatch.logger (Ce=0, Ca=6 → instability = 0/(0+6) = 0.00). The package depends only on logger, which is more stable (lower instability) than the analyzed package, so the Stable Dependencies Principle is respected for outgoing dependencies. Incoming dependencies (org.adoptopenjdk.jitwatch.jvmlang: instability ≈0.57, org.adoptopenjdk.jitwatch.process.runtime: ≈0.60, org.adoptopenjdk.jitwatch.sandbox: ≈0.91) indicate other, less stable packages depend on this package, which does not constitute an unstable dependency for the analyzed package. Therefore no Unstable Dependency smell detected."
jitwatch,org.adoptopenjdk.jitwatch.process.javap.txt,,package,org.adoptopenjdk.jitwatch.process.javap,0,"Analyzed package has Ce=1 and Ca=1 -> instability = 1/(1+1) = 0.5. It has an outgoing dependency to org.adoptopenjdk.jitwatch.loader which has Ce=5 and Ca=7 -> instability = 5/(5+7) ≈ 0.417. Because the package depends on a more stable package (0.417 < 0.5), the Stable Dependencies Principle is not violated; therefore the Unstable Dependency smell is not detected. (Note: there is a mutual dependency between the two packages, but the dependency direction in question is towards the more stable package.)"
jitwatch,org.adoptopenjdk.jitwatch.process.runtime.txt,,package,org.adoptopenjdk.jitwatch.process.runtime,0,"Analyzed package metrics: Ce=3, Ca=2 -> stability S=2/(2+3)=0.40. Outgoing dependencies: org.adoptopenjdk.jitwatch.loader (Ce=5, Ca=7, S=7/12≈0.583), org.adoptopenjdk.jitwatch.logger (Ce=0, Ca=6, S=6/6=1.00), org.adoptopenjdk.jitwatch.process.compiler (Ce=1, Ca=3, S=3/4=0.75). All outgoing dependencies have higher stability than the analyzed package, so the package does not depend on less stable packages (no Unstable Dependency). Incoming dependencies: org.adoptopenjdk.jitwatch.jvmlang (Ce=4, Ca=3, S≈0.429) and org.adoptopenjdk.jitwatch.sandbox (Ce=10, Ca=1, S≈0.091) are noted, but incoming less-stable dependents do not indicate an unstable dependency from the analyzed package itself."
jitwatch,org.adoptopenjdk.jitwatch.process.txt,,package,org.adoptopenjdk.jitwatch.process,0,"org.adoptopenjdk.jitwatch.process has Ce=1 and Ca=2 (instability I = 1/(1+2) = 0.333). Its only outgoing dependency is org.adoptopenjdk.jitwatch.logger which has Ce=0 and Ca=6 (I = 0/(0+6) = 0.0). The process package therefore depends on a more stable package (logger), satisfying the Stable Dependencies Principle. Incoming dependents (org.adoptopenjdk.jitwatch.sandbox: Ce=10, Ca=1, I≈0.909; org.adoptopenjdk.jitwatch.ui.sandbox: Ce=12, Ca=2, I≈0.857) depend on the process package, but that does not indicate the process package has unstable dependencies. Consequently, no unstable dependency smell is detected."
jitwatch,org.adoptopenjdk.jitwatch.report.comparator.txt,,package,org.adoptopenjdk.jitwatch.report.comparator,0,"The package depends only on org.adoptopenjdk.jitwatch.report (outgoing Ce=1). Instability: report.comparator I = 1/(1+2) = 0.333; org.adoptopenjdk.jitwatch.report I = 2/(2+11) = 0.154. The dependency is toward a more stable package (lower instability), satisfying the Stable Dependencies Principle. Incoming dependents (org.adoptopenjdk.jitwatch.launch, org.adoptopenjdk.jitwatch.ui.main) do not make its outgoing dependency unstable. Therefore no Unstable Dependency smell detected."
jitwatch,org.adoptopenjdk.jitwatch.report.escapeanalysis.eliminatedallocation.txt,,package,org.adoptopenjdk.jitwatch.report.escapeanalysis.eliminatedallocation,0,"Analyzed package stability = Ca/(Ca+Ce) = 1/(1+2) = 0.333. Outgoing dependencies: org.adoptopenjdk.jitwatch.model.bytecode stability = 22/(22+3) = 0.88; org.adoptopenjdk.jitwatch.model stability = 48/(48+5) ≈ 0.906. Both outgoing targets are significantly more stable than the analyzed package, so the package does not depend on less stable components. Incoming dependency org.adoptopenjdk.jitwatch.ui.main has stability = 17/(17+28) ≈ 0.378 (irrelevant for unstable-dependency detection, which examines outgoing dependencies). Therefore no Unstable Dependency smell detected."
jitwatch,org.adoptopenjdk.jitwatch.report.escapeanalysis.txt,,package,org.adoptopenjdk.jitwatch.report.escapeanalysis,0,"The package has Ce=3 and Ca=0 (instability I = 0.00), i.e. it is an unstable/leaf package. Its outgoing dependencies are to packages that are significantly more stable: org.adoptopenjdk.jitwatch.report (Ce=2, Ca=11, I≈0.85), org.adoptopenjdk.jitwatch.model.bytecode (Ce=3, Ca=22, I≈0.88), and org.adoptopenjdk.jitwatch.model (Ce=5, Ca=48, I≈0.91). There are no incoming dependencies. Because the package depends on more stable packages (direction follows the Stable Dependencies Principle), the Unstable Dependency smell is not present."
jitwatch,org.adoptopenjdk.jitwatch.report.inlining.txt,,package,org.adoptopenjdk.jitwatch.report.inlining,1,"The analyzed package has Ce=3, Ca=1 -> instability I = 0.75 (unstable). Outgoing dependencies point to more stable packages (org.adoptopenjdk.jitwatch.report: Ce=2, Ca=11 -> I≈0.15; org.adoptopenjdk.jitwatch.model.bytecode: Ce=3, Ca=22 -> I=0.12; org.adoptopenjdk.jitwatch.model: Ce=5, Ca=48 -> I≈0.09), so its outgoing edges follow the Stable Dependencies Principle. However, there is an incoming dependency from org.adoptopenjdk.jitwatch.ui.main (Ce=28, Ca=17 -> I≈0.62), which is more stable (lower I) than the analyzed package but depends on it. That means a more stable package depends on a less stable one, violating the Stable Dependencies Principle. Therefore the unstable dependency smell is detected."
jitwatch,org.adoptopenjdk.jitwatch.report.locks.txt,,package,org.adoptopenjdk.jitwatch.report.locks,0,"The analyzed package org.adoptopenjdk.jitwatch.report.locks has Ce=2, Ca=1 (instability I=2/(1+2)=0.667). Its outgoing dependencies are org.adoptopenjdk.jitwatch.model.bytecode (Ce=3, Ca=22, I=3/(3+22)=0.12) and org.adoptopenjdk.jitwatch.model (Ce=5, Ca=48, I=5/(5+48)=0.094). Both dependencies are substantially more stable (lower instability) than the analyzed package, so the Stable Dependencies Principle is respected. Although there is an incoming dependency from org.adoptopenjdk.jitwatch.ui.main (Ce=28, Ca=17, I=28/(28+17)=0.622), incoming dependencies do not cause an unstable dependency smell for this package."
jitwatch,org.adoptopenjdk.jitwatch.report.suggestion.txt,,package,org.adoptopenjdk.jitwatch.report.suggestion,0,"Analyzed package org.adoptopenjdk.jitwatch.report.suggestion has Ce=4, Ca=2 -> instability I=4/(4+2)=0.667. Outgoing dependencies: org.adoptopenjdk.jitwatch.report (Ce=2, Ca=11 -> I=0.154), org.adoptopenjdk.jitwatch.util (Ce=5, Ca=39 -> I=0.114), org.adoptopenjdk.jitwatch.model (Ce=5, Ca=48 -> I=0.094), org.adoptopenjdk.jitwatch.compilation (Ce=3, Ca=9 -> I=0.250). All outgoing dependencies have lower instability (are more stable) than the analyzed package, so the Stable Dependencies Principle is respected. Incoming dependents (org.adoptopenjdk.jitwatch.launch Ce=8,Ca=0 -> I=1.0; org.adoptopenjdk.jitwatch.ui.main Ce=28,Ca=17 -> I=0.622) do not cause the analyzed package to depend on less stable packages. Therefore no Unstable Dependency smell is detected."
jitwatch,org.adoptopenjdk.jitwatch.report.txt,,package,org.adoptopenjdk.jitwatch.report,1,"org.adoptopenjdk.jitwatch.report has Ce=2, Ca=11 (instability I=2/(11+2)≈0.1538). Outgoing dependencies: org.adoptopenjdk.jitwatch.treevisitor (Ce=1, Ca=5, I=1/(1+5)≈0.1667) and org.adoptopenjdk.jitwatch.model (Ce=5, Ca=48, I=5/(5+48)≈0.0943). Since report depends on org.adoptopenjdk.jitwatch.treevisitor which has higher instability (0.1667 > 0.1538), the Stable Dependencies Principle is violated. Additionally, report has many incoming dependencies (Ca=11), reinforcing that it is relatively stable and should not depend on less stable packages. Therefore an Unstable Dependency smell is detected."
jitwatch,org.adoptopenjdk.jitwatch.sandbox.txt,,package,org.adoptopenjdk.jitwatch.sandbox,0,"Package org.adoptopenjdk.jitwatch.sandbox has Ce=10 and Ca=1 (instability I = 10/(10+1) ≈ 0.909). Its outgoing dependencies have the following instabilities: org.adoptopenjdk.jitwatch.ui.sandbox I≈0.857, org.adoptopenjdk.jitwatch.core I≈0.188, org.adoptopenjdk.jitwatch.parser I≈0.375, org.adoptopenjdk.jitwatch.process.compiler I≈0.25, org.adoptopenjdk.jitwatch.process I≈0.333, org.adoptopenjdk.jitwatch.logger I=0.0, org.adoptopenjdk.jitwatch.jvmlang I≈0.571, org.adoptopenjdk.jitwatch.model I≈0.094, org.adoptopenjdk.jitwatch.process.runtime I≈0.6, org.adoptopenjdk.jitwatch.util I≈0.114. All outgoing dependencies have lower instability (are more stable) than org.adoptopenjdk.jitwatch.sandbox, so the package is not depending on less stable components and the Unstable Dependency smell is not detected."
jitwatch,org.adoptopenjdk.jitwatch.toplist.txt,,package,org.adoptopenjdk.jitwatch.toplist,0,"Analyzed package Ce=6, Ca=1 -> Instability I=6/(6+1)=0.857. Outgoing dependencies and their instabilities: org.adoptopenjdk.jitwatch.treevisitor Ce=1,Ca=5 I=0.167; org.adoptopenjdk.jitwatch.model Ce=5,Ca=48 I=0.094; org.adoptopenjdk.jitwatch.compilation Ce=3,Ca=9 I=0.250; org.adoptopenjdk.jitwatch.intrinsic Ce=2,Ca=2 I=0.500; org.adoptopenjdk.jitwatch.hotthrow Ce=4,Ca=1 I=0.800; org.adoptopenjdk.jitwatch.util Ce=5,Ca=39 I=0.114. All outgoing dependencies have lower instability (are more stable) than the analyzed package, so the Stable Dependencies Principle is not violated. Incoming dependency: org.adoptopenjdk.jitwatch.ui.toplist Ce=4,Ca=1 I=0.800 (depends on this package) — this does not constitute an unstable dependency from the analyzed package. Therefore no Unstable Dependency smell detected."
jitwatch,org.adoptopenjdk.jitwatch.treevisitor.txt,,package,org.adoptopenjdk.jitwatch.treevisitor,0,"org.adoptopenjdk.jitwatch.treevisitor has Ce=1 and Ca=5 (instability I=1/(1+5)=0.1667). Its only outgoing dependency is org.adoptopenjdk.jitwatch.model which has Ce=5 and Ca=48 (I=5/(5+48)=0.0943). The dependency direction is toward a more stable package (model has lower instability), so the Stable Dependencies Principle is respected. Incoming dependencies (toplist, launch, histo, report, compilation) increase treevisitor's Ca but do not create an unstable dependency from treevisitor to its outgoing package, therefore no Unstable Dependency smell is detected."
jitwatch,org.adoptopenjdk.jitwatch.ui.browser.txt,,package,org.adoptopenjdk.jitwatch.ui.browser,0,"Analyzed package org.adoptopenjdk.jitwatch.ui.browser has Ce=1, Ca=1 -> instability I=1/(1+1)=0.5. Its outgoing dependency is org.adoptopenjdk.jitwatch.util (Ce=5, Ca=39 -> I=5/(5+39)≈0.114), which is more stable than the analyzed package. Incoming dependency org.adoptopenjdk.jitwatch.ui.main (Ce=28, Ca=17 -> I=28/(28+17)≈0.622) is less stable but is an incoming dependency (others depend on this package), not an outgoing dependency. Because the package does not depend on less stable packages, the Unstable Dependency smell is not detected."
jitwatch,org.adoptopenjdk.jitwatch.ui.compilationchooser.txt,,package,org.adoptopenjdk.jitwatch.ui.compilationchooser,1,"org.adoptopenjdk.jitwatch.ui.compilationchooser (Ce=2, Ca=2, stability=0.50) has an outgoing dependency to org.adoptopenjdk.jitwatch.ui.main (Ce=28, Ca=17, stability=17/45≈0.3778) which is less stable than itself. According to the Stable Dependencies Principle, a package should depend only on packages more stable than itself; this violated dependency (0.50 -> 0.3778) constitutes an Unstable Dependency smell. Note: the package also depends on org.adoptopenjdk.jitwatch.model (stability≈0.9057) which is more stable, but the presence of the dependency to the less stable ui.main triggers the smell."
jitwatch,org.adoptopenjdk.jitwatch.ui.compilechain.txt,,package,org.adoptopenjdk.jitwatch.ui.compilechain,0,"Analyzed package metrics: Ce=6, Ca=1 => Instability I = 6/(6+1) ≈ 0.857. Outgoing dependencies and their instabilities: org.adoptopenjdk.jitwatch.chain (Ce=3, Ca=1 => I=0.75), org.adoptopenjdk.jitwatch.model (Ce=5, Ca=48 => I≈0.094), org.adoptopenjdk.jitwatch.ui.resize (Ce=0, Ca=3 => I=0.0), org.adoptopenjdk.jitwatch.util (Ce=5, Ca=39 => I≈0.114), org.adoptopenjdk.jitwatch.ui.compilationchooser (Ce=2, Ca=2 => I=0.5), org.adoptopenjdk.jitwatch.ui.main (Ce=28, Ca=17 => I≈0.622). All outgoing dependencies have lower instability values than the analyzed package (all I < 0.857), meaning the package depends on more stable packages. Incoming dependency from org.adoptopenjdk.jitwatch.ui.main does not create an unstable dependency for this package. Therefore the Unstable Dependency smell is not detected."
jitwatch,org.adoptopenjdk.jitwatch.ui.filechooser.txt,,package,org.adoptopenjdk.jitwatch.ui.filechooser,0,"org.adoptopenjdk.jitwatch.ui.filechooser has Ce=1 (outgoing dependency to org.adoptopenjdk.jitwatch.util) and Ca=2 (incoming from org.adoptopenjdk.jitwatch.ui.sandbox and org.adoptopenjdk.jitwatch.ui.main). Its instability I = Ce/(Ca+Ce) = 1/(2+1) = 0.333. The depended-on package org.adoptopenjdk.jitwatch.util has Ce=5, Ca=39, instability I = 5/(39+5) ≈ 0.114, i.e. it is more stable. Since filechooser's only outgoing dependency is to a more stable package, the Stable Dependencies Principle is respected and there is no Unstable Dependency smell."
jitwatch,org.adoptopenjdk.jitwatch.ui.graphing.txt,,package,org.adoptopenjdk.jitwatch.ui.graphing,0,"org.adoptopenjdk.jitwatch.ui.graphing has Ca=1, Ce=5 (stability I=1/(1+5)=0.1667). All outgoing dependencies are more stable: org.adoptopenjdk.jitwatch.model Ca=48 Ce=5 (I=0.9057), org.adoptopenjdk.jitwatch.ui.resize Ca=3 Ce=0 (I=1.0), org.adoptopenjdk.jitwatch.histo Ca=1 Ce=3 (I=0.25), org.adoptopenjdk.jitwatch.util Ca=39 Ce=5 (I=0.8864), org.adoptopenjdk.jitwatch.ui.main Ca=17 Ce=28 (I=0.3778). Because the package depends only on packages with higher stability, the Unstable Dependency smell is not detected."
jitwatch,org.adoptopenjdk.jitwatch.ui.main.txt,,package,org.adoptopenjdk.jitwatch.ui.main,1,"The package org.adoptopenjdk.jitwatch.ui.main has Ce=28, Ca=17 -> instability I = 28/(28+17) = 0.622. According to the Stable Dependencies Principle it should depend only on packages with lower instability (more stable). However several of its outgoing dependencies are less stable (have higher instability) than 0.622, creating an unstable dependency smell. Offending outgoing dependencies (Ce, Ca -> I): org.adoptopenjdk.jitwatch.ui.sandbox (12,2 -> 0.857), org.adoptopenjdk.jitwatch.ui.viewer (4,1 -> 0.800), org.adoptopenjdk.jitwatch.ui.graphing (5,1 -> 0.833), org.adoptopenjdk.jitwatch.ui.report (9,1 -> 0.900), org.adoptopenjdk.jitwatch.report.suggestion (4,2 -> 0.667), org.adoptopenjdk.jitwatch.report.escapeanalysis.eliminatedallocation (2,1 -> 0.667), org.adoptopenjdk.jitwatch.ui.compilechain (6,1 -> 0.857), org.adoptopenjdk.jitwatch.ui.stats (3,1 -> 0.750), org.adoptopenjdk.jitwatch.ui.nmethod.codecache (4,1 -> 0.800), org.adoptopenjdk.jitwatch.report.inlining (3,1 -> 0.750), org.adoptopenjdk.jitwatch.report.locks (2,1 -> 0.667), org.adoptopenjdk.jitwatch.ui.triview (12,5 -> 0.706), org.adoptopenjdk.jitwatch.ui.nmethod.compilerthread (3,1 -> 0.750), org.adoptopenjdk.jitwatch.ui.toplist (4,1 -> 0.800). While org.adoptopenjdk.jitwatch.ui.main does depend on some more stable packages (for example org.adoptopenjdk.jitwatch.util I=0.114, org.adoptopenjdk.jitwatch.model I=0.094, org.adoptopenjdk.jitwatch.core I=0.188), the presence of many dependencies with higher instability than the package itself violates the Stable Dependencies Principle and justifies reporting an unstable dependency smell."
jitwatch,org.adoptopenjdk.jitwatch.ui.nmethod.codecache.txt,,package,org.adoptopenjdk.jitwatch.ui.nmethod.codecache,0,"Analyzed package org.adoptopenjdk.jitwatch.ui.nmethod.codecache has Ce=4 and Ca=1, instability I = 4/(4+1) = 0.8. Its outgoing dependencies and their instabilities: org.adoptopenjdk.jitwatch.util (Ce=5, Ca=39, I ≈ 0.114), org.adoptopenjdk.jitwatch.compilation.codecache (Ce=1, Ca=2, I = 0.333), org.adoptopenjdk.jitwatch.model (Ce=5, Ca=48, I ≈ 0.094), org.adoptopenjdk.jitwatch.ui.main (Ce=28, Ca=17, I ≈ 0.622). All outgoing dependencies have lower instability (are more stable) than the analyzed package (0.8), so the Stable Dependencies Principle is satisfied. Additionally the analyzed package has only one incoming dependency (Ca=1 from org.adoptopenjdk.jitwatch.ui.main), so it is not heavily depended upon. Therefore there is no Unstable Dependency smell."
jitwatch,org.adoptopenjdk.jitwatch.ui.nmethod.compilerthread.txt,,package,org.adoptopenjdk.jitwatch.ui.nmethod.compilerthread,0,"Analyzed package metrics: Ce=3, Ca=1 => Instability I = 3/(3+1) = 0.75 (unstable). Outgoing dependencies: org.adoptopenjdk.jitwatch.util (Ce=5, Ca=39 => I ≈ 0.114), org.adoptopenjdk.jitwatch.model (Ce=5, Ca=48 => I ≈ 0.094), org.adoptopenjdk.jitwatch.ui.main (Ce=28, Ca=17 => I ≈ 0.622). All outgoing dependencies have lower instability values (are more stable) than the analyzed package (0.114, 0.094, 0.622 < 0.75), so the package does not depend on less stable packages. The incoming dependency from org.adoptopenjdk.jitwatch.ui.main (I ≈ 0.622) means a more stable package depends on this one, but that does not constitute this package depending on less stable components. Therefore the Unstable Dependency smell is not detected."
jitwatch,org.adoptopenjdk.jitwatch.ui.nmethod.txt,,package,org.adoptopenjdk.jitwatch.ui.nmethod,0,"Analyzed package has Ce=4, Ca=0 => instability I = 4/(4+0) = 1.0 (very unstable). All outgoing dependencies are to packages with lower instability (i.e., more stable): org.adoptopenjdk.jitwatch.ui.resize (Ce=0, Ca=3, I=0.0), org.adoptopenjdk.jitwatch.util (Ce=5, Ca=39, I=5/44 ≈ 0.114), org.adoptopenjdk.jitwatch.model (Ce=5, Ca=48, I=5/53 ≈ 0.094), org.adoptopenjdk.jitwatch.ui.main (Ce=28, Ca=17, I=28/45 ≈ 0.622). Because each dependency's instability is less than the analyzed package's instability, the Stable Dependencies Principle is respected and no Unstable Dependency smell is detected."
jitwatch,org.adoptopenjdk.jitwatch.ui.parserchooser.txt,,package,org.adoptopenjdk.jitwatch.ui.parserchooser,0,"Analyzed package has Ce=1, Ca=1 (Instability I = 1/(1+1) = 0.50). Its single outgoing dependency is org.adoptopenjdk.jitwatch.parser which has Ce=3, Ca=5 (I = 3/(3+5) = 0.375). Since the analyzed package depends on a more stable package (0.375 < 0.50), the Stable Dependencies Principle is respected and there is no unstable dependency. Incoming dependency from org.adoptopenjdk.jitwatch.ui.main (I = 28/(28+17) = 0.622) is an afferent dependency (others depend on the analyzed package) and does not cause an unstable dependency smell for the analyzed package."
jitwatch,org.adoptopenjdk.jitwatch.ui.report.cell.txt,,package,org.adoptopenjdk.jitwatch.ui.report.cell,0,"Analyzed package metrics: Ce=3, Ca=1 -> Instability I = 3/(3+1) = 0.75. Outgoing dependencies: org.adoptopenjdk.jitwatch.report (Ce=2, Ca=11 -> I=2/13 ≈ 0.154), org.adoptopenjdk.jitwatch.model (Ce=5, Ca=48 -> I=5/53 ≈ 0.094), org.adoptopenjdk.jitwatch.ui.main (Ce=28, Ca=17 -> I=28/45 ≈ 0.622). All outgoing dependencies have lower instability values (more stable) than the analyzed package (0.154, 0.094, 0.622 < 0.75), so the package does not depend on less stable components. Incoming dependency org.adoptopenjdk.jitwatch.ui.report has Ce=9, Ca=1 -> I=0.9 (more unstable) but that is an incoming relation and does not indicate this package depends on less stable packages. Therefore the Unstable Dependency smell is not detected."
jitwatch,org.adoptopenjdk.jitwatch.ui.report.eliminatedallocation.txt,,package,org.adoptopenjdk.jitwatch.ui.report.eliminatedallocation,0,"The package has Ce=2, Ca=1 (instability I = 2/(1+2) = 0.667). Its outgoing dependencies are org.adoptopenjdk.jitwatch.report (Ce=2, Ca=11, I = 2/13 ≈ 0.154) and org.adoptopenjdk.jitwatch.model (Ce=5, Ca=48, I = 5/53 ≈ 0.094). Both targets are more stable (lower I) than the analyzed package, so dependencies point toward more stable packages as required by the Stable Dependency Principle. The incoming dependency org.adoptopenjdk.jitwatch.ui.report (Ce=9, Ca=1, I = 0.9) is less stable and depends on this package, which is also acceptable. Therefore no Unstable Dependency smell is detected."
jitwatch,org.adoptopenjdk.jitwatch.ui.report.inlining.txt,,package,org.adoptopenjdk.jitwatch.ui.report.inlining,0,"Analyzed package org.adoptopenjdk.jitwatch.ui.report.inlining has Ce=2, Ca=1 (Instability I = 2/(1+2) ≈ 0.667). Its outgoing dependencies are org.adoptopenjdk.jitwatch.report (Ce=2, Ca=11, I = 2/13 ≈ 0.154) and org.adoptopenjdk.jitwatch.model (Ce=5, Ca=48, I = 5/53 ≈ 0.094). Both outgoing dependencies have significantly lower instability (are more stable) than the analyzed package, so the Stable Dependencies Principle is satisfied. The incoming dependency org.adoptopenjdk.jitwatch.ui.report (Ce=9, Ca=1, I = 9/10 = 0.9) is more unstable and depends on this package, which does not indicate an unstable dependency from the analyzed package. Therefore no Unstable Dependency smell is detected."
jitwatch,org.adoptopenjdk.jitwatch.ui.report.locks.txt,,package,org.adoptopenjdk.jitwatch.ui.report.locks,0,"Analyzed package org.adoptopenjdk.jitwatch.ui.report.locks has Ce=2, Ca=1 -> Instability I=2/(1+2)=0.667. Its outgoing dependencies: org.adoptopenjdk.jitwatch.report (Ce=2, Ca=11 -> I=2/13=0.154) and org.adoptopenjdk.jitwatch.model (Ce=5, Ca=48 -> I=5/53=0.094). Both targets are more stable (lower I) than the analyzed package, so dependencies point toward more stable packages and the Stable Dependencies Principle is respected. The incoming dependency org.adoptopenjdk.jitwatch.ui.report (Ce=9, Ca=1 -> I=0.9) is an unstable package depending on this package, which does not constitute an unstable dependency from the analyzed package. Therefore no Unstable Dependency smell detected."
jitwatch,org.adoptopenjdk.jitwatch.ui.report.suggestion.txt,,package,org.adoptopenjdk.jitwatch.ui.report.suggestion,0,"Analyzed package metrics: Ce=1, Ca=1 => Instability I=1/(1+1)=0.50. Outgoing dependency: org.adoptopenjdk.jitwatch.report (Ce=2, Ca=11 => I=2/(11+2)=0.1538). The analyzed package depends on a more stable package (0.1538 < 0.50), which follows the Stable Dependencies Principle, so there is no unstable-dependency smell. There is one incoming dependency from org.adoptopenjdk.jitwatch.ui.report (Ce=9, Ca=1 => I=0.90), meaning a more unstable package depends on the analyzed package, but that does not indicate the analyzed package depends on less stable components. Therefore detection = false."
jitwatch,org.adoptopenjdk.jitwatch.ui.report.txt,,package,org.adoptopenjdk.jitwatch.ui.report,0,"The package has Ce=9 and Ca=1 -> instability I = 9/(9+1) = 0.90 (highly unstable). For the Unstable Dependency smell we check whether it depends on packages that are less stable (higher I) than itself. Outgoing dependency instabilities: org.adoptopenjdk.jitwatch.core I=0.188, org.adoptopenjdk.jitwatch.ui.report.suggestion I=0.50, org.adoptopenjdk.jitwatch.report I=0.154, org.adoptopenjdk.jitwatch.ui.report.cell I=0.75, org.adoptopenjdk.jitwatch.ui.report.locks I=0.667, org.adoptopenjdk.jitwatch.ui.report.inlining I=0.667, org.adoptopenjdk.jitwatch.util I=0.114, org.adoptopenjdk.jitwatch.ui.report.eliminatedallocation I=0.667, org.adoptopenjdk.jitwatch.ui.main I=0.622. All outgoing dependencies have instability values lower than 0.90 (i.e. they are more stable than org.adoptopenjdk.jitwatch.ui.report). Incoming dependency org.adoptopenjdk.jitwatch.ui.main has I=0.622 (also more stable). Therefore org.adoptopenjdk.jitwatch.ui.report does not depend on less stable packages and the Unstable Dependency smell is not detected."
jitwatch,org.adoptopenjdk.jitwatch.ui.resize.txt,,package,org.adoptopenjdk.jitwatch.ui.resize,0,"No unstable dependency detected because org.adoptopenjdk.jitwatch.ui.resize has no outgoing dependencies (Ce=0) and thus does not depend on any less-stable packages. Its afferent coupling is Ca=3, giving stability I = Ca/(Ca+Ce) = 3/(3+0) = 1.0 (very stable). The incoming dependents are less stable: org.adoptopenjdk.jitwatch.ui.nmethod (Ce=4, Ca=0, I=0.0), org.adoptopenjdk.jitwatch.ui.graphing (Ce=5, Ca=1, I≈0.167), and org.adoptopenjdk.jitwatch.ui.compilechain (Ce=6, Ca=1, I≈0.143). Because the package is stable and other, less-stable packages depend on it (incoming dependencies) rather than it depending on them, the Stable Dependencies Principle is not violated."
jitwatch,org.adoptopenjdk.jitwatch.ui.sandbox.txt,,package,org.adoptopenjdk.jitwatch.ui.sandbox,1,"The analyzed package has Ce=12 and Ca=2 (stability I = 2/(2+12) ≈ 0.143). It has an outgoing dependency on org.adoptopenjdk.jitwatch.sandbox which has Ce=10 and Ca=1 (stability I = 1/(1+10) ≈ 0.091), i.e. sandbox is less stable than org.adoptopenjdk.jitwatch.ui.sandbox. By the Stable Dependencies Principle a package should depend only on packages more stable than itself; depending on the less stable org.adoptopenjdk.jitwatch.sandbox constitutes an Unstable Dependency smell. (For reference, other outgoing dependencies are more stable: core I≈0.813, loader I≈0.583, parser I≈0.625, ui.filechooser I≈0.667, process I≈0.667, jvmlang I≈0.429, model I≈0.906, ui.stage I≈0.400, ui I≈0.750, util I≈0.886, ui.main I≈0.378.)"
jitwatch,org.adoptopenjdk.jitwatch.ui.stage.txt,,package,org.adoptopenjdk.jitwatch.ui.stage,1,"org.adoptopenjdk.jitwatch.ui.stage has Ce=3, Ca=2 => instability I = 3/(2+3) = 0.60. Its outgoing dependencies: org.adoptopenjdk.jitwatch.util (Ce=5, Ca=39 => I ≈ 0.114), org.adoptopenjdk.jitwatch.model (Ce=5, Ca=48 => I ≈ 0.094), and org.adoptopenjdk.jitwatch.ui.main (Ce=28, Ca=17 => I ≈ 0.622). The Stable Dependencies Principle requires a package to depend only on packages that are more stable (lower I) than itself. org.adoptopenjdk.jitwatch.ui.main has higher instability (0.622) than org.adoptopenjdk.jitwatch.ui.stage (0.60), so ui.stage depends on a less stable package. Additionally, ui.main lists ui.stage as a dependency (mutual dependency/cycle), which reinforces instability. These facts justify detection of the Unstable Dependency smell."
jitwatch,org.adoptopenjdk.jitwatch.ui.stats.txt,,package,org.adoptopenjdk.jitwatch.ui.stats,0,"Analyzed package metrics: Ce=3, Ca=1 -> instability I = 3/(3+1) = 0.75. Outgoing dependencies: org.adoptopenjdk.jitwatch.util (Ce=5, Ca=39 -> I=0.114), org.adoptopenjdk.jitwatch.model (Ce=5, Ca=48 -> I=0.094), org.adoptopenjdk.jitwatch.ui.main (Ce=28, Ca=17 -> I=0.622). All outgoing dependencies have lower instability than the analyzed package (0.114, 0.094, 0.622 < 0.75), so the package does not depend on less stable packages. Incoming dependency: org.adoptopenjdk.jitwatch.ui.main (I=0.622) is more stable than the analyzed package, which is acceptable. Therefore no Unstable Dependency smell is detected."
jitwatch,org.adoptopenjdk.jitwatch.ui.toplist.txt,,package,org.adoptopenjdk.jitwatch.ui.toplist,1,"Analyzed package metrics: Ce=4, Ca=1 -> Instability I = 4/(4+1) = 0.80. Outgoing dependencies and their instabilities: org.adoptopenjdk.jitwatch.model I = 5/(5+48) ≈ 0.094 (more stable), org.adoptopenjdk.jitwatch.util I = 5/(5+39) ≈ 0.114 (more stable), org.adoptopenjdk.jitwatch.toplist I = 6/(6+1) ≈ 0.857 (less stable), org.adoptopenjdk.jitwatch.ui.main I = 28/(28+17) ≈ 0.622 (more stable). Because org.adoptopenjdk.jitwatch.ui.toplist depends on org.adoptopenjdk.jitwatch.toplist which has a higher instability (0.857) than itself (0.80), the Stable Dependencies Principle is violated -> Unstable Dependency smell detected."
jitwatch,org.adoptopenjdk.jitwatch.ui.triview.assembly.txt,,package,org.adoptopenjdk.jitwatch.ui.triview.assembly,0,"Analyzed package metrics: Ce=7, Ca=1 => instability I=7/(7+1)=0.875 (highly unstable). Outgoing dependencies and their instabilities: org.adoptopenjdk.jitwatch.model.bytecode I=0.12, org.adoptopenjdk.jitwatch.model.assembly I=0.364, org.adoptopenjdk.jitwatch.ui.triview I=0.706, org.adoptopenjdk.jitwatch.model.assembly.x86 I=0.333, org.adoptopenjdk.jitwatch.model.assembly.arm I=0.333, org.adoptopenjdk.jitwatch.util I=0.114, org.adoptopenjdk.jitwatch.ui.main I=0.622. All outgoing dependencies have lower instability than the package (are more stable). Incoming dependency: org.adoptopenjdk.jitwatch.ui.triview (I=0.706) depends on this package. Since the package depends only on packages that are more stable (lower I) than itself, the Stable Dependencies Principle is not violated. Therefore Unstable Dependency smell is not detected."
jitwatch,org.adoptopenjdk.jitwatch.ui.triview.bytecode.txt,,package,org.adoptopenjdk.jitwatch.ui.triview.bytecode,0,"Analyzed package metrics: Ce=6, Ca=1 -> Instability I=6/(6+1)=0.857. Outgoing dependencies and their instabilities: org.adoptopenjdk.jitwatch.model.bytecode (Ce=3, Ca=22, I=0.120), org.adoptopenjdk.jitwatch.model (Ce=5, Ca=48, I=0.094), org.adoptopenjdk.jitwatch.ui.triview (Ce=12, Ca=5, I=0.706), org.adoptopenjdk.jitwatch.report (Ce=2, Ca=11, I=0.154), org.adoptopenjdk.jitwatch.util (Ce=5, Ca=39, I=0.114), org.adoptopenjdk.jitwatch.ui.main (Ce=28, Ca=17, I=0.622). All outgoing dependencies have lower instability (are more stable) than the analyzed package (each I_dep < 0.857), so the package does not depend on less stable components. Incoming dependency: org.adoptopenjdk.jitwatch.ui.triview (I=0.706) depends on this package; that incoming relation does not create an unstable-dependency violation for the analyzed package. Therefore, the Unstable Dependency smell is not detected."
jitwatch,org.adoptopenjdk.jitwatch.ui.triview.source.txt,,package,org.adoptopenjdk.jitwatch.ui.triview.source,0,"Analyzed package org.adoptopenjdk.jitwatch.ui.triview.source has Ce=3, Ca=1 (Instability I=3/(3+1)=0.75). Outgoing dependencies: org.adoptopenjdk.jitwatch.util (Ce=5, Ca=39, I=5/(5+39)≈0.114), org.adoptopenjdk.jitwatch.ui.triview (Ce=12, Ca=5, I=12/(12+5)≈0.706), org.adoptopenjdk.jitwatch.ui.main (Ce=28, Ca=17, I=28/(28+17)≈0.622). All dependent packages have lower instability values (0.114, 0.706, 0.622) than the analyzed package (0.75), so dependencies point toward more stable packages. The incoming dependency from org.adoptopenjdk.jitwatch.ui.triview (I≈0.706) does not indicate the analyzed package depends on less stable components. Therefore there is no Unstable Dependency smell detected."
jitwatch,org.adoptopenjdk.jitwatch.ui.triview.txt,,package,org.adoptopenjdk.jitwatch.ui.triview,1,"Analyzed package instability I = Ce/(Ce+Ca) = 12/(12+5) = 0.706. It has outgoing dependencies to several packages that are less stable (higher instability) than itself: org.adoptopenjdk.jitwatch.ui.triview.assembly (Ce=7, Ca=1, I=7/8=0.875), org.adoptopenjdk.jitwatch.ui.triview.bytecode (Ce=6, Ca=1, I=6/7≈0.857), org.adoptopenjdk.jitwatch.ui.triview.source (Ce=3, Ca=1, I=3/4=0.75). Depending on these more-unstable packages violates the Stable Dependencies Principle, so the Unstable Dependency smell is detected. (Other outgoing dependencies such as org.adoptopenjdk.jitwatch.core I=0.188, org.adoptopenjdk.jitwatch.model I≈0.094, org.adoptopenjdk.jitwatch.util I≈0.114, org.adoptopenjdk.jitwatch.ui.main I≈0.622 are more stable or comparably stable.)"
jitwatch,org.adoptopenjdk.jitwatch.ui.txt,,package,org.adoptopenjdk.jitwatch.ui,0,"Analyzed package metrics: Ce=1, Ca=3 -> instability I_ui = 1/(1+3) = 0.25. Outgoing dependency: org.adoptopenjdk.jitwatch.util (Ce=5, Ca=39 -> I_util = 5/(5+39) ≈ 0.1136). The package only depends on org.adoptopenjdk.jitwatch.util which is more stable (lower instability) than org.adoptopenjdk.jitwatch.ui, so the Stable Dependencies Principle is respected. Incoming dependencies (e.g., org.adoptopenjdk.jitwatch.ui.sandbox, org.adoptopenjdk.jitwatch.ui.triview, org.adoptopenjdk.jitwatch.ui.main) show other packages depend on this package but do not create unstable outgoing dependencies from this package. Therefore no Unstable Dependency smell detected."
jitwatch,org.adoptopenjdk.jitwatch.ui.viewer.txt,,package,org.adoptopenjdk.jitwatch.ui.viewer,0,"Analyzed package metrics: Ce=4, Ca=1 -> Instability I_viewer = 4/(4+1) = 0.80. Outgoing dependencies: org.adoptopenjdk.jitwatch.model (Ce=5, Ca=48, I=5/53≈0.094), org.adoptopenjdk.jitwatch.util (Ce=5, Ca=39, I=5/44≈0.114), org.adoptopenjdk.jitwatch.ui.triview (Ce=12, Ca=5, I=12/17≈0.706), org.adoptopenjdk.jitwatch.ui.main (Ce=28, Ca=17, I=28/45≈0.622). All outgoing dependencies have lower instability values (are more stable) than the analyzed package (0.094, 0.114, 0.706, 0.622 < 0.80), so the package does not depend on less stable components. Note: there is an incoming dependency from org.adoptopenjdk.jitwatch.ui.main (I≈0.622), indicating a cyclic relation, but that does not make org.adoptopenjdk.jitwatch.ui.viewer itself violate the Stable Dependencies Principle. Therefore the Unstable Dependency smell is not detected for this package."
jitwatch,org.adoptopenjdk.jitwatch.util.txt,,package,org.adoptopenjdk.jitwatch.util,1,"org.adoptopenjdk.jitwatch.util has Ce=5, Ca=39 (instability I=0.1136). It has outgoing dependencies to: org.adoptopenjdk.jitwatch.core (Ce=3, Ca=13, I=0.1875), org.adoptopenjdk.jitwatch.loader (Ce=5, Ca=7, I=0.4167), org.adoptopenjdk.jitwatch.model.bytecode (Ce=3, Ca=22, I=0.1200), org.adoptopenjdk.jitwatch.model.assembly (Ce=4, Ca=7, I=0.3636), and org.adoptopenjdk.jitwatch.model (Ce=5, Ca=48, I=0.0943). Four of the five outgoing dependencies (core, loader, model.bytecode, model.assembly) have higher instability (I > 0.1136) than util, meaning util depends on less stable packages and thus violates the Stable Dependencies Principle. Only org.adoptopenjdk.jitwatch.model is more stable (I=0.0943). Because the majority of outgoing dependencies are less stable than the package itself, the Unstable Dependency smell is detected."
jsoup,org.jsoup.examples.txt,,package,org.jsoup.examples,0,"org.jsoup.examples has Ce=4 and Ca=0 (Instability I = 4/(4+0) = 1.0). Its outgoing dependencies are: org.jsoup.nodes (Ce=5, Ca=7, I = 5/12 ≈ 0.4167), org.jsoup.helper (Ce=5, Ca=7, I ≈ 0.4167), org.jsoup.select (Ce=5, Ca=4, I = 5/9 ≈ 0.5556), and org.jsoup (Ce=4, Ca=7, I = 4/11 ≈ 0.3636). All dependent packages have lower instability values (are more stable) than org.jsoup.examples, so the package depends on more stable components and follows the Stable Dependencies Principle. There are no incoming dependencies to org.jsoup.examples. Therefore an Unstable Dependency smell is not detected."
jsoup,org.jsoup.helper.txt,,package,org.jsoup.helper,1,"org.jsoup.helper has Ce=5, Ca=7 => instability I=5/(5+7)=0.4167. Outgoing dependencies and their instabilities: org.jsoup.select (Ce=5, Ca=4 => I=5/9=0.5556), org.jsoup.internal (Ce=4, Ca=5 => I=4/9=0.4444), org.jsoup (Ce=4, Ca=7 => I=4/11=0.3636), org.jsoup.parser (Ce=6, Ca=6 => I=6/12=0.5000), org.jsoup.nodes (Ce=5, Ca=7 => I=5/12=0.4167). The Stable Dependencies Principle is violated for dependencies whose I > 0.4167: org.jsoup.select (0.5556), org.jsoup.internal (0.4444) and org.jsoup.parser (0.5000) are less stable than org.jsoup.helper, so org.jsoup.helper depends on less stable packages. Incoming dependencies (org.jsoup.examples, org.jsoup, org.jsoup.internal, org.jsoup.safety, org.jsoup.nodes, org.jsoup.select, org.jsoup.parser) include both more-stable and less-stable packages but do not mitigate the fact that multiple outgoing dependencies violate the stability direction. Therefore the Unstable Dependency smell is detected."
jsoup,org.jsoup.internal.txt,,package,org.jsoup.internal,1,"org.jsoup.internal has Ce=4, Ca=5 -> instability I = 4/(4+5) = 0.444. Among its outgoing dependencies: org.jsoup.parser (Ce=6, Ca=6 -> I=6/(6+6)=0.500), org.jsoup.nodes (I≈0.417), org.jsoup.helper (I≈0.417), org.jsoup (I≈0.364). Because org.jsoup.internal depends on org.jsoup.parser which has a higher instability (0.500 > 0.444), org.jsoup.internal depends on a less stable package, violating the Stable Dependencies Principle and indicating an Unstable Dependency smell."
jsoup,org.jsoup.nodes.txt,,package,org.jsoup.nodes,1,"org.jsoup.nodes has instability I = Ce/(Ce+Ca) = 5/(5+7) = 0.4167. It depends on these packages: org.jsoup.select (Ce=5,Ca=4,I=0.5556) -> I_dep > I_pkg (violates Stable Dependencies Principle); org.jsoup.internal (Ce=4,Ca=5,I=0.4444) -> I_dep > I_pkg (violates); org.jsoup.helper (Ce=5,Ca=7,I=0.4167) -> I_dep = I_pkg (not more stable, violates); org.jsoup.parser (Ce=6,Ca=6,I=0.5000) -> I_dep > I_pkg (violates); org.jsoup (Ce=4,Ca=7,I=0.3636) -> I_dep < I_pkg (ok). Because multiple outgoing dependencies are less or equally stable than org.jsoup.nodes, the Unstable Dependency smell is detected."
jsoup,org.jsoup.parser.txt,,package,org.jsoup.parser,1,"org.jsoup.parser has Ce=6 and Ca=6 (Instability I = 6/(6+6) = 0.500). Among its outgoing dependencies, org.jsoup.select (Ce=5, Ca=4, I = 5/(5+4) = 0.556) and org.jsoup.safety (Ce=5, Ca=2, I = 5/(5+2) = 0.714) have higher instability than org.jsoup.parser. Depending on these less-stable packages violates the Stable Dependencies Principle. (Other outgoing dependencies: org.jsoup.internal I=0.444, org.jsoup I=0.364, org.jsoup.helper I=0.417, org.jsoup.nodes I=0.417 are more stable.) Therefore an Unstable Dependency smell is detected for org.jsoup.parser."
jsoup,org.jsoup.safety.txt,,package,org.jsoup.safety,0,"Instability I = Ce / (Ce + Ca). org.jsoup.safety: Ce=5, Ca=2 => I=5/7 ≈ 0.714. Outgoing dependencies: org.jsoup.internal (Ce=4, Ca=5 => I≈0.444), org.jsoup (Ce=4, Ca=7 => I≈0.364), org.jsoup.helper (Ce=5, Ca=7 => I≈0.417), org.jsoup.parser (Ce=6, Ca=6 => I=0.5), org.jsoup.nodes (Ce=5, Ca=7 => I≈0.417). All outgoing dependencies have lower instability (are more stable) than org.jsoup.safety (0.714), so the package depends on more stable packages (complies with the Stable Dependencies Principle). Incoming dependencies (org.jsoup I≈0.364, org.jsoup.parser I=0.5) are also more stable. Therefore no Unstable Dependency smell is detected for org.jsoup.safety."
jsoup,org.jsoup.select.txt,,package,org.jsoup.select,0,"org.jsoup.select has Ce=5 and Ca=4 (instability I = 5/(4+5) = 0.556). Its outgoing dependencies have instabilities: org.jsoup.internal (Ce=4, Ca=5, I=0.444), org.jsoup (Ce=4, Ca=7, I=0.364), org.jsoup.helper (Ce=5, Ca=7, I=0.417), org.jsoup.parser (Ce=6, Ca=6, I=0.500), org.jsoup.nodes (Ce=5, Ca=7, I=0.417). All outgoing dependencies have lower instability (are more stable) than org.jsoup.select, and incoming coupling (Ca=4) shows other packages depend on it. Because org.jsoup.select depends only on packages with lower instability, the Stable Dependencies Principle is not violated; no Unstable Dependency smell detected."
jsoup,org.jsoup.txt,,package,org.jsoup,1,"org.jsoup has Ce=4 and Ca=7 -> Instability I = 4/(4+7) = 0.364. All outgoing dependencies are less stable (higher I) than org.jsoup: org.jsoup.safety (Ce=5, Ca=2 -> I=5/7=0.714), org.jsoup.nodes (Ce=5, Ca=7 -> I=5/12=0.417), org.jsoup.helper (Ce=5, Ca=7 -> I=0.417), org.jsoup.parser (Ce=6, Ca=6 -> I=6/12=0.5). Because org.jsoup depends on packages with higher instability than itself, it violates the Stable Dependencies Principle and exhibits the Unstable Dependency smell."
zxing,com.google.zxing.aztec.decoder.txt,,package,com.google.zxing.aztec.decoder,0,"Analyzed package metrics: Ce=5, Ca=1 -> Instability I=5/(5+1)=0.8333. Outgoing dependencies and their instabilities: com.google.zxing.aztec (Ce=4, Ca=3 -> I=4/7=0.5714), com.google.zxing.common (Ce=1, Ca=29 -> I=1/30=0.0333), com.google.zxing.common.reedsolomon (Ce=0, Ca=8 -> I=0/8=0.0), com.google.zxing (Ce=2, Ca=36 -> I=2/38=0.0526), com.google.zxing.aztec.encoder (Ce=5, Ca=3 -> I=5/8=0.625). All outgoing dependencies have lower instability (are more stable) than the analyzed package (0.8333), so the Stable Dependencies Principle is not violated and no Unstable Dependency smell is detected."
zxing,com.google.zxing.aztec.detector.txt,,package,com.google.zxing.aztec.detector,0,"Analyzed package has Ce=6, Ca=1 (stability I = 1/(1+6) ≈ 0.1429). All outgoing dependencies are more stable: com.google.zxing.aztec.encoder (Ce=5, Ca=3, I=3/8=0.375), com.google.zxing.aztec (Ce=4, Ca=3, I=3/7≈0.4286), com.google.zxing.common.detector (Ce=2, Ca=8, I=0.8), com.google.zxing.common.reedsolomon (Ce=0, Ca=8, I=1.0), com.google.zxing (Ce=2, Ca=36, I≈0.9474), com.google.zxing.common (Ce=1, Ca=29, I≈0.9667). Because the package depends on packages with higher stability (I values greater than the analyzed package), it does not violate the Stable Dependencies Principle and therefore does not exhibit the Unstable Dependency smell."
zxing,com.google.zxing.aztec.encoder.txt,,package,com.google.zxing.aztec.encoder,1,"com.google.zxing.aztec.encoder has Ca=3, Ce=5 (stability I = 3/(3+5) = 0.375). It has an outgoing dependency to com.google.zxing.aztec.decoder which has Ca=1, Ce=5 (stability I = 1/(1+5) = 0.167), which is less stable than the analyzed package and therefore violates the Stable Dependencies Principle. Other outgoing dependencies are more stable (com.google.zxing.aztec I≈0.429, com.google.zxing.common.reedsolomon I=1.0, com.google.zxing I≈0.947, com.google.zxing.common I≈0.967). Incoming dependencies (com.google.zxing.aztec, com.google.zxing.aztec.detector, com.google.zxing.aztec.decoder) do not eliminate the unstable outgoing dependency."
zxing,com.google.zxing.aztec.txt,,package,com.google.zxing.aztec,1,"com.google.zxing.aztec has Ce=4 and Ca=3 (stability = 3/(3+4) = 0.429). It depends on com.google.zxing (stability = 36/(36+2) = 0.947) and com.google.zxing.common (stability = 29/(29+1) = 0.967) which are more stable (acceptable), but it also depends on com.google.zxing.aztec.encoder (Ce=5, Ca=3, stability = 3/(3+5) = 0.375) and com.google.zxing.aztec.detector (Ce=6, Ca=1, stability = 1/(1+6) = 0.143), both of which are less stable than com.google.zxing.aztec. Those outgoing dependencies to less-stable packages violate the Stable Dependencies Principle, therefore an Unstable Dependency smell is detected."
zxing,com.google.zxing.client.android.book.txt,,package,com.google.zxing.client.android.book,0,"com.google.zxing.client.android.book has Ce=1 and Ca=0 -> Instability I = Ce/(Ca+Ce) = 1.0 (very unstable). It has a single outgoing dependency to com.google.zxing.client.android which has Ce=6 and Ca=7 -> Instability I = 6/(6+7) ≈ 0.462. Because the dependency's instability (≈0.462) is lower than the analyzed package's instability (1.0), the dependency is directed toward a more stable package, complying with the Stable Dependencies Principle. No unstable dependency smell detected."
zxing,com.google.zxing.client.android.camera.open.txt,,package,com.google.zxing.client.android.camera.open,0,"The package has Ce=0 (no outgoing dependencies) and Ca=1 (one incoming dependency), giving instability I = 0/(0+1) = 0 (fully stable). There are no outgoing dependencies to less stable packages, so it does not depend on any less stable component. Although it is depended on by com.google.zxing.client.android.camera (which has Ce=2, Ca=1, I ≈ 0.67 and is less stable), that incoming dependency does not constitute an Unstable Dependency for the analyzed package. Therefore no unstable dependency smell is detected."
zxing,com.google.zxing.client.android.camera.txt,,package,com.google.zxing.client.android.camera,0,"Analyzed package metrics: Ce=2, Ca=1 => Instability I=2/(1+2)=0.667. Outgoing dependencies: com.google.zxing.client.android (Ce=6, Ca=7 => I=6/(6+7)=0.462), com.google.zxing.client.android.camera.open (Ce=0, Ca=1 => I=0/(0+1)=0.0). Both outgoing dependencies have lower instability (more stable) than the analyzed package (0.462 and 0.0 < 0.667), so the package does not depend on less stable components. Incoming dependency: com.google.zxing.client.android depends on this package (consistent with its lower instability). Therefore, the Stable Dependencies Principle is not violated and no unstable dependency smell is detected."
zxing,com.google.zxing.client.android.clipboard.txt,,package,com.google.zxing.client.android.clipboard,0,"The package has Ce=0 (no outgoing dependencies) and Ca=2 (incoming from com.google.zxing.client.android and com.google.zxing.client.android.share). Since it does not depend on any other packages (outgoing_dependencies empty) it cannot be depending on less-stable components, therefore it does not violate the Stable Dependencies Principle and no Unstable Dependency smell is detected."
zxing,com.google.zxing.client.android.encode.txt,,package,com.google.zxing.client.android.encode,0,"Analyzed package has Ce=4, Ca=0 (instability I = 4/(4+0) = 1.00) and no incoming dependencies (leaf). All outgoing dependencies are more stable: com.google.zxing (Ce=2, Ca=36, I=0.0526), com.google.zxing.client.android (Ce=6, Ca=7, I=0.4615), com.google.zxing.client.result (Ce=2, Ca=6, I=0.25), com.google.zxing.common (Ce=1, Ca=29, I=0.0333). Since the package depends only on components with lower instability (more stable) than itself and has no incoming dependencies violating the direction of stability, the Unstable Dependency smell is not detected."
zxing,com.google.zxing.client.android.history.txt,,package,com.google.zxing.client.android.history,0,"Analyzed package com.google.zxing.client.android.history has Ce=3, Ca=2 => Instability I=3/(3+2)=0.60. Outgoing dependencies: com.google.zxing (Ce=2, Ca=36 => I=0.053), com.google.zxing.client.android (Ce=6, Ca=7 => I≈0.462), com.google.zxing.client.android.result (Ce=3, Ca=2 => I=0.60). None of the outgoing dependencies is less stable (i.e., has a higher instability I) than the analyzed package (all have I <= 0.60), so the Unstable Dependency smell is not detected."
zxing,com.google.zxing.client.android.result.supplement.txt,,package,com.google.zxing.client.android.result.supplement,0,"Analyzed package metrics: Ce=3, Ca=1 -> Instability I = 3/(1+3) = 0.75 (relatively unstable). Outgoing dependencies and their instabilities: com.google.zxing.client.android (Ce=6, Ca=7 -> I=6/13≈0.46), com.google.zxing.client.result (Ce=2, Ca=6 -> I=2/8=0.25), com.google.zxing.client.android.history (Ce=3, Ca=2 -> I=3/5=0.60). All outgoing dependencies have lower instability (0.46, 0.25, 0.60) than the analyzed package (0.75), so the package depends on more stable packages. Therefore the Stable Dependencies Principle is respected and no Unstable Dependency smell is detected."
zxing,com.google.zxing.client.android.result.txt,,package,com.google.zxing.client.android.result,0,"Analyzed package metrics: Ce=3, Ca=2 -> Instability I=3/(3+2)=0.60. Outgoing dependencies: com.google.zxing (Ce=2, Ca=36 -> I=2/38≈0.053), com.google.zxing.client.android (Ce=6, Ca=7 -> I=6/13≈0.462), com.google.zxing.client.result (Ce=2, Ca=6 -> I=2/8=0.25). All outgoing dependencies have lower instability (are more stable) than the analyzed package (0.60 > 0.462, 0.25, 0.053). Therefore the package does not depend on less stable components and the Unstable Dependency smell is not present."
zxing,com.google.zxing.client.android.share.txt,,package,com.google.zxing.client.android.share,0,"Analyzed package has Ce=3, Ca=0 => instability I = 3/(3+0) = 1.0 (maximally unstable). Outgoing dependencies are: com.google.zxing.client.android.clipboard (Ce=0, Ca=2, I=0.0), com.google.zxing (Ce=2, Ca=36, I≈0.0526), com.google.zxing.client.android (Ce=6, Ca=7, I≈0.4615). All outgoing packages have lower instability (smaller I) than the analyzed package, so the package does not depend on less stable components. Although the package has no incoming dependencies (Ca=0) making it highly unstable in isolation, it respects the Stable Dependencies Principle with respect to its outgoing dependencies; therefore the Unstable Dependency smell is not detected."
zxing,com.google.zxing.client.android.txt,,package,com.google.zxing.client.android,1,"Analyzed package metrics: Ce=6, Ca=7 -> Instability I = 6/(6+7) = 0.4615. Outgoing dependencies and their instabilities: com.google.zxing.client.android.result.supplement (Ce=3, Ca=1 -> I=3/4=0.75), com.google.zxing.client.android.camera (Ce=2, Ca=1 -> I=2/3=0.6667), com.google.zxing.client.android.clipboard (Ce=0, Ca=2 -> I=0.0), com.google.zxing (Ce=2, Ca=36 -> I=0.0526), com.google.zxing.client.android.result (Ce=3, Ca=2 -> I=3/5=0.6), com.google.zxing.client.android.history (Ce=3, Ca=2 -> I=3/5=0.6). Four of six outgoing dependencies (result.supplement I=0.75, camera I=0.6667, result I=0.6, history I=0.6) have higher instability than the analyzed package (I=0.4615), meaning the package depends on less stable packages and thus violates the Stable Dependencies Principle. Therefore an Unstable Dependency smell is detected."
zxing,com.google.zxing.client.android.wifi.txt,,package,com.google.zxing.client.android.wifi,0,"Analyzed package com.google.zxing.client.android.wifi has Ce=1 and Ca=0 (instability I = 0/(0+1) = 0.0 — very unstable). It has one outgoing dependency: com.google.zxing.client.result (Ce=2, Ca=6, instability I = 6/(6+2) = 0.75 — more stable). There are no incoming dependencies. Because the package depends on a more stable package (dependency direction follows the Stable Dependencies Principle), the Unstable Dependency smell is not present."
zxing,com.google.zxing.client.j2se.txt,,package,com.google.zxing.client.j2se,0,"Analyzed package com.google.zxing.client.j2se has Ce=4, Ca=1 (instability I = 4/(4+1) = 0.80). Outgoing dependencies: com.google.zxing (Ce=2, Ca=36, I ≈ 0.053), com.google.zxing.common (Ce=1, Ca=29, I ≈ 0.033), com.google.zxing.client.result (Ce=2, Ca=6, I = 0.25), com.google.zxing.multi (Ce=2, Ca=4, I ≈ 0.33). All outgoing dependencies have substantially lower instability (are more stable) than the analyzed package, so the Stable Dependencies Principle is not violated and there is no Unstable Dependency smell. Incoming dependency com.google.zxing.web (Ce=5, Ca=0, I = 1.0) is more unstable, but it is an incoming dependency and does not cause this package to depend on less stable components."
zxing,com.google.zxing.client.result.txt,,package,com.google.zxing.client.result,1,"Compute instability I = Ce / (Ca + Ce). com.google.zxing.client.result: Ce=2, Ca=6 → I = 2/8 = 0.25 (relatively stable). Outgoing dependency com.google.zxing.oned: Ce=2, Ca=2 → I = 2/4 = 0.5 (more unstable). Outgoing dependency com.google.zxing: Ce=2, Ca=36 → I = 2/38 ≈ 0.0526 (more stable). Because com.google.zxing.client.result (I=0.25) depends on com.google.zxing.oned (I=0.5), it depends on a less stable package, violating the Stable Dependencies Principle. The presence of multiple incoming dependencies (Ca=6) further indicates com.google.zxing.client.result is relatively stable and should not depend on a more unstable package, so the Unstable Dependency smell is detected."
zxing,com.google.zxing.common.detector.txt,,package,com.google.zxing.common.detector,0,"The package has Ca=8 and Ce=2 (stability I=8/(8+2)=0.80) and its outgoing dependencies are only to com.google.zxing (Ca=36, Ce=2, I=36/(36+2)=0.947) and com.google.zxing.common (Ca=29, Ce=1, I=29/(29+1)=0.967). Both target packages are more stable than the analyzed package and the package has more incoming than outgoing couplings, so dependencies point toward more stable packages. Therefore there is no Unstable Dependency smell."
zxing,com.google.zxing.common.reedsolomon.txt,,package,com.google.zxing.common.reedsolomon,0,"com.google.zxing.common.reedsolomon has Ce=0 and Ca=8 (instability I = 0/(8+0) = 0) and has no outgoing dependencies. It does not depend on any other packages (outgoing_dependencies = []), while eight packages depend on it (com.google.zxing.maxicode.decoder, com.google.zxing.pdf417.decoder.ec, com.google.zxing.qrcode.decoder, com.google.zxing.qrcode.encoder, com.google.zxing.datamatrix.decoder, com.google.zxing.aztec.detector, com.google.zxing.aztec.decoder, com.google.zxing.aztec.encoder). Because it is highly stable (I=0) and has no unstable outgoing dependencies, the Unstable Dependency smell is not present."
zxing,com.google.zxing.common.txt,,package,com.google.zxing.common,1,"com.google.zxing.common (Ce=1, Ca=29, Instability I=1/(1+29)=0.0333) has an outgoing dependency on com.google.zxing (Ce=2, Ca=36, I=2/(2+36)=0.0526). According to the Stable Dependencies Principle, a package should only depend on packages that are more stable (lower I) than itself. Here com.google.zxing.common is more stable (lower I) than its dependency com.google.zxing, so it depends on a less stable package. The high Ca (29) and low Ce (1) indicate com.google.zxing.common is a stable package relied on by many incoming packages, which reinforces that its dependency on the less stable com.google.zxing is an unstable dependency smell."
zxing,com.google.zxing.datamatrix.decoder.txt,,package,com.google.zxing.datamatrix.decoder,0,"Computed instability of analyzed package = Ce/(Ca+Ce) = 3/(1+3) = 0.75. Outgoing dependencies have instabilities: com.google.zxing.common.reedsolomon = 0/(8+0) = 0.0, com.google.zxing = 2/(36+2) ≈ 0.0526, com.google.zxing.common = 1/(29+1) ≈ 0.0333. All outgoing dependencies are significantly more stable (lower instability) than the analyzed package, so the Stable Dependencies Principle is respected. (Incoming package com.google.zxing.datamatrix has instability 5/(0+5)=1.0 but it is an incoming dependency and does not create an unstable dependency from the analyzed package to less stable packages.)"
zxing,com.google.zxing.datamatrix.detector.txt,,package,com.google.zxing.datamatrix.detector,0,"The analyzed package has Ce=3, Ca=0 -> Instability I = 3/(0+3) = 1.0 (highly unstable). Its outgoing dependencies are: com.google.zxing (Ce=2, Ca=36 -> I = 2/38 ≈ 0.0526), com.google.zxing.common (Ce=1, Ca=29 -> I = 1/30 ≈ 0.0333), and com.google.zxing.common.detector (Ce=2, Ca=8 -> I = 2/10 = 0.2). All target packages have lower instability values (are more stable) than the analyzed package, and incoming dependencies for the analyzed package are empty (Ca=0). Because the package depends on more stable packages rather than less stable ones, the Stable Dependencies Principle is not violated and there is no Unstable Dependency smell."
zxing,com.google.zxing.datamatrix.encoder.txt,,package,com.google.zxing.datamatrix.encoder,0,"Analyzed package stability: Ca=1, Ce=1 → instability I=1/(1+1)=0.5. Its outgoing dependency is com.google.zxing (Ca=36, Ce=2 → I=36/(36+2)=0.947), which is more stable than the analyzed package, so the Stable Dependencies Principle is not violated. There are incoming dependencies from com.google.zxing.datamatrix (Ca=0, Ce=5 → I=0.0), but incoming unstable dependents do not create an unstable dependency smell for this package. Therefore no unstable dependency detected."
zxing,com.google.zxing.datamatrix.txt,,package,com.google.zxing.datamatrix,0,"Analyzed package metrics: Ce=5, Ca=0 -> Instability I = 5/(0+5) = 1.0 (maximally unstable). Outgoing dependencies and their instabilities: com.google.zxing.datamatrix.decoder (Ce=3, Ca=1 -> I=0.75), com.google.zxing.qrcode.encoder (Ce=4, Ca=2 -> I≈0.667), com.google.zxing (Ce=2, Ca=36 -> I≈0.053), com.google.zxing.common (Ce=1, Ca=29 -> I≈0.033), com.google.zxing.datamatrix.encoder (Ce=1, Ca=1 -> I=0.5). All outgoing dependencies have lower instability (are more stable) than the analyzed package, so the Stable Dependencies Principle is not violated. There are no incoming dependencies (Ca=0) that would indicate the package is relied upon by less stable packages. Therefore, no Unstable Dependency smell is detected."
zxing,com.google.zxing.integration.android.txt,,package,com.google.zxing.integration.android,0,"Efferent coupling Ce = 0 and afferent coupling Ca = 0; outgoing dependencies list is empty and incoming dependencies list is empty. Since the package has no outgoing dependencies it cannot depend on less-stable packages, so the Unstable Dependency smell is not present."
zxing,com.google.zxing.maxicode.decoder.txt,,package,com.google.zxing.maxicode.decoder,0,"Analyzed package has Ce=3 and Ca=1 → instability I = 1/(1+3) = 0.25 (relatively unstable). Its outgoing dependencies are more stable: com.google.zxing (Ce=2, Ca=36 → I = 36/38 ≈ 0.947), com.google.zxing.common.reedsolomon (Ce=0, Ca=8 → I = 8/8 = 1.0), com.google.zxing.common (Ce=1, Ca=29 → I = 29/30 ≈ 0.967). Incoming package com.google.zxing.maxicode is even more unstable (Ce=3, Ca=0 → I = 0), and depends on this package. Because the analyzed package depends only on packages with substantially higher stability indices, it does not violate the Stable Dependencies Principle — no unstable-dependency smell detected."
zxing,com.google.zxing.maxicode.txt,,package,com.google.zxing.maxicode,0,"Analyzed package has Ce=3 and Ca=0 (Instability I = 0.0). Its outgoing dependencies have higher stability: com.google.zxing (Ca=36, Ce=2, I≈0.947), com.google.zxing.common (Ca=29, Ce=1, I≈0.967), com.google.zxing.maxicode.decoder (Ca=1, Ce=3, I=0.25). All dependency packages have greater instability index (I) than the analyzed package, so the Stable Dependencies Principle is not violated and no Unstable Dependency smell is detected."
zxing,com.google.zxing.multi.qrcode.detector.txt,,package,com.google.zxing.multi.qrcode.detector,0,"Analyzed package metrics: Ce=3, Ca=0 => stability I = 0/(0+3) = 0. Outgoing dependencies and their stabilities: com.google.zxing.qrcode.detector (Ce=4, Ca=1 => I=1/(1+4)=0.2), com.google.zxing.common (Ce=1, Ca=29 => I=29/(29+1)=0.9667), com.google.zxing (Ce=2, Ca=36 => I=36/(36+2)=0.9474). All outgoing dependencies have higher stability (0.2, 0.9667, 0.9474) than the analyzed package (0), and there are no incoming dependencies. Therefore the package does not depend on less stable components and the Unstable Dependency smell is not detected."
zxing,com.google.zxing.multi.qrcode.txt,,package,com.google.zxing.multi.qrcode,0,"com.google.zxing.multi.qrcode has Ce=3 and Ca=0 -> stability I=0.000. Outgoing dependencies: com.google.zxing (Ce=2, Ca=36 -> I=0.947), com.google.zxing.common (Ce=1, Ca=29 -> I=0.967), com.google.zxing.multi (Ce=2, Ca=4 -> I=0.667). All outgoing dependencies have higher stability indices than com.google.zxing.multi.qrcode, so the package does not depend on less stable components. Incoming dependencies = 0 (Ca=0) does not create an unstable-dependency violation in this case. Therefore the Unstable Dependency smell is not detected."
zxing,com.google.zxing.multi.txt,,package,com.google.zxing.multi,0,"com.google.zxing.multi has Ce=2, Ca=4 -> instability I=2/(2+4)=0.333. Its outgoing dependencies are com.google.zxing (Ce=2, Ca=36 -> I=2/38≈0.053) and com.google.zxing.common (Ce=1, Ca=29 -> I=1/30≈0.033). Both outgoing packages are more stable (lower I) than com.google.zxing.multi, so dependencies point toward more stable packages and comply with the Stable Dependencies Principle. Incoming dependents (com.google.zxing.client.j2se I=4/(4+1)=0.8, com.google.zxing.web I=1.0, com.google.zxing.pdf417 I=7/(7+2)≈0.778, com.google.zxing.multi.qrcode I=1.0) are less stable and depend on this package, which is appropriate. Therefore no Unstable Dependency smell is detected."
zxing,com.google.zxing.oned.rss.expanded.decoders.txt,,package,com.google.zxing.oned.rss.expanded.decoders,1,"The package has Ce=3, Ca=1 => instability I = 3/(1+3) = 0.75. Its outgoing dependencies: com.google.zxing (Ce=2, Ca=36 => I ≈ 0.0526) and com.google.zxing.common (Ce=1, Ca=29 => I ≈ 0.0333) are more stable (lower I) — these are acceptable. However it also depends on com.google.zxing.oned.rss.expanded (Ce=7, Ca=1 => I = 7/(1+7) = 0.875), which is less stable (higher I) than com.google.zxing.oned.rss.expanded.decoders. This violates the Stable Dependencies Principle. Additionally, com.google.zxing.oned.rss.expanded lists com.google.zxing.oned.rss.expanded.decoders as an incoming dependency (cyclic dependency), which increases instability risk. Therefore an unstable dependency smell is detected."
zxing,com.google.zxing.oned.rss.expanded.txt,,package,com.google.zxing.oned.rss.expanded,0,"Analyzed package com.google.zxing.oned.rss.expanded has Ce=7, Ca=1 -> Instability I=7/(7+1)=0.875. Outgoing dependencies and their instabilities: com.google.zxing.oned.rss.expanded.decoders (Ce=3, Ca=1 -> I=0.75), com.google.zxing.client.result (Ce=2, Ca=6 -> I=0.25), com.google.zxing.common.detector (Ce=2, Ca=8 -> I=0.20), com.google.zxing.oned (Ce=2, Ca=2 -> I=0.50), com.google.zxing (Ce=2, Ca=36 -> I≈0.053), com.google.zxing.oned.rss (Ce=3, Ca=1 -> I=0.75), com.google.zxing.common (Ce=1, Ca=29 -> I≈0.033). All outgoing dependencies have lower instability (are more stable) than the analyzed package, so the Stable Dependencies Principle is not violated. There is a mutual dependency with com.google.zxing.oned.rss.expanded.decoders, but that package's instability (0.75) is still lower than 0.875, therefore no Unstable Dependency smell is detected."
zxing,com.google.zxing.oned.rss.txt,,package,com.google.zxing.oned.rss,0,"Analyzed package metrics: Ce=3, Ca=1 => Instability I = 3/(1+3) = 0.75. Outgoing dependencies: com.google.zxing (Ce=2, Ca=36 => I≈0.053), com.google.zxing.common (Ce=1, Ca=29 => I≈0.033), com.google.zxing.common.detector (Ce=2, Ca=8 => I=0.20). All outgoing dependencies have lower instability (are more stable) than com.google.zxing.oned.rss, so the Stable Dependencies Principle is respected and there is no unstable dependency. Incoming dependency com.google.zxing.oned.rss.expanded (Ce=7, Ca=1 => I=0.875) depends on this package, but that does not make com.google.zxing.oned.rss depend on less stable components."
zxing,com.google.zxing.oned.txt,,package,com.google.zxing.oned,0,"com.google.zxing.oned has Ce=2 and Ca=2 (stability I = 2/(2+2) = 0.50). Its outgoing dependencies are com.google.zxing (Ce=2, Ca=36, I = 36/(36+2) ≈ 0.947) and com.google.zxing.common (Ce=1, Ca=29, I = 29/(29+1) ≈ 0.967). Both target packages are substantially more stable (higher I) than com.google.zxing.oned, so the Stable Dependencies Principle is respected and there is no unstable dependency. Incoming dependencies do not create an unstable dependency smell for this package."
zxing,com.google.zxing.pdf417.decoder.ec.txt,,package,com.google.zxing.pdf417.decoder.ec,1,"The analyzed package has Ce=3, Ca=1 => instability I = 3/(3+1) = 0.75. Among its outgoing dependencies, com.google.zxing.pdf417 has Ce=7, Ca=2 => I = 7/(7+2) ≈ 0.778, which is more unstable than the analyzed package (0.778 > 0.75). This means the package depends on a less stable package (violation of Stable Dependencies Principle). The other outgoing dependencies (com.google.zxing I ≈ 0.053, com.google.zxing.common.reedsolomon I = 0.0) are more stable, but the presence of the dependency on com.google.zxing.pdf417 constitutes an Unstable Dependency smell."
zxing,com.google.zxing.pdf417.decoder.txt,,package,com.google.zxing.pdf417.decoder,0,"The package com.google.zxing.pdf417.decoder has Ce=6 and Ca=1 (instability I = 6/(6+1) = 0.857). All of its outgoing dependencies are more stable (lower I) than the package itself: com.google.zxing (Ce=2, Ca=36, I≈0.053), com.google.zxing.common.detector (Ce=2, Ca=8, I=0.200), com.google.zxing.pdf417 (Ce=7, Ca=2, I≈0.778), com.google.zxing.common (Ce=1, Ca=29, I≈0.033), com.google.zxing.pdf417.encoder (Ce=2, Ca=2, I=0.500), com.google.zxing.pdf417.decoder.ec (Ce=3, Ca=1, I=0.750). The incoming dependency from com.google.zxing.pdf417 (I≈0.778) is also more stable than the analyzed package. Because com.google.zxing.pdf417.decoder depends only on packages with lower instability values (i.e., more stable packages), the Unstable Dependency smell is not detected."
zxing,com.google.zxing.pdf417.detector.txt,,package,com.google.zxing.pdf417.detector,0,"Analyzed package metrics: Ce=2, Ca=1 -> Instability I = 2/(2+1) = 0.667. Outgoing dependencies: com.google.zxing (Ce=2, Ca=36 -> I = 2/(2+36) = 0.053) and com.google.zxing.common (Ce=1, Ca=29 -> I = 1/(1+29) = 0.033). Both outgoing packages have substantially lower instability (more stable) than the analyzed package, so the package does not depend on less stable components. Incoming dependency com.google.zxing.pdf417 (Ce=7, Ca=2 -> I = 0.778) is more unstable, but as an incoming dependency it does not indicate the analyzed package depends on a less stable package. Therefore the Unstable Dependency smell is not detected."
zxing,com.google.zxing.pdf417.encoder.txt,,package,com.google.zxing.pdf417.encoder,0,"Analyzed package com.google.zxing.pdf417.encoder has Ce=2, Ca=2 => instability I=2/(2+2)=0.50. Its outgoing dependencies are com.google.zxing (Ce=2, Ca=36 => I=36/38≈0.95) and com.google.zxing.common (Ce=1, Ca=29 => I=29/30≈0.97). Both outgoing dependencies are substantially more stable than the analyzed package, so dependencies point toward more stable packages (follows the Stable Dependencies Principle). Incoming dependents (com.google.zxing.pdf417: Ce=7, Ca=2 => I≈0.22; com.google.zxing.pdf417.decoder: Ce=6, Ca=1 => I≈0.14) are less stable, which is consistent with correct dependency direction. Therefore no Unstable Dependency smell is detected."
zxing,com.google.zxing.pdf417.txt,,package,com.google.zxing.pdf417,1,"com.google.zxing.pdf417 has Ce=7 and Ca=2 (instability I = 7/(7+2) ≈ 0.78). One of its outgoing dependencies is com.google.zxing.pdf417.decoder (Ce=6, Ca=1, I = 6/(6+1) ≈ 0.86), which is less stable (higher I) than com.google.zxing.pdf417. This violates the Stable Dependencies Principle (a package should only depend on packages more stable than itself). Additionally, com.google.zxing.pdf417.decoder appears in both outgoing and incoming dependency lists (mutual/cyclic dependency), reinforcing the unstable dependency architecture. Therefore the Unstable Dependency smell is detected."
zxing,com.google.zxing.qrcode.decoder.txt,,package,com.google.zxing.qrcode.decoder,0,"com.google.zxing.qrcode.decoder has Ce=3 and Ca=4 (instability I=3/(3+4)=0.4286). Its outgoing dependencies are: com.google.zxing (Ce=2, Ca=36, I=2/(2+36)=0.0526), com.google.zxing.common.reedsolomon (Ce=0, Ca=8, I=0.0), and com.google.zxing.common (Ce=1, Ca=29, I=1/(1+29)=0.0333). All outgoing dependencies have substantially lower instability than the analyzed package, so the package depends only on more stable packages. Incoming dependencies originate from more unstable packages (e.g., com.google.zxing.web I=1.0, com.google.zxing.qrcode I=1.0, com.google.zxing.qrcode.detector I=0.8, com.google.zxing.qrcode.encoder I=0.6667), which does not constitute an unstable dependency violation. Therefore no Unstable Dependency smell is detected."
zxing,com.google.zxing.qrcode.detector.txt,,package,com.google.zxing.qrcode.detector,0,"Analyzed package metrics: Ca=1, Ce=4 -> instability I=1/(1+4)=0.20 (relatively unstable). Outgoing dependencies and their instability: com.google.zxing (Ca=36, Ce=2 -> I=36/38=0.95), com.google.zxing.common (Ca=29, Ce=1 -> I=29/30=0.97), com.google.zxing.qrcode.decoder (Ca=4, Ce=3 -> I=4/7=0.57), com.google.zxing.common.detector (Ca=8, Ce=2 -> I=8/10=0.80). All outgoing dependencies have higher stability (larger I) than com.google.zxing.qrcode.detector, so the package depends on more stable packages and does not violate the Stable Dependencies Principle. Therefore no Unstable Dependency smell is detected."
zxing,com.google.zxing.qrcode.encoder.txt,,package,com.google.zxing.qrcode.encoder,0,"Analyzed package metrics: Ce=4, Ca=2 -> Instability I = 4/(4+2) = 0.667. Outgoing dependencies and their instabilities: com.google.zxing.common (Ce=1, Ca=29 -> I=0.033), com.google.zxing.common.reedsolomon (Ce=0, Ca=8 -> I=0.000), com.google.zxing.qrcode.decoder (Ce=3, Ca=4 -> I=0.429), com.google.zxing (Ce=2, Ca=36 -> I=0.053). All outgoing dependencies have lower instability (more stable) than com.google.zxing.qrcode.encoder (0.667 > 0.429, 0.053, 0.033, 0.000). Therefore the package does not depend on less stable components and does not exhibit the Unstable Dependency smell."
zxing,com.google.zxing.qrcode.txt,,package,com.google.zxing.qrcode,0,"Unstable Dependency not detected. Compute instability I = Ce / (Ca + Ce): analyzed package com.google.zxing.qrcode has Ce=4, Ca=0 => I=4/(0+4)=1.0 (maximally unstable). Outgoing dependencies instabilities: com.google.zxing I=2/(36+2)=0.0526, com.google.zxing.qrcode.decoder I=3/(4+3)=0.4286, com.google.zxing.common I=1/(29+1)=0.0333, com.google.zxing.qrcode.encoder I=4/(2+4)=0.6667. All outgoing dependencies have lower instability (are more stable) than com.google.zxing.qrcode, so the package does not depend on less stable components and does not exhibit the Unstable Dependency smell."
zxing,com.google.zxing.txt,,package,com.google.zxing,1,"com.google.zxing has Ce=2 and Ca=36 => instability I = 2/(36+2) = 0.0526 (stable). It has outgoing dependencies to: com.google.zxing.common (Ce=1, Ca=29 => I = 1/30 = 0.0333) and com.google.zxing.common.detector (Ce=2, Ca=8 => I = 2/10 = 0.2). The dependency to com.google.zxing.common.detector violates the Stable Dependencies Principle because com.google.zxing depends on a less stable package (I_common.detector = 0.2 > I_com.google.zxing = 0.0526). Therefore an Unstable Dependency smell is detected. The dependency to com.google.zxing.common is acceptable (more stable: 0.0333 < 0.0526)."
zxing,com.google.zxing.web.generator.client.txt,,package,com.google.zxing.web.generator.client,0,"The package has Ce=0 and no outgoing dependencies (outgoing_dependencies is empty), so it does not depend on any other packages; incoming_dependencies is also empty (Ca=0). Because it has no efferent couplings, there is no dependency on less-stable packages and therefore the Unstable Dependency smell is not present."
zxing,com.google.zxing.web.txt,,package,com.google.zxing.web,0,"com.google.zxing.web has Ce=5, Ca=0 (Instability I=1.00). Its outgoing dependencies are: com.google.zxing.qrcode.decoder (Ce=3, Ca=4, I=0.4286), com.google.zxing.client.j2se (Ce=4, Ca=1, I=0.8000), com.google.zxing.multi (Ce=2, Ca=4, I=0.3333), com.google.zxing (Ce=2, Ca=36, I=0.0526), com.google.zxing.common (Ce=1, Ca=29, I=0.0333). All dependences have lower instability (are more stable) than com.google.zxing.web, and there are no incoming dependencies (Ca=0), so the Stable Dependencies Principle is not violated. Unstable Dependency smell not detected."
