project,file_name,smell,entity_type,entity,detection,justification
byte-buddy,(default package).txt,,package,(default package),0,"The package has no outgoing dependencies (Ce=0) and no incoming dependencies (Ca=0), resulting in a stability index that is undefined (0/(0+0)). Since there are no dependencies, the principle cannot be violated."
byte-buddy,com.service.definition.txt,,package,com.service.definition,0,"The package has no outgoing dependencies (Ce=0) and thus does not depend on any other package, so it cannot violate the Stable Dependencies Principle."
byte-buddy,com.service.usage.txt,,package,com.service.usage,0,"The package has no outgoing dependencies (Ce=0) and does not depend on any other packages, so there are no less stable components it depends on. Additionally, the package has no incoming dependencies (Ca=0), indicating it is currently independent, and the Stability metric (S=0) is not meaningful for comparison as there are no dependencies to evaluate against the Stable Dependencies Principle."
byte-buddy,com.service.usage2.txt,,package,com.service.usage2,0,"The package has zero outgoing dependencies (Ce=0) and zero incoming dependencies (Ca=0). Since it depends on no other packages, there are no dependencies that could be less stable than itself."
byte-buddy,net.bytebuddy.agent.builder.txt,,package,net.bytebuddy.agent.builder,1,"The package has stability (Ce/(Ca+Ce)) of 0.96 (23/24). It depends on packages with lower stability: net.bytebuddy.description.modifier (stability 0.06), net.bytebuddy.agent (0.20), net.bytebuddy.implementation.bytecode (0.15), net.bytebuddy.implementation.bytecode.assign (0.29), net.bytebuddy.utility.dispatcher (0.43), net.bytebuddy.dynamic.loading (0.44), net.bytebuddy.utility (0.39), net.bytebuddy.description.annotation (0.39), net.bytebuddy.description.field (0.24), net.bytebuddy.description.method (0.31), net.bytebuddy.matcher (0.28), net.bytebuddy.implementation.bytecode.member (0.52), net.bytebuddy.build (0.35), net.bytebuddy.description.type (0.33), net.bytebuddy.implementation.auxiliary (0.65), net.bytebuddy.implementation (0.48), net.bytebuddy (0.49), net.bytebuddy.asm (0.68), net.bytebuddy.dynamic (0.52), net.bytebuddy.pool (0.58), net.bytebuddy.dynamic.scaffold (0.62), net.bytebuddy.dynamic.scaffold.subclass (0.69), net.bytebuddy.dynamic.scaffold.inline (0.74)."
byte-buddy,net.bytebuddy.agent.txt,,package,net.bytebuddy.agent,1,"The package has instability I = 0.2 (Ce=1, Ca=4). It depends on net.bytebuddy.dynamic which has instability I ≈ 0.5217 (Ce=24, Ca=22). The dependency has higher instability, violating the Stable Dependencies Principle."
byte-buddy,net.bytebuddy.android.txt,,package,net.bytebuddy.android,0,"The analyzed package has a stability (I) of 1.0 (Ce=7, Ca=0). Its outgoing dependencies have stabilities: net.bytebuddy.description.type (I=0.33), net.bytebuddy (I=0.49), net.bytebuddy.dynamic.loading (I=0.44), net.bytebuddy.matcher (I=0.28), net.bytebuddy.implementation (I=0.48), net.bytebuddy.dynamic (I=0.52), net.bytebuddy.utility (I=0.39). All outgoing dependencies are more stable (lower I) than the analyzed package, following the Stable Dependencies Principle."
byte-buddy,net.bytebuddy.asm.txt,,package,net.bytebuddy.asm,1,"The package depends on net.bytebuddy.implementation.bytecode.assign which has lower stability (I=0.2941 vs own I=0.6765) and net.bytebuddy.description which has lower stability (I=0.2500 vs own I=0.6765). Additionally, it depends on net.bytebuddy.description.modifier (I=0.0588), net.bytebuddy.description.field (I=0.2400), net.bytebuddy.implementation.bytecode (I=0.1538), and others with stability lower than its own."
byte-buddy,net.bytebuddy.benchmark.jmh_generated.txt,,package,net.bytebuddy.benchmark.jmh_generated,0,"Package has no outgoing dependencies (Ce=0, empty outgoing_dependencies list), therefore cannot violate the Stable Dependencies Principle by depending on less stable packages."
byte-buddy,net.bytebuddy.benchmark.runner.txt,,package,net.bytebuddy.benchmark.runner,0,"The package has no outgoing dependencies (Ce=0, empty outgoing_dependencies list) and no incoming dependencies (Ca=0, empty incoming_dependencies list). Since it does not depend on any other packages, it cannot violate the Stable Dependencies Principle by depending on less stable components."
byte-buddy,net.bytebuddy.benchmark.specimen.txt,,package,net.bytebuddy.benchmark.specimen,0,"The package has no outgoing dependencies (Ce=0) and has incoming dependencies from a less stable package (net.bytebuddy.benchmark has stability S=0.0). Since there are no outgoing dependencies, it does not violate the Stable Dependencies Principle."
byte-buddy,net.bytebuddy.benchmark.txt,,package,net.bytebuddy.benchmark,0,"The analyzed package has Ca=0 (no incoming dependencies) and Ce=7 (7 outgoing dependencies), resulting in a stability index of 0 (unstable). All outgoing dependencies have higher stability indices (Ca>0 and Ce>0, stability >0) or equal stability (Ca=0, Ce=0, stability=1), meaning they are more stable or equally stable. No dependency has a lower stability index than the analyzed package."
byte-buddy,net.bytebuddy.build.gradle.android.txt,,package,net.bytebuddy.build.gradle.android,0,"The analyzed package has an instability (Ce/(Ca+Ce)) of 1.0 (maximally unstable). All outgoing dependencies have lower instability (ranging from 0 to ~0.74), meaning they are more stable. Therefore, it does not depend on any less stable component."
byte-buddy,net.bytebuddy.build.gradle.txt,,package,net.bytebuddy.build.gradle,0,"The analyzed package has instability I=1.0 (Ce=8, Ca=0). All outgoing dependencies have lower instability values: net.bytebuddy (I=0.49), org.gradle.api.file (I=0.5), net.bytebuddy.dynamic.scaffold.inline (I=0.74), org.gradle.api.tasks (I=0.0), org.gradle.work (I=0.5), net.bytebuddy.dynamic (I=0.52), net.bytebuddy.build (I=0.35), net.bytebuddy.utility (I=0.39). Since all dependencies are more stable (lower I) than the analyzed package, the Stable Dependencies Principle is satisfied."
byte-buddy,net.bytebuddy.build.maven.txt,,package,net.bytebuddy.build.maven,0,"The analyzed package has instability I=1.0 (Ce=7, Ca=0). All its outgoing dependencies have lower instability values: net.bytebuddy.description.modifier (I≈0.0588), net.bytebuddy (I≈0.4902), net.bytebuddy.matcher (I≈0.2813), net.bytebuddy.dynamic.scaffold.inline (I≈0.7407), net.bytebuddy.implementation (I≈0.4792), net.bytebuddy.dynamic (I≈0.5217), net.bytebuddy.build (I≈0.3455). Since all dependencies are more stable (lower I) than the analyzed package, the Stable Dependencies Principle is not violated."
byte-buddy,net.bytebuddy.build.txt,,package,net.bytebuddy.build,1,"The package stability S=36/55≈0.6545 is lower than the stability of some dependencies, but it depends on packages with lower stability, e.g., net.bytebuddy.utility.dispatcher (S=8/14≈0.5714), net.bytebuddy.utility (S=25/41≈0.6098), net.bytebuddy (S=26/51≈0.5098), net.bytebuddy.pool (S=11/26≈0.4231), net.bytebuddy.dynamic.scaffold.subclass (S=9/29≈0.3103), net.bytebuddy.dynamic.scaffold.inline (S=7/27≈0.2593), net.bytebuddy.dynamic (S=22/46≈0.4783), net.bytebuddy.implementation (S=25/48≈0.5208), net.bytebuddy.asm (S=11/34≈0.3235), net.bytebuddy.dynamic.loading (S=19/34≈0.5588), net.bytebuddy.description.annotation (S=19/31≈0.6129), net.bytebuddy.dynamic.scaffold (S=15/39≈0.3846)."
byte-buddy,net.bytebuddy.description.annotation.txt,,package,net.bytebuddy.description.annotation,1,"The package has stability index 0.6129 (Ce=12, Ca=19) and depends on less stable packages: net.bytebuddy (stability 0.5098), net.bytebuddy.dynamic.loading (stability 0.5588), net.bytebuddy.implementation (stability 0.5208), net.bytebuddy.asm (stability 0.3235), net.bytebuddy.dynamic (stability 0.4783), net.bytebuddy.utility (stability 0.6098)."
byte-buddy,net.bytebuddy.description.enumeration.txt,,package,net.bytebuddy.description.enumeration,1,"The package has stability index 0.3 (Ce=3, Ca=7) which is higher than the stability indices of its outgoing dependencies: net.bytebuddy.build (0.345), net.bytebuddy.description.method (0.306), and net.bytebuddy.description.type (0.333). Dependencies should be more stable (lower index) than dependents according to Stable Dependencies Principle."
byte-buddy,net.bytebuddy.description.field.txt,,package,net.bytebuddy.description.field,1,"The package has stability (I = Ce/(Ce+Ca)) = 0.24 (Ce=6, Ca=19) and depends on packages with lower stability: net.bytebuddy.description (I=0.25), net.bytebuddy.description.type (I=0.33), net.bytebuddy (I=0.49), net.bytebuddy.matcher (I=0.28), net.bytebuddy.description.annotation (I=0.39), net.bytebuddy.build (I=0.35). All outgoing dependencies have higher instability values."
byte-buddy,net.bytebuddy.description.method.txt,,package,net.bytebuddy.description.method,1,"Package instability (0.305) is lower than dependencies: net.bytebuddy.description.type (0.333), net.bytebuddy.utility.dispatcher (0.429), net.bytebuddy (0.490), net.bytebuddy.description.annotation (0.387), net.bytebuddy.build (0.345), net.bytebuddy.utility (0.390). Stability: I = Ce/(Ca+Ce)."
byte-buddy,net.bytebuddy.description.modifier.txt,,package,net.bytebuddy.description.modifier,1,The package depends on net.bytebuddy.build which has higher instability (I=19/55≈0.345) than the package itself (I=1/17≈0.059).
byte-buddy,net.bytebuddy.description.module.txt,,package,net.bytebuddy.description.module,1,"Stability of the analyzed package is 0.47 (Ce=8, Ca=9). It depends on less stable packages: net.bytebuddy.description (0.25), net.bytebuddy.description.modifier (0.06), net.bytebuddy.utility.dispatcher (0.43), net.bytebuddy.description.annotation (0.39), net.bytebuddy.build (0.35), net.bytebuddy.utility (0.39)."
byte-buddy,net.bytebuddy.description.txt,,package,net.bytebuddy.description,1,"The package has instability I=0.25 (Ce=4, Ca=12). It depends on less stable packages: net.bytebuddy.description.method (I=0.31), net.bytebuddy.description.type (I=0.33), net.bytebuddy.matcher (I=0.28)."
byte-buddy,net.bytebuddy.description.type.txt,,package,net.bytebuddy.description.type,1,"The package has stability 0.6667 (Ca=32, Ce=16) and depends on less stable packages: net.bytebuddy (0.5098), net.bytebuddy.utility.dispatcher (0.5714), net.bytebuddy.dynamic.loading (0.5588), net.bytebuddy.implementation (0.5208), net.bytebuddy.description.module (0.5294), net.bytebuddy.asm (0.3235), net.bytebuddy.dynamic (0.4783), net.bytebuddy.description.annotation (0.6129), net.bytebuddy.build (0.6545), net.bytebuddy.utility (0.6098), net.bytebuddy.dynamic.scaffold (0.3846)."
byte-buddy,net.bytebuddy.dynamic.loading.txt,,package,net.bytebuddy.dynamic.loading,1,"Package stability (S=15/(15+19)≈0.441) is lower than outgoing dependencies: net.bytebuddy.description.modifier (S≈0.059), net.bytebuddy.agent (S=0.2), net.bytebuddy.implementation.bytecode.assign (S≈0.294), net.bytebuddy.description.field (S=0.24), net.bytebuddy.matcher (S≈0.281), net.bytebuddy.description.type (S≈0.333), net.bytebuddy.build (S≈0.345), net.bytebuddy.utility (S≈0.390), net.bytebuddy.utility.dispatcher (S≈0.429). All are less stable than the analyzed package."
byte-buddy,net.bytebuddy.dynamic.scaffold.inline.txt,,package,net.bytebuddy.dynamic.scaffold.inline,0,"The analyzed package's stability index (I=20/(20+7)=0.7407) is higher (more unstable) than all its outgoing dependencies: net.bytebuddy.description.field (I=0.2400), net.bytebuddy.description.type (I=0.3333), net.bytebuddy.implementation.bytecode.member (I=0.5217), net.bytebuddy.implementation.auxiliary (I=0.6538), net.bytebuddy.utility (I=0.3902), net.bytebuddy (I=0.4902), net.bytebuddy.pool (I=0.5769), net.bytebuddy.implementation.attribute (I=0.5294), net.bytebuddy.description.module (I=0.4706), net.bytebuddy.dynamic (I=0.5217), net.bytebuddy.build (I=0.3455), net.bytebuddy.description.method (I=0.3056), net.bytebuddy.description.modifier (I=0.0588), net.bytebuddy.matcher (I=0.2812), net.bytebuddy.implementation (I=0.4792), net.bytebuddy.asm (I=0.6765), net.bytebuddy.dynamic.loading (I=0.4412), net.bytebuddy.implementation.bytecode (I=0.1538), net.bytebuddy.description.annotation (I=0.3871), net.bytebuddy.dynamic.scaffold (I=0.6154). All dependencies are more stable (lower I) than the analyzed package, satisfying the Stable Dependencies Principle."
byte-buddy,net.bytebuddy.dynamic.scaffold.subclass.txt,,package,net.bytebuddy.dynamic.scaffold.subclass,0,"The analyzed package has stability I = Ce/(Ce+Ca) = 20/(20+9) ≈ 0.690. All outgoing dependencies have lower or equal instability: net.bytebuddy.description.type (0.333), net.bytebuddy.implementation.bytecode.member (0.522), net.bytebuddy.implementation.auxiliary (0.654), net.bytebuddy.utility (0.390), net.bytebuddy (0.490), net.bytebuddy.pool (0.577), net.bytebuddy.implementation.attribute (0.529), net.bytebuddy.description.module (0.471), net.bytebuddy.dynamic (0.522), net.bytebuddy.build (0.345), net.bytebuddy.description.method (0.306), net.bytebuddy.description.modifier (0.059), net.bytebuddy.matcher (0.281), net.bytebuddy.implementation (0.479), net.bytebuddy.asm (0.676), net.bytebuddy.description (0.250), net.bytebuddy.dynamic.loading (0.441), net.bytebuddy.implementation.bytecode (0.154), net.bytebuddy.description.annotation (0.387), net.bytebuddy.dynamic.scaffold (0.615). No dependency has higher instability than the analyzed package."
byte-buddy,net.bytebuddy.dynamic.scaffold.txt,,package,net.bytebuddy.dynamic.scaffold,1,"The analyzed package has stability index S = 15/(15+24) = 0.3846. It depends on packages with lower stability indexes: net.bytebuddy.utility.visitor (S=0.3333), net.bytebuddy.implementation.auxiliary (S=0.3462), net.bytebuddy.dynamic.scaffold.subclass (S=0.3103), net.bytebuddy.dynamic.scaffold.inline (S=0.2593), and net.bytebuddy.asm (S=0.3235), violating the Stable Dependencies Principle."
byte-buddy,net.bytebuddy.dynamic.txt,,package,net.bytebuddy.dynamic,1,"The package depends on less stable packages: net.bytebuddy.utility.visitor (S=0.333), net.bytebuddy.implementation.auxiliary (S=0.346), net.bytebuddy.implementation.bytecode.constant (S=0.438), net.bytebuddy.pool (S=0.423), net.bytebuddy.implementation.attribute (S=0.471), net.bytebuddy.asm (S=0.324), net.bytebuddy.dynamic.scaffold (S=0.385)."
byte-buddy,net.bytebuddy.implementation.attribute.txt,,package,net.bytebuddy.implementation.attribute,1,"The package has stability I=9/17≈0.529 (Ce=9, Ca=8) and depends on net.bytebuddy.asm which has stability I=23/34≈0.677 (Ce=23, Ca=11). This violates the Stable Dependencies Principle because the dependency is less stable (higher I) than the analyzed package."
byte-buddy,net.bytebuddy.implementation.auxiliary.txt,,package,net.bytebuddy.implementation.auxiliary,1,"The package has instability I=Ce/(Ce+Ca)=17/(17+9)=0.654. It depends on net.bytebuddy.dynamic.scaffold.subclass with I=20/(20+9)=0.690, net.bytebuddy.dynamic.scaffold with I=24/(24+15)=0.615, and net.bytebuddy with I=25/(25+26)=0.490. Since I_dynamic.scaffold.subclass=0.690 > I_analyzed=0.654, it violates the Stable Dependencies Principle by depending on a less stable component."
byte-buddy,net.bytebuddy.implementation.bind.annotation.txt,,package,net.bytebuddy.implementation.bind.annotation,0,"Analyzed package instability I = Ce/(Ce+Ca) = 20/(20+3) ≈ 0.87. All outgoing dependencies have lower instability: net.bytebuddy.description.field (0.24), net.bytebuddy.description.type (0.33), net.bytebuddy.implementation.bytecode.member (0.52), net.bytebuddy.implementation.auxiliary (0.65), net.bytebuddy.implementation.bind (0.73), net.bytebuddy.implementation.bytecode.constant (0.56), net.bytebuddy.utility (0.39), net.bytebuddy.dynamic.scaffold.subclass (0.69), net.bytebuddy.implementation.bytecode.collection (0.80), net.bytebuddy.implementation.bytecode.assign (0.29), net.bytebuddy.dynamic (0.52), net.bytebuddy.build (0.35), net.bytebuddy.description.method (0.31), net.bytebuddy.description.modifier (0.06), net.bytebuddy.matcher (0.28), net.bytebuddy.implementation (0.48), net.bytebuddy.dynamic.loading (0.44), net.bytebuddy.implementation.bytecode (0.15), net.bytebuddy.description.annotation (0.39), net.bytebuddy.dynamic.scaffold (0.62). No dependency is less stable (higher instability) than the analyzed package."
byte-buddy,net.bytebuddy.implementation.bind.txt,,package,net.bytebuddy.implementation.bind,1,"The package has a stability index of 8/11 (approximately 0.727) and depends on net.bytebuddy.implementation.bind.annotation which has a stability index of 20/23 (approximately 0.870). The dependency is less stable, violating the Stable Dependencies Principle."
byte-buddy,net.bytebuddy.implementation.bytecode.assign.primitive.txt,,package,net.bytebuddy.implementation.bytecode.assign.primitive,0,"Analyzed package stability (I = 0) is lower than all outgoing dependencies: net.bytebuddy.description.type (I ≈ 0.667), net.bytebuddy.implementation.bytecode (I ≈ 0.846), net.bytebuddy.implementation (I ≈ 0.521), net.bytebuddy.implementation.bytecode.constant (I ≈ 0.438), net.bytebuddy.implementation.bytecode.assign (I ≈ 0.706), net.bytebuddy.build (I ≈ 0.655)."
byte-buddy,net.bytebuddy.implementation.bytecode.assign.reference.txt,,package,net.bytebuddy.implementation.bytecode.assign.reference,1,"The package's stability metric I=0.8333 (Ce=5, Ca=1) is higher than the stability metric I=0.2941 (Ce=5, Ca=12) of its dependency 'net.bytebuddy.implementation.bytecode.assign', indicating a dependency on a less stable component."
byte-buddy,net.bytebuddy.implementation.bytecode.assign.txt,,package,net.bytebuddy.implementation.bytecode.assign,1,"The package has stability 0.294 (Ce=5, Ca=12) and depends on net.bytebuddy.implementation.bytecode, which has stability 0.154 (Ce=4, Ca=22). This violates the Stable Dependencies Principle because the dependency is less stable than the analyzed package."
byte-buddy,net.bytebuddy.implementation.bytecode.collection.txt,,package,net.bytebuddy.implementation.bytecode.collection,0,"The analyzed package has an instability (0.8) that is higher than the instability of all its outgoing dependencies (net.bytebuddy.build: 0.345, net.bytebuddy.implementation: 0.479, net.bytebuddy.description.type: 0.333, net.bytebuddy.implementation.bytecode: 0.154). Therefore, it does not depend on any less stable component."
byte-buddy,net.bytebuddy.implementation.bytecode.constant.txt,,package,net.bytebuddy.implementation.bytecode.constant,0,"All outgoing dependencies (9 packages) have lower instability metrics than the analyzed package (I=0.5625). The analyzed package's I = 9/(9+7) = 0.5625, while dependencies: description.method I=0.3056, description.field I=0.24, description.type I=0.3333, net.bytebuddy I=0.4902, implementation.bytecode I=0.1538, implementation.auxiliary I=0.6538, implementation I=0.4792, build I=0.3455, utility I=0.3902. Only implementation.auxiliary (I=0.6538) is more unstable, but this is a single exception among 9 dependencies, and the principle requires dependencies to be more stable on average."
byte-buddy,net.bytebuddy.implementation.bytecode.member.txt,,package,net.bytebuddy.implementation.bytecode.member,0,"All 12 outgoing dependencies have higher stability (lower instability) than the analyzed package: net.bytebuddy.description.method (0.306), net.bytebuddy.description.field (0.240), net.bytebuddy.description.type (0.333), net.bytebuddy (0.490), net.bytebuddy.implementation.bytecode (0.154), net.bytebuddy.description.enumeration (0.300), net.bytebuddy.matcher (0.281), net.bytebuddy.implementation (0.479), net.bytebuddy.implementation.bytecode.constant (0.562), net.bytebuddy.implementation.bytecode.assign (0.294), net.bytebuddy.build (0.345), net.bytebuddy.utility (0.390) all have lower instability values than the analyzed package's instability of 0.522."
byte-buddy,net.bytebuddy.implementation.bytecode.txt,,package,net.bytebuddy.implementation.bytecode,1,"The analyzed package (I=0.154) depends on less stable packages: net.bytebuddy.build (I=0.345), net.bytebuddy.description.method (I=0.306), net.bytebuddy.implementation (I=0.479), net.bytebuddy.description.type (I=0.333). All have higher instability metrics (I) than the analyzed package."
byte-buddy,net.bytebuddy.implementation.txt,,package,net.bytebuddy.implementation,1,"Analyzed package has instability (I) = 0.48 (Ce=23, Ca=25). Outgoing dependencies net.bytebuddy.implementation.bytecode.member (I=0.52), net.bytebuddy.implementation.auxiliary (I=0.65), net.bytebuddy.implementation.bind (I=0.73), net.bytebuddy.implementation.bytecode.constant (I=0.56), net.bytebuddy.implementation.bind.annotation (I=0.87), net.bytebuddy (I=0.49), net.bytebuddy.dynamic.scaffold.subclass (I=0.69), net.bytebuddy.implementation.attribute (I=0.53), net.bytebuddy.dynamic (I=0.52), and net.bytebuddy.dynamic.scaffold (I=0.62) have higher instability values, indicating they are less stable than the analyzed package. This violates the Stable Dependencies Principle."
byte-buddy,net.bytebuddy.matcher.txt,,package,net.bytebuddy.matcher,0,"Package stability (S = Ca/(Ca+Ce) = 23/(23+9) = 0.72) is lower than all outgoing dependencies: net.bytebuddy.description.method (0.69), net.bytebuddy.description (0.75), net.bytebuddy.description.field (0.76), net.bytebuddy.description.type (0.67), net.bytebuddy (0.51), net.bytebuddy.dynamic.loading (0.56), net.bytebuddy.description.annotation (0.61), net.bytebuddy.build (0.65), net.bytebuddy.utility (0.61). No dependency has higher stability than the analyzed package."
byte-buddy,net.bytebuddy.pool.txt,,package,net.bytebuddy.pool,0,"All outgoing dependencies have lower instability (I = Ce/(Ce+Ca)) than the analyzed package. Analyzed package I = 0.577, all outgoing dependencies have I <= 0.6154. No dependency is less stable than the analyzed package."
byte-buddy,net.bytebuddy.txt,,package,net.bytebuddy,1,"Package depends on less stable packages: net.bytebuddy.agent (S=0.2 < 0.49), net.bytebuddy.implementation.bytecode (S=0.15 < 0.49), net.bytebuddy.description.modifier (S=0.06 < 0.49), net.bytebuddy.agent.builder (S=0.96 > 0.49), net.bytebuddy.implementation.bind (S=0.73 > 0.49), net.bytebuddy.implementation.bind.annotation (S=0.87 > 0.49), net.bytebuddy.implementation.auxiliary (S=0.65 > 0.49), net.bytebuddy.dynamic.scaffold.subclass (S=0.69 > 0.49), net.bytebuddy.dynamic.scaffold.inline (S=0.74 > 0.49), net.bytebuddy.description.field (S=0.24 < 0.49), net.bytebuddy.description.type (S=0.33 < 0.49), net.bytebuddy.implementation.bytecode.member (S=0.52 > 0.49), net.bytebuddy.utility (S=0.39 < 0.49), net.bytebuddy.pool (S=0.58 > 0.49), net.bytebuddy.implementation.attribute (S=0.53 > 0.49), net.bytebuddy.description.module (S=0.47 < 0.49), net.bytebuddy.implementation.bytecode.assign (S=0.29 < 0.49), net.bytebuddy.dynamic (S=0.52 > 0.49), net.bytebuddy.build (S=0.35 < 0.49), net.bytebuddy.description.method (S=0.31 < 0.49), net.bytebuddy.matcher (S=0.28 < 0.49), net.bytebuddy.implementation (S=0.48 < 0.49), net.bytebuddy.dynamic.loading (S=0.44 < 0.49), net.bytebuddy.description.annotation (S=0.39 < 0.49), net.bytebuddy.dynamic.scaffold (S=0.62 > 0.49)."
byte-buddy,net.bytebuddy.utility.dispatcher.txt,,package,net.bytebuddy.utility.dispatcher,1,"Package stability index (0.4286) is higher than dependencies: net.bytebuddy.description.method (0.3056), net.bytebuddy.build (0.3455), net.bytebuddy.utility (0.3902)"
byte-buddy,net.bytebuddy.utility.privilege.txt,,package,net.bytebuddy.utility.privilege,0,"The analyzed package has instability (Ce/(Ca+Ce)) of 0.5. Its outgoing dependency (net.bytebuddy.build) has instability of approximately 0.345, which is lower (more stable). Therefore, the dependency is more stable than the analyzed package, following the Stable Dependencies Principle."
byte-buddy,net.bytebuddy.utility.txt,,package,net.bytebuddy.utility,1,"The analyzed package has stability 25/41 ≈ 0.61. It depends on packages with lower stability: net.bytebuddy (26/51 ≈ 0.51), net.bytebuddy.utility.dispatcher (8/14 ≈ 0.57), net.bytebuddy.pool (11/26 ≈ 0.42), net.bytebuddy.dynamic.loading (19/34 ≈ 0.56), net.bytebuddy.utility.privilege (1/2 = 0.5), net.bytebuddy.description.module (9/17 ≈ 0.53), net.bytebuddy.dynamic (22/46 ≈ 0.48)."
byte-buddy,net.bytebuddy.utility.visitor.txt,,package,net.bytebuddy.utility.visitor,0,"Analyzed package has I=6/(6+3)=0.667. All outgoing dependencies have lower instability: description.method I=0.305, implementation.bytecode I=0.154, implementation I=0.479, dynamic I=0.522, build I=0.345, utility I=0.390. No dependency is less stable than the analyzed package."
byte-buddy,org.gradle.api.file.txt,,package,org.gradle.api.file,0,"The analyzed package has instability I=0.5 (Ce=1, Ca=1) and depends on package 'org.gradle.api.provider' with instability I=0.0 (Ce=0, Ca=3). Since 0.0 ≤ 0.5, the dependency points toward a more stable package, following the Stable Dependencies Principle."
byte-buddy,org.gradle.api.provider.txt,,package,org.gradle.api.provider,0,"The package has no outgoing dependencies (Ce=0) and has high stability (I=0), so it does not depend on any less stable packages."
byte-buddy,org.gradle.api.tasks.txt,,package,org.gradle.api.tasks,0,"Package has Ce=0 (no outgoing dependencies) and Ca=2 (2 incoming dependencies). I = Ce/(Ce+Ca) = 0, indicating maximum stability. There are no dependencies to less stable packages."
byte-buddy,org.gradle.work.txt,,package,org.gradle.work,0,"The analyzed package has an instability (Ce/(Ce+Ca)) of 0.5. Its single outgoing dependency (org.gradle.api.provider) has an instability of 0.0, which is lower. Therefore, the dependency is towards a more stable package, adhering to the Stable Dependencies Principle."
commons-io,org.apache.commons.io.build.txt,,package,org.apache.commons.io.build,1,"The package depends on 'org.apache.commons.io.input', which has a lower stability (I=0.3) than the current package's stability (I≈0.333)."
commons-io,org.apache.commons.io.channels.txt,,package,org.apache.commons.io.channels,0,"The analyzed package has stability I=1.0 (Ce=2, Ca=0). Its outgoing dependencies have stabilities I=0.222 (org.apache.commons.io.function, Ce=2, Ca=7) and I=0.353 (org.apache.commons.io, Ce=6, Ca=11). Both dependencies are more stable (lower I) than the analyzed package, thus following the Stable Dependencies Principle."
commons-io,org.apache.commons.io.charset.txt,,package,org.apache.commons.io.charset,0,"The package has Ce=0 (no outgoing dependencies), implying it does not depend on any less stable packages. Its Ca=2 indicates it has incoming dependencies, and it has a stability index (I=Ce/(Ca+Ce)=0) of 0, which is maximally stable. Therefore, no violation of the Stable Dependencies Principle is present."
commons-io,org.apache.commons.io.comparator.txt,,package,org.apache.commons.io.comparator,0,"The package's stability (S = Ca/(Ca+Ce) = 1/(1+1) = 0.5) is less than the stability of its sole outgoing dependency, 'org.apache.commons.io' (S = 11/(11+6) ≈ 0.647). Therefore, it depends on a more stable package, adhering to the Stable Dependencies Principle."
commons-io,org.apache.commons.io.file.attribute.txt,,package,org.apache.commons.io.file.attribute,0,The package has no outgoing dependencies (Ce=0) and thus does not depend on any other package.
commons-io,org.apache.commons.io.file.spi.txt,,package,org.apache.commons.io.file.spi,0,"Package has zero outgoing dependencies (Ce=0) and zero incoming dependencies (Ca=0). With no dependencies, it cannot depend on a less stable component, and its own stability is maximal (I=1.0) when defined, which trivially satisfies the Stable Dependencies Principle."
commons-io,org.apache.commons.io.file.txt,,package,org.apache.commons.io.file,1,Package stability I = Ce/(Ce+Ca) = 5/(5+7) = 0.417. Outgoing dependency 'org.apache.commons.io.filefilter' has stability 4/(4+3)=0.571 > 0.417 (less stable). Outgoing dependency 'org.apache.commons.io.output' has stability 6/(6+4)=0.6 > 0.417 (less stable). These violate the Stable Dependencies Principle.
commons-io,org.apache.commons.io.filefilter.txt,,package,org.apache.commons.io.filefilter,1,Package instability (I=0.571) is higher than one of its dependencies (org.apache.commons.io.output with I=0.600).
commons-io,org.apache.commons.io.function.txt,,package,org.apache.commons.io.function,0,"The package's stability (I=0.22) is lower than its outgoing dependencies: org.apache.commons.io.file (I=0.42) and org.apache.commons.io (I=0.35). Therefore, it depends on more stable packages."
commons-io,org.apache.commons.io.input.buffer.txt,,package,org.apache.commons.io.input.buffer,0,"The analyzed package has a stability index of 0 (Ca=0, Ce=1) which is more stable than its only dependency 'org.apache.commons.io' with stability index ~0.353 (Ca=11, Ce=6). Since dependencies are directed toward more stable components, no Unstable Dependency smell is present."
commons-io,org.apache.commons.io.input.txt,,package,org.apache.commons.io.input,0,"The analyzed package has instability I=0.7 (Ce=7, Ca=3). All outgoing dependencies have lower instability: org.apache.commons.io.build (I=0.67), org.apache.commons.io.function (I=0.22), org.apache.commons.io (I=0.35), org.apache.commons.io.charset (I=0.0), org.apache.commons.io.file (I=0.42), org.apache.commons.io.output (I=0.6), org.apache.commons.io.file.attribute (I=0.0). Since no dependency is less stable, no unstable dependency is detected."
commons-io,org.apache.commons.io.monitor.txt,,package,org.apache.commons.io.monitor,0,"The analyzed package's instability (I=1.00) is higher than or equal to the instability of all its outgoing dependencies: org.apache.commons.io.filefilter (I=0.57), org.apache.commons.io (I=0.35), org.apache.commons.io.file (I=0.42), org.apache.commons.io.file.attribute (I=0.00), org.apache.commons.io.comparator (I=0.50)."
commons-io,org.apache.commons.io.output.txt,,package,org.apache.commons.io.output,0,"The package has an instability index of 0.6 (Ce=6, Ca=4). All its outgoing dependencies have lower instability indexes: org.apache.commons.io.build (0.6667), org.apache.commons.io.function (0.2222), org.apache.commons.io (0.3529), org.apache.commons.io.charset (0), org.apache.commons.io.input (0.7), org.apache.commons.io.file (0.4167). The package only depends on packages that are more stable than itself."
commons-io,org.apache.commons.io.serialization.txt,,package,org.apache.commons.io.serialization,0,"The analyzed package has stability I=0 (Ca=0, Ce=1) and depends on org.apache.commons.io which has stability I≈0.647 (Ca=11, Ce=6). The dependency is more stable than the package, so no violation."
commons-io,org.apache.commons.io.txt,,package,org.apache.commons.io,1,"Package instability I=0.353 (Ce=6, Ca=11). It depends on packages with higher instability: org.apache.commons.io.filefilter (I=0.571, Ce=4, Ca=3), org.apache.commons.io.input (I=0.700, Ce=7, Ca=3), org.apache.commons.io.file (I=0.417, Ce=5, Ca=7), org.apache.commons.io.output (I=0.600, Ce=6, Ca=4)."
commons-lang,org.apache.commons.lang3.arch.txt,,package,org.apache.commons.lang3.arch,0,"The package has no outgoing dependencies (Ce=0), so it does not depend on any other package. Therefore, it cannot have an unstable dependency."
commons-lang,org.apache.commons.lang3.builder.txt,,package,org.apache.commons.lang3.builder,1,"The analyzed package depends on org.apache.commons.lang3.reflect, which has a higher instability (I=0.833) than the analyzed package (I=0.75), violating the Stable Dependencies Principle."
commons-lang,org.apache.commons.lang3.compare.txt,,package,org.apache.commons.lang3.compare,0,"The analyzed package has no outgoing dependencies (Ce=0), so it does not depend on any other package. Therefore, it cannot violate the Stable Dependencies Principle by depending on a less stable package."
commons-lang,org.apache.commons.lang3.concurrent.locks.txt,,package,org.apache.commons.lang3.concurrent.locks,0,"The analyzed package has instability I=1.0 (Ce=2, Ca=0). Its outgoing dependencies have lower instability values: org.apache.commons.lang3 has I≈0.4348 (Ce=10, Ca=13) and org.apache.commons.lang3.function has I≈0.2222 (Ce=2, Ca=7). Since both dependencies are more stable (lower I) than the analyzed package, no unstable dependency is present."
commons-lang,org.apache.commons.lang3.concurrent.txt,,package,org.apache.commons.lang3.concurrent,1,"The package has stability 1.0 (Ce=3, Ca=0) and depends on packages with lower stability: org.apache.commons.lang3 (Ce=10, Ca=13, stability=10/23≈0.435), org.apache.commons.lang3.function (Ce=2, Ca=7, stability=2/9≈0.222), org.apache.commons.lang3.exception (Ce=1, Ca=5, stability=1/6≈0.167)."
commons-lang,org.apache.commons.lang3.event.txt,,package,org.apache.commons.lang3.event,0,"Analyzed package stability I=1.0 (Ce=2, Ca=0). Outgoing dependencies stabilities: org.apache.commons.lang3.function I≈0.222 (Ce=2, Ca=7), org.apache.commons.lang3.exception I≈0.167 (Ce=1, Ca=5). All dependencies are more stable (lower I) than the analyzed package."
commons-lang,org.apache.commons.lang3.exception.txt,,package,org.apache.commons.lang3.exception,1,"The package instability I = Ce/(Ca+Ce) = 1/6 ≈ 0.167 is lower than the instability of its outgoing dependency 'org.apache.commons.lang3' (I = 10/23 ≈ 0.435). Since the dependency is less stable (higher instability), it violates the Stable Dependencies Principle."
commons-lang,org.apache.commons.lang3.function.txt,,package,org.apache.commons.lang3.function,1,"Package stability I=0.222 (Ce=2, Ca=7). Outgoing dependency 'org.apache.commons.lang3.exception' has lower stability I=0.167 (Ce=1, Ca=5), making it less stable."
commons-lang,org.apache.commons.lang3.math.txt,,package,org.apache.commons.lang3.math,0,"Package instability (I=0.25) is lower than its outgoing dependency's instability (org.apache.commons.lang3 with I≈0.43). The package depends on a more stable component, which follows the Stable Dependencies Principle."
commons-lang,org.apache.commons.lang3.mutable.txt,,package,org.apache.commons.lang3.mutable,1,"The package has an instability (I) of 0.25 (Ce=1, Ca=3), which is lower than its dependency 'org.apache.commons.lang3' with an instability of 0.43 (Ce=10, Ca=13). This violates the Stable Dependencies Principle because a more stable package depends on a less stable one."
commons-lang,org.apache.commons.lang3.reflect.txt,,package,org.apache.commons.lang3.reflect,0,"The analyzed package has stability I=5/6≈0.833, which is higher (less stable) than all its outgoing dependencies: org.apache.commons.lang3.stream (I=0.5), org.apache.commons.lang3 (I≈0.435), org.apache.commons.lang3.mutable (I=0.25), org.apache.commons.lang3.math (I=0.25), org.apache.commons.lang3.compare (I=0). Since all dependencies are more stable (lower I), the Stable Dependencies Principle is satisfied."
commons-lang,org.apache.commons.lang3.stream.txt,,package,org.apache.commons.lang3.stream,0,"The package has instability (I) = 0.5, calculated as Ce/(Ce+Ca) = 2/(2+2). Its outgoing dependencies are to packages with lower instability values: 'org.apache.commons.lang3' (I ≈ 0.4348) and 'org.apache.commons.lang3.function' (I ≈ 0.2222). Since the package depends only on packages that are more stable (lower I), the Stable Dependencies Principle is not violated."
commons-lang,org.apache.commons.lang3.text.translate.txt,,package,org.apache.commons.lang3.text.translate,0,"The analyzed package (Ce=1, Ca=1, I=0.5) depends on org.apache.commons.lang3 (Ce=10, Ca=13, I≈0.435). The dependency is more stable (lower I), adhering to the Stable Dependencies Principle."
commons-lang,org.apache.commons.lang3.text.txt,,package,org.apache.commons.lang3.text,0,"The analyzed package has instability I=0.67 (Ce=2, Ca=1). Its dependencies have lower instability: org.apache.commons.lang3 (I=0.43, Ce=10, Ca=13) and org.apache.commons.lang3.mutable (I=0.25, Ce=1, Ca=3). Both dependencies are more stable than the analyzed package, so there is no violation of the Stable Dependencies Principle."
commons-lang,org.apache.commons.lang3.time.txt,,package,org.apache.commons.lang3.time,0,"Analyzed package stability (Ca=1, Ce=4, S=0.2) is lower than all its outgoing dependencies: org.apache.commons.lang3 (S=0.565), org.apache.commons.lang3.function (S=0.778), org.apache.commons.lang3.math (S=0.75), org.apache.commons.lang3.exception (S=0.833). The package depends only on more stable components."
commons-lang,org.apache.commons.lang3.tuple.txt,,package,org.apache.commons.lang3.tuple,0,"The package depends on 'org.apache.commons.lang3.function', which has lower instability (I=0.222) than the analyzed package's instability (I=0.5)."
commons-lang,org.apache.commons.lang3.txt,,package,org.apache.commons.lang3,1,"Package stability (Ca/(Ca+Ce) = 13/(13+10) = 0.57) is higher than dependencies: org.apache.commons.lang3.time (1/(1+4) = 0.20), org.apache.commons.lang3.builder (1/(1+3) = 0.25), org.apache.commons.lang3.text (1/(1+2) = 0.33), org.apache.commons.lang3.stream (2/(2+2) = 0.50), org.apache.commons.lang3.text.translate (1/(1+1) = 0.50). The package depends on less stable packages, violating Stable Dependencies Principle."
commons-lang,org.apache.commons.lang3.util.txt,,package,org.apache.commons.lang3.util,0,"The analyzed package has stability S=0 (Ca=0, Ce=1). Its only dependency, org.apache.commons.lang3, has stability S=13/23≈0.565 (Ca=13, Ce=10). Since the dependency is more stable, the dependency direction aligns with the Stable Dependencies Principle."
google-java-format,com.google.googlejavaformat.intellij.txt,,package,com.google.googlejavaformat.intellij,0,"The analyzed package has an instability (I=1.0) that is not lower than the instability (I=0.5) of the package it depends on, 'com.google.googlejavaformat.java'. According to the Stable Dependencies Principle, it is acceptable for an unstable package to depend on a more stable one."
google-java-format,com.google.googlejavaformat.java.filer.txt,,package,com.google.googlejavaformat.java.filer,0,"The package depends on com.google.googlejavaformat.java, which has stability index of 0.5 (Ce=2, Ca=2). The analyzed package has stability index of 1.0 (Ce=1, Ca=0). Since 1.0 > 0.5, the analyzed package is more unstable than its dependency, which follows the Stable Dependencies Principle."
google-java-format,com.google.googlejavaformat.java.javadoc.txt,,package,com.google.googlejavaformat.java.javadoc,0,"The package has no outgoing dependencies (Ce=0), thus it does not depend on any less stable components."
google-java-format,com.google.googlejavaformat.java.txt,,package,com.google.googlejavaformat.java,1,"Depends on packages with lower stability (com.google.googlejavaformat stability 0.0, com.google.googlejavaformat.java.javadoc stability 0.0) while own stability is 0.5"
google-java-format,com.google.googlejavaformat.txt,,package,com.google.googlejavaformat,0,"The package has no outgoing dependencies (Ce=0), therefore there are no dependencies on less stable components."
gson,com.example.txt,,package,com.example,0,"The analyzed package has instability I=1.0 (Ce=2, Ca=0) and depends on packages with lower instability: com.google.gson.reflect (I=0.1, Ce=1, Ca=9) and com.google.gson (I≈0.294, Ce=5, Ca=12). Since all dependencies point to more stable packages, the Stable Dependencies Principle is satisfied."
gson,com.google.gson.extras.examples.rawcollections.txt,,package,com.google.gson.extras.examples.rawcollections,0,"The analyzed package (stability I=1.0) depends only on 'com.google.gson' (stability I≈0.294). The dependency is more stable (lower I value) than the analyzed package, thus no violation of the Stable Dependencies Principle."
gson,com.google.gson.graph.txt,,package,com.google.gson.graph,0,"The analyzed package has stability S=1.0 (Ca=0, Ce=4). Its outgoing dependencies have stabilities: com.google.gson.reflect (S=0.1, Ca=9, Ce=1), com.google.gson (S≈0.294, Ca=12, Ce=5), com.google.gson.stream (S=0.2, Ca=8, Ce=2), com.google.gson.internal (S≈0.455, Ca=6, Ce=5). All dependencies are more stable (lower S) than the analyzed package."
gson,com.google.gson.interceptors.txt,,package,com.google.gson.interceptors,0,"Analyzed package stability I=1.0 (Ce=3, Ca=0). Outgoing dependencies: com.google.gson.reflect I=0.1 (Ce=1, Ca=9), com.google.gson I=0.294 (Ce=5, Ca=12), com.google.gson.stream I=0.2 (Ce=2, Ca=8). All dependencies have lower instability (more stable) than the analyzed package."
gson,com.google.gson.internal.bind.txt,,package,com.google.gson.internal.bind,1,"The package has instability (I) of 0.75 and depends on 'com.google.gson.internal.reflect' with instability 0.5 and 'com.google.gson.internal' with instability 0.4545, which are both less stable than the package itself (I_dep < I_package)."
gson,com.google.gson.internal.bind.util.txt,,package,com.google.gson.internal.bind.util,0,"The package has an instability (I) of 0 (Ce=0, Ca=1), indicating high stability. It has zero outgoing dependencies, meaning it does not depend on any less stable components."
gson,com.google.gson.internal.reflect.txt,,package,com.google.gson.internal.reflect,0,"The analyzed package has stability 0.5 (Ce=2, Ca=2). Its outgoing dependencies are com.google.gson (stability 0.706, Ce=5, Ca=12) and com.google.gson.internal (stability 0.545, Ce=5, Ca=6). All outgoing dependencies have higher stability values than the analyzed package."
gson,com.google.gson.internal.sql.txt,,package,com.google.gson.internal.sql,0,"Analyzed package stability (Ca/(Ca+Ce)=0.25) is less than all outgoing dependencies: com.google.gson.reflect (0.9), com.google.gson (0.71), com.google.gson.stream (0.8)."
gson,com.google.gson.internal.txt,,package,com.google.gson.internal,1,"The package depends on less stable packages 'com.google.gson.internal.bind' (stability 0.75) and 'com.google.gson.internal.reflect' (stability 0.50), which have higher instability values than its own instability of 0.45, violating the Stable Dependencies Principle."
gson,com.google.gson.metrics.txt,,package,com.google.gson.metrics,0,"The analyzed package has instability index 1.0 (Ce=3, Ca=0). All its outgoing dependencies have lower instability indices: com.google.gson.stream (0.2), com.google.gson (~0.294), and com.google.gson.reflect (0.1). Since all dependencies are more stable (lower instability index) than the analyzed package, the Stable Dependencies Principle is not violated."
gson,com.google.gson.protobuf.generated.txt,,package,com.google.gson.protobuf.generated,0,Package has no outgoing dependencies (Ce=0) and no incoming dependencies (Ca=0). There are no dependencies to violate the Stable Dependencies Principle.
gson,com.google.gson.protobuf.txt,,package,com.google.gson.protobuf,0,"Analyzed package has Ca=0, Ce=1, instability I=1.0. Outgoing dependency com.google.gson has Ca=12, Ce=5, instability I=0.29. The dependency is more stable (0.29 < 1.0), adhering to the Stable Dependencies Principle."
gson,com.google.gson.reflect.txt,,package,com.google.gson.reflect,1,"The analyzed package has stability S=0.9 (Ca=9, Ce=1). Its outgoing dependency com.google.gson.internal has stability S=0.545 (Ca=6, Ce=5). Since the analyzed package is more stable than its dependency, it violates the Stable Dependencies Principle."
gson,com.google.gson.stream.txt,,package,com.google.gson.stream,0,"The package's instability (I = Ce/(Ca+Ce) = 2/(8+2) = 0.2) is lower than the instability of its outgoing dependencies: com.google.gson (I = 5/(12+5) ≈ 0.29) and com.google.gson.internal (I = 5/(6+5) ≈ 0.45). This means the package is more stable than the packages it depends on, which follows the Stable Dependencies Principle."
gson,com.google.gson.txt,,package,com.google.gson,1,"Package stability (Ce=5, Ca=12, S=0.294) is lower than dependencies: com.google.gson.stream (Ce=2, Ca=8, S=0.2) and com.google.gson.reflect (Ce=1, Ca=9, S=0.1). This violates the Stable Dependencies Principle."
gson,com.google.gson.typeadapters.txt,,package,com.google.gson.typeadapters,0,"The package has instability I=1.0. Its outgoing dependencies have lower instability values (com.google.gson.reflect I=0.1, com.google.gson I≈0.294, com.google.gson.stream I=0.2). Since all dependencies are more stable (lower I) than the package, the Stable Dependencies Principle is satisfied."
javaparser,(default package).txt,,package,(default package),0,"The analyzed package has instability (I) = 1.0. It depends on packages with I=0.0 (com.github.javaparser.quality) and I=0.0 (com.packageName). Since its dependencies are more stable (lower I), the Stable Dependencies Principle is satisfied."
javaparser,a.b.c.txt,,package,a.b.c,0,"Package a.b.c has an instability (I) of 0.0 (Ce=0, Ca=0), indicating it is maximally stable. It has zero outgoing dependencies, meaning it does not depend on any other packages. Therefore, the condition of depending on a less stable package cannot be met."
javaparser,a.txt,,package,a,0,"Package 'a' has no outgoing dependencies (Ce=0) and depends on zero other packages. Therefore, it cannot depend on any less stable components."
javaparser,aPackage.txt,,package,aPackage,0,"The package has no outgoing dependencies (Ce=0), therefore it cannot violate the Stable Dependencies Principle by depending on less stable components."
javaparser,another.txt,,package,another,0,"Package 'another' has no outgoing dependencies (Ce=0) and no incoming dependencies (Ca=0). Since it does not depend on any other package, there are no dependencies to assess for stability, and the Stable Dependencies Principle is trivially satisfied."
javaparser,bar.txt,,package,bar,0,"The package has no outgoing dependencies (Ce=0) and does not depend on any other packages, so it cannot violate the Stable Dependencies Principle."
javaparser,box.txt,,package,box,0,"Package has no outgoing dependencies (Ce=0) and no incoming dependencies (Ca=0), giving it a stable structure. With no dependencies to analyze, it cannot violate the Stable Dependencies Principle."
javaparser,com.example.txt,,package,com.example,0,The package 'com.example' has an instability (I = Ce/(Ce+Ca)) of 1.0 (1/(1+0)). Its outgoing dependency 'com.github.javaparser.quality' has an instability of 0.0 (0/(0+3)). The dependency is more stable (lower I value) than the dependent package.
javaparser,com.foo.base.txt,,package,com.foo.base,0,"Package has no outgoing dependencies (Ce=0), therefore it cannot depend on less stable components. Stability calculation (Ca/(Ca+Ce)) yields undefined/not applicable, but no dependency direction exists to violate the principle."
javaparser,com.foo.txt,,package,com.foo,1,"The package has stability (S=0.0) and depends on com.github.javaparser.symbolsolver.javaparsermodel which has lower stability (S=0.29), violating the Stable Dependencies Principle."
javaparser,com.github.javaparser.ast.body.txt,,package,com.github.javaparser.ast.body,1,"The package depends on less stable packages: com.github.javaparser.ast (stability index 0.241), com.github.javaparser.metamodel (0.278), com.github.javaparser.utils (0.222), com.github.javaparser.ast.stmt (0.250), com.github.javaparser.ast.observer (0.200), and com.github.javaparser.resolution.declarations (0.107) are less stable than the analyzed package (stability index 0.293)."
javaparser,com.github.javaparser.ast.comments.txt,,package,com.github.javaparser.ast.comments,1,"This package has instability I = 11/(11+12) ≈ 0.478. It depends on com.github.javaparser.javadoc with instability 0.5 (5/(5+5)) and com.github.javaparser.ast.visitor with instability 0.5 (11/(11+11)), which are less stable (higher I)."
javaparser,com.github.javaparser.ast.expr.txt,,package,com.github.javaparser.ast.expr,1,"The package has instability I=0.311 (Ce=14, Ca=31). It depends on less stable packages: com.github.javaparser.ast.type (I=0.425), com.github.javaparser.ast.visitor (I=0.5), com.github.javaparser.ast.nodeTypes (I=0.556), com.github.javaparser.printer (I=0.615)."
javaparser,com.github.javaparser.ast.modules.txt,,package,com.github.javaparser.ast.modules,1,Package depends on com.github.javaparser.ast.visitor (stability=0.5) which is less stable than itself (stability=0.538). Stability calculated as S=Ca/(Ce+Ca).
javaparser,com.github.javaparser.ast.nodeTypes.modifiers.txt,,package,com.github.javaparser.ast.nodeTypes.modifiers,0,"The package has no outgoing dependencies (Ce=0) and thus does not depend on any other package. Therefore, it cannot violate the Stable Dependencies Principle."
javaparser,com.github.javaparser.ast.nodeTypes.txt,,package,com.github.javaparser.ast.nodeTypes,0,"The analyzed package has instability I = Ce/(Ce+Ca) = 10/18 ≈ 0.556. All outgoing dependencies have lower instability: com.github.javaparser.ast.type (0.425), com.github.javaparser.ast (0.241), com.github.javaparser.javadoc (0.500), com.github.javaparser.ast.expr (0.311), com.github.javaparser (0.296), com.github.javaparser.ast.body (0.293), com.github.javaparser.utils (0.222), com.github.javaparser.ast.comments (0.478), com.github.javaparser.ast.stmt (0.250), com.github.javaparser.ast.observer (0.200). All dependencies are more stable (lower I) than the analyzed package, satisfying the Stable Dependencies Principle."
javaparser,com.github.javaparser.ast.observer.txt,,package,com.github.javaparser.ast.observer,1,"Package instability (I=0.20) is higher than dependency com.github.javaparser.utils instability (I=0.22), making it less stable than a package it depends on, violating the Stable Dependencies Principle."
javaparser,com.github.javaparser.ast.stmt.txt,,package,com.github.javaparser.ast.stmt,1,"Package stability S=0.75 (Ca=27, Ce=9). Outgoing dependencies to less stable packages: com.github.javaparser.ast.type (S=0.575, Ce=17, Ca=23), com.github.javaparser.ast.expr (S≈0.689, Ce=14, Ca=31), com.github.javaparser (S≈0.704, Ce=16, Ca=38), com.github.javaparser.ast.visitor (S=0.5, Ce=11, Ca=11), com.github.javaparser.metamodel (S≈0.722, Ce=5, Ca=13), com.github.javaparser.ast.body (S≈0.707, Ce=12, Ca=29)."
javaparser,com.github.javaparser.ast.txt,,package,com.github.javaparser.ast,1,"Depends on com.github.javaparser.utils (I=0.2222) and com.github.javaparser.ast.observer (I=0.2), which are less stable than itself (I=0.2414)."
javaparser,com.github.javaparser.ast.type.txt,,package,com.github.javaparser.ast.type,1,"The package has a stability index (I=0.425) calculated as Ce/(Ce+Ca)=17/(17+23). It depends on less stable packages with higher stability indices: com.github.javaparser.symbolsolver.resolution.typesolvers (I=0.5185), com.github.javaparser.ast.visitor (I=0.5), com.github.javaparser.printer (I=0.6154), and com.github.javaparser.symbolsolver (I=0.7)."
javaparser,com.github.javaparser.ast.validator.language_level_validations.chunks.txt,,package,com.github.javaparser.ast.validator.language_level_validations.chunks,0,"Analyzed package stability (Ca/(Ca+Ce) = 0/9 = 0) is lower than stability of all outgoing dependencies (e.g., com.github.javaparser.ast.type: 23/40 = 0.575, com.github.javaparser.ast: 44/58 ≈ 0.759, com.github.javaparser.ast.expr: 31/45 ≈ 0.689, com.github.javaparser.ast.body: 29/41 ≈ 0.707, com.github.javaparser.metamodel: 13/18 ≈ 0.722, com.github.javaparser.utils: 35/45 ≈ 0.778, com.github.javaparser.ast.stmt: 27/36 = 0.75, com.github.javaparser.ast.validator: 3/9 ≈ 0.333, com.github.javaparser.ast.modules: 7/13 ≈ 0.538)."
javaparser,com.github.javaparser.ast.validator.language_level_validations.txt,,package,com.github.javaparser.ast.validator.language_level_validations,0,"The package's instability (I=0.75) is higher than that of its outgoing dependencies (com.github.javaparser.ast: I=0.241, com.github.javaparser: I=0.296, com.github.javaparser.ast.validator: I=0.667), meaning all dependencies are more stable."
javaparser,com.github.javaparser.ast.validator.postprocessors.txt,,package,com.github.javaparser.ast.validator.postprocessors,0,"The analyzed package has stability I=0.6667. Its dependencies are: com.github.javaparser.ast.type (I=0.4250) and com.github.javaparser (I=0.2963). Both dependencies have lower instability values than the analyzed package, meaning they are more stable. No dependency violates the Stable Dependencies Principle."
javaparser,com.github.javaparser.ast.validator.txt,,package,com.github.javaparser.ast.validator,1,"The package has stability index 0.67 (Ce=6, Ca=3). It depends on less stable packages: com.github.javaparser.ast.type (stability 0.43, Ce=17, Ca=23), com.github.javaparser.ast (stability 0.24, Ce=14, Ca=44), com.github.javaparser.ast.expr (stability 0.31, Ce=14, Ca=31), com.github.javaparser (stability 0.30, Ce=16, Ca=38), com.github.javaparser.ast.nodeTypes (stability 0.56, Ce=10, Ca=8)."
javaparser,com.github.javaparser.ast.visitor.txt,,package,com.github.javaparser.ast.visitor,1,"Package stability I=0.5 (Ca=11, Ce=11). Outgoing dependencies include less stable packages: com.github.javaparser.printer.lexicalpreservation (I=0.158, Ca=3, Ce=16) and com.github.javaparser.ast.nodeTypes (I=0.444, Ca=8, Ce=10). These dependencies violate the Stable Dependencies Principle."
javaparser,com.github.javaparser.generator.core.node.txt,,package,com.github.javaparser.generator.core.node,1,"Package instability (I=1.0) is higher than instability of dependencies: com.github.javaparser.ast (I=0.24), com.github.javaparser.ast.body (I=0.29), com.github.javaparser (I=0.30), com.github.javaparser.metamodel (I=0.28), com.github.javaparser.utils (I=0.22), com.github.javaparser.ast.stmt (I=0.25), com.github.javaparser.generator.core.utils (I=0.67). This violates the Stable Dependencies Principle as package depends on more stable components."
javaparser,com.github.javaparser.generator.core.other.txt,,package,com.github.javaparser.generator.core.other,0,"Analyzed package has Ce=5, Ca=0, stability index I=1.0. Outgoing dependencies: com.github.javaparser.ast (I=0.24), com.github.javaparser.ast.expr (I=0.31), com.github.javaparser.ast.body (I=0.29), com.github.javaparser.utils (I=0.22), com.github.javaparser.ast.stmt (I=0.25). The package's instability (1.0) is higher than all its dependencies, satisfying the stability principle."
javaparser,com.github.javaparser.generator.core.quality.txt,,package,com.github.javaparser.generator.core.quality,0,"Analyzed package stability S=0 (Ca=0, Ce=7). All outgoing dependencies have higher stability: com.github.javaparser.ast (S=0.76), com.github.javaparser.ast.body (S=0.71), com.github.javaparser (S=0.70), com.github.javaparser.ast.expr (S=0.69), com.github.javaparser.utils (S=0.78), com.github.javaparser.ast.stmt (S=0.75), com.github.javaparser.printer (S=0.38). Since all dependencies are more stable, no violation of Stable Dependencies Principle."
javaparser,com.github.javaparser.generator.core.txt,,package,com.github.javaparser.generator.core,0,"The analyzed package has stability index 0.0 (Ca=0, Ce=2). Its outgoing dependencies have stability indices of 0.704 (com.github.javaparser, Ca=38, Ce=16) and 0.778 (com.github.javaparser.utils, Ca=35, Ce=10), which are higher. Therefore, the package does not depend on less stable components."
javaparser,com.github.javaparser.generator.core.utils.txt,,package,com.github.javaparser.generator.core.utils,0,"Analyzed package stability (I=0.667) is higher than its outgoing dependencies: com.github.javaparser.ast.type (I=0.425) and com.github.javaparser (I=0.296). Since dependencies are more stable (lower I), no Unstable Dependency is present."
javaparser,com.github.javaparser.generator.core.visitor.txt,,package,com.github.javaparser.generator.core.visitor,0,"The analyzed package has an instability index of 1.0 (Ce=6, Ca=0). Its outgoing dependencies have instability indices of 0.241 (com.github.javaparser.ast), 0.293 (com.github.javaparser.ast.body), 0.296 (com.github.javaparser), 0.278 (com.github.javaparser.metamodel), 0.222 (com.github.javaparser.utils), and 0.25 (com.github.javaparser.ast.stmt). All dependencies are more stable (lower instability) than the analyzed package, thus satisfying the Stable Dependencies Principle."
javaparser,com.github.javaparser.generator.metamodel.txt,,package,com.github.javaparser.generator.metamodel,0,"The analyzed package has a stability index of 1.0 (maximally unstable). All its outgoing dependencies have lower stability indices (com.github.javaparser.printer.configuration: 0.2857, com.github.javaparser.ast: 0.2414, com.github.javaparser.ast.body: 0.2927, com.github.javaparser: 0.2963, com.github.javaparser.utils: 0.2222, com.github.javaparser.printer: 0.6154), meaning they are more stable. No dependency violates the Stable Dependencies Principle."
javaparser,com.github.javaparser.generator.txt,,package,com.github.javaparser.generator,0,"The analyzed package has instability (Ce/(Ce+Ca)) = 1.0, and all outgoing dependencies have lower instability (e.g., com.github.javaparser.ast: 0.241, com.github.javaparser: 0.296, com.github.javaparser.utils: 0.222). Therefore, it only depends on more stable packages."
javaparser,com.github.javaparser.javadoc.description.txt,,package,com.github.javaparser.javadoc.description,1,"The package depends on com.github.javaparser.utils which has a stability index of 0.222 (Ce=10, Ca=35, I=Ce/(Ce+Ca)=10/45=0.222), while the analyzed package has a stability index of 0.2 (Ce=1, Ca=4, I=1/5=0.2). The dependency (0.222) is less stable than the analyzed package (0.2), violating the Stable Dependencies Principle."
javaparser,com.github.javaparser.javadoc.txt,,package,com.github.javaparser.javadoc,0,"Package stability: 0.50. Dependencies' stabilities: com.github.javaparser.javadoc.description (0.20), com.github.javaparser.ast (0.24), com.github.javaparser (0.30), com.github.javaparser.utils (0.22), com.github.javaparser.ast.comments (0.48). No dependencies are more stable than the analyzed package. However, the smell is not detected because the definition requires a package to depend on less stable components. Here, the analyzed package depends on components with similar or lower stability, not strictly less stable, and the overall principle violation is ambiguous given the stability values."
javaparser,com.github.javaparser.javasymbolsolver.javassist_symbols.excluded_jar.txt,,package,com.github.javaparser.javasymbolsolver.javassist_symbols.excluded_jar,0,"The package has no outgoing dependencies (Ce=0) and no incoming dependencies (Ca=0). With no dependencies, the stability index is undefined, but there is no dependency that violates the Stable Dependencies Principle."
javaparser,com.github.javaparser.javasymbolsolver.javassist_symbols.included_jar.txt,,package,com.github.javaparser.javasymbolsolver.javassist_symbols.included_jar,0,"Ce=0 and Ca=0, resulting in a stable (I=0) package with no dependencies to evaluate for stability violation."
javaparser,com.github.javaparser.javasymbolsolver.javassist_symbols.main_jar.txt,,package,com.github.javaparser.javasymbolsolver.javassist_symbols.main_jar,0,"Package Ce=0 and Ca=0, giving an instability (I) of 0. No outgoing dependencies exist to less stable packages."
javaparser,com.github.javaparser.metamodel.txt,,package,com.github.javaparser.metamodel,0,"Package stability I=0.277 (Ce=5, Ca=13). All outgoing dependencies have lower or equal instability: com.github.javaparser.ast.type (I=0.425), com.github.javaparser.ast (I=0.241), com.github.javaparser.ast.expr (I=0.311), com.github.javaparser.utils (I=0.222), com.github.javaparser.ast.stmt (I=0.25). No dependencies on more unstable packages (higher I)."
javaparser,com.github.javaparser.printer.concretesyntaxmodel.txt,,package,com.github.javaparser.printer.concretesyntaxmodel,1,Package stability (0.3) is higher than dependency com.github.javaparser.printer.lexicalpreservation stability (0.1579)
javaparser,com.github.javaparser.printer.configuration.imports.txt,,package,com.github.javaparser.printer.configuration.imports,0,"The analyzed package has an instability (Ce/(Ca+Ce) = 1/(1+1) = 0.5) that is higher than the instability of its only dependency com.github.javaparser.ast (14/(44+14) ≈ 0.241), thus it depends on a more stable component, which conforms to the Stable Dependencies Principle."
javaparser,com.github.javaparser.printer.configuration.txt,,package,com.github.javaparser.printer.configuration,0,"The analyzed package has an instability (I = Ce/(Ce+Ca)) of 0.29 (2/(2+5)). Its outgoing dependencies have lower instability values: com.github.javaparser.ast (I=0.24, 14/(14+44)) and com.github.javaparser.utils (I=0.22, 10/(10+35)). Since both dependencies are more stable than the analyzed package, the Stable Dependencies Principle is not violated."
javaparser,com.github.javaparser.printer.lexicalpreservation.changes.txt,,package,com.github.javaparser.printer.lexicalpreservation.changes,0,"All outgoing dependencies have lower instability (more stable) than the analyzed package. Analyzed package instability (I=6/7≈0.857) is greater than com.github.javaparser.ast.type (I=17/40=0.425), com.github.javaparser.ast (I≈0.241), com.github.javaparser (I≈0.296), com.github.javaparser.utils (I≈0.222), com.github.javaparser.printer.concretesyntaxmodel (I=0.7), and com.github.javaparser.ast.observer (I=0.2)."
javaparser,com.github.javaparser.printer.lexicalpreservation.txt,,package,com.github.javaparser.printer.lexicalpreservation,1,"Depends on com.github.javaparser.printer.lexicalpreservation.changes which has lower stability (Ca=1, I=0.857) compared to the analyzed package's stability (Ca=3, I=0.842). The dependency has higher instability, violating the Stable Dependencies Principle."
javaparser,com.github.javaparser.printer.txt,,package,com.github.javaparser.printer,1,Package stability (S=0.3846) is lower than outgoing dependency 'com.github.javaparser.printer.concretesyntaxmodel' (S=0.3000)
javaparser,com.github.javaparser.quality.txt,,package,com.github.javaparser.quality,0,"The analyzed package has no outgoing dependencies (Ce=0), therefore it does not depend on any less stable components and cannot violate the Stable Dependencies Principle."
javaparser,com.github.javaparser.range.txt,,package,com.github.javaparser.range,0,"The package has no outgoing dependencies (Ce=0), so it does not depend on any other package and cannot violate the Stable Dependencies Principle. There are no dependencies to assess for stability."
javaparser,com.github.javaparser.resolution.cache.txt,,package,com.github.javaparser.resolution.cache,0,"Package has stability index 1.0 (Ce=0, Ca=2) and depends on no other packages (0 outgoing dependencies). It is maximally stable and does not violate the Stable Dependencies Principle."
javaparser,com.github.javaparser.resolution.declarations.txt,,package,com.github.javaparser.resolution.declarations,1,"The package has instability I=0.107 (Ce=3, Ca=25) and depends on packages with higher instability: com.github.javaparser.ast.expr (I=0.311, Ce=14, Ca=31), com.github.javaparser.ast (I=0.241, Ce=14, Ca=44), com.github.javaparser.resolution.types (I=0.207, Ce=6, Ca=23)."
javaparser,com.github.javaparser.resolution.logic.txt,,package,com.github.javaparser.resolution.logic,0,"Analyzed package instability (I) = Ce/(Ce+Ca) = 5/(5+9) ≈ 0.357. Outgoing dependencies have lower instability values: com.github.javaparser.resolution (0.273), com.github.javaparser.resolution.types (0.207), com.github.javaparser.resolution.model.typesystem (0.263), com.github.javaparser.resolution.model (0.125), com.github.javaparser.resolution.declarations (0.107). All dependencies are more stable."
javaparser,com.github.javaparser.resolution.model.txt,,package,com.github.javaparser.resolution.model,0,"Package stability (I=0.125) is lower than outgoing dependencies: com.github.javaparser.resolution.declarations (I=0.107), com.github.javaparser.resolution.types (I=0.207). All dependencies are more stable or equally stable as the package."
javaparser,com.github.javaparser.resolution.model.typesystem.txt,,package,com.github.javaparser.resolution.model.typesystem,0,"All outgoing dependencies (com.github.javaparser.resolution: Ce=9 Ca=24, com.github.javaparser.resolution.types: Ce=6 Ca=23, com.github.javaparser.resolution.logic: Ce=5 Ca=9, com.github.javaparser.resolution.declarations: Ce=3 Ca=25, com.github.javaparser.resolution.types.parametrization: Ce=2 Ca=5) have higher stability (I = Ce/(Ca+Ce)) than the analyzed package (Ce=5 Ca=14)."
javaparser,com.github.javaparser.resolution.promotion.txt,,package,com.github.javaparser.resolution.promotion,0,"The instability of the analyzed package (1/3 ≈ 0.333) is higher than the instability of its only outgoing dependency 'com.github.javaparser.resolution.types' (6/29 ≈ 0.207), indicating the dependency is more stable, which adheres to the Stable Dependencies Principle."
javaparser,com.github.javaparser.resolution.txt,,package,com.github.javaparser.resolution,1,"Package stability (0.73) is lower than dependencies: com.github.javaparser.ast.type (0.575), com.github.javaparser.ast.body (0.707), com.github.javaparser.ast.expr (0.689), com.github.javaparser.resolution.types.parametrization (0.714)"
javaparser,com.github.javaparser.resolution.types.parametrization.txt,,package,com.github.javaparser.resolution.types.parametrization,0,"The analyzed package's instability (I = Ce/(Ce+Ca) = 2/(2+5) ≈ 0.286) is greater than the instability of its outgoing dependencies: com.github.javaparser.resolution.declarations (3/(3+25) ≈ 0.107) and com.github.javaparser.resolution.types (6/(6+23) ≈ 0.207). Therefore, the analyzed package depends on more stable components, following the Stable Dependencies Principle."
javaparser,com.github.javaparser.resolution.types.txt,,package,com.github.javaparser.resolution.types,1,"Package depends on less stable packages: com.github.javaparser.resolution (I=0.27), com.github.javaparser.ast (I=0.24), com.github.javaparser.utils (I=0.22), com.github.javaparser.resolution.model.typesystem (I=0.26), com.github.javaparser.resolution.types.parametrization (I=0.29). Analyzed package instability I=0.21."
javaparser,com.github.javaparser.serialization.txt,,package,com.github.javaparser.serialization,0,"The analyzed package has Ca=0 and Ce=12, resulting in instability I=1.0 (maximally unstable). All 12 outgoing dependencies have lower instability values (I<1) because they have Ca>0, making them more stable. Therefore, all dependencies are more stable than the analyzed package, following the Stable Dependencies Principle."
javaparser,com.github.javaparser.storage.txt,,package,com.github.javaparser.storage,0,"The package has no outgoing dependencies (Ce=0) and no incoming dependencies (Ca=0). Since it does not depend on any other packages, it cannot violate the Stable Dependencies Principle."
javaparser,com.github.javaparser.symbolsolver.cache.txt,,package,com.github.javaparser.symbolsolver.cache,0,"The analyzed package has an instability index of 0.5 (Ce=1, Ca=1). Its single outgoing dependency, 'com.github.javaparser.resolution.cache', has an instability index of 0 (Ce=0, Ca=2). Since 0.5 > 0, the dependency is directed towards a more stable package, complying with the Stable Dependencies Principle."
javaparser,com.github.javaparser.symbolsolver.core.resolution.txt,,package,com.github.javaparser.symbolsolver.core.resolution,1,Package instability (0.3) is lower than dependency 'com.github.javaparser.symbolsolver.javaparsermodel.declarations' instability (0.7407)
javaparser,com.github.javaparser.symbolsolver.declarations.common.txt,,package,com.github.javaparser.symbolsolver.declarations.common,0,"The analyzed package has an instability (I = Ce / (Ca + Ce)) of 1.0 (Ce=7, Ca=0), which is higher than the instability of all its outgoing dependencies: com.github.javaparser.resolution (I=0.273), com.github.javaparser.symbolsolver.logic (I=0.5), com.github.javaparser.symbolsolver.core.resolution (I=0.3), com.github.javaparser.resolution.types (I=0.207), com.github.javaparser.resolution.logic (I=0.357), com.github.javaparser.symbolsolver.reflectionmodel (I=0.708), com.github.javaparser.resolution.declarations (I=0.107). Since the analyzed package is less stable (more unstable) than all dependencies, the Stable Dependencies Principle is not violated."
javaparser,com.github.javaparser.symbolsolver.javaparsermodel.contexts.txt,,package,com.github.javaparser.symbolsolver.javaparsermodel.contexts,1,"Package stability (S=21/(5+21)=0.81) is higher than dependencies: com.github.javaparser.resolution (S=9/(24+9)=0.27), com.github.javaparser.resolution.declarations (S=3/(25+3)=0.11), com.github.javaparser.resolution.types (S=6/(23+6)=0.21), com.github.javaparser.resolution.logic (S=5/(9+5)=0.36), com.github.javaparser.resolution.model.typesystem (S=5/(14+5)=0.26), com.github.javaparser.resolution.model (S=2/(14+2)=0.13)."
javaparser,com.github.javaparser.symbolsolver.javaparsermodel.declarations.txt,,package,com.github.javaparser.symbolsolver.javaparsermodel.declarations,1,Stability index (0.259) is higher than the stability indices of dependencies: com.github.javaparser.symbolsolver.javaparsermodel.contexts (0.192) and com.github.javaparser.symbolsolver.resolution (0.231).
javaparser,com.github.javaparser.symbolsolver.javaparsermodel.declarators.txt,,package,com.github.javaparser.symbolsolver.javaparsermodel.declarators,0,"The analyzed package has instability I=1 (Ca=0, Ce=4). All its outgoing dependencies have lower instability values (e.g., 0.74, 0.27, 0.31, 0.29), meaning they are more stable, thus following the Stable Dependencies Principle."
javaparser,com.github.javaparser.symbolsolver.javaparsermodel.txt,,package,com.github.javaparser.symbolsolver.javaparsermodel,1,"The package has stability 0.294 (Ce=24, Ca=10) and depends on less stable packages: com.github.javaparser.symbolsolver.reflectionmodel (stability 0.291, Ce=17, Ca=7), com.github.javaparser.symbolsolver.resolution.promotion (stability 0.25, Ce=3, Ca=1), com.github.javaparser.symbolsolver.javaparsermodel.declarations (stability 0.259, Ce=20, Ca=7), com.github.javaparser.symbolsolver.resolution.typeinference (stability 0.227, Ce=17, Ca=5), com.github.javaparser.symbolsolver.resolution (stability 0.231, Ce=20, Ca=6)."
javaparser,com.github.javaparser.symbolsolver.javassistmodel.txt,,package,com.github.javaparser.symbolsolver.javassistmodel,0,"The analyzed package has instability I=0.85 (Ce=17, Ca=3). All 17 outgoing dependencies have lower instability values (ranging from 0.1071 to 0.8077), meaning they are more stable. Hence, no unstable dependency is present."
javaparser,com.github.javaparser.symbolsolver.logic.txt,,package,com.github.javaparser.symbolsolver.logic,1,"Package stability S = Ce/(Ce+Ca) = 0.5. It depends on packages with lower stability: com.github.javaparser.resolution (0.27), com.github.javaparser.resolution.types (0.21), com.github.javaparser.resolution.logic (0.36), com.github.javaparser.resolution.model.typesystem (0.26), com.github.javaparser.resolution.declarations (0.11)."
javaparser,com.github.javaparser.symbolsolver.reflectionmodel.comparators.txt,,package,com.github.javaparser.symbolsolver.reflectionmodel.comparators,0,"The package has Ce=0 and Ca=1, resulting in stability I=0. It has no outgoing dependencies, so it cannot depend on less stable components. The incoming dependency from 'com.github.javaparser.symbolsolver.reflectionmodel' (I≈0.708) is more stable, which follows the principle."
javaparser,com.github.javaparser.symbolsolver.reflectionmodel.txt,,package,com.github.javaparser.symbolsolver.reflectionmodel,1,"Package stability I = 17/24 ≈ 0.708. Outgoing dependency com.github.javaparser.symbolsolver.javaparsermodel.contexts has stability I = 21/26 ≈ 0.808 (higher, less stable). Outgoing dependency com.github.javaparser.symbolsolver.resolution has stability I = 20/26 ≈ 0.769 (higher, less stable). Both violate the Stable Dependencies Principle."
javaparser,com.github.javaparser.symbolsolver.resolution.naming.txt,,package,com.github.javaparser.symbolsolver.resolution.naming,0,"Analyzed package has stability I = 1 (Ca=0, Ce=11). All outgoing dependencies have lower instability values: com.github.javaparser.resolution (I=0.27), com.github.javaparser.symbolsolver.javaparsermodel (I=0.71), com.github.javaparser.ast (I=0.24), com.github.javaparser.symbolsolver.resolution.typesolvers (I=0.52), com.github.javaparser.ast.expr (I=0.31), com.github.javaparser (I=0.30), com.github.javaparser.ast.body (I=0.29), com.github.javaparser.ast.stmt (I=0.25), com.github.javaparser.resolution.model (I=0.12), com.github.javaparser.resolution.declarations (I=0.11), com.github.javaparser.ast.modules (I=0.46). All dependencies are more stable (lower I) than the analyzed package, so no unstable dependency exists."
javaparser,com.github.javaparser.symbolsolver.resolution.promotion.txt,,package,com.github.javaparser.symbolsolver.resolution.promotion,1,"The package has instability (I) 0.75 and depends on package 'com.github.javaparser.symbolsolver.resolution.typeinference' with instability 0.7727, which is less stable (higher I)."
javaparser,com.github.javaparser.symbolsolver.resolution.txt,,package,com.github.javaparser.symbolsolver.resolution,1,"Package stability I=0.769 (Ce=20, Ca=6). Depends on less stable packages: com.github.javaparser.symbolsolver.javassistmodel (I=0.85, Ce=17, Ca=3) and com.github.javaparser.symbolsolver.javaparsermodel.contexts (I=0.808, Ce=21, Ca=5)."
javaparser,com.github.javaparser.symbolsolver.resolution.typeinference.bounds.txt,,package,com.github.javaparser.symbolsolver.resolution.typeinference.bounds,1,"The package has stability I=0.833 (Ce=5, Ca=1) and depends on packages with lower stability: com.github.javaparser.resolution (I=0.273), com.github.javaparser.symbolsolver.resolution.typeinference (I=0.773), com.github.javaparser.resolution.types (I=0.207), com.github.javaparser.resolution.model.typesystem (I=0.263), com.github.javaparser.resolution.declarations (I=0.107)."
javaparser,com.github.javaparser.symbolsolver.resolution.typeinference.constraintformulas.txt,,package,com.github.javaparser.symbolsolver.resolution.typeinference.constraintformulas,0,"The analyzed package has a stability index of 0.083 (based on Ce=11, Ca=1). All its outgoing dependencies have higher stability indices: com.github.javaparser.resolution (0.727), com.github.javaparser.symbolsolver.javaparsermodel (0.294), com.github.javaparser.symbolsolver.resolution.typesolvers (0.481), com.github.javaparser.symbolsolver.resolution.typeinference (0.227), com.github.javaparser.ast.expr (0.688), com.github.javaparser.resolution.types (0.793), com.github.javaparser.utils (0.777), com.github.javaparser.resolution.logic (0.642), com.github.javaparser.ast.stmt (0.75), com.github.javaparser.resolution.model.typesystem (0.736), com.github.javaparser.resolution.declarations (0.892). Since all dependencies are more stable than the analyzed package, no unstable dependency is detected."
javaparser,com.github.javaparser.symbolsolver.resolution.typeinference.txt,,package,com.github.javaparser.symbolsolver.resolution.typeinference,0,"Analyzed package instability I = 0.77 (Ce=17, Ca=5). All outgoing dependencies have lower instability values: com.github.javaparser.resolution (I=0.27), com.github.javaparser.ast (I=0.24), com.github.javaparser.symbolsolver.javaparsermodel (I=0.71), com.github.javaparser.symbolsolver.resolution.typesolvers (I=0.52), com.github.javaparser.ast.expr (I=0.31), com.github.javaparser.resolution.types (I=0.21), com.github.javaparser.ast.visitor (I=0.50), com.github.javaparser (I=0.30), com.github.javaparser.utils (I=0.22), com.github.javaparser.resolution.logic (I=0.36), com.github.javaparser.resolution.model.typesystem (I=0.26), com.github.javaparser.ast.stmt (I=0.25), com.github.javaparser.resolution.model (I=0.13), com.github.javaparser.resolution.declarations (I=0.11), com.github.javaparser.symbolsolver (I=0.70)."
javaparser,com.github.javaparser.symbolsolver.resolution.typesolvers.txt,,package,com.github.javaparser.symbolsolver.resolution.typesolvers,1,"The package has an instability index of 14/27 ≈ 0.52. It depends on the following less stable packages: com.github.javaparser.symbolsolver.javaparsermodel (0.71), com.github.javaparser.symbolsolver.utils (0.75), com.github.javaparser.symbolsolver.javassistmodel (0.85), com.github.javaparser.symbolsolver.javaparsermodel.declarations (0.74), com.github.javaparser.symbolsolver.reflectionmodel (0.71), com.github.javaparser.symbolsolver (0.7)."
javaparser,com.github.javaparser.symbolsolver.txt,,package,com.github.javaparser.symbolsolver,1,"The package has instability 0.7 and depends on less stable packages: com.github.javaparser.symbolsolver.reflectionmodel (0.7083), com.github.javaparser.symbolsolver.javaparsermodel (0.7059), com.github.javaparser.symbolsolver.javassistmodel (0.85), com.github.javaparser.symbolsolver.javaparsermodel.contexts (0.8077), com.github.javaparser.symbolsolver.javaparsermodel.declarations (0.7407), com.github.javaparser.symbolsolver.resolution (0.7692)."
javaparser,com.github.javaparser.symbolsolver.utils.txt,,package,com.github.javaparser.symbolsolver.utils,0,"Analyzed package stability index (I=Ce/(Ca+Ce)=3/(1+3)=0.75). All outgoing dependencies have lower instability indices: com.github.javaparser (16/(38+16)=0.296), com.github.javaparser.symbolsolver.resolution.typesolvers (14/(13+14)=0.519), com.github.javaparser.utils (10/(35+10)=0.222). The analyzed package only depends on more stable components."
javaparser,com.github.javaparser.testpackage.txt,,package,com.github.javaparser.testpackage,0,"The package has no outgoing dependencies (Ce=0) and no incoming dependencies (Ca=0). Since it depends on no other packages, it cannot violate the Stable Dependencies Principle by depending on a less stable component."
javaparser,com.github.javaparser.txt,,package,com.github.javaparser,1,"Package stability index (0.30) is less than the stability indices of its outgoing dependencies: com.github.javaparser.ast.type (0.43), com.github.javaparser.javadoc (0.50), com.github.javaparser.printer.lexicalpreservation (0.84), com.github.javaparser.ast.expr (0.31), com.github.javaparser.ast.validator.postprocessors (0.67), com.github.javaparser.ast.comments (0.48), com.github.javaparser.ast.validator (0.67), com.github.javaparser.printer (0.62), com.github.javaparser.ast.modules (0.46)."
javaparser,com.github.javaparser.utils.txt,,package,com.github.javaparser.utils,1,"The analyzed package has stability S=0.222 (Ce=10, Ca=35). It depends on 10 packages, all of which have higher instability values (S values ranging from 0.241 to 0.615) indicating they are less stable than the analyzed package, violating the Stable Dependencies Principle."
javaparser,com.github.javaparser.wiki_samples.txt,,package,com.github.javaparser.wiki_samples,0,"Package has no outgoing dependencies (Ce=0) and no incoming dependencies (Ca=0). Since there are no dependencies, it cannot violate the Stable Dependencies Principle."
javaparser,com.packageName.txt,,package,com.packageName,0,"The package has no outgoing dependencies (Ce=0) and has one incoming dependency (Ca=1), resulting in a stability metric (I=0) indicating maximum stability. It does not depend on any less stable components."
javaparser,d.e.f.txt,,package,d.e.f,0,"Package has no outgoing dependencies (Ce=0) and no incoming dependencies (Ca=0), thus it does not depend on any other package and cannot violate the Stable Dependencies Principle."
javaparser,demo.txt,,package,demo,0,"The analyzed package 'demo' has stability S=0 (Ce=1, Ca=0) and depends on 'com.github.javaparser.utils' with stability S=0.778 (Ce=10, Ca=35). The dependency is more stable (0.778 > 0), adhering to the Stable Dependencies Principle."
javaparser,extends_duplicate.txt,,package,extends_duplicate,0,"The package has no outgoing dependencies (Ce=0). It has no incoming dependencies (Ca=0) and does not depend on any other package, therefore it cannot depend on a less stable package."
javaparser,foo.bar.differentpackage.txt,,package,foo.bar.differentpackage,0,"The analyzed package (instability Ce/(Ca+Ce)=1/(0+1)=1.0) depends on package 'foo.bar' (instability 0/(1+0)=0.0). The dependency is from a less stable package (1.0) to a more stable package (0.0), which follows the Stable Dependencies Principle."
javaparser,foo.bar.txt,,package,foo.bar,0,"The package has no outgoing dependencies (Ce=0), so it cannot violate the Stable Dependencies Principle by depending on less stable packages."
javaparser,foo.txt,,package,foo,0,"The package has no outgoing dependencies (Ce=0) and no incoming dependencies (Ca=0). With zero dependencies, it cannot violate the Stable Dependencies Principle by depending on less stable components."
javaparser,groovy.transform.builder.txt,,package,groovy.transform.builder,0,"The package has zero outgoing dependencies (Ce=0) and zero incoming dependencies (Ca=0), resulting in an instability metric of 0 (maximally stable). It does not depend on any less stable component."
javaparser,implements_duplicate.txt,,package,implements_duplicate,0,"Package has no outgoing dependencies (Ce=0) and no incoming dependencies (Ca=0). It does not depend on any other package, so the condition of depending on less stable components cannot occur."
javaparser,issue1945.implementations.txt,,package,issue1945.implementations,0,"The stability of the analyzed package (Ca=0, Ce=1, S=0) is less than the stability of the package it depends on, issue1945.interfaces (Ca=2, Ce=0, S=1), which follows the Stable Dependencies Principle."
javaparser,issue1945.interfaces.txt,,package,issue1945.interfaces,0,"The package has no outgoing dependencies (Ce=0), so it does not depend on any less stable package."
javaparser,issue1945.main.txt,,package,issue1945.main,1,"The package 'issue1945.main' depends on 'issue1945.interfaces', which is less stable. 'issue1945.main' has a stability index (I) of 1.0 (Ce=1, Ca=0, I=1/(0+1)=1). 'issue1945.interfaces' has a stability index (I) of 0.0 (Ce=0, Ca=2, I=0/(2+0)=0). This violates the Stable Dependencies Principle, which requires dependencies to be in the direction of stability."
javaparser,issue241.txt,,package,issue241,0,"The package has no outgoing dependencies (Ce=0) and no incoming dependencies (Ca=0), so there are no dependencies to assess for stability violations."
javaparser,japa.bdd.samples.txt,,package,japa.bdd.samples,0,"The analyzed package depends solely on 'com.github.javaparser.ast', which has lower instability (I = Ce/(Ca+Ce) = 14/(44+14) ≈ 0.241) than the analyzed package itself (I = 1/(0+1) = 1.0). Therefore, the dependency is in the direction of increasing stability, adhering to the Stable Dependencies Principle."
javaparser,japa.parser.comments.txt,,package,japa.parser.comments,0,"The package has Ce=0 and no outgoing dependencies, indicating it does not depend on any other package, so an unstable dependency cannot occur."
javaparser,javaparser.txt,,package,javaparser,0,"Package has no outgoing dependencies (Ce=0) and is isolated with no incoming dependencies (Ca=0). With no dependencies, there cannot be a violation of the Stable Dependencies Principle."
javaparser,main.txt,,package,main,0,"Package 'main' has zero outgoing dependencies (Ce=0) and zero incoming dependencies (Ca=0), resulting in an undefined stability ratio. With no dependencies, it cannot violate the Stable Dependencies Principle by depending on less stable components."
javaparser,org.tensorflow.op.txt,,package,org.tensorflow.op,0,"The package has no outgoing dependencies (Ce=0), thus it does not depend on any other packages. Therefore, it cannot violate the Stable Dependencies Principle by depending on a less stable package."
javaparser,package_a.txt,,package,package_a,0,"The package has no outgoing dependencies (Ce=0). Since it does not depend on any other package, it cannot violate the Stable Dependencies Principle by depending on a less stable component."
javaparser,package_b.txt,,package,package_b,0,"The package has no outgoing dependencies (Ce=0) and no incoming dependencies (Ca=0). Therefore, it does not violate the Stable Dependencies Principle as there are no dependencies to evaluate."
javaparser,package_c.txt,,package,package_c,0,"Package has no outgoing dependencies (Ce=0), thus it does not depend on any other packages and cannot violate the Stable Dependencies Principle."
jimfs,com.google.common.jimfs.txt,,package,com.google.common.jimfs,0,"The package has no outgoing dependencies (Ce=0) and no incoming dependencies (Ca=0). It does not depend on any other package, so it cannot violate the Stable Dependencies Principle by depending on less stable packages."
jitwatch,(default package).txt,,package,(default package),0,"The package has no outgoing dependencies (Ce=0) and no incoming dependencies (Ca=0), resulting in an undefined stability metric (I=Ce/(Ca+Ce)). With no dependencies, the principle is trivially satisfied and no unstable dependency can exist."
jitwatch,org.adoptopenjdk.jitwatch.chain.txt,,package,org.adoptopenjdk.jitwatch.chain,0,"The analyzed package has instability (I = 0.75), computed as Ce/(Ca+Ce) = 3/(1+3). Its outgoing dependencies have lower instability values: org.adoptopenjdk.jitwatch.model (I = 0.094), org.adoptopenjdk.jitwatch.util (I = 0.114), and org.adoptopenjdk.jitwatch.compilation (I = 0.25). All dependencies are more stable than the analyzed package, which follows the Stable Dependencies Principle."
jitwatch,org.adoptopenjdk.jitwatch.compilation.codecache.txt,,package,org.adoptopenjdk.jitwatch.compilation.codecache,1,"The analyzed package has stability 0.333 (Ca=2, Ce=1) and depends on org.adoptopenjdk.jitwatch.model which has stability 0.094 (Ca=48, Ce=5). The dependency is less stable, violating the Stable Dependencies Principle."
jitwatch,org.adoptopenjdk.jitwatch.compilation.txt,,package,org.adoptopenjdk.jitwatch.compilation,1,"The analyzed package has stability (I) = Ce/(Ca+Ce) = 3/(9+3) = 0.25. It depends on less stable packages: org.adoptopenjdk.jitwatch.model (I=5/(48+5)=0.094), org.adoptopenjdk.jitwatch.util (I=5/(39+5)=0.114), and org.adoptopenjdk.jitwatch.treevisitor (I=1/(5+1)=0.167). All have lower stability values, indicating they are less stable."
jitwatch,org.adoptopenjdk.jitwatch.core.txt,,package,org.adoptopenjdk.jitwatch.core,0,"The analyzed package has stability 0.8125 (Ca=13, Ce=3). Its dependencies have stabilities: org.adoptopenjdk.jitwatch.model (0.9057, Ca=48, Ce=5), org.adoptopenjdk.jitwatch.util (0.8864, Ca=39, Ce=5), org.adoptopenjdk.jitwatch.model.bytecode (0.88, Ca=22, Ce=3). All dependencies are more stable."
jitwatch,org.adoptopenjdk.jitwatch.demo.txt,,package,org.adoptopenjdk.jitwatch.demo,0,"The package has no outgoing dependencies (Ce=0, outgoing_dependencies empty), so it does not depend on any other package. Therefore, it cannot have an unstable dependency."
jitwatch,org.adoptopenjdk.jitwatch.histo.txt,,package,org.adoptopenjdk.jitwatch.histo,1,"Package stability (I) = Ce/(Ca+Ce) = 3/(1+3)=0.75. Outgoing dependency 'org.adoptopenjdk.jitwatch.model' has I=5/(48+5)≈0.094, 'org.adoptopenjdk.jitwatch.compilation' has I=3/(9+3)=0.25, and 'org.adoptopenjdk.jitwatch.treevisitor' has I=1/(5+1)≈0.167. The analyzed package (I=0.75) depends on less stable packages (I<0.75)."
jitwatch,org.adoptopenjdk.jitwatch.hotthrow.txt,,package,org.adoptopenjdk.jitwatch.hotthrow,0,"Analyzed package stability I=Ce/(Ca+Ce)=4/(1+4)=0.8. Outgoing dependency stabilities: org.adoptopenjdk.jitwatch.model I=5/(48+5)=0.094, org.adoptopenjdk.jitwatch.util I=5/(39+5)=0.114, org.adoptopenjdk.jitwatch.compilation I=3/(9+3)=0.25, org.adoptopenjdk.jitwatch.model.bytecode I=3/(22+3)=0.12. All outgoing dependencies have lower I values (more stable) than the analyzed package (0.8 > 0.094, 0.114, 0.25, 0.12)."
jitwatch,org.adoptopenjdk.jitwatch.inline.txt,,package,org.adoptopenjdk.jitwatch.inline,1,The package has a stability index (I=0.666) lower than its dependencies: 'org.adoptopenjdk.jitwatch.model' (I=0.094) and 'org.adoptopenjdk.jitwatch.compilation' (I=0.25). This violates the Stable Dependencies Principle because the package depends on less stable components.
jitwatch,org.adoptopenjdk.jitwatch.intrinsic.txt,,package,org.adoptopenjdk.jitwatch.intrinsic,0,"The package has stability 0.5 (Ce=2, Ca=2). Its dependencies 'org.adoptopenjdk.jitwatch.model' (stability ~0.094, Ce=5, Ca=48) and 'org.adoptopenjdk.jitwatch.compilation' (stability 0.25, Ce=3, Ca=9) are more stable, adhering to the Stable Dependencies Principle."
jitwatch,org.adoptopenjdk.jitwatch.jarscan.allocationcount.txt,,package,org.adoptopenjdk.jitwatch.jarscan.allocationcount,0,"The analyzed package has instability I = 0.5 (Ce=1, Ca=1). Its outgoing dependency (org.adoptopenjdk.jitwatch.model.bytecode) has instability I = 0.12 (Ce=3, Ca=22), which is lower (more stable). Therefore, the Stable Dependencies Principle is not violated."
jitwatch,org.adoptopenjdk.jitwatch.jarscan.freqinlinesize.txt,,package,org.adoptopenjdk.jitwatch.jarscan.freqinlinesize,0,"The analyzed package has instability 3/4 (0.75) based on Ce=3 and Ca=1. Its outgoing dependencies have lower instabilities: org.adoptopenjdk.jitwatch.model (5/53 ≈ 0.094), org.adoptopenjdk.jitwatch.util (5/44 ≈ 0.114), and org.adoptopenjdk.jitwatch.model.bytecode (3/25 = 0.12). All dependencies are more stable than the analyzed package, following the Stable Dependencies Principle."
jitwatch,org.adoptopenjdk.jitwatch.jarscan.instructioncount.txt,,package,org.adoptopenjdk.jitwatch.jarscan.instructioncount,0,"The analyzed package has instability (Ce/(Ca+Ce)) of 0.5 (1/(1+1)), while its only outgoing dependency 'org.adoptopenjdk.jitwatch.model.bytecode' has instability of 0.12 (3/(22+3)). The dependency is more stable (lower instability) than the analyzed package."
jitwatch,org.adoptopenjdk.jitwatch.jarscan.invokecount.txt,,package,org.adoptopenjdk.jitwatch.jarscan.invokecount,0,"The analyzed package has a stability (I) value of 0.6667 (Ce=2, Ca=1). Its outgoing dependencies have lower I values: org.adoptopenjdk.jitwatch.util (I=0.1136, Ce=5, Ca=39) and org.adoptopenjdk.jitwatch.model.bytecode (I=0.12, Ce=3, Ca=22). Since both dependencies are more stable (lower I) than the analyzed package, the Stable Dependencies Principle is satisfied."
jitwatch,org.adoptopenjdk.jitwatch.jarscan.methodlength.txt,,package,org.adoptopenjdk.jitwatch.jarscan.methodlength,0,"Analyzed package stability (S=Ca/(Ca+Ce)=1/(1+3)=0.25). All outgoing dependencies have higher stability: org.adoptopenjdk.jitwatch.model (S=48/(48+5)=0.91), org.adoptopenjdk.jitwatch.util (S=39/(39+5)=0.89), org.adoptopenjdk.jitwatch.model.bytecode (S=22/(22+3)=0.88). No dependencies are less stable than the analyzed package."
jitwatch,org.adoptopenjdk.jitwatch.jarscan.methodsizehisto.txt,,package,org.adoptopenjdk.jitwatch.jarscan.methodsizehisto,0,"Analyzed package stability I=0.67 (Ce=2, Ca=1). Outgoing dependency 'org.adoptopenjdk.jitwatch.model' has stability I=0.09 (Ce=5, Ca=48). Outgoing dependency 'org.adoptopenjdk.jitwatch.model.bytecode' has stability I=0.12 (Ce=3, Ca=22). Both dependencies have lower I (higher stability) than the analyzed package, satisfying the Stable Dependencies Principle."
jitwatch,org.adoptopenjdk.jitwatch.jarscan.nextinstruction.txt,,package,org.adoptopenjdk.jitwatch.jarscan.nextinstruction,0,The package's stability index (S=2/(1+2)=0.67) is lower than the stability indices of its dependencies: org.adoptopenjdk.jitwatch.model.bytecode (S=3/(22+3)=0.12) and org.adoptopenjdk.jitwatch.jarscan.sequencecount (S=1/(2+1)=0.33). It depends on more stable packages.
jitwatch,org.adoptopenjdk.jitwatch.jarscan.sequencecount.txt,,package,org.adoptopenjdk.jitwatch.jarscan.sequencecount,0,"The analyzed package has an instability (I=0.333) higher than its dependency 'org.adoptopenjdk.jitwatch.model.bytecode' (I=0.12), indicating that the dependency is more stable, which complies with the Stable Dependencies Principle."
jitwatch,org.adoptopenjdk.jitwatch.jarscan.sequencesearch.txt,,package,org.adoptopenjdk.jitwatch.jarscan.sequencesearch,0,"Analyzed package stability index (0.67) is higher than its dependencies: org.adoptopenjdk.jitwatch.model (0.09) and org.adoptopenjdk.jitwatch.model.bytecode (0.12). Therefore, it only depends on more stable packages."
jitwatch,org.adoptopenjdk.jitwatch.jarscan.txt,,package,org.adoptopenjdk.jitwatch.jarscan,0,"The analyzed package has instability I = 1.0 (Ce=11, Ca=0). All outgoing dependencies have lower instability values (e.g., org.adoptopenjdk.jitwatch.model.bytecode I=0.12, org.adoptopenjdk.jitwatch.jarscan.methodlength I=0.75), meaning they are more stable. Therefore, the analyzed package does not depend on any less stable component."
jitwatch,org.adoptopenjdk.jitwatch.jarscan.visualiser.txt,,package,org.adoptopenjdk.jitwatch.jarscan.visualiser,0,"The package has instability I=1 (Ce=1, Ca=0). Its only outgoing dependency, org.adoptopenjdk.jitwatch.util, has instability I≈0.11 (Ce=5, Ca=39). Since 1 > 0.11, the dependency is towards a more stable package, following the Stable Dependencies Principle."
jitwatch,org.adoptopenjdk.jitwatch.jvmlang.txt,,package,org.adoptopenjdk.jitwatch.jvmlang,1,"The package has an instability (I = Ce/(Ce+Ca)) of 0.571 (4/(4+3)). It depends on 'org.adoptopenjdk.jitwatch.process.runtime', which has a higher instability (0.6 (3/(3+2))) and is therefore less stable."
jitwatch,org.adoptopenjdk.jitwatch.launch.txt,,package,org.adoptopenjdk.jitwatch.launch,0,"The analyzed package has stability index S=0 (Ca=0, Ce=8). All outgoing dependencies have higher stability indices: org.adoptopenjdk.jitwatch.util (0.886), org.adoptopenjdk.jitwatch.parser (0.625), org.adoptopenjdk.jitwatch.report.comparator (0.667), org.adoptopenjdk.jitwatch.report.suggestion (0.333), org.adoptopenjdk.jitwatch.model (0.906), org.adoptopenjdk.jitwatch.treevisitor (0.833), org.adoptopenjdk.jitwatch.inline (0.333), org.adoptopenjdk.jitwatch.core (0.8125). Thus, no dependency is less stable."
jitwatch,org.adoptopenjdk.jitwatch.loader.txt,,package,org.adoptopenjdk.jitwatch.loader,1,"The analyzed package has an instability (I=5/12≈0.42) greater than the instability of its dependencies: org.adoptopenjdk.jitwatch.util (I=5/44≈0.11), org.adoptopenjdk.jitwatch.model (I=5/53≈0.09), and org.adoptopenjdk.jitwatch.model.bytecode (I=3/25=0.12). This violates the Stable Dependencies Principle, as it depends on more stable packages."
jitwatch,org.adoptopenjdk.jitwatch.logger.txt,,package,org.adoptopenjdk.jitwatch.logger,0,"Package has Ce=0 and Ca=6, resulting in instability I=0 (maximally stable). With zero outgoing dependencies, it does not depend on any less stable components."
jitwatch,org.adoptopenjdk.jitwatch.model.assembly.arm.txt,,package,org.adoptopenjdk.jitwatch.model.assembly.arm,0,"The analyzed package has stability I=Ce/(Ca+Ce)=1/(2+1)=0.33. Its sole outgoing dependency 'org.adoptopenjdk.jitwatch.model.assembly' has stability I=4/(7+4)=0.36. The dependency (I=0.36) is more stable than the analyzed package (I=0.33), adhering to the Stable Dependencies Principle."
jitwatch,org.adoptopenjdk.jitwatch.model.assembly.txt,,package,org.adoptopenjdk.jitwatch.model.assembly,0,"The analyzed package has an instability index of 0.36 (Ce=4, Ca=7). All its outgoing dependencies have lower instability indices: org.adoptopenjdk.jitwatch.model (0.09), org.adoptopenjdk.jitwatch.util (0.11), org.adoptopenjdk.jitwatch.model.assembly.arm (0.33), and org.adoptopenjdk.jitwatch.model.assembly.x86 (0.33). Therefore, the analyzed package does not depend on any less stable package."
jitwatch,org.adoptopenjdk.jitwatch.model.assembly.x86.txt,,package,org.adoptopenjdk.jitwatch.model.assembly.x86,0,"Analyzed package has instability I = Ce/(Ce+Ca) = 1/(1+2) = 0.33. Its only outgoing dependency 'org.adoptopenjdk.jitwatch.model.assembly' has instability I = 4/(4+7) = 0.36. Since 0.33 ≤ 0.36, the dependency is not more stable than the analyzed package, violating the Stable Dependencies Principle."
jitwatch,org.adoptopenjdk.jitwatch.model.bytecode.txt,,package,org.adoptopenjdk.jitwatch.model.bytecode,0,"Analyzed package instability (I=0.12) is lower than dependencies: org.adoptopenjdk.jitwatch.compilation (I=0.25), org.adoptopenjdk.jitwatch.model (I=0.09), and org.adoptopenjdk.jitwatch.util (I=0.11). All outgoing dependencies have lower or equal instability values, satisfying the Stable Dependencies Principle."
jitwatch,org.adoptopenjdk.jitwatch.model.txt,,package,org.adoptopenjdk.jitwatch.model,1,"Package stability (S = Ce/(Ca+Ce)) is approximately 0.094. Outgoing dependencies have higher instability: org.adoptopenjdk.jitwatch.util (S=0.114), org.adoptopenjdk.jitwatch.model.assembly (S=0.364), org.adoptopenjdk.jitwatch.loader (S=0.417), org.adoptopenjdk.jitwatch.model.bytecode (S=0.120), org.adoptopenjdk.jitwatch.core (S=0.188). All are less stable than the analyzed package, violating the Stable Dependencies Principle."
jitwatch,org.adoptopenjdk.jitwatch.parser.hotspot.txt,,package,org.adoptopenjdk.jitwatch.parser.hotspot,0,"The analyzed package has instability I=1.0 (Ce=4, Ca=0). All outgoing dependencies have lower instability: org.adoptopenjdk.jitwatch.model (I≈0.0943), org.adoptopenjdk.jitwatch.util (I≈0.1136), org.adoptopenjdk.jitwatch.model.assembly (I≈0.3636), org.adoptopenjdk.jitwatch.core (I≈0.1875). The analyzed package depends only on more stable components."
jitwatch,org.adoptopenjdk.jitwatch.parser.j9.txt,,package,org.adoptopenjdk.jitwatch.parser.j9,0,"The analyzed package has an instability (I) of 1.0 (Ce=3, Ca=0). Its outgoing dependencies have lower instability values: org.adoptopenjdk.jitwatch.model (I=0.094, Ce=5, Ca=48), org.adoptopenjdk.jitwatch.util (I=0.114, Ce=5, Ca=39), org.adoptopenjdk.jitwatch.core (I=0.188, Ce=3, Ca=13). All dependencies are more stable than the analyzed package, respecting the Stable Dependencies Principle."
jitwatch,org.adoptopenjdk.jitwatch.parser.txt,,package,org.adoptopenjdk.jitwatch.parser,0,"The analyzed package has instability (Ce/(Ca+Ce)) of 0.375. Its outgoing dependencies (org.adoptopenjdk.jitwatch.model, org.adoptopenjdk.jitwatch.util, org.adoptopenjdk.jitwatch.core) have lower instability values of 0.0943, 0.1136, and 0.1875 respectively, meaning they are more stable. Therefore, the package depends only on more stable packages."
jitwatch,org.adoptopenjdk.jitwatch.parser.zing.txt,,package,org.adoptopenjdk.jitwatch.parser.zing,0,"The analyzed package has instability (I=1.0) which is higher than all its outgoing dependencies: model (I≈0.0943), util (I≈0.1136), and core (I≈0.1875). Therefore, it depends on more stable packages, adhering to the Stable Dependencies Principle."
jitwatch,org.adoptopenjdk.jitwatch.process.compiler.txt,,package,org.adoptopenjdk.jitwatch.process.compiler,0,"The analyzed package has an instability (I=0.25) lower than its only outgoing dependency 'org.adoptopenjdk.jitwatch.logger' (I=0.0), indicating the dependency is more stable."
jitwatch,org.adoptopenjdk.jitwatch.process.javap.txt,,package,org.adoptopenjdk.jitwatch.process.javap,0,"The package has instability (I) = Ce/(Ce+Ca) = 1/(1+1)=0.5. Its outgoing dependency 'org.adoptopenjdk.jitwatch.loader' has instability (I) = 5/(5+7)≈0.4167. Since 0.4167 < 0.5, the dependency is more stable, thus following the Stable Dependencies Principle."
jitwatch,org.adoptopenjdk.jitwatch.process.runtime.txt,,package,org.adoptopenjdk.jitwatch.process.runtime,0,"The analyzed package has a stability index (S=Ca/(Ca+Ce)) of 0.4. Its outgoing dependencies have stability indices of: org.adoptopenjdk.jitwatch.logger (S=1.0), org.adoptopenjdk.jitwatch.process.compiler (S=0.75), and org.adoptopenjdk.jitwatch.loader (S=0.583). All outgoing dependencies are more stable (higher S) than the analyzed package."
jitwatch,org.adoptopenjdk.jitwatch.process.txt,,package,org.adoptopenjdk.jitwatch.process,0,"The analyzed package has an instability (I=0.33) lower than its only outgoing dependency (I=0), indicating the dependency is more stable."
jitwatch,org.adoptopenjdk.jitwatch.report.comparator.txt,,package,org.adoptopenjdk.jitwatch.report.comparator,0,"Analyzed package has instability I=0.333 (Ce=1, Ca=2). Its only outgoing dependency org.adoptopenjdk.jitwatch.report has lower instability I=0.154 (Ce=2, Ca=11). Since 0.154 < 0.333, the dependency is more stable than the analyzed package, following the Stable Dependencies Principle."
jitwatch,org.adoptopenjdk.jitwatch.report.escapeanalysis.eliminatedallocation.txt,,package,org.adoptopenjdk.jitwatch.report.escapeanalysis.eliminatedallocation,1,The analyzed package has stability (0.67) and depends on packages with lower stability: org.adoptopenjdk.jitwatch.model (0.09) and org.adoptopenjdk.jitwatch.model.bytecode (0.12).
jitwatch,org.adoptopenjdk.jitwatch.report.escapeanalysis.txt,,package,org.adoptopenjdk.jitwatch.report.escapeanalysis,0,"The package has a stability index (I=0.0) lower than all its outgoing dependencies: org.adoptopenjdk.jitwatch.model (I=0.094), org.adoptopenjdk.jitwatch.model.bytecode (I=0.12), and org.adoptopenjdk.jitwatch.report (I=0.154)."
jitwatch,org.adoptopenjdk.jitwatch.report.inlining.txt,,package,org.adoptopenjdk.jitwatch.report.inlining,0,"The package's instability (0.75) is higher than the instability of its outgoing dependencies: org.adoptopenjdk.jitwatch.model (0.09), org.adoptopenjdk.jitwatch.model.bytecode (0.12), org.adoptopenjdk.jitwatch.report (0.15), satisfying the principle that less stable packages should depend on more stable packages."
jitwatch,org.adoptopenjdk.jitwatch.report.locks.txt,,package,org.adoptopenjdk.jitwatch.report.locks,0,"Stability of analyzed package: I=0.667. Stability of dependencies: org.adoptopenjdk.jitwatch.model (I=0.094), org.adoptopenjdk.jitwatch.model.bytecode (I=0.12). All dependencies are more stable (lower I) than the analyzed package."
jitwatch,org.adoptopenjdk.jitwatch.report.suggestion.txt,,package,org.adoptopenjdk.jitwatch.report.suggestion,1,"Package instability (I=0.67) is higher than all its dependencies: model (I=0.09), util (I=0.11), compilation (I=0.25), report (I=0.15)."
jitwatch,org.adoptopenjdk.jitwatch.report.txt,,package,org.adoptopenjdk.jitwatch.report,1,"The analyzed package has instability (I) = 2/(11+2) = 0.154. It depends on 'org.adoptopenjdk.jitwatch.treevisitor' which has instability (I) = 1/(5+1) = 0.167. Since the dependency is less stable (higher I) than the analyzed package, it violates the Stable Dependencies Principle."
jitwatch,org.adoptopenjdk.jitwatch.sandbox.txt,,package,org.adoptopenjdk.jitwatch.sandbox,0,"The package has an instability (I=Ce/(Ca+Ce)=10/(1+10)=0.91). Its outgoing dependencies have lower instability values: org.adoptopenjdk.jitwatch.util (I≈0.11), org.adoptopenjdk.jitwatch.parser (I=0.38), org.adoptopenjdk.jitwatch.ui.sandbox (I≈0.86), org.adoptopenjdk.jitwatch.process (I≈0.33), org.adoptopenjdk.jitwatch.model (I≈0.09), org.adoptopenjdk.jitwatch.jvmlang (I≈0.57), org.adoptopenjdk.jitwatch.core (I=0.19), org.adoptopenjdk.jitwatch.process.runtime (I=0.6), org.adoptopenjdk.jitwatch.process.compiler (I=0.25), org.adoptopenjdk.jitwatch.logger (I=0). All dependencies are more stable than the analyzed package."
jitwatch,org.adoptopenjdk.jitwatch.toplist.txt,,package,org.adoptopenjdk.jitwatch.toplist,0,"The analyzed package has instability I = 6/(1+6) ≈ 0.857. All outgoing dependencies have lower instability (more stable): org.adoptopenjdk.jitwatch.util (I ≈ 0.114), org.adoptopenjdk.jitwatch.treevisitor (I ≈ 0.167), org.adoptopenjdk.jitwatch.model (I ≈ 0.094), org.adoptopenjdk.jitwatch.hotthrow (I = 0.8), org.adoptopenjdk.jitwatch.compilation (I = 0.25), org.adoptopenjdk.jitwatch.intrinsic (I = 0.5). Since all are more stable, the Stable Dependencies Principle is not violated."
jitwatch,org.adoptopenjdk.jitwatch.treevisitor.txt,,package,org.adoptopenjdk.jitwatch.treevisitor,0,"The package has stability (Ca/(Ca+Ce) = 5/6 ≈ 0.83) higher than its only outgoing dependency 'org.adoptopenjdk.jitwatch.model' (stability = 48/53 ≈ 0.91). Therefore, it depends on a more stable package."
jitwatch,org.adoptopenjdk.jitwatch.ui.browser.txt,,package,org.adoptopenjdk.jitwatch.ui.browser,0,"Analyzed package instability I=0.5 (Ce=1, Ca=1). Outgoing dependency org.adoptopenjdk.jitwatch.util instability I≈0.1136 (Ce=5, Ca=39). The dependency is more stable than the analyzed package."
jitwatch,org.adoptopenjdk.jitwatch.ui.compilationchooser.txt,,package,org.adoptopenjdk.jitwatch.ui.compilationchooser,0,"Analyzed package I=0.5, org.adoptopenjdk.jitwatch.model I=0.0943, org.adoptopenjdk.jitwatch.ui.main I=0.6222. The analyzed package's instability (0.5) is lower than the instability of both its dependencies (0.0943 and 0.6222). Since one dependency is more stable and the other is less stable, the overall condition for unstable dependency (depending on less stable components) is not met for both dependencies; the package depends on at least one more stable component."
jitwatch,org.adoptopenjdk.jitwatch.ui.compilechain.txt,,package,org.adoptopenjdk.jitwatch.ui.compilechain,0,"The analyzed package's instability (I = Ce/(Ce+Ca) = 6/(6+1) ≈ 0.857) is higher than the instability of all its outgoing dependencies: org.adoptopenjdk.jitwatch.util (0.114), org.adoptopenjdk.jitwatch.chain (0.75), org.adoptopenjdk.jitwatch.ui.main (0.622), org.adoptopenjdk.jitwatch.model (0.094), org.adoptopenjdk.jitwatch.ui.compilationchooser (0.5), org.adoptopenjdk.jitwatch.ui.resize (0.0). Therefore, it depends only on more stable packages, following the Stable Dependencies Principle."
jitwatch,org.adoptopenjdk.jitwatch.ui.filechooser.txt,,package,org.adoptopenjdk.jitwatch.ui.filechooser,0,"The analyzed package has an instability (I) of 0.333 (Ce=1, Ca=2). Its only outgoing dependency, org.adoptopenjdk.jitwatch.util, has an instability (I) of 0.114 (Ce=5, Ca=39). Since 0.114 < 0.333, the dependency is toward a more stable package, adhering to the Stable Dependencies Principle."
jitwatch,org.adoptopenjdk.jitwatch.ui.graphing.txt,,package,org.adoptopenjdk.jitwatch.ui.graphing,0,"Analyzed package stability (1/6 ≈ 0.167) is lower than all outgoing dependencies: org.adoptopenjdk.jitwatch.util (39/44 ≈ 0.886), org.adoptopenjdk.jitwatch.ui.main (17/45 ≈ 0.378), org.adoptopenjdk.jitwatch.model (48/53 ≈ 0.906), org.adoptopenjdk.jitwatch.ui.resize (3/3 = 1.000), org.adoptopenjdk.jitwatch.histo (1/4 = 0.250). All dependencies are more stable."
jitwatch,org.adoptopenjdk.jitwatch.ui.main.txt,,package,org.adoptopenjdk.jitwatch.ui.main,1,"The package has instability index 0.622 (Ce=28, Ca=17) and depends on less stable packages: org.adoptopenjdk.jitwatch.report.suggestion (instability=0.667), org.adoptopenjdk.jitwatch.report.escapeanalysis.eliminatedallocation (instability=0.667), org.adoptopenjdk.jitwatch.report.inlining (instability=0.75), org.adoptopenjdk.jitwatch.ui.compilechain (instability=0.857), org.adoptopenjdk.jitwatch.ui.triview (instability=0.706), org.adoptopenjdk.jitwatch.ui.nmethod.compilerthread (instability=0.75), org.adoptopenjdk.jitwatch.ui.nmethod.codecache (instability=0.8), org.adoptopenjdk.jitwatch.ui.sandbox (instability=0.857), org.adoptopenjdk.jitwatch.ui.viewer (instability=0.8), org.adoptopenjdk.jitwatch.report.locks (instability=0.667), org.adoptopenjdk.jitwatch.ui.stats (instability=0.75), org.adoptopenjdk.jitwatch.ui.report (instability=0.9), org.adoptopenjdk.jitwatch.ui.graphing (instability=0.833), org.adoptopenjdk.jitwatch.ui.toplist (instability=0.8)"
jitwatch,org.adoptopenjdk.jitwatch.ui.nmethod.codecache.txt,,package,org.adoptopenjdk.jitwatch.ui.nmethod.codecache,0,"The analyzed package has an instability (I) of 0.8 (Ce=4, Ca=1). Its outgoing dependencies have instabilities: org.adoptopenjdk.jitwatch.model (I≈0.094), org.adoptopenjdk.jitwatch.compilation.codecache (I≈0.333), org.adoptopenjdk.jitwatch.util (I≈0.114), and org.adoptopenjdk.jitwatch.ui.main (I≈0.622). All dependencies are more stable (lower I) than the analyzed package, following the Stable Dependencies Principle."
jitwatch,org.adoptopenjdk.jitwatch.ui.nmethod.compilerthread.txt,,package,org.adoptopenjdk.jitwatch.ui.nmethod.compilerthread,0,"Analyzed package has stability (Ca/(Ca+Ce)) of 0.25. Outgoing dependencies have stabilities: org.adoptopenjdk.jitwatch.model=0.91, org.adoptopenjdk.jitwatch.util=0.89, org.adoptopenjdk.jitwatch.ui.main=0.38. All dependencies are more stable (higher stability value) than the analyzed package."
jitwatch,org.adoptopenjdk.jitwatch.ui.nmethod.txt,,package,org.adoptopenjdk.jitwatch.ui.nmethod,0,"The package has instability (I=1.00). Its outgoing dependencies have lower instability values: org.adoptopenjdk.jitwatch.model (I=0.09), org.adoptopenjdk.jitwatch.util (I=0.11), org.adoptopenjdk.jitwatch.ui.main (I=0.62), and org.adoptopenjdk.jitwatch.ui.resize (I=0.00). All dependencies are more stable than the analyzed package."
jitwatch,org.adoptopenjdk.jitwatch.ui.parserchooser.txt,,package,org.adoptopenjdk.jitwatch.ui.parserchooser,0,"Analyzed package instability I = Ce/(Ce+Ca) = 1/(1+1) = 0.5. Its only outgoing dependency 'org.adoptopenjdk.jitwatch.parser' has instability I = 3/(3+5) = 0.375. The dependency (0.375) is more stable than the analyzed package (0.5), so the Stable Dependencies Principle is followed."
jitwatch,org.adoptopenjdk.jitwatch.ui.report.cell.txt,,package,org.adoptopenjdk.jitwatch.ui.report.cell,0,"Instability (Ce/(Ce+Ca)) of analyzed package: 3/4 = 0.75. Instabilities of dependencies: org.adoptopenjdk.jitwatch.model (5/53 ≈ 0.094), org.adoptopenjdk.jitwatch.report (2/13 ≈ 0.154), org.adoptopenjdk.jitwatch.ui.main (28/45 ≈ 0.622). All dependencies are more stable (lower instability) than the analyzed package."
jitwatch,org.adoptopenjdk.jitwatch.ui.report.eliminatedallocation.txt,,package,org.adoptopenjdk.jitwatch.ui.report.eliminatedallocation,0,"The analyzed package has instability (I=Ce/(Ce+Ca)=2/3≈0.67). Its outgoing dependencies: org.adoptopenjdk.jitwatch.model has instability 5/53≈0.09, org.adoptopenjdk.jitwatch.report has instability 2/13≈0.15. Both outgoing dependencies have lower instability (more stable) than the analyzed package, complying with the Stable Dependencies Principle."
jitwatch,org.adoptopenjdk.jitwatch.ui.report.inlining.txt,,package,org.adoptopenjdk.jitwatch.ui.report.inlining,0,"The analyzed package has stability (I=0.667) and depends on packages with lower instability values: org.adoptopenjdk.jitwatch.model (I=0.094) and org.adoptopenjdk.jitwatch.report (I=0.154). Since the dependencies are more stable than the analyzed package, no Unstable Dependency smell is detected."
jitwatch,org.adoptopenjdk.jitwatch.ui.report.locks.txt,,package,org.adoptopenjdk.jitwatch.ui.report.locks,0,Analyzed package stability (S=Ca/(Ca+Ce)=1/3≈0.33) is lower than both outgoing dependencies: 'org.adoptopenjdk.jitwatch.model' (S=48/53≈0.91) and 'org.adoptopenjdk.jitwatch.report' (S=11/13≈0.85).
jitwatch,org.adoptopenjdk.jitwatch.ui.report.suggestion.txt,,package,org.adoptopenjdk.jitwatch.ui.report.suggestion,0,"Package instability (I=0.5) is higher than its outgoing dependency 'org.adoptopenjdk.jitwatch.report' (I≈0.154), satisfying the stability principle where less stable packages depend on more stable ones."
jitwatch,org.adoptopenjdk.jitwatch.ui.report.txt,,package,org.adoptopenjdk.jitwatch.ui.report,0,"The analyzed package has stability I=0.9. All outgoing dependencies have lower I values (e.g., util: 0.1136, report: 0.1538, core: 0.1875), meaning they are more stable. Thus, it depends only on more stable packages."
jitwatch,org.adoptopenjdk.jitwatch.ui.resize.txt,,package,org.adoptopenjdk.jitwatch.ui.resize,0,"The package has Ce=0 (no outgoing dependencies) and Ca=3 (incoming dependencies). Its instability (I=Ce/(Ca+Ce)=0) is 0, indicating maximum stability. Since it has no outgoing dependencies, it does not depend on any less stable component."
jitwatch,org.adoptopenjdk.jitwatch.ui.sandbox.txt,,package,org.adoptopenjdk.jitwatch.ui.sandbox,1,"Package depends on less stable package org.adoptopenjdk.jitwatch.sandbox (stability index 0.909 vs analyzed package 0.857). Analyzed package has stability index 0.857 (Ce=12, Ca=2). Outgoing dependency org.adoptopenjdk.jitwatch.sandbox has stability index 0.909 (Ce=10, Ca=1), which is less stable than the analyzed package."
jitwatch,org.adoptopenjdk.jitwatch.ui.stage.txt,,package,org.adoptopenjdk.jitwatch.ui.stage,1,"The package's stability (S=0.4) is greater than the stability of its outgoing dependency 'org.adoptopenjdk.jitwatch.ui.main' (S≈0.3778), violating the Stable Dependencies Principle."
jitwatch,org.adoptopenjdk.jitwatch.ui.stats.txt,,package,org.adoptopenjdk.jitwatch.ui.stats,0,"Instability (I) of analyzed package = Ce/(Ce+Ca) = 3/(3+1) = 0.75. Instabilities of dependencies: 'org.adoptopenjdk.jitwatch.model' (5/(5+48)≈0.094), 'org.adoptopenjdk.jitwatch.util' (5/(5+39)≈0.114), 'org.adoptopenjdk.jitwatch.ui.main' (28/(28+17)≈0.622). All dependencies have lower instability (more stable) than the analyzed package."
jitwatch,org.adoptopenjdk.jitwatch.ui.toplist.txt,,package,org.adoptopenjdk.jitwatch.ui.toplist,0,"Analyzed package instability (Ce=4, Ca=1, I=0.80). Outgoing dependencies: org.adoptopenjdk.jitwatch.model (I≈0.09), org.adoptopenjdk.jitwatch.util (I≈0.11), org.adoptopenjdk.jitwatch.toplist (I≈0.86), org.adoptopenjdk.jitwatch.ui.main (I≈0.62). No outgoing dependency has a higher instability index (less stable) than the analyzed package."
jitwatch,org.adoptopenjdk.jitwatch.ui.triview.assembly.txt,,package,org.adoptopenjdk.jitwatch.ui.triview.assembly,1,"Analyzed package I = 0.875 (Ce=7, Ca=1) is more stable than dependencies: org.adoptopenjdk.jitwatch.util I=0.114 (Ce=5, Ca=39), org.adoptopenjdk.jitwatch.model.assembly.x86 I=0.333 (Ce=1, Ca=2), org.adoptopenjdk.jitwatch.ui.triview I=0.706 (Ce=12, Ca=5), org.adoptopenjdk.jitwatch.model.assembly I=0.364 (Ce=4, Ca=7), org.adoptopenjdk.jitwatch.ui.main I=0.622 (Ce=28, Ca=17), org.adoptopenjdk.jitwatch.model.bytecode I=0.12 (Ce=3, Ca=22), org.adoptopenjdk.jitwatch.model.assembly.arm I=0.333 (Ce=1, Ca=2). All outgoing dependencies have lower I values, violating the Stable Dependencies Principle."
jitwatch,org.adoptopenjdk.jitwatch.ui.triview.bytecode.txt,,package,org.adoptopenjdk.jitwatch.ui.triview.bytecode,0,"The analyzed package has an instability of 0.857 (Ca=1, Ce=6). All its outgoing dependencies have lower instability (more stable): org.adoptopenjdk.jitwatch.util (0.114), org.adoptopenjdk.jitwatch.ui.triview (0.706), org.adoptopenjdk.jitwatch.ui.main (0.622), org.adoptopenjdk.jitwatch.model (0.094), org.adoptopenjdk.jitwatch.model.bytecode (0.120), org.adoptopenjdk.jitwatch.report (0.154). Thus, the package depends only on more stable packages."
jitwatch,org.adoptopenjdk.jitwatch.ui.triview.source.txt,,package,org.adoptopenjdk.jitwatch.ui.triview.source,0,"The package's outgoing dependencies (org.adoptopenjdk.jitwatch.util, org.adoptopenjdk.jitwatch.ui.triview, org.adoptopenjdk.jitwatch.ui.main) all have lower instability (I = Ce/(Ca+Ce) = 0.11, 0.71, 0.62 respectively) compared to the analyzed package's instability (0.75)."
jitwatch,org.adoptopenjdk.jitwatch.ui.triview.txt,,package,org.adoptopenjdk.jitwatch.ui.triview,1,"Package depends on less stable packages: org.adoptopenjdk.jitwatch.ui.triview.bytecode (stability 0.14), org.adoptopenjdk.jitwatch.ui.triview.assembly (stability 0.13), and org.adoptopenjdk.jitwatch.ui.triview.source (stability 0.25), which have lower stability than the analyzed package's stability of 0.29."
jitwatch,org.adoptopenjdk.jitwatch.ui.txt,,package,org.adoptopenjdk.jitwatch.ui,0,"The analyzed package has a stability index of 0.75 (Ca=3, Ce=1). Its single outgoing dependency 'org.adoptopenjdk.jitwatch.util' has a stability index of approximately 0.886 (Ca=39, Ce=5), which is higher than the analyzed package's stability. Therefore, it depends on a more stable component, adhering to the Stable Dependencies Principle."
jitwatch,org.adoptopenjdk.jitwatch.ui.viewer.txt,,package,org.adoptopenjdk.jitwatch.ui.viewer,0,"Analyzed package instability I = 0.8 (Ce=4, Ca=1). All outgoing dependencies have lower instability: org.adoptopenjdk.jitwatch.model (I=0.094), org.adoptopenjdk.jitwatch.util (I=0.114), org.adoptopenjdk.jitwatch.ui.triview (I=0.706), org.adoptopenjdk.jitwatch.ui.main (I=0.622)."
jitwatch,org.adoptopenjdk.jitwatch.util.txt,,package,org.adoptopenjdk.jitwatch.util,1,"Package stability (I) = Ce/(Ca+Ce) = 5/(39+5) = 0.1136. Outgoing dependency org.adoptopenjdk.jitwatch.loader has stability 5/(7+5) = 0.4167, which is less stable (higher I) than the analyzed package."
jsoup,org.jsoup.examples.txt,,package,org.jsoup.examples,0,"The analyzed package has instability I=1.0 (Ce=4, Ca=0). Its outgoing dependencies have lower instabilities: org.jsoup.select (I≈0.56), org.jsoup (I≈0.36), org.jsoup.nodes (I≈0.42), and org.jsoup.helper (I≈0.42). All dependencies are more stable than the analyzed package, so no Unstable Dependency is present."
jsoup,org.jsoup.helper.txt,,package,org.jsoup.helper,1,"The analyzed package has instability I = 5/(5+7) = 0.417. It depends on packages with higher instability: org.jsoup.internal (I=0.444), org.jsoup.parser (I=0.5), and org.jsoup.select (I=0.555), violating the principle that dependencies should point in the direction of stability."
jsoup,org.jsoup.internal.txt,,package,org.jsoup.internal,1,"The package depends on org.jsoup.parser which is less stable. The instability (Ce/(Ca+Ce)) of org.jsoup.internal is 0.44 (4/(5+4)), while the instability of org.jsoup.parser is 0.50 (6/(6+6)). The dependent package has higher instability."
jsoup,org.jsoup.nodes.txt,,package,org.jsoup.nodes,1,"Package stability I=0.42 (Ce=5, Ca=7). Outgoing dependency org.jsoup has lower stability I=0.36 (Ce=4, Ca=7), violating Stable Dependencies Principle."
jsoup,org.jsoup.parser.txt,,package,org.jsoup.parser,0,"The analyzed package has stability index (I) of 0.5 (Ce=6, Ca=6). All its outgoing dependencies have stability indices lower than or equal to 0.5: org.jsoup.internal (I=0.444), org.jsoup (I=0.364), org.jsoup.nodes (I=0.417), org.jsoup.safety (I=0.286), org.jsoup.select (I=0.444), org.jsoup.helper (I=0.417). Since the package does not depend on any component that is less stable (higher I value), no unstable dependency is detected."
jsoup,org.jsoup.safety.txt,,package,org.jsoup.safety,0,"The analyzed package has a stability (Ca/(Ca+Ce)) of 2/(2+5)=0.286. All outgoing dependencies have higher stability values: org.jsoup.internal (5/(5+4)=0.556), org.jsoup (7/(7+4)=0.636), org.jsoup.nodes (7/(7+5)=0.583), org.jsoup.parser (6/(6+6)=0.500), org.jsoup.helper (7/(7+5)=0.583). Therefore, no dependency is less stable than the analyzed package, satisfying the Stable Dependencies Principle."
jsoup,org.jsoup.select.txt,,package,org.jsoup.select,0,"The analyzed package has stability I = 5/(5+4) ≈ 0.556. Its outgoing dependencies have stabilities: org.jsoup.internal (0.444), org.jsoup (0.364), org.jsoup.nodes (0.417), org.jsoup.parser (0.5), org.jsoup.helper (0.417). All are less than or equal to the analyzed package's stability, so there is no unstable dependency."
jsoup,org.jsoup.txt,,package,org.jsoup,1,"Ce:4, Ca:7, I=0.36; Dependencies: org.jsoup.safety (I=0.71), org.jsoup.nodes (I=0.42), org.jsoup.helper (I=0.42), org.jsoup.parser (I=0.50). All dependencies have higher instability values (I=Ce/(Ca+Ce)) than the analyzed package."
zxing,com.google.zxing.aztec.decoder.txt,,package,com.google.zxing.aztec.decoder,0,"The package's instability (I=5/6≈0.833) is higher than all its dependencies' instabilities: com.google.zxing.common (I≈0.033), com.google.zxing (I≈0.053), com.google.zxing.aztec.encoder (I=0.625), com.google.zxing.aztec (I≈0.571), com.google.zxing.common.reedsolomon (I=0). Thus, it depends only on more stable packages, adhering to the Stable Dependencies Principle."
zxing,com.google.zxing.aztec.detector.txt,,package,com.google.zxing.aztec.detector,0,"The analyzed package has a stability index (0.857) higher than all its outgoing dependencies: com.google.zxing.common (0.033), com.google.zxing (0.053), com.google.zxing.aztec.encoder (0.625), com.google.zxing.common.detector (0.200), com.google.zxing.aztec (0.571), and com.google.zxing.common.reedsolomon (0.000). All dependencies are more stable, satisfying the Stable Dependencies Principle."
zxing,com.google.zxing.aztec.encoder.txt,,package,com.google.zxing.aztec.encoder,1,"The analyzed package has instability I = 5/8 = 0.625. It depends on package 'com.google.zxing.aztec.decoder' which has instability I = 5/6 ≈ 0.833, which is higher, indicating that the dependency is less stable."
zxing,com.google.zxing.aztec.txt,,package,com.google.zxing.aztec,0,"Analyzed package instability (Ce/(Ca+Ce)=4/(3+4)=0.571). All outgoing dependencies have lower instability values: com.google.zxing.common (0.033), com.google.zxing (0.053), com.google.zxing.aztec.encoder (0.625) is higher, but com.google.zxing.aztec.detector (0.857) is higher. However, the package depends on the highly stable core packages (com.google.zxing.common and com.google.zxing) with instability <0.1, and its dependencies on less stable sibling packages are bidirectional/circular as shown in incoming dependencies, indicating cohesive subsystem structure rather than problematic unstable dependency."
zxing,com.google.zxing.client.android.book.txt,,package,com.google.zxing.client.android.book,0,"The package depends only on com.google.zxing.client.android, which has an instability (I=Ce/(Ca+Ce)=6/(7+6)=0.462) lower than the analyzed package's instability (I=1/(0+1)=1.0). Since the dependency is more stable, it adheres to the Stable Dependencies Principle."
zxing,com.google.zxing.client.android.camera.open.txt,,package,com.google.zxing.client.android.camera.open,0,"Package has no outgoing dependencies (Ce=0), thus cannot depend on less stable components. Its instability index I=0 (Ce=0, Ca=1) indicates it is highly stable, and all dependencies flow toward it rather than away from it."
zxing,com.google.zxing.client.android.camera.txt,,package,com.google.zxing.client.android.camera,0,Package stability (I=0.667) is higher than all its dependencies: com.google.zxing.client.android (I=0.462) and com.google.zxing.client.android.camera.open (I=0).
zxing,com.google.zxing.client.android.clipboard.txt,,package,com.google.zxing.client.android.clipboard,0,"The package has no outgoing dependencies (Ce=0). Therefore, it does not depend on any other package and cannot violate the Stable Dependencies Principle."
zxing,com.google.zxing.client.android.encode.txt,,package,com.google.zxing.client.android.encode,0,"The analyzed package has instability I=1.0. Its outgoing dependencies have lower instability values: com.google.zxing.client.result I=0.25, com.google.zxing.common I≈0.033, com.google.zxing I≈0.053, com.google.zxing.client.android I≈0.462. All dependencies are more stable than the analyzed package."
zxing,com.google.zxing.client.android.history.txt,,package,com.google.zxing.client.android.history,0,"The package has instability I = Ce/(Ce+Ca) = 0.6. All outgoing dependencies have lower or equal instability: com.google.zxing.client.android (I=0.46), com.google.zxing (I=0.05), com.google.zxing.client.android.result (I=0.6). The dependency with equal instability does not violate the principle since it is not less stable."
zxing,com.google.zxing.client.android.result.supplement.txt,,package,com.google.zxing.client.android.result.supplement,0,"Analyzed package stability (I = Ce/(Ca+Ce) = 3/4 = 0.75). Outgoing dependencies: com.google.zxing.client.result (I=2/8=0.25), com.google.zxing.client.android (I=6/13≈0.46), com.google.zxing.client.android.history (I=3/5=0.6). All outgoing dependencies have lower instability values, indicating they are more stable."
zxing,com.google.zxing.client.android.result.txt,,package,com.google.zxing.client.android.result,0,"The analyzed package has instability (I = Ce/(Ca+Ce)) = 0.6. Its outgoing dependencies have lower instability: com.google.zxing.client.result (0.25), com.google.zxing.client.android (~0.4615), com.google.zxing (~0.0526). All dependencies are more stable than the analyzed package."
zxing,com.google.zxing.client.android.share.txt,,package,com.google.zxing.client.android.share,0,"The analyzed package has an instability (I=1.0) and depends on packages with lower instability (0.4615, 0.0526, 0.0). All outgoing dependencies are more stable, adhering to the Stable Dependencies Principle."
zxing,com.google.zxing.client.android.txt,,package,com.google.zxing.client.android,0,"The analyzed package has Ce=6 and Ca=7, giving instability I=0.46. All outgoing dependencies have lower instability (com.google.zxing: I=0.05, com.google.zxing.client.android.clipboard: I=0.00, com.google.zxing.client.android.camera: I=0.67, com.google.zxing.client.android.history: I=0.60, com.google.zxing.client.android.result.supplement: I=0.75, com.google.zxing.client.android.result: I=0.60). While some dependencies (camera, history, result.supplement, result) have higher instability, the analysis only flags unstable dependency when the majority or critical dependencies are less stable. The dependency on the highly stable 'com.google.zxing' (I=0.05) and the presence of balanced dependencies suggest no clear violation of the Stable Dependencies Principle for this package."
zxing,com.google.zxing.client.android.wifi.txt,,package,com.google.zxing.client.android.wifi,0,"The analyzed package's instability (1.0) is higher than the instability of its dependency 'com.google.zxing.client.result' (0.25). This indicates the dependency is more stable than the dependent package, which adheres to the Stable Dependencies Principle."
zxing,com.google.zxing.client.j2se.txt,,package,com.google.zxing.client.j2se,0,"The analyzed package has I = 0.8, which is less stable than all its outgoing dependencies: com.google.zxing.client.result (I = 0.25), com.google.zxing.common (I ≈ 0.033), com.google.zxing (I ≈ 0.053), com.google.zxing.multi (I ≈ 0.333). Since the dependencies are more stable (lower I), no unstable dependency is present."
zxing,com.google.zxing.client.result.txt,,package,com.google.zxing.client.result,0,The analyzed package has an instability (I=Ce/(Ce+Ca)=0.25). Its outgoing dependencies have instabilities: com.google.zxing (I=0.05) and com.google.zxing.oned (I=0.50). Both dependencies are more stable (0.05 < 0.25) or equally stable (0.50 is not less than 0.25). No dependency is less stable.
zxing,com.google.zxing.common.detector.txt,,package,com.google.zxing.common.detector,0,"The package's instability (I=0.2) is higher than its dependencies' instability (com.google.zxing.common I≈0.033, com.google.zxing I≈0.053)."
zxing,com.google.zxing.common.reedsolomon.txt,,package,com.google.zxing.common.reedsolomon,0,"Package has Ce=0 (no outgoing dependencies) and Ca=8 (high incoming dependencies), resulting in stability I=0/(0+8)=0 (maximally stable). With no outgoing dependencies, it cannot depend on less stable components."
zxing,com.google.zxing.common.txt,,package,com.google.zxing.common,1,"The package has stability (Ca/(Ca+Ce)) of 29/30 ≈ 0.97. It depends on 'com.google.zxing' which has stability of 36/38 ≈ 0.95. Since the dependency is less stable (0.95 < 0.97), it violates the Stable Dependencies Principle."
zxing,com.google.zxing.datamatrix.decoder.txt,,package,com.google.zxing.datamatrix.decoder,0,"The analyzed package has stability (Ca/(Ca+Ce)) of 0.25, which is less stable than its outgoing dependencies: com.google.zxing.common (stability 0.9667), com.google.zxing (stability 0.9474), and com.google.zxing.common.reedsolomon (stability 1.0). All dependencies are more stable than the analyzed package, adhering to the Stable Dependencies Principle."
zxing,com.google.zxing.datamatrix.detector.txt,,package,com.google.zxing.datamatrix.detector,0,"The analyzed package's instability (I=1.0, Ce=3, Ca=0) is higher than the instability of all its outgoing dependencies: com.google.zxing.common (I≈0.033, Ce=1, Ca=29), com.google.zxing (I≈0.053, Ce=2, Ca=36), com.google.zxing.common.detector (I=0.2, Ce=2, Ca=8). The package depends only on more stable components, complying with the Stable Dependencies Principle."
zxing,com.google.zxing.datamatrix.encoder.txt,,package,com.google.zxing.datamatrix.encoder,0,"The package has Ce=1, Ca=1, stability (I)=Ce/(Ca+Ce)=0.5. Its outgoing dependency 'com.google.zxing' has stability I≈0.05 (Ce=2, Ca=36). Since 0.5 < 0.05 is false, the package does not depend on a less stable component. No violation of Stable Dependencies Principle found."
zxing,com.google.zxing.datamatrix.txt,,package,com.google.zxing.datamatrix,0,"Analyzed package instability I=1 (Ce=5, Ca=0) is higher than all outgoing dependencies' instability: com.google.zxing.common (I=0.033), com.google.zxing.datamatrix.encoder (I=0.5), com.google.zxing.datamatrix.decoder (I=0.75), com.google.zxing (I=0.053), com.google.zxing.qrcode.encoder (I=0.667). All dependencies are more stable."
zxing,com.google.zxing.integration.android.txt,,package,com.google.zxing.integration.android,0,"Package has zero outgoing dependencies (Ce=0) and zero incoming dependencies (Ca=0), resulting in stable dependency ratio I=0. With no dependencies to other packages, there cannot be any unstable dependencies."
zxing,com.google.zxing.maxicode.decoder.txt,,package,com.google.zxing.maxicode.decoder,0,"The package's instability (0.75) is higher than that of its dependencies: com.google.zxing.common (0.033), com.google.zxing (0.053), and com.google.zxing.common.reedsolomon (0). Hence, it depends only on more stable packages."
zxing,com.google.zxing.maxicode.txt,,package,com.google.zxing.maxicode,0,"The analyzed package has instability I=1.0 (Ce=3, Ca=0). Its outgoing dependencies have instabilities: com.google.zxing.common (I≈0.033), com.google.zxing (I≈0.053), and com.google.zxing.maxicode.decoder (I=0.75). All dependencies have lower instability values, meaning they are more stable."
zxing,com.google.zxing.multi.qrcode.detector.txt,,package,com.google.zxing.multi.qrcode.detector,0,"The analyzed package's instability (I = Ce/(Ca+Ce) = 3/(0+3) = 1.0) is higher than that of all its outgoing dependencies: com.google.zxing.common (I = 1/(29+1) ≈ 0.033), com.google.zxing (I = 2/(36+2) ≈ 0.053), com.google.zxing.qrcode.detector (I = 4/(1+4) = 0.8). Since the package depends only on more stable (lower I) packages, no unstable dependency is present."
zxing,com.google.zxing.multi.qrcode.txt,,package,com.google.zxing.multi.qrcode,0,"The package has instability I=1.0 (Ce=3, Ca=0). Its dependencies have lower instability values: com.google.zxing.common I=0.033, com.google.zxing I=0.053, com.google.zxing.multi I=0.333, all more stable (lower I)."
zxing,com.google.zxing.multi.txt,,package,com.google.zxing.multi,0,"The analyzed package has instability I = 0.333 (Ce=2, Ca=4). Its dependencies have lower instability: com.google.zxing.common (I=0.033, Ce=1, Ca=29) and com.google.zxing (I=0.053, Ce=2, Ca=36). Both are more stable, so no violation of Stable Dependencies Principle."
zxing,com.google.zxing.oned.rss.expanded.decoders.txt,,package,com.google.zxing.oned.rss.expanded.decoders,1,"Depends on com.google.zxing.common (I=0.03) and com.google.zxing (I=0.05), which are less stable than itself (I=0.75)."
zxing,com.google.zxing.oned.rss.expanded.txt,,package,com.google.zxing.oned.rss.expanded,0,"Analyzed package instability (I=0.875) is higher than all outgoing dependencies: com.google.zxing.common (I=0.033), com.google.zxing.oned.rss.expanded.decoders (I=0.750), com.google.zxing.oned.rss (I=0.750), com.google.zxing.client.result (I=0.250), com.google.zxing (I=0.053), com.google.zxing.common.detector (I=0.200), com.google.zxing.oned (I=0.500)."
zxing,com.google.zxing.oned.rss.txt,,package,com.google.zxing.oned.rss,0,"Analyzed package instability I=0.75 (Ce=3, Ca=1). Outgoing dependencies instability: com.google.zxing.common I≈0.033 (Ce=1, Ca=29), com.google.zxing I≈0.053 (Ce=2, Ca=36), com.google.zxing.common.detector I=0.2 (Ce=2, Ca=8). All dependencies have lower instability (more stable)."
zxing,com.google.zxing.oned.txt,,package,com.google.zxing.oned,0,"The package's instability (I=0.5) is higher than the instabilities of its outgoing dependencies (com.google.zxing.common I≈0.03, com.google.zxing I≈0.05). This indicates it depends on more stable components, aligning with the Stable Dependencies Principle."
zxing,com.google.zxing.pdf417.decoder.ec.txt,,package,com.google.zxing.pdf417.decoder.ec,1,"The package stability (I=0.75) is higher than the stability of its outgoing dependency 'com.google.zxing.pdf417' (I≈0.778), meaning it depends on a less stable component."
zxing,com.google.zxing.pdf417.decoder.txt,,package,com.google.zxing.pdf417.decoder,0,"The analyzed package has a stability index (0.14) lower than all its outgoing dependencies: com.google.zxing.pdf417.decoder.ec (0.25), com.google.zxing.common (0.97), com.google.zxing.pdf417 (0.22), com.google.zxing (0.95), com.google.zxing.common.detector (0.80), and com.google.zxing.pdf417.encoder (0.50). This follows the Stable Dependencies Principle."
zxing,com.google.zxing.pdf417.detector.txt,,package,com.google.zxing.pdf417.detector,0,"The analyzed package has a stability index (I = Ce/(Ca+Ce)) of 0.667 (2/(1+2)). Its outgoing dependencies have stability indices of 0.033 (com.google.zxing.common: 1/(29+1)) and 0.053 (com.google.zxing: 2/(36+2)), which are both lower (more stable) than the analyzed package. Therefore, it depends on more stable components."
zxing,com.google.zxing.pdf417.encoder.txt,,package,com.google.zxing.pdf417.encoder,0,"The analyzed package has an instability (I = Ce/(Ce+Ca)) of 0.5. Its outgoing dependencies are com.google.zxing.common (I ≈ 0.033) and com.google.zxing (I ≈ 0.053). Both dependencies are more stable (lower I) than the analyzed package, adhering to the Stable Dependencies Principle."
zxing,com.google.zxing.pdf417.txt,,package,com.google.zxing.pdf417,1,"The package has instability I = 7/9 (0.78). It depends on 'com.google.zxing.pdf417.decoder' which has instability I = 6/7 (0.86). Since 0.86 > 0.78, the dependency is less stable than the package, violating the Stable Dependencies Principle."
zxing,com.google.zxing.qrcode.decoder.txt,,package,com.google.zxing.qrcode.decoder,0,"The analyzed package depends on packages that are more stable than itself. Its instability index (Ce/(Ce+Ca)) is 3/7≈0.43. Its outgoing dependencies have lower instability indices: com.google.zxing.common (1/30≈0.03), com.google.zxing (2/38≈0.05), and com.google.zxing.common.reedsolomon (0/8=0)."
zxing,com.google.zxing.qrcode.detector.txt,,package,com.google.zxing.qrcode.detector,1,"The package has stability I=0.8 (Ce=4, Ca=1) but depends on less stable packages: com.google.zxing.common (I=0.033), com.google.zxing (I=0.053), com.google.zxing.qrcode.decoder (I=0.429), com.google.zxing.common.detector (I=0.2)."
zxing,com.google.zxing.qrcode.encoder.txt,,package,com.google.zxing.qrcode.encoder,0,"Analyzed package instability I=0.67. All outgoing dependencies have lower instability (com.google.zxing.qrcode.decoder: 0.43, com.google.zxing: 0.05, com.google.zxing.common.reedsolomon: 0.00, com.google.zxing.common: 0.03) and are thus more stable, adhering to the Stable Dependencies Principle."
zxing,com.google.zxing.qrcode.txt,,package,com.google.zxing.qrcode,1,"The analyzed package has stability I=0.0 (Ce=4, Ca=0, I=Ce/(Ca+Ce)=4/4=1.0) but depends on packages with lower stability: com.google.zxing.qrcode.decoder (I=0.43), com.google.zxing (I=0.05), com.google.zxing.qrcode.encoder (I=0.67), com.google.zxing.common (I=0.03). All dependencies have lower stability values than the analyzed package, violating the Stable Dependencies Principle."
zxing,com.google.zxing.txt,,package,com.google.zxing,1,Package stability I = Ce/(Ca+Ce) = 2/(36+2) = 0.053. It depends on com.google.zxing.common (I = 1/(29+1) = 0.033) which is less stable (0.033 < 0.053).
zxing,com.google.zxing.web.generator.client.txt,,package,com.google.zxing.web.generator.client,0,"Package has zero outgoing dependencies (Ce=0). Therefore, it does not depend on any other package, stable or unstable."
zxing,com.google.zxing.web.txt,,package,com.google.zxing.web,0,"The analyzed package has stability I=1.0 (Ce=5, Ca=0). All outgoing dependencies have lower (more stable) I values: com.google.zxing.common (I=0.0333), com.google.zxing.qrcode.decoder (I=0.4286), com.google.zxing.client.j2se (I=0.8), com.google.zxing (I=0.0526), com.google.zxing.multi (I=0.3333). Since all dependencies are more stable (I_dep < I_analyzed), there is no violation."
