smell,classification,context_size,fqn,label,prediction,prompt_file
god_component,fp,56383,org.apache.commons.lang3.concurrent.locks,0,1,org_apache_commons_lang3_concurrent_locks.txt
god_component,tn,6061,org.apache.commons.io.channels,0,0,org_apache_commons_io_channels.txt
god_component,fp,26660,org.apache.commons.lang3.math,0,1,org_apache_commons_lang3_math.txt
god_component,tn,10887,com.github.javaparser.printer.concretesyntaxmodel,0,0,com_github_javaparser_printer_concretesyntaxmodel.txt
god_component,tn,1227,com.google.zxing.maxicode,0,0,com_google_zxing_maxicode.txt
god_component,tp,26884,japa.bdd.samples,1,1,japa_bdd_samples.txt
god_component,fp,11118,com.google.zxing.client.android.camera,0,1,com_google_zxing_client_android_camera.txt
god_component,fp,9721,com.github.javaparser.generator.core.visitor,0,1,com_github_javaparser_generator_core_visitor.txt
god_component,tn,3439,com.google.zxing.qrcode,0,0,com_google_zxing_qrcode.txt
god_component,fp,3744,org.adoptopenjdk.jitwatch.ui.triview.bytecode,0,1,org_adoptopenjdk_jitwatch_ui_triview_bytecode.txt
god_component,tn,311,japa.parser.comments,0,0,japa_parser_comments.txt
god_component,tn,6036,net.bytebuddy.implementation.bytecode.assign,0,0,net_bytebuddy_implementation_bytecode_assign.txt
god_component,tn,4052,org.adoptopenjdk.jitwatch.process.runtime,0,0,org_adoptopenjdk_jitwatch_process_runtime.txt
god_component,tn,2102,demo,0,0,demo.txt
god_component,tn,1222,com.github.javaparser.symbolsolver.declarations.common,0,0,com_github_javaparser_symbolsolver_declarations_common.txt
god_component,tp,29335,com.github.javaparser.ast.type,1,1,com_github_javaparser_ast_type.txt
god_component,fp,6355,com.google.zxing.multi.qrcode.detector,0,1,com_google_zxing_multi_qrcode_detector.txt
god_component,tp,31273,net.bytebuddy.implementation.bytecode,1,1,net_bytebuddy_implementation_bytecode.txt
god_component,tp,30697,org.apache.commons.io.function,1,1,org_apache_commons_io_function.txt
god_component,tp,29411,com.google.zxing.client.result,1,1,com_google_zxing_client_result.txt
god_component,fp,18747,com.google.zxing,0,1,com_google_zxing.txt
god_component,tn,475,issue1945.interfaces,0,0,issue1945_interfaces.txt
god_component,tp,14543,com.example,1,1,com_example.txt
god_component,fp,16042,org.adoptopenjdk.jitwatch.ui.nmethod.compilerthread,0,1,org_adoptopenjdk_jitwatch_ui_nmethod_compilerthread.txt
god_component,tn,9104,com.github.javaparser.printer.configuration,0,0,com_github_javaparser_printer_configuration.txt
god_component,tp,25972,com.github.javaparser.symbolsolver.reflectionmodel,1,1,com_github_javaparser_symbolsolver_reflectionmodel.txt
god_component,tn,715,com.github.javaparser.generator.core.utils,0,0,com_github_javaparser_generator_core_utils.txt
god_component,tn,283,box,0,0,box.txt
god_component,tp,86828,org.apache.commons.io.output,1,1,org_apache_commons_io_output.txt
god_component,tn,19018,org.apache.commons.lang3.mutable,0,0,org_apache_commons_lang3_mutable.txt
god_component,fn,1876,com.github.javaparser.symbolsolver.resolution,1,0,com_github_javaparser_symbolsolver_resolution.txt
god_component,tn,328,another,0,0,another.txt
god_component,tn,558,issue1945.main,0,0,issue1945_main.txt
god_component,tn,2056,org.adoptopenjdk.jitwatch.process.javap,0,0,org_adoptopenjdk_jitwatch_process_javap.txt
god_component,tn,1858,org.adoptopenjdk.jitwatch.jarscan.sequencecount,0,0,org_adoptopenjdk_jitwatch_jarscan_sequencecount.txt
god_component,tp,48871,com.github.javaparser.symbolsolver.javaparsermodel.contexts,1,1,com_github_javaparser_symbolsolver_javaparsermodel_contexts.txt
god_component,tn,3757,org.jsoup.examples,0,0,org_jsoup_examples.txt
god_component,tp,23328,com.github.javaparser.symbolsolver.javassistmodel,1,1,com_github_javaparser_symbolsolver_javassistmodel.txt
god_component,tp,82548,com.google.googlejavaformat,1,1,com_google_googlejavaformat.txt
god_component,tn,1825,org.adoptopenjdk.jitwatch.jvmlang,0,0,org_adoptopenjdk_jitwatch_jvmlang.txt
god_component,tn,2636,org.adoptopenjdk.jitwatch.hotthrow,0,0,org_adoptopenjdk_jitwatch_hotthrow.txt
god_component,fp,10506,com.google.gson.internal.reflect,0,1,com_google_gson_internal_reflect.txt
god_component,tp,18107,com.github.javaparser.resolution.declarations,1,1,com_github_javaparser_resolution_declarations.txt
god_component,fn,4278,com.github.javaparser.ast.validator,1,0,com_github_javaparser_ast_validator.txt
god_component,fp,3112,com.google.zxing.client.android.wifi,0,1,com_google_zxing_client_android_wifi.txt
god_component,tp,47496,com.google.zxing.client.android,1,1,com_google_zxing_client_android.txt
god_component,tn,6948,com.google.zxing.oned.rss,0,0,com_google_zxing_oned_rss.txt
god_component,fn,1233,main,1,0,main.txt
god_component,tn,5611,org.adoptopenjdk.jitwatch.inline,0,0,org_adoptopenjdk_jitwatch_inline.txt
god_component,tn,455,com.github.javaparser.resolution.promotion,0,0,com_github_javaparser_resolution_promotion.txt
god_component,fp,12974,com.google.zxing.aztec.decoder,0,1,com_google_zxing_aztec_decoder.txt
god_component,tn,9569,org.apache.commons.lang3.tuple,0,0,org_apache_commons_lang3_tuple.txt
god_component,tn,14121,org.apache.commons.io.monitor,0,0,org_apache_commons_io_monitor.txt
god_component,tn,624,org.adoptopenjdk.jitwatch.ui.parserchooser,0,0,org_adoptopenjdk_jitwatch_ui_parserchooser.txt
god_component,tn,317,implements.duplicate,0,0,implements_duplicate.txt
god_component,fp,31698,com.google.zxing.common,0,1,com_google_zxing_common.txt
god_component,tp,98414,com.github.javaparser.printer.lexicalpreservation,1,1,com_github_javaparser_printer_lexicalpreservation.txt
god_component,fp,42308,org.jsoup.safety,0,1,org_jsoup_safety.txt
god_component,fp,26451,com.google.googlejavaformat.java.javadoc,0,1,com_google_googlejavaformat_java_javadoc.txt
god_component,tp,43400,com.github.javaparser.ast.stmt,1,1,com_github_javaparser_ast_stmt.txt
god_component,tn,1000,org.gradle.work,0,0,org_gradle_work.txt
god_component,tp,27967,net.bytebuddy.implementation.bytecode.assign.primitive,1,1,net_bytebuddy_implementation_bytecode_assign_primitive.txt
god_component,fp,804,foo,0,1,foo.txt
god_component,fp,49767,com.github.javaparser.printer,0,1,com_github_javaparser_printer.txt
god_component,tp,10226,com.github.javaparser.symbolsolver,1,1,com_github_javaparser_symbolsolver.txt
god_component,fp,37491,org.adoptopenjdk.jitwatch.core,0,1,org_adoptopenjdk_jitwatch_core.txt
god_component,tn,1094,org.apache.commons.io.charset,0,0,org_apache_commons_io_charset.txt
god_component,tn,291,issue241,0,0,issue241.txt
god_component,fp,17798,com.github.javaparser.symbolsolver.resolution.typesolvers,0,1,com_github_javaparser_symbolsolver_resolution_typesolvers.txt
god_component,tp,15499,(default package),1,1,(default package).txt
god_component,tp,53375,net.bytebuddy.dynamic.scaffold.inline,1,1,net_bytebuddy_dynamic_scaffold_inline.txt
god_component,tn,2732,com.google.gson.internal.sql,0,0,com_google_gson_internal_sql.txt
god_component,tp,81567,com.google.gson,1,1,com_google_gson.txt
god_component,tn,4014,com.google.gson.reflect,0,0,com_google_gson_reflect.txt
god_component,tn,4452,org.adoptopenjdk.jitwatch.parser.zing,0,0,org_adoptopenjdk_jitwatch_parser_zing.txt
god_component,tp,68316,com.google.zxing.oned,1,1,com_google_zxing_oned.txt
god_component,fp,23606,com.google.gson.stream,0,1,com_google_gson_stream.txt
god_component,tp,83237,com.google.gson.internal.bind,1,1,com_google_gson_internal_bind.txt
god_component,tn,709,org.adoptopenjdk.jitwatch.treevisitor,0,0,org_adoptopenjdk_jitwatch_treevisitor.txt
god_component,tn,3875,org.adoptopenjdk.jitwatch.compilation,0,0,org_adoptopenjdk_jitwatch_compilation.txt
god_component,tn,446,org.adoptopenjdk.jitwatch.report.locks,0,0,org_adoptopenjdk_jitwatch_report_locks.txt
god_component,tn,490,org.adoptopenjdk.jitwatch.ui.browser,0,0,org_adoptopenjdk_jitwatch_ui_browser.txt
god_component,tp,90858,com.github.javaparser.metamodel,1,1,com_github_javaparser_metamodel.txt
god_component,tn,5207,com.github.javaparser.symbolsolver.cache,0,0,com_github_javaparser_symbolsolver_cache.txt
god_component,tn,839,com.github.javaparser.quality,0,0,com_github_javaparser_quality.txt
god_component,tn,1447,com.github.javaparser.symbolsolver.reflectionmodel.comparators,0,0,com_github_javaparser_symbolsolver_reflectionmodel_comparators.txt
god_component,tp,71343,com.google.gson.internal,1,1,com_google_gson_internal.txt
god_component,fp,23188,com.github.javaparser.symbolsolver.resolution.naming,0,1,com_github_javaparser_symbolsolver_resolution_naming.txt
god_component,fp,4081,com.google.zxing.client.android.result.supplement,0,1,com_google_zxing_client_android_result_supplement.txt
god_component,tn,3305,org.adoptopenjdk.jitwatch.model.assembly.x86,0,0,org_adoptopenjdk_jitwatch_model_assembly_x86.txt
god_component,tn,5445,org.apache.commons.lang3.compare,0,0,org_apache_commons_lang3_compare.txt
god_component,fp,14367,com.google.zxing.client.j2se,0,1,com_google_zxing_client_j2se.txt
god_component,tn,3682,com.github.javaparser.javadoc.description,0,0,com_github_javaparser_javadoc_description.txt
god_component,tp,76713,net.bytebuddy.build.gradle,1,1,net_bytebuddy_build_gradle.txt
god_component,tp,83259,org.jsoup.helper,1,1,org_jsoup_helper.txt
god_component,fp,9480,com.google.zxing.oned.rss.expanded,0,1,com_google_zxing_oned_rss_expanded.txt
god_component,fp,53058,com.google.zxing.qrcode.encoder,0,1,com_google_zxing_qrcode_encoder.txt
god_component,fp,35141,com.google.zxing.pdf417,0,1,com_google_zxing_pdf417.txt
god_component,tp,30345,net.bytebuddy.description.modifier,1,1,net_bytebuddy_description_modifier.txt
god_component,fp,16704,com.github.javaparser.resolution.types,0,1,com_github_javaparser_resolution_types.txt
unstable_dependency,tn,82305,org.adoptopenjdk.jitwatch.ui.compilechain,0,0,org_adoptopenjdk_jitwatch_ui_compilechain.txt
unstable_dependency,tn,75987,org.adoptopenjdk.jitwatch.jarscan.freqinlinesize,0,0,org_adoptopenjdk_jitwatch_jarscan_freqinlinesize.txt
unstable_dependency,tp,96053,org.adoptopenjdk.jitwatch.model.assembly,1,1,org_adoptopenjdk_jitwatch_model_assembly.txt
unstable_dependency,fp,22399,org.adoptopenjdk.jitwatch.model.assembly.arm,0,1,org_adoptopenjdk_jitwatch_model_assembly_arm.txt
unstable_dependency,tn,25085,com.github.javaparser.symbolsolver.cache,0,0,com_github_javaparser_symbolsolver_cache.txt
unstable_dependency,fp,4492,org.adoptopenjdk.jitwatch.ui.report.suggestion,0,1,org_adoptopenjdk_jitwatch_ui_report_suggestion.txt
unstable_dependency,tn,36109,org.adoptopenjdk.jitwatch.logger,0,0,org_adoptopenjdk_jitwatch_logger.txt
unstable_dependency,tn,1223,javaparser,0,0,javaparser.txt
unstable_dependency,tn,817,foo,0,0,foo.txt
unstable_dependency,tn,13175,org.adoptopenjdk.jitwatch.process.compiler,0,0,org_adoptopenjdk_jitwatch_process_compiler.txt
unstable_dependency,tn,38494,org.adoptopenjdk.jitwatch.inline,0,0,org_adoptopenjdk_jitwatch_inline.txt
unstable_dependency,tn,330,implements.duplicate,0,0,implements_duplicate.txt
unstable_dependency,tn,15564,com.google.zxing.web.generator.client,0,0,com_google_zxing_web_generator_client.txt
unstable_dependency,fp,85742,com.google.zxing.client.android.result.supplement,0,1,com_google_zxing_client_android_result_supplement.txt
unstable_dependency,tn,82514,com.google.gson.extras.examples.rawcollections,0,0,com_google_gson_extras_examples_rawcollections.txt
unstable_dependency,fp,88854,org.adoptopenjdk.jitwatch.ui.nmethod.compilerthread,0,1,org_adoptopenjdk_jitwatch_ui_nmethod_compilerthread.txt
unstable_dependency,tp,70791,org.adoptopenjdk.jitwatch.ui.compilationchooser,1,1,org_adoptopenjdk_jitwatch_ui_compilationchooser.txt
unstable_dependency,tn,57631,com.google.zxing.maxicode,0,0,com_google_zxing_maxicode.txt
unstable_dependency,tn,49826,org.adoptopenjdk.jitwatch.report.escapeanalysis,0,0,org_adoptopenjdk_jitwatch_report_escapeanalysis.txt
unstable_dependency,tn,3004,com.github.javaparser.ast.nodeTypes.modifiers,0,0,com_github_javaparser_ast_nodeTypes_modifiers.txt
unstable_dependency,fp,26964,org.adoptopenjdk.jitwatch.jarscan.sequencecount,0,1,org_adoptopenjdk_jitwatch_jarscan_sequencecount.txt
unstable_dependency,tn,71512,com.google.zxing.oned.rss,0,0,com_google_zxing_oned_rss.txt
unstable_dependency,tn,62972,org.adoptopenjdk.jitwatch.chain,0,0,org_adoptopenjdk_jitwatch_chain.txt
unstable_dependency,fp,77832,org.gradle.work,0,1,org_gradle_work.txt
unstable_dependency,fp,5139,com.google.zxing.integration.android,0,1,com_google_zxing_integration_android.txt
unstable_dependency,tn,79550,demo,0,0,demo.txt
unstable_dependency,tn,85385,com.google.zxing.datamatrix.decoder,0,0,com_google_zxing_datamatrix_decoder.txt
unstable_dependency,fp,49717,org.adoptopenjdk.jitwatch.jarscan.invokecount,0,1,org_adoptopenjdk_jitwatch_jarscan_invokecount.txt
unstable_dependency,tn,633,foo.bar.differentpackage,0,0,foo_bar_differentpackage.txt
unstable_dependency,tn,46574,org.adoptopenjdk.jitwatch.ui.browser,0,0,org_adoptopenjdk_jitwatch_ui_browser.txt
unstable_dependency,tn,85573,org.adoptopenjdk.jitwatch.report.suggestion,0,0,org_adoptopenjdk_jitwatch_report_suggestion.txt
unstable_dependency,tn,796,net.bytebuddy.benchmark.runner,0,0,net_bytebuddy_benchmark_runner.txt
unstable_dependency,tn,296,box,0,0,box.txt
unstable_dependency,fp,80397,org.adoptopenjdk.jitwatch.ui.toplist,0,1,org_adoptopenjdk_jitwatch_ui_toplist.txt
unstable_dependency,tn,58951,org.adoptopenjdk.jitwatch.intrinsic,0,0,org_adoptopenjdk_jitwatch_intrinsic.txt
unstable_dependency,tn,92728,org.adoptopenjdk.jitwatch.parser.zing,0,0,org_adoptopenjdk_jitwatch_parser_zing.txt
unstable_dependency,tn,32882,net.bytebuddy.benchmark.specimen,0,0,net_bytebuddy_benchmark_specimen.txt
unstable_dependency,tp,94103,com.google.zxing.aztec,1,1,com_google_zxing_aztec.txt
unstable_dependency,tn,255,bar,0,0,bar.txt
unstable_dependency,fp,81971,org.adoptopenjdk.jitwatch.ui,0,1,org_adoptopenjdk_jitwatch_ui.txt
unstable_dependency,tn,76987,com.google.zxing.multi.qrcode.detector,0,0,com_google_zxing_multi_qrcode_detector.txt
unstable_dependency,tn,15849,com.packageName,0,0,com_packageName.txt
unstable_dependency,tn,62061,org.adoptopenjdk.jitwatch.ui.filechooser,0,0,org_adoptopenjdk_jitwatch_ui_filechooser.txt
unstable_dependency,fp,82637,org.adoptopenjdk.jitwatch.hotthrow,0,1,org_adoptopenjdk_jitwatch_hotthrow.txt
unstable_dependency,tn,86582,com.google.gson.internal.bind.util,0,0,com_google_gson_internal_bind_util.txt
unstable_dependency,tn,31692,org.adoptopenjdk.jitwatch.ui.report.eliminatedallocation,0,0,org_adoptopenjdk_jitwatch_ui_report_eliminatedallocation.txt
unstable_dependency,fp,77730,org.gradle.api.file,0,1,org_gradle_api_file.txt
unstable_dependency,tn,51515,org.adoptopenjdk.jitwatch.jarscan.methodsizehisto,0,0,org_adoptopenjdk_jitwatch_jarscan_methodsizehisto.txt
unstable_dependency,tn,99702,com.example,0,0,com_example.txt
unstable_dependency,tn,254,package.b,0,0,package_b.txt
unstable_dependency,fn,49154,org.adoptopenjdk.jitwatch.report,1,0,org_adoptopenjdk_jitwatch_report.txt
unstable_dependency,tn,1246,main,0,0,main.txt
unstable_dependency,tn,71531,com.google.zxing.client.android.share,0,0,com_google_zxing_client_android_share.txt
unstable_dependency,tn,93494,com.google.gson.protobuf,0,0,com_google_gson_protobuf.txt
unstable_dependency,fp,92988,com.google.zxing.aztec.detector,0,1,com_google_zxing_aztec_detector.txt
unstable_dependency,tp,27968,org.adoptopenjdk.jitwatch.process.runtime,1,1,org_adoptopenjdk_jitwatch_process_runtime.txt
unstable_dependency,tn,26964,org.adoptopenjdk.jitwatch.jarscan.nextinstruction,0,0,org_adoptopenjdk_jitwatch_jarscan_nextinstruction.txt
unstable_dependency,tn,3128,org.adoptopenjdk.jitwatch.demo,0,0,org_adoptopenjdk_jitwatch_demo.txt
unstable_dependency,tn,16467,(default package),0,0,(default package).txt
unstable_dependency,tn,25569,org.adoptopenjdk.jitwatch.jarscan.allocationcount,0,0,org_adoptopenjdk_jitwatch_jarscan_allocationcount.txt
unstable_dependency,fp,92876,com.google.zxing.pdf417.decoder.ec,0,1,com_google_zxing_pdf417_decoder_ec.txt
unstable_dependency,tn,27218,com.github.javaparser.symbolsolver.reflectionmodel.comparators,0,0,com_github_javaparser_symbolsolver_reflectionmodel_comparators.txt
unstable_dependency,fp,1600,com.github.javaparser.javasymbolsolver.javassist.symbols.main.jar,0,1,com_github_javaparser_javasymbolsolver_javassist_symbols_main_jar.txt
unstable_dependency,tp,88797,org.adoptopenjdk.jitwatch.ui.stage,1,1,org_adoptopenjdk_jitwatch_ui_stage.txt
unstable_dependency,tn,422,com.service.usage2,0,0,com_service_usage2.txt
unstable_dependency,tn,291,com.foo.base,0,0,com_foo_base.txt
unstable_dependency,tn,31694,org.adoptopenjdk.jitwatch.ui.report.locks,0,0,org_adoptopenjdk_jitwatch_ui_report_locks.txt
unstable_dependency,tn,26263,org.adoptopenjdk.jitwatch.jarscan.visualiser,0,0,org_adoptopenjdk_jitwatch_jarscan_visualiser.txt
unstable_dependency,tn,284,com.github.javaparser.testpackage,0,0,com_github_javaparser_testpackage.txt
unstable_dependency,tn,419,com.service.usage,0,0,com_service_usage.txt
unstable_dependency,tn,1082,org.apache.commons.io.file.spi,0,0,org_apache_commons_io_file_spi.txt
unstable_dependency,tn,82682,com.google.zxing.aztec.decoder,0,0,com_google_zxing_aztec_decoder.txt
unstable_dependency,tn,341,another,0,0,another.txt
unstable_dependency,fp,94223,org.adoptopenjdk.jitwatch.ui.report,0,1,org_adoptopenjdk_jitwatch_ui_report.txt
unstable_dependency,tn,3743,groovy.transform.builder,0,0,groovy_transform_builder.txt
unstable_dependency,tn,369,com.github.javaparser.javasymbolsolver.javassist.symbols.included.jar,0,0,com_github_javaparser_javasymbolsolver_javassist_symbols_included_jar.txt
unstable_dependency,tn,52942,org.adoptopenjdk.jitwatch.compilation.codecache,0,0,org_adoptopenjdk_jitwatch_compilation_codecache.txt
unstable_dependency,tn,1099,issue1945.interfaces,0,0,issue1945_interfaces.txt
unstable_dependency,tp,87940,com.google.zxing.client.android.history,1,1,com_google_zxing_client_android_history.txt
unstable_dependency,tn,306,com.github.javaparser.wiki.samples,0,0,com_github_javaparser_wiki_samples.txt
unstable_dependency,tn,53005,com.google.zxing.client.android.clipboard,0,0,com_google_zxing_client_android_clipboard.txt
unstable_dependency,tn,16975,org.adoptopenjdk.jitwatch.ui.resize,0,0,org_adoptopenjdk_jitwatch_ui_resize.txt
unstable_dependency,tn,48146,com.github.javaparser.resolution.promotion,0,0,com_github_javaparser_resolution_promotion.txt
unstable_dependency,fp,90715,org.adoptopenjdk.jitwatch.ui.viewer,0,1,org_adoptopenjdk_jitwatch_ui_viewer.txt
unstable_dependency,fp,536,a.b.c,0,1,a_b_c.txt
unstable_dependency,tn,265,com.github.javaparser.storage,0,0,com_github_javaparser_storage.txt
unstable_dependency,tn,43405,org.adoptopenjdk.jitwatch.treevisitor,0,0,org_adoptopenjdk_jitwatch_treevisitor.txt
unstable_dependency,tn,67193,org.apache.commons.lang3.event,0,0,org_apache_commons_lang3_event.txt
unstable_dependency,tn,55440,com.google.zxing.multi.qrcode,0,0,com_google_zxing_multi_qrcode.txt
unstable_dependency,fn,27775,org.adoptopenjdk.jitwatch.ui.parserchooser,1,0,org_adoptopenjdk_jitwatch_ui_parserchooser.txt
unstable_dependency,tn,42372,org.adoptopenjdk.jitwatch.histo,0,0,org_adoptopenjdk_jitwatch_histo.txt
unstable_dependency,tp,66694,org.adoptopenjdk.jitwatch.toplist,1,1,org_adoptopenjdk_jitwatch_toplist.txt
unstable_dependency,fp,20618,org.adoptopenjdk.jitwatch.model.assembly.x86,0,1,org_adoptopenjdk_jitwatch_model_assembly_x86.txt
unstable_dependency,tn,96878,com.github.javaparser.symbolsolver.declarations.common,0,0,com_github_javaparser_symbolsolver_declarations_common.txt
unstable_dependency,tp,16869,org.adoptopenjdk.jitwatch.process.javap,1,1,org_adoptopenjdk_jitwatch_process_javap.txt
unstable_dependency,fp,59626,com.google.zxing.client.android.camera,0,1,com_google_zxing_client_android_camera.txt
unstable_dependency,tn,89093,com.google.zxing.pdf417.detector,0,0,com_google_zxing_pdf417_detector.txt
unstable_dependency,tn,453,a,0,0,a.txt
unstable_dependency,tn,304,issue241,0,0,issue241.txt
unstable_dependency,fp,12351,com.google.zxing.client.android.camera.open,0,1,com_google_zxing_client_android_camera_open.txt
insufficient_modularization,tn,1965,com.github.javaparser.symbolsolver.javaparsermodel.contexts.AnonymousClassDeclarationContext,0,0,com_github_javaparser_symbolsolver_javaparsermodel_contexts_AnonymousClassDeclarationContext.txt
insufficient_modularization,fp,63017,net.bytebuddy.dynamic.DynamicType.Initial,0,1,net_bytebuddy_dynamic_DynamicType_Initial.txt
insufficient_modularization,tn,310,com.packageName.ClassInPackage,0,0,com_packageName_ClassInPackage.txt
insufficient_modularization,tn,7014,net.bytebuddy.description.type.TypeList.Empty,0,0,net_bytebuddy_description_type_TypeList_Empty.txt
insufficient_modularization,tn,3789,net.bytebuddy.description.type.RecordComponentDescription.InDefinedShape,0,0,net_bytebuddy_description_type_RecordComponentDescription_InDefinedShape.txt
insufficient_modularization,fn,1768,org.apache.commons.io.CloseableURLConnection,1,0,org_apache_commons_io_CloseableURLConnection.txt
insufficient_modularization,fp,7950,net.bytebuddy.implementation.bind.MethodDelegationBinder.Compound,0,1,net_bytebuddy_implementation_bind_MethodDelegationBinder_Compound.txt
insufficient_modularization,tn,478,com.google.zxing.ResultPointCallback,0,0,com_google_zxing_ResultPointCallback.txt
insufficient_modularization,fp,4015,net.bytebuddy.dynamic.scaffold.inline.MethodRebaseResolver,0,1,net_bytebuddy_dynamic_scaffold_inline_MethodRebaseResolver.txt
insufficient_modularization,tn,2922,net.bytebuddy.implementation.bytecode.assign.primitive.PrimitiveUnboxingDelegate.UnboxingResponsible,0,0,net_bytebuddy_implementation_bytecode_assign_primitive_PrimitiveUnboxingDelegate_UnboxingResponsible.txt
insufficient_modularization,tn,408,(default package).ElisionTest,0,0,(default package)_ElisionTest.txt
insufficient_modularization,tn,4573,net.bytebuddy.NamingStrategy,0,0,net_bytebuddy_NamingStrategy.txt
insufficient_modularization,tn,25997,net.bytebuddy.implementation.MethodCall.ForConstructingInvocation,0,0,net_bytebuddy_implementation_MethodCall_ForConstructingInvocation.txt
insufficient_modularization,tn,1095,org.apache.commons.io.input.UnsynchronizedReader,0,0,org_apache_commons_io_input_UnsynchronizedReader.txt
insufficient_modularization,tn,1533,net.bytebuddy.dynamic.scaffold.TypeInitializer,0,0,net_bytebuddy_dynamic_scaffold_TypeInitializer.txt
insufficient_modularization,tn,2786,org.apache.commons.io.input.ObservableInputStream.Builder,0,0,org_apache_commons_io_input_ObservableInputStream_Builder.txt
insufficient_modularization,tn,578,demo.Main.Callback,0,0,demo_Main_Callback.txt
insufficient_modularization,fp,3414,com.google.zxing.oned.CodaBarReader,0,1,com_google_zxing_oned_CodaBarReader.txt
insufficient_modularization,tn,3669,org.apache.commons.io.output.FileWriterWithEncoding,0,0,org_apache_commons_io_output_FileWriterWithEncoding.txt
insufficient_modularization,tn,6012,net.bytebuddy.implementation.ToStringMethod.ForFixedValue,0,0,net_bytebuddy_implementation_ToStringMethod_ForFixedValue.txt
insufficient_modularization,tn,3302,net.bytebuddy.dynamic.NexusAccessor.Available,0,0,net_bytebuddy_dynamic_NexusAccessor_Available.txt
insufficient_modularization,tn,1666,com.google.common.jimfs.BasicAttributeProvider.View,0,0,com_google_common_jimfs_BasicAttributeProvider_View.txt
insufficient_modularization,fp,2352,com.google.zxing.qrcode.decoder.BitMatrixParser,0,1,com_google_zxing_qrcode_decoder_BitMatrixParser.txt
insufficient_modularization,tn,2547,org.apache.commons.io.file.CountingPathVisitor,0,0,org_apache_commons_io_file_CountingPathVisitor.txt
insufficient_modularization,tn,1030,com.google.gson.internal.bind.CollectionTypeAdapterFactory.Adapter,0,0,com_google_gson_internal_bind_CollectionTypeAdapterFactory_Adapter.txt
insufficient_modularization,tn,2610,org.apache.commons.lang3.compare.ComparableUtils,0,0,org_apache_commons_lang3_compare_ComparableUtils.txt
insufficient_modularization,tn,2737,com.google.zxing.client.android.Intents,0,0,com_google_zxing_client_android_Intents.txt
insufficient_modularization,tn,1371,org.apache.commons.lang3.concurrent.CallableBackgroundInitializer,0,0,org_apache_commons_lang3_concurrent_CallableBackgroundInitializer.txt
insufficient_modularization,fp,6289,net.bytebuddy.asm.AsmVisitorWrapper.NoOp,0,1,net_bytebuddy_asm_AsmVisitorWrapper_NoOp.txt
insufficient_modularization,tn,801,org.adoptopenjdk.jitwatch.toplist.AbstractTopListVisitable,0,0,org_adoptopenjdk_jitwatch_toplist_AbstractTopListVisitable.txt
insufficient_modularization,tn,899,net.bytebuddy.description.modifier.FieldManifestation,0,0,net_bytebuddy_description_modifier_FieldManifestation.txt
insufficient_modularization,tn,5026,net.bytebuddy.description.method.ParameterList.OfMethod,0,0,net_bytebuddy_description_method_ParameterList_OfMethod.txt
insufficient_modularization,fp,4528,net.bytebuddy.benchmark.jmh.generated.SuperClassInvocationBenchmark.benchmarkByteBuddyWithPrefix.jmhTest,0,1,net_bytebuddy_benchmark_jmh_generated_SuperClassInvocationBenchmark_benchmarkByteBuddyWithPrefix_jmhTest.txt
insufficient_modularization,tn,642,com.google.zxing.oned.rss.expanded.decoders.AI013103decoder,0,0,com_google_zxing_oned_rss_expanded_decoders_AI013103decoder.txt
insufficient_modularization,tn,588,com.github.javaparser.symbolsolver.utils.FileUtils,0,0,com_github_javaparser_symbolsolver_utils_FileUtils.txt
insufficient_modularization,tn,3100,org.apache.commons.lang3.event.EventListenerSupport,0,0,org_apache_commons_lang3_event_EventListenerSupport.txt
insufficient_modularization,tn,15284,org.apache.commons.lang3.Strings.CsStrings,0,0,org_apache_commons_lang3_Strings_CsStrings.txt
insufficient_modularization,tn,666,com.google.zxing.web.OutputUtils,0,0,com_google_zxing_web_OutputUtils.txt
insufficient_modularization,fp,73356,net.bytebuddy.asm.MemberSubstitution.Dispatcher,0,1,net_bytebuddy_asm_MemberSubstitution_Dispatcher.txt
insufficient_modularization,tn,892,net.bytebuddy.implementation.bytecode.member.Invokedynamic,0,0,net_bytebuddy_implementation_bytecode_member_Invokedynamic.txt
insufficient_modularization,tn,5028,net.bytebuddy.description.method.ParameterList.OfLegacyVmMethod,0,0,net_bytebuddy_description_method_ParameterList_OfLegacyVmMethod.txt
insufficient_modularization,tn,1062,com.github.javaparser.utils.ParserCollectionStrategy,0,0,com_github_javaparser_utils_ParserCollectionStrategy.txt
insufficient_modularization,tn,569,org.gradle.api.tasks.PathSensitivity,0,0,org_gradle_api_tasks_PathSensitivity.txt
insufficient_modularization,tn,1615,org.apache.commons.io.input.UncheckedFilterReader,0,0,org_apache_commons_io_input_UncheckedFilterReader.txt
insufficient_modularization,tn,5777,net.bytebuddy.implementation.auxiliary.TypeProxy.MethodCall,0,0,net_bytebuddy_implementation_auxiliary_TypeProxy_MethodCall.txt
insufficient_modularization,tn,997,org.jsoup.helper.AuthenticationHandler.AuthShim,0,0,org_jsoup_helper_AuthenticationHandler_AuthShim.txt
insufficient_modularization,fp,23886,net.bytebuddy.implementation.InvokeDynamic.ForIntegerConstant,0,1,net_bytebuddy_implementation_InvokeDynamic_ForIntegerConstant.txt
insufficient_modularization,fp,2243,com.github.javaparser.resolution.logic.ConstructorResolutionLogic,0,1,com_github_javaparser_resolution_logic_ConstructorResolutionLogic.txt
insufficient_modularization,fn,1872,com.github.javaparser.ast.modules.ModuleOpensDirective,1,0,com_github_javaparser_ast_modules_ModuleOpensDirective.txt
insufficient_modularization,tn,2453,net.bytebuddy.matcher.LatentMatcher.ForRecordComponentToken,0,0,net_bytebuddy_matcher_LatentMatcher_ForRecordComponentToken.txt
insufficient_modularization,tn,63018,net.bytebuddy.dynamic.DynamicType.Unloaded,0,0,net_bytebuddy_dynamic_DynamicType_Unloaded.txt
insufficient_modularization,tn,5778,net.bytebuddy.implementation.auxiliary.TypeProxy.SilentConstruction,0,0,net_bytebuddy_implementation_auxiliary_TypeProxy_SilentConstruction.txt
insufficient_modularization,tn,1949,com.google.googlejavaformat.java.JavacTokens.AccessibleScanner,0,0,com_google_googlejavaformat_java_JavacTokens_AccessibleScanner.txt
insufficient_modularization,fn,2456,com.github.javaparser.ast.body.ConstructorDeclaration,1,0,com_github_javaparser_ast_body_ConstructorDeclaration.txt
insufficient_modularization,tn,5199,org.apache.commons.lang3.concurrent.EventCountCircuitBreaker.CheckIntervalData,0,0,org_apache_commons_lang3_concurrent_EventCountCircuitBreaker_CheckIntervalData.txt
insufficient_modularization,fp,20734,net.bytebuddy.description.annotation.AnnotationValue.PropertyDelegate,0,1,net_bytebuddy_description_annotation_AnnotationValue_PropertyDelegate.txt
insufficient_modularization,tn,1704,net.bytebuddy.utility.GraalImageCode.ImageCodeContextAction,0,0,net_bytebuddy_utility_GraalImageCode_ImageCodeContextAction.txt
insufficient_modularization,fp,73355,net.bytebuddy.asm.MemberSubstitution.Factory,0,1,net_bytebuddy_asm_MemberSubstitution_Factory.txt
insufficient_modularization,tn,67305,net.bytebuddy.pool.TypePool.LazyTypeVariable,0,0,net_bytebuddy_pool_TypePool_LazyTypeVariable.txt
insufficient_modularization,tn,4896,net.bytebuddy.build.AccessControllerPlugin.WithProperty,0,0,net_bytebuddy_build_AccessControllerPlugin_WithProperty.txt
insufficient_modularization,tn,67304,net.bytebuddy.pool.TypePool.FieldTokenList,0,0,net_bytebuddy_pool_TypePool_FieldTokenList.txt
insufficient_modularization,tn,764,org.apache.commons.lang3.mutable.Mutable,0,0,org_apache_commons_lang3_mutable_Mutable.txt
insufficient_modularization,tn,873,net.bytebuddy.build.gradle.ByteBuddySimpleTaskExtension,0,0,net_bytebuddy_build_gradle_ByteBuddySimpleTaskExtension.txt
insufficient_modularization,tn,34080,net.bytebuddy.build.Plugin.CompoundIterator,0,0,net_bytebuddy_build_Plugin_CompoundIterator.txt
insufficient_modularization,tn,1534,net.bytebuddy.description.TypeVariableSource.AbstractBase,0,0,net_bytebuddy_description_TypeVariableSource_AbstractBase.txt
insufficient_modularization,fp,1972,org.adoptopenjdk.jitwatch.model.assembly.AssemblyInstruction,0,1,org_adoptopenjdk_jitwatch_model_assembly_AssemblyInstruction.txt
insufficient_modularization,tp,87676,org.tensorflow.op.Ops,1,1,org_tensorflow_op_Ops.txt
insufficient_modularization,tn,4897,net.bytebuddy.build.AccessControllerPlugin.WithoutProperty,0,0,net_bytebuddy_build_AccessControllerPlugin_WithoutProperty.txt
insufficient_modularization,tn,13962,net.bytebuddy.agent.ByteBuddyAgent.ExternalAttachment,0,0,net_bytebuddy_agent_ByteBuddyAgent_ExternalAttachment.txt
insufficient_modularization,fp,48252,net.bytebuddy.dynamic.scaffold.TypeWriter.Default,0,1,net_bytebuddy_dynamic_scaffold_TypeWriter_Default.txt
insufficient_modularization,fp,5779,net.bytebuddy.implementation.auxiliary.TypeProxy.AccessorMethodInvocation,0,1,net_bytebuddy_implementation_auxiliary_TypeProxy_AccessorMethodInvocation.txt
insufficient_modularization,tn,1033,com.google.zxing.client.android.encode.MECARDContactEncoder.MECARDTelDisplayFormatter,0,0,com_google_zxing_client_android_encode_MECARDContactEncoder_MECARDTelDisplayFormatter.txt
insufficient_modularization,tn,24313,org.apache.commons.lang3.text.StrBuilder.StrBuilderTokenizer,0,0,org_apache_commons_lang3_text_StrBuilder_StrBuilderTokenizer.txt
insufficient_modularization,tp,8586,com.github.javaparser.symbolsolver.resolution.typeinference.BoundSet,1,1,com_github_javaparser_symbolsolver_resolution_typeinference_BoundSet.txt
insufficient_modularization,fp,67305,net.bytebuddy.pool.TypePool.LazyAnnotationValue,0,1,net_bytebuddy_pool_TypePool_LazyAnnotationValue.txt
insufficient_modularization,tn,718,com.github.javaparser.metamodel.StringLiteralExprMetaModel,0,0,com_github_javaparser_metamodel_StringLiteralExprMetaModel.txt
insufficient_modularization,tn,2320,org.jsoup.safety.Cleaner,0,0,org_jsoup_safety_Cleaner.txt
insufficient_modularization,tn,2230,net.bytebuddy.implementation.bytecode.member.FieldAccess.FieldGetInstruction,0,0,net_bytebuddy_implementation_bytecode_member_FieldAccess_FieldGetInstruction.txt
insufficient_modularization,tn,365,a.b.c.ExampleClass,0,0,a_b_c_ExampleClass.txt
insufficient_modularization,tn,1235,net.bytebuddy.description.type.TypeVariableToken,0,0,net_bytebuddy_description_type_TypeVariableToken.txt
insufficient_modularization,fp,67305,net.bytebuddy.pool.TypePool.TokenizedGenericType,0,1,net_bytebuddy_pool_TypePool_TokenizedGenericType.txt
insufficient_modularization,tn,13962,net.bytebuddy.agent.ByteBuddyAgent.Compound,0,0,net_bytebuddy_agent_ByteBuddyAgent_Compound.txt
insufficient_modularization,tn,16181,net.bytebuddy.dynamic.ClassFileLocator.ExtractionClassFileTransformer,0,0,net_bytebuddy_dynamic_ClassFileLocator_ExtractionClassFileTransformer.txt
insufficient_modularization,tn,758,com.github.javaparser.metamodel.MethodReferenceExprMetaModel,0,0,com_github_javaparser_metamodel_MethodReferenceExprMetaModel.txt
insufficient_modularization,tn,1103,net.bytebuddy.implementation.bytecode.constant.SerializedConstant,0,0,net_bytebuddy_implementation_bytecode_constant_SerializedConstant.txt
insufficient_modularization,fp,21485,net.bytebuddy.agent.VirtualMachine.Dispatcher,0,1,net_bytebuddy_agent_VirtualMachine_Dispatcher.txt
insufficient_modularization,tn,2178,org.apache.commons.lang3.exception.ContextedRuntimeException,0,0,org_apache_commons_lang3_exception_ContextedRuntimeException.txt
insufficient_modularization,fp,4534,com.google.zxing.datamatrix.encoder.HighLevelEncoder,0,1,com_google_zxing_datamatrix_encoder_HighLevelEncoder.txt
insufficient_modularization,tn,770,com.google.gson.LongSerializationPolicy,0,0,com_google_gson_LongSerializationPolicy.txt
insufficient_modularization,tn,2548,org.apache.commons.io.file.CountingPathVisitor.Builder,0,0,org_apache_commons_io_file_CountingPathVisitor_Builder.txt
insufficient_modularization,fp,4554,net.bytebuddy.description.field.FieldDescription.SignatureToken,0,1,net_bytebuddy_description_field_FieldDescription_SignatureToken.txt
insufficient_modularization,tn,73359,net.bytebuddy.asm.MemberSubstitution.ForMatchedByteCodeElement,0,0,net_bytebuddy_asm_MemberSubstitution_ForMatchedByteCodeElement.txt
insufficient_modularization,fp,2574,com.github.javaparser.printer.XmlPrinter,0,1,com_github_javaparser_printer_XmlPrinter.txt
insufficient_modularization,tn,810,com.github.javaparser.metamodel.JavadocCommentMetaModel,0,0,com_github_javaparser_metamodel_JavadocCommentMetaModel.txt
insufficient_modularization,tn,1956,com.google.zxing.common.ECIEncoderSet,0,0,com_google_zxing_common_ECIEncoderSet.txt
insufficient_modularization,tn,959,com.google.common.jimfs.UserLookupService.NamedPrincipal,0,0,com_google_common_jimfs_UserLookupService_NamedPrincipal.txt
insufficient_modularization,tn,944,com.google.zxing.pdf417.decoder.DetectionResultColumn,0,0,com_google_zxing_pdf417_decoder_DetectionResultColumn.txt
insufficient_modularization,tn,6398,net.bytebuddy.implementation.attribute.AnnotationAppender.OnField,0,0,net_bytebuddy_implementation_attribute_AnnotationAppender_OnField.txt
insufficient_modularization,tn,909,com.google.zxing.common.reedsolomon.ReedSolomonEncoder,0,0,com_google_zxing_common_reedsolomon_ReedSolomonEncoder.txt
insufficient_modularization,tn,2107,net.bytebuddy.dynamic.TypeResolutionStrategy,0,0,net_bytebuddy_dynamic_TypeResolutionStrategy.txt
insufficient_modularization,tn,3940,com.google.zxing.oned.rss.expanded.decoders.FieldParser.DataLength,0,0,com_google_zxing_oned_rss_expanded_decoders_FieldParser_DataLength.txt
insufficient_modularization,tn,15754,net.bytebuddy.description.method.MethodDescription.Latent,0,0,net_bytebuddy_description_method_MethodDescription_Latent.txt
insufficient_modularization,tn,4206,net.bytebuddy.implementation.bytecode.constant.MethodConstant.CanCacheIllegal,0,0,net_bytebuddy_implementation_bytecode_constant_MethodConstant_CanCacheIllegal.txt
insufficient_modularization,fp,17483,net.bytebuddy.implementation.Implementation.Factory,0,1,net_bytebuddy_implementation_Implementation_Factory.txt
insufficient_modularization,tn,15754,net.bytebuddy.description.method.MethodDescription.TypeToken,0,0,net_bytebuddy_description_method_MethodDescription_TypeToken.txt
insufficient_modularization,tn,619,org.jsoup.helper.RequestDispatch,0,0,org_jsoup_helper_RequestDispatch.txt
insufficient_modularization,tp,9717,com.github.javaparser.ast.visitor.HashCodeVisitor,1,1,com_github_javaparser_ast_visitor_HashCodeVisitor.txt
insufficient_modularization,fp,9603,com.github.javaparser.ast.Node.DirectChildrenIterator,0,1,com_github_javaparser_ast_Node_DirectChildrenIterator.txt
insufficient_modularization,tn,1262,com.github.javaparser.javadoc.JavadocBlockTag.Type,0,0,com_github_javaparser_javadoc_JavadocBlockTag_Type.txt
insufficient_modularization,tn,384,org.adoptopenjdk.jitwatch.ui.report.ReportStageType,0,0,org_adoptopenjdk_jitwatch_ui_report_ReportStageType.txt
insufficient_modularization,tn,66815,net.bytebuddy.description.type.TypeDescription.ForLoadedReturnType,0,0,net_bytebuddy_description_type_TypeDescription_ForLoadedReturnType.txt
insufficient_modularization,tp,13730,com.github.javaparser.resolution.logic.MethodResolutionLogic,1,1,com_github_javaparser_resolution_logic_MethodResolutionLogic.txt
insufficient_modularization,tn,1628,org.apache.commons.io.output.NullWriter,0,0,org_apache_commons_io_output_NullWriter.txt
insufficient_modularization,fn,1280,com.github.javaparser.symbolsolver.javassistmodel.JavassistMethodDeclaration,1,0,com_github_javaparser_symbolsolver_javassistmodel_JavassistMethodDeclaration.txt
insufficient_modularization,tn,5888,net.bytebuddy.dynamic.loading.ClassLoadingStrategy.WrappingDispatcher,0,0,net_bytebuddy_dynamic_loading_ClassLoadingStrategy_WrappingDispatcher.txt
insufficient_modularization,fp,2115,org.adoptopenjdk.jitwatch.ui.nmethod.NMethodInfo,0,1,org_adoptopenjdk_jitwatch_ui_nmethod_NMethodInfo.txt
insufficient_modularization,tn,680,com.google.zxing.qrcode.decoder.ErrorCorrectionLevel,0,0,com_google_zxing_qrcode_decoder_ErrorCorrectionLevel.txt
insufficient_modularization,tn,14348,net.bytebuddy.dynamic.scaffold.MethodGraph.Node,0,0,net_bytebuddy_dynamic_scaffold_MethodGraph_Node.txt
insufficient_modularization,tp,3909,com.github.javaparser.symbolsolver.javaparsermodel.declarations.JavaParserClassDeclaration,1,1,com_github_javaparser_symbolsolver_javaparsermodel_declarations_JavaParserClassDeclaration.txt
insufficient_modularization,fp,15284,org.apache.commons.lang3.Strings.CiStrings,0,1,org_apache_commons_lang3_Strings_CiStrings.txt
insufficient_modularization,tn,5611,net.bytebuddy.build.gradle.android.ByteBuddyAndroidPlugin.AttributeMatchingStrategyConfigurationAction,0,0,net_bytebuddy_build_gradle_android_ByteBuddyAndroidPlugin_AttributeMatchingStrategyConfigurationAction.txt
insufficient_modularization,tn,1975,com.google.zxing.EncodeHintType,0,0,com_google_zxing_EncodeHintType.txt
insufficient_modularization,tn,2105,net.bytebuddy.asm.MemberRemoval.MemberRemovingClassVisitor,0,0,net_bytebuddy_asm_MemberRemoval_MemberRemovingClassVisitor.txt
insufficient_modularization,tn,1377,org.jsoup.helper.CookieUtil,0,0,org_jsoup_helper_CookieUtil.txt
insufficient_modularization,fp,48253,net.bytebuddy.dynamic.scaffold.TypeWriter.WithDrain,0,1,net_bytebuddy_dynamic_scaffold_TypeWriter_WithDrain.txt
insufficient_modularization,tn,1144,com.github.javaparser.symbolsolver.javaparsermodel.contexts.ArrayAccessExprContext,0,0,com_github_javaparser_symbolsolver_javaparsermodel_contexts_ArrayAccessExprContext.txt
insufficient_modularization,tn,12090,net.bytebuddy.utility.dispatcher.JavaDispatcher.ForInstanceCheck,0,0,net_bytebuddy_utility_dispatcher_JavaDispatcher_ForInstanceCheck.txt
insufficient_modularization,fn,2086,com.github.javaparser.ast.type.PrimitiveType,1,0,com_github_javaparser_ast_type_PrimitiveType.txt
insufficient_modularization,tn,4969,net.bytebuddy.utility.AsmClassWriter.Suppressing,0,0,net_bytebuddy_utility_AsmClassWriter_Suppressing.txt
insufficient_modularization,fn,3236,org.apache.commons.lang3.mutable.MutableFloat,1,0,org_apache_commons_lang3_mutable_MutableFloat.txt
insufficient_modularization,tn,570,net.bytebuddy.utility.privilege.GetSystemPropertyAction,0,0,net_bytebuddy_utility_privilege_GetSystemPropertyAction.txt
insufficient_modularization,fp,13962,net.bytebuddy.agent.ByteBuddyAgent.AgentProvider,0,1,net_bytebuddy_agent_ByteBuddyAgent_AgentProvider.txt
insufficient_modularization,fp,34078,net.bytebuddy.build.Plugin.Source,0,1,net_bytebuddy_build_Plugin_Source.txt
insufficient_modularization,tn,1022,net.bytebuddy.utility.StreamDrainer,0,0,net_bytebuddy_utility_StreamDrainer.txt
insufficient_modularization,tn,334,com.github.javaparser.javasymbolsolver.javassist.symbols.main.jar.InterfaceUserOwnJar,0,0,com_github_javaparser_javasymbolsolver_javassist_symbols_main_jar_InterfaceUserOwnJar.txt
insufficient_modularization,fp,937,net.bytebuddy.build.maven.Initialization,0,1,net_bytebuddy_build_maven_Initialization.txt
insufficient_modularization,tn,1208,net.bytebuddy.implementation.attribute.AnnotationValueFilter,0,0,net_bytebuddy_implementation_attribute_AnnotationValueFilter.txt
insufficient_modularization,tn,312,main.Clazz.MyEnum,0,0,main_Clazz_MyEnum.txt
insufficient_modularization,fp,73355,net.bytebuddy.asm.MemberSubstitution.Sort,0,1,net_bytebuddy_asm_MemberSubstitution_Sort.txt
insufficient_modularization,tn,17484,net.bytebuddy.implementation.Implementation.FrameGeneration,0,0,net_bytebuddy_implementation_Implementation_FrameGeneration.txt
insufficient_modularization,fp,3038,com.github.javaparser.printer.lexicalpreservation.ReshuffledDiffElementExtractor.MatchClassification,0,1,com_github_javaparser_printer_lexicalpreservation_ReshuffledDiffElementExtractor_MatchClassification.txt
insufficient_modularization,fp,4804,net.bytebuddy.build.HashCodeAndEqualsPlugin.Sort,0,1,net_bytebuddy_build_HashCodeAndEqualsPlugin_Sort.txt
insufficient_modularization,fp,2043,org.adoptopenjdk.jitwatch.ui.Dialogs.Dialog,0,1,org_adoptopenjdk_jitwatch_ui_Dialogs_Dialog.txt
insufficient_modularization,tn,661,org.apache.commons.lang3.exception.CloneFailedException,0,0,org_apache_commons_lang3_exception_CloneFailedException.txt
insufficient_modularization,tn,731,com.github.javaparser.metamodel.TypeParameterMetaModel,0,0,com_github_javaparser_metamodel_TypeParameterMetaModel.txt
insufficient_modularization,fp,1452,com.google.zxing.datamatrix.decoder.DataBlock,0,1,com_google_zxing_datamatrix_decoder_DataBlock.txt
insufficient_modularization,tn,728,net.bytebuddy.description.modifier.Ownership,0,0,net_bytebuddy_description_modifier_Ownership.txt
insufficient_modularization,fp,15755,net.bytebuddy.description.method.MethodDescription.ForLoadedExecutable,0,1,net_bytebuddy_description_method_MethodDescription_ForLoadedExecutable.txt
insufficient_modularization,fp,12091,net.bytebuddy.utility.dispatcher.JavaDispatcher.CreationAction,0,1,net_bytebuddy_utility_dispatcher_JavaDispatcher_CreationAction.txt
insufficient_modularization,tn,530,org.adoptopenjdk.jitwatch.parser.ParserFactory,0,0,org_adoptopenjdk_jitwatch_parser_ParserFactory.txt
insufficient_modularization,tn,2390,org.apache.commons.io.output.ProxyOutputStream,0,0,org_apache_commons_io_output_ProxyOutputStream.txt
insufficient_modularization,tp,3167,org.adoptopenjdk.jitwatch.util.StringUtil,1,1,org_adoptopenjdk_jitwatch_util_StringUtil.txt
insufficient_modularization,fn,2442,com.github.javaparser.Range,1,0,com_github_javaparser_Range.txt
insufficient_modularization,fp,2452,com.google.googlejavaformat.java.Main,0,1,com_google_googlejavaformat_java_Main.txt
insufficient_modularization,fp,5238,net.bytebuddy.dynamic.loading.PackageDefinitionStrategy,0,1,net_bytebuddy_dynamic_loading_PackageDefinitionStrategy.txt
insufficient_modularization,tn,768,org.apache.commons.io.monitor.FileAlterationListener,0,0,org_apache_commons_io_monitor_FileAlterationListener.txt
insufficient_modularization,tn,524,com.github.javaparser.ast.validator.postprocessors.Java17PostProcessor,0,0,com_github_javaparser_ast_validator_postprocessors_Java17PostProcessor.txt
insufficient_modularization,tn,3670,org.apache.commons.io.output.FileWriterWithEncoding.Builder,0,0,org_apache_commons_io_output_FileWriterWithEncoding_Builder.txt
insufficient_modularization,tn,8922,org.apache.commons.lang3.time.FastDateParser.NumberStrategy,0,0,org_apache_commons_lang3_time_FastDateParser_NumberStrategy.txt
insufficient_modularization,fn,5709,org.apache.commons.lang3.time.FastDateFormat,1,0,org_apache_commons_lang3_time_FastDateFormat.txt
insufficient_modularization,tn,696,com.github.javaparser.ast.validator.language.level.validations.Java16Validator,0,0,com_github_javaparser_ast_validator_language_level_validations_Java16Validator.txt
insufficient_modularization,tn,1033,com.google.zxing.client.result.AddressBookDoCoMoResultParser,0,0,com_google_zxing_client_result_AddressBookDoCoMoResultParser.txt
insufficient_modularization,fn,4442,com.google.zxing.common.BitMatrix,1,0,com_google_zxing_common_BitMatrix.txt
insufficient_modularization,tn,73355,net.bytebuddy.asm.MemberSubstitution.Source,0,0,net_bytebuddy_asm_MemberSubstitution_Source.txt
insufficient_modularization,tn,1368,com.github.javaparser.utils.Log.StandardOutStandardErrorAdapter,0,0,com_github_javaparser_utils_Log_StandardOutStandardErrorAdapter.txt
insufficient_modularization,tn,345,com.google.gson.internal.TroubleshootingGuide,0,0,com_google_gson_internal_TroubleshootingGuide.txt
insufficient_modularization,fp,67303,net.bytebuddy.pool.TypePool.ForType,0,1,net_bytebuddy_pool_TypePool_ForType.txt
insufficient_modularization,tn,781,org.adoptopenjdk.jitwatch.process.compiler.CompilerJava,0,0,org_adoptopenjdk_jitwatch_process_compiler_CompilerJava.txt
insufficient_modularization,tn,427,(default package).InnerClassDotExpressions.InnerClass,0,0,(default package)_InnerClassDotExpressions_InnerClass.txt
insufficient_modularization,tn,806,com.google.zxing.client.j2se.MatrixToImageConfig,0,0,com_google_zxing_client_j2se_MatrixToImageConfig.txt
insufficient_modularization,tn,1248,net.bytebuddy.description.type.PackageDescription,0,0,net_bytebuddy_description_type_PackageDescription.txt
insufficient_modularization,fp,21485,net.bytebuddy.agent.VirtualMachine.SecurityAttributes,0,1,net_bytebuddy_agent_VirtualMachine_SecurityAttributes.txt
insufficient_modularization,fp,48255,net.bytebuddy.dynamic.scaffold.TypeWriter.ForImplicitRecordComponent,0,1,net_bytebuddy_dynamic_scaffold_TypeWriter_ForImplicitRecordComponent.txt
insufficient_modularization,tn,661,org.gradle.api.file.DirectoryProperty,0,0,org_gradle_api_file_DirectoryProperty.txt
insufficient_modularization,tn,2122,com.google.common.jimfs.JimfsFileStore,0,0,com_google_common_jimfs_JimfsFileStore.txt
insufficient_modularization,tn,6066,org.apache.commons.io.DirectoryWalker.CancelException,0,0,org_apache_commons_io_DirectoryWalker_CancelException.txt
insufficient_modularization,tn,1772,com.google.gson.TypeAdapterFactory,0,0,com_google_gson_TypeAdapterFactory.txt
insufficient_modularization,tn,1888,com.google.zxing.client.android.HttpHelper.ContentType,0,0,com_google_zxing_client_android_HttpHelper_ContentType.txt
insufficient_modularization,fp,4465,net.bytebuddy.benchmark.jmh.generated.ClassByImplementationBenchmark.benchmarkJavassist.jmhTest,0,1,net_bytebuddy_benchmark_jmh_generated_ClassByImplementationBenchmark_benchmarkJavassist_jmhTest.txt
insufficient_modularization,tp,2071,org.adoptopenjdk.jitwatch.parser.zing.ZingLine,1,1,org_adoptopenjdk_jitwatch_parser_zing_ZingLine.txt
insufficient_modularization,tn,844,org.apache.commons.io.ByteOrderParser,0,0,org_apache_commons_io_ByteOrderParser.txt
insufficient_modularization,tn,4577,net.bytebuddy.NamingStrategy.PrefixingRandom,0,0,net_bytebuddy_NamingStrategy_PrefixingRandom.txt
insufficient_modularization,fp,48254,net.bytebuddy.dynamic.scaffold.TypeWriter.BridgeTarget,0,1,net_bytebuddy_dynamic_scaffold_TypeWriter_BridgeTarget.txt
insufficient_modularization,tn,4896,net.bytebuddy.build.AccessControllerPlugin.Initializer,0,0,net_bytebuddy_build_AccessControllerPlugin_Initializer.txt
insufficient_modularization,fp,4065,org.jsoup.nodes.Entities,0,1,org_jsoup_nodes_Entities.txt
insufficient_modularization,tn,2058,net.bytebuddy.implementation.LoadedTypeInitializer.Compound,0,0,net_bytebuddy_implementation_LoadedTypeInitializer_Compound.txt
insufficient_modularization,tn,7950,net.bytebuddy.implementation.bind.MethodDelegationBinder.MethodInvoker,0,0,net_bytebuddy_implementation_bind_MethodDelegationBinder_MethodInvoker.txt
insufficient_modularization,fp,1753,com.github.javaparser.serialization.JavaParserJsonSerializer,0,1,com_github_javaparser_serialization_JavaParserJsonSerializer.txt
insufficient_modularization,tn,67305,net.bytebuddy.pool.TypePool.LazyAnnotationDescription,0,0,net_bytebuddy_pool_TypePool_LazyAnnotationDescription.txt
insufficient_modularization,tn,650,net.bytebuddy.matcher.FieldTypeMatcher,0,0,net_bytebuddy_matcher_FieldTypeMatcher.txt
insufficient_modularization,tn,6547,org.jsoup.select.Evaluator.IsNthLastOfType,0,0,org_jsoup_select_Evaluator_IsNthLastOfType.txt
insufficient_modularization,tp,13924,org.apache.commons.lang3.Validate,1,1,org_apache_commons_lang3_Validate.txt
insufficient_modularization,tn,5097,net.bytebuddy.benchmark.ClassByExtensionBenchmark.ByteBuddyPrefixInterceptor,0,0,net_bytebuddy_benchmark_ClassByExtensionBenchmark_ByteBuddyPrefixInterceptor.txt
insufficient_modularization,tn,1390,com.github.javaparser.printer.lexicalpreservation.TextElementIteratorsFactory.EmptyIterator,0,0,com_github_javaparser_printer_lexicalpreservation_TextElementIteratorsFactory_EmptyIterator.txt
insufficient_modularization,tn,761,com.github.javaparser.symbolsolver.resolution.typeinference.Instantiation,0,0,com_github_javaparser_symbolsolver_resolution_typeinference_Instantiation.txt
insufficient_modularization,tn,748,com.google.zxing.client.android.history.HistoryItemAdapter,0,0,com_google_zxing_client_android_history_HistoryItemAdapter.txt
insufficient_modularization,tn,21485,net.bytebuddy.agent.VirtualMachine.AbstractBase,0,0,net_bytebuddy_agent_VirtualMachine_AbstractBase.txt
insufficient_modularization,tn,6546,org.jsoup.select.Evaluator.IsLastOfType,0,0,org_jsoup_select_Evaluator_IsLastOfType.txt
insufficient_modularization,fp,5542,net.bytebuddy.build.gradle.AbstractByteBuddyTask.TransformationLogger,0,1,net_bytebuddy_build_gradle_AbstractByteBuddyTask_TransformationLogger.txt
insufficient_modularization,tn,739,net.bytebuddy.implementation.bytecode.Addition,0,0,net_bytebuddy_implementation_bytecode_Addition.txt
insufficient_modularization,fp,16178,net.bytebuddy.dynamic.ClassFileLocator.Initializable,0,1,net_bytebuddy_dynamic_ClassFileLocator_Initializable.txt
insufficient_modularization,tn,763,net.bytebuddy.implementation.bytecode.member.HandleInvocation,0,0,net_bytebuddy_implementation_bytecode_member_HandleInvocation.txt
insufficient_modularization,tn,4007,net.bytebuddy.implementation.attribute.MethodAttributeAppender.ForInstrumentedMethod,0,0,net_bytebuddy_implementation_attribute_MethodAttributeAppender_ForInstrumentedMethod.txt
insufficient_modularization,tp,1759,com.github.javaparser.ast.visitor.VoidVisitor,1,1,com_github_javaparser_ast_visitor_VoidVisitor.txt
insufficient_modularization,fp,11247,net.bytebuddy.build.maven.ByteBuddyMojo.FromClassLoader,0,1,net_bytebuddy_build_maven_ByteBuddyMojo_FromClassLoader.txt
insufficient_modularization,tn,709,com.github.javaparser.metamodel.LineCommentMetaModel,0,0,com_github_javaparser_metamodel_LineCommentMetaModel.txt
insufficient_modularization,tn,1072,org.apache.commons.io.file.SimplePathVisitor,0,0,org_apache_commons_io_file_SimplePathVisitor.txt
insufficient_modularization,tn,942,org.apache.commons.io.input.TimestampedObserver,0,0,org_apache_commons_io_input_TimestampedObserver.txt
insufficient_modularization,tn,1296,net.bytebuddy.implementation.MethodAccessorFactory,0,0,net_bytebuddy_implementation_MethodAccessorFactory.txt
insufficient_modularization,tn,1046,org.apache.commons.io.comparator.LastModifiedFileComparator,0,0,org_apache_commons_io_comparator_LastModifiedFileComparator.txt
insufficient_modularization,tn,4655,net.bytebuddy.description.ModifierReviewable.ForParameterDescription,0,0,net_bytebuddy_description_ModifierReviewable_ForParameterDescription.txt
insufficient_modularization,tn,601,(default package).PolymorphismTest.Quarter,0,0,(default package)_PolymorphismTest_Quarter.txt
insufficient_modularization,tn,1645,org.apache.commons.lang3.CachedRandomBits,0,0,org_apache_commons_lang3_CachedRandomBits.txt
insufficient_modularization,tn,1543,com.github.javaparser.ast.expr.CastExpr,0,0,com_github_javaparser_ast_expr_CastExpr.txt
insufficient_modularization,tn,6699,com.google.common.jimfs.Configuration.WindowsHolder,0,0,com_google_common_jimfs_Configuration_WindowsHolder.txt
insufficient_modularization,tn,20309,net.bytebuddy.implementation.MethodDelegation.ForStaticMethod,0,0,net_bytebuddy_implementation_MethodDelegation_ForStaticMethod.txt
insufficient_modularization,fp,4528,net.bytebuddy.benchmark.jmh.generated.SuperClassInvocationBenchmark.benchmarkByteBuddyWithProxy.jmhTest,0,1,net_bytebuddy_benchmark_jmh_generated_SuperClassInvocationBenchmark_benchmarkByteBuddyWithProxy_jmhTest.txt
insufficient_modularization,tn,744,net.bytebuddy.implementation.bytecode.TypeCreation,0,0,net_bytebuddy_implementation_bytecode_TypeCreation.txt
insufficient_modularization,fp,48253,net.bytebuddy.dynamic.scaffold.TypeWriter.ForInterface,0,1,net_bytebuddy_dynamic_scaffold_TypeWriter_ForInterface.txt
insufficient_modularization,fp,1995,com.github.javaparser.symbolsolver.SourceFileInfoExtractor,0,1,com_github_javaparser_symbolsolver_SourceFileInfoExtractor.txt
insufficient_modularization,tn,300,issue241.TypeWithMemberType.MemberInterface,0,0,issue241_TypeWithMemberType_MemberInterface.txt
insufficient_modularization,tp,5342,com.google.common.jimfs.RegularFile,1,1,com_google_common_jimfs_RegularFile.txt
insufficient_modularization,tn,2081,com.github.javaparser.utils.VisitorList.EqualsHashcodeOverridingFacade,0,0,com_github_javaparser_utils_VisitorList_EqualsHashcodeOverridingFacade.txt
insufficient_modularization,tn,23888,net.bytebuddy.implementation.InvokeDynamic.ForInterceptedMethodParameters,0,0,net_bytebuddy_implementation_InvokeDynamic_ForInterceptedMethodParameters.txt
insufficient_modularization,tn,14349,net.bytebuddy.dynamic.scaffold.MethodGraph.NodeList,0,0,net_bytebuddy_dynamic_scaffold_MethodGraph_NodeList.txt
insufficient_modularization,tn,67304,net.bytebuddy.pool.TypePool.ForAnnotationValue,0,0,net_bytebuddy_pool_TypePool_ForAnnotationValue.txt
insufficient_modularization,tn,465,(default package).TestInner,0,0,(default package)_TestInner.txt
insufficient_modularization,tn,1240,org.apache.commons.io.input.BrokenReader,0,0,org_apache_commons_io_input_BrokenReader.txt
insufficient_modularization,fp,2737,org.adoptopenjdk.jitwatch.ui.main.ClassMemberList,0,1,org_adoptopenjdk_jitwatch_ui_main_ClassMemberList.txt
insufficient_modularization,fp,3478,com.github.javaparser.symbolsolver.resolution.typeinference.ControlFlowLogic,0,1,com_github_javaparser_symbolsolver_resolution_typeinference_ControlFlowLogic.txt
insufficient_modularization,tn,1645,org.apache.commons.lang3.concurrent.LazyInitializer,0,0,org_apache_commons_lang3_concurrent_LazyInitializer.txt
insufficient_modularization,tn,667,org.apache.commons.lang3.text.FormatFactory,0,0,org_apache_commons_lang3_text_FormatFactory.txt
insufficient_modularization,tp,6297,com.google.common.jimfs.FileSystemView,1,1,com_google_common_jimfs_FileSystemView.txt
insufficient_modularization,fp,16178,net.bytebuddy.dynamic.ClassFileLocator.NoOp,0,1,net_bytebuddy_dynamic_ClassFileLocator_NoOp.txt
insufficient_modularization,tn,1250,net.bytebuddy.description.type.PackageDescription.AbstractBase,0,0,net_bytebuddy_description_type_PackageDescription_AbstractBase.txt
insufficient_modularization,fp,6546,org.jsoup.select.Evaluator.IsFirstOfType,0,1,org_jsoup_select_Evaluator_IsFirstOfType.txt
insufficient_modularization,tn,1311,com.google.googlejavaformat.java.DimensionHelpers.TypeWithDims,0,0,com_google_googlejavaformat_java_DimensionHelpers_TypeWithDims.txt
insufficient_modularization,tn,5403,com.github.javaparser.JavaToken.Kind,0,0,com_github_javaparser_JavaToken_Kind.txt
insufficient_modularization,tn,21486,net.bytebuddy.agent.VirtualMachine.UsingStat,0,0,net_bytebuddy_agent_VirtualMachine_UsingStat.txt
insufficient_modularization,tn,1459,org.apache.commons.io.input.CountingInputStream,0,0,org_apache_commons_io_input_CountingInputStream.txt
insufficient_modularization,fp,66815,net.bytebuddy.description.type.TypeDescription.LazyInterfaceList,0,1,net_bytebuddy_description_type_TypeDescription_LazyInterfaceList.txt
insufficient_modularization,tn,1219,com.google.common.jimfs.JimfsInputStream,0,0,com_google_common_jimfs_JimfsInputStream.txt
insufficient_modularization,tn,815,com.github.javaparser.symbolsolver.cache.NoCache,0,0,com_github_javaparser_symbolsolver_cache_NoCache.txt
insufficient_modularization,tn,580,com.github.javaparser.symbolsolver.core.resolution.MethodUsageResolutionCapability,0,0,com_github_javaparser_symbolsolver_core_resolution_MethodUsageResolutionCapability.txt
insufficient_modularization,tp,17104,org.apache.commons.io.FilenameUtils,1,1,org_apache_commons_io_FilenameUtils.txt
insufficient_modularization,tn,7883,net.bytebuddy.implementation.bind.annotation.Binder.FieldSetter,0,0,net_bytebuddy_implementation_bind_annotation_Binder_FieldSetter.txt
insufficient_modularization,fp,66814,net.bytebuddy.description.type.TypeDescription.ForTypeVariable,0,1,net_bytebuddy_description_type_TypeDescription_ForTypeVariable.txt
insufficient_modularization,tn,715,com.github.javaparser.metamodel.YieldStmtMetaModel,0,0,com_github_javaparser_metamodel_YieldStmtMetaModel.txt
insufficient_modularization,tn,3095,com.google.zxing.datamatrix.decoder.Version.ECBlocks,0,0,com_google_zxing_datamatrix_decoder_Version_ECBlocks.txt
insufficient_modularization,tn,500,com.github.javaparser.resolution.Resolvable,0,0,com_github_javaparser_resolution_Resolvable.txt
insufficient_modularization,fp,16177,net.bytebuddy.dynamic.ClassFileLocator.Illegal,0,1,net_bytebuddy_dynamic_ClassFileLocator_Illegal.txt
insufficient_modularization,tn,697,com.github.javaparser.ast.validator.language.level.validations.chunks.NoBinaryIntegerLiteralsValidator,0,0,com_github_javaparser_ast_validator_language_level_validations_chunks_NoBinaryIntegerLiteralsValidator.txt
insufficient_modularization,tn,67304,net.bytebuddy.pool.TypePool.ForAnnotationProperty,0,0,net_bytebuddy_pool_TypePool_ForAnnotationProperty.txt
insufficient_modularization,tn,11289,net.bytebuddy.implementation.FieldAccessor.Prepared,0,0,net_bytebuddy_implementation_FieldAccessor_Prepared.txt
insufficient_modularization,fp,48253,net.bytebuddy.dynamic.scaffold.TypeWriter.MethodPool,0,1,net_bytebuddy_dynamic_scaffold_TypeWriter_MethodPool.txt
insufficient_modularization,tn,1526,com.google.gson.FormattingStyle,0,0,com_google_gson_FormattingStyle.txt
insufficient_modularization,tn,3790,org.apache.commons.io.output.AbstractByteArrayOutputStream.InputStreamConstructor,0,0,org_apache_commons_io_output_AbstractByteArrayOutputStream_InputStreamConstructor.txt
insufficient_modularization,tn,2390,net.bytebuddy.description.modifier.ModifierContributor.ForType,0,0,net_bytebuddy_description_modifier_ModifierContributor_ForType.txt
insufficient_modularization,fp,1774,org.jsoup.helper.HttpClientExecutor,0,1,org_jsoup_helper_HttpClientExecutor.txt
insufficient_modularization,tn,1170,org.apache.commons.io.input.ByteBufferCleaner,0,0,org_apache_commons_io_input_ByteBufferCleaner.txt
insufficient_modularization,fp,73357,net.bytebuddy.asm.MemberSubstitution.OfOriginalExpression,0,1,net_bytebuddy_asm_MemberSubstitution_OfOriginalExpression.txt
insufficient_modularization,tn,686,net.bytebuddy.description.modifier.ParameterManifestation,0,0,net_bytebuddy_description_modifier_ParameterManifestation.txt
insufficient_modularization,tp,2648,com.github.javaparser.resolution.Navigator,1,1,com_github_javaparser_resolution_Navigator.txt
insufficient_modularization,tp,7663,org.apache.commons.lang3.builder.HashCodeBuilder,1,1,org_apache_commons_lang3_builder_HashCodeBuilder.txt
insufficient_modularization,tn,5612,net.bytebuddy.implementation.bind.annotation.TargetMethodAnnotationDrivenBinder.Handler,0,0,net_bytebuddy_implementation_bind_annotation_TargetMethodAnnotationDrivenBinder_Handler.txt
insufficient_modularization,tn,1534,net.bytebuddy.description.TypeVariableSource.Visitor,0,0,net_bytebuddy_description_TypeVariableSource_Visitor.txt
insufficient_modularization,tp,39751,com.github.javaparser.GeneratedJavaParserTokenManager,1,1,com_github_javaparser_GeneratedJavaParserTokenManager.txt
insufficient_modularization,tn,1416,com.google.gson.internal.Streams,0,0,com_google_gson_internal_Streams.txt
insufficient_modularization,tn,569,net.bytebuddy.implementation.bytecode.Throw,0,0,net_bytebuddy_implementation_bytecode_Throw.txt
insufficient_modularization,tn,4006,net.bytebuddy.implementation.attribute.MethodAttributeAppender.OnMethodParameter,0,0,net_bytebuddy_implementation_attribute_MethodAttributeAppender_OnMethodParameter.txt
insufficient_modularization,tn,1715,com.github.javaparser.ast.stmt.AssertStmt,0,0,com_github_javaparser_ast_stmt_AssertStmt.txt
insufficient_modularization,tp,3100,com.github.javaparser.ast.type.Type,1,1,com_github_javaparser_ast_type_Type.txt
insufficient_modularization,tn,557,org.jsoup.parser.ParseErrorList,0,0,org_jsoup_parser_ParseErrorList.txt
insufficient_modularization,tn,2315,org.apache.commons.io.input.QueueInputStream.Builder,0,0,org_apache_commons_io_input_QueueInputStream_Builder.txt
insufficient_modularization,tn,1100,com.google.common.jimfs.FileFactory.SymbolicLinkSupplier,0,0,com_google_common_jimfs_FileFactory_SymbolicLinkSupplier.txt
insufficient_modularization,tn,1577,net.bytebuddy.dynamic.loading.InjectionClassLoader,0,0,net_bytebuddy_dynamic_loading_InjectionClassLoader.txt
insufficient_modularization,tn,5780,net.bytebuddy.implementation.auxiliary.TypeProxy.ForSuperMethodByConstructor,0,0,net_bytebuddy_implementation_auxiliary_TypeProxy_ForSuperMethodByConstructor.txt
insufficient_modularization,tp,3656,com.google.zxing.oned.rss.expanded.decoders.GeneralAppIdDecoder,1,1,com_google_zxing_oned_rss_expanded_decoders_GeneralAppIdDecoder.txt
insufficient_modularization,fp,34080,net.bytebuddy.build.Plugin.Ambiguous,0,1,net_bytebuddy_build_Plugin_Ambiguous.txt
insufficient_modularization,tp,15130,com.github.javaparser.ast.visitor.NodeFinderVisitor,1,1,com_github_javaparser_ast_visitor_NodeFinderVisitor.txt
insufficient_modularization,fp,680,org.adoptopenjdk.jitwatch.ui.viewer.TextViewerStage,0,1,org_adoptopenjdk_jitwatch_ui_viewer_TextViewerStage.txt
insufficient_modularization,fp,7335,org.apache.commons.lang3.text.WordUtils,0,1,org_apache_commons_lang3_text_WordUtils.txt
insufficient_modularization,tn,505,com.google.zxing.client.android.encode.Formatter,0,0,com_google_zxing_client_android_encode_Formatter.txt
insufficient_modularization,fp,1252,com.github.javaparser.printer.concretesyntaxmodel.CsmList,0,1,com_github_javaparser_printer_concretesyntaxmodel_CsmList.txt
insufficient_modularization,tn,1916,org.apache.commons.lang3.ArrayFill,0,0,org_apache_commons_lang3_ArrayFill.txt
insufficient_modularization,tn,2043,org.adoptopenjdk.jitwatch.ui.Dialogs.Response,0,0,org_adoptopenjdk_jitwatch_ui_Dialogs_Response.txt
insufficient_modularization,tn,4016,net.bytebuddy.dynamic.scaffold.inline.MethodRebaseResolver.Default,0,0,net_bytebuddy_dynamic_scaffold_inline_MethodRebaseResolver_Default.txt
insufficient_modularization,tp,99068,org.apache.commons.lang3.ArrayUtils,1,1,org_apache_commons_lang3_ArrayUtils.txt
insufficient_modularization,tn,5611,net.bytebuddy.build.gradle.android.ByteBuddyAndroidPlugin.GetProjectJarsFunction,0,0,net_bytebuddy_build_gradle_android_ByteBuddyAndroidPlugin_GetProjectJarsFunction.txt
insufficient_modularization,fp,73357,net.bytebuddy.asm.MemberSubstitution.ForThisReference,0,1,net_bytebuddy_asm_MemberSubstitution_ForThisReference.txt
insufficient_modularization,tn,1756,com.github.javaparser.serialization.JavaParserJsonSerializer.JsonTokenRange,0,0,com_github_javaparser_serialization_JavaParserJsonSerializer_JsonTokenRange.txt
insufficient_modularization,fp,4656,net.bytebuddy.description.ModifierReviewable.OfByteCodeElement,0,1,net_bytebuddy_description_ModifierReviewable_OfByteCodeElement.txt
insufficient_modularization,tn,67307,net.bytebuddy.pool.TypePool.LazyNonGenericReceiverType,0,0,net_bytebuddy_pool_TypePool_LazyNonGenericReceiverType.txt
insufficient_modularization,fp,66814,net.bytebuddy.description.type.TypeDescription.ForErasure,0,1,net_bytebuddy_description_type_TypeDescription_ForErasure.txt
insufficient_modularization,tn,1772,com.google.zxing.client.result.VINResultParser,0,0,com_google_zxing_client_result_VINResultParser.txt
insufficient_modularization,fp,63018,net.bytebuddy.dynamic.DynamicType.MethodDefinition,0,1,net_bytebuddy_dynamic_DynamicType_MethodDefinition.txt
insufficient_modularization,tn,1828,org.apache.commons.lang3.tuple.ImmutablePair,0,0,org_apache_commons_lang3_tuple_ImmutablePair.txt
insufficient_modularization,tn,6134,org.apache.commons.lang3.time.StopWatch.State,0,0,org_apache_commons_lang3_time_StopWatch_State.txt
insufficient_modularization,tn,1498,com.google.googlejavaformat.Newlines.LineIterator,0,0,com_google_googlejavaformat_Newlines_LineIterator.txt
insufficient_modularization,tn,569,org.apache.commons.lang3.function.FailableCallable,0,0,org_apache_commons_lang3_function_FailableCallable.txt
insufficient_modularization,tn,705,net.bytebuddy.matcher.CollectionErasureMatcher,0,0,net_bytebuddy_matcher_CollectionErasureMatcher.txt
insufficient_modularization,tn,964,com.github.javaparser.symbolsolver.javaparsermodel.contexts.ForEachStatementContext,0,0,com_github_javaparser_symbolsolver_javaparsermodel_contexts_ForEachStatementContext.txt
insufficient_modularization,fp,5388,org.apache.commons.lang3.ThreadUtils.AlwaysTruePredicate,0,1,org_apache_commons_lang3_ThreadUtils_AlwaysTruePredicate.txt
insufficient_modularization,tn,9964,org.jsoup.Connection.KeyVal,0,0,org_jsoup_Connection_KeyVal.txt
insufficient_modularization,fp,23483,net.bytebuddy.dynamic.loading.ClassInjector.UsingReflection,0,1,net_bytebuddy_dynamic_loading_ClassInjector_UsingReflection.txt
insufficient_modularization,tn,285,foo.B,0,0,foo_B.txt
insufficient_modularization,tp,3787,com.github.javaparser.GeneratedJavaParserBase,1,1,com_github_javaparser_GeneratedJavaParserBase.txt
insufficient_modularization,fp,3838,net.bytebuddy.build.CachedReturnPlugin.AdviceResolver,0,1,net_bytebuddy_build_CachedReturnPlugin_AdviceResolver.txt
insufficient_modularization,tp,16453,com.google.gson.Gson,1,1,com_google_gson_Gson.txt
insufficient_modularization,fp,5606,net.bytebuddy.build.gradle.android.ByteBuddyAndroidPlugin,0,1,net_bytebuddy_build_gradle_android_ByteBuddyAndroidPlugin.txt
insufficient_modularization,tn,597,com.google.zxing.aztec.encoder.SimpleToken,0,0,com_google_zxing_aztec_encoder_SimpleToken.txt
insufficient_modularization,fn,2427,net.bytebuddy.build.gradle.android.ByteBuddyAndroidTaskExtension,1,0,net_bytebuddy_build_gradle_android_ByteBuddyAndroidTaskExtension.txt
insufficient_modularization,tn,1569,org.apache.commons.io.filefilter.SymbolicLinkFileFilter,0,0,org_apache_commons_io_filefilter_SymbolicLinkFileFilter.txt
insufficient_modularization,tn,1074,org.apache.commons.io.file.SimplePathVisitor.AbstractBuilder,0,0,org_apache_commons_io_file_SimplePathVisitor_AbstractBuilder.txt
insufficient_modularization,fp,73355,net.bytebuddy.asm.MemberSubstitution.Step,0,1,net_bytebuddy_asm_MemberSubstitution_Step.txt
insufficient_modularization,tn,2722,net.bytebuddy.dynamic.scaffold.FieldRegistry.Compiled,0,0,net_bytebuddy_dynamic_scaffold_FieldRegistry_Compiled.txt
insufficient_modularization,fp,2493,org.apache.commons.io.file.Counters.BigIntegerCounter,0,1,org_apache_commons_io_file_Counters_BigIntegerCounter.txt
insufficient_modularization,tn,1886,net.bytebuddy.description.ByteCodeElement.TokenList,0,0,net_bytebuddy_description_ByteCodeElement_TokenList.txt
insufficient_modularization,tn,34080,net.bytebuddy.build.Plugin.WithPreprocessor,0,0,net_bytebuddy_build_Plugin_WithPreprocessor.txt
insufficient_modularization,tn,719,com.google.zxing.client.j2se.EncoderConfig,0,0,com_google_zxing_client_j2se_EncoderConfig.txt
insufficient_modularization,fp,6697,com.google.common.jimfs.Configuration,0,1,com_google_common_jimfs_Configuration.txt
insufficient_modularization,tn,1810,net.bytebuddy.implementation.bytecode.ByteCodeAppender.Compound,0,0,net_bytebuddy_implementation_bytecode_ByteCodeAppender_Compound.txt
insufficient_modularization,fp,1434,com.google.zxing.client.android.history.HistoryActivity,0,1,com_google_zxing_client_android_history_HistoryActivity.txt
insufficient_modularization,tn,580,(default package).MegamorphicBypass.Quarter,0,0,(default package)_MegamorphicBypass_Quarter.txt
insufficient_modularization,tn,4005,net.bytebuddy.implementation.attribute.MethodAttributeAppender.Explicit,0,0,net_bytebuddy_implementation_attribute_MethodAttributeAppender_Explicit.txt
insufficient_modularization,tn,2721,net.bytebuddy.dynamic.scaffold.FieldRegistry.Default,0,0,net_bytebuddy_dynamic_scaffold_FieldRegistry_Default.txt
insufficient_modularization,tn,66814,net.bytebuddy.description.type.TypeDescription.OfMethodParameter,0,0,net_bytebuddy_description_type_TypeDescription_OfMethodParameter.txt
insufficient_modularization,tn,1398,org.apache.commons.io.input.BoundedReader,0,0,org_apache_commons_io_input_BoundedReader.txt
insufficient_modularization,fp,23886,net.bytebuddy.implementation.InvokeDynamic.ForClassConstant,0,1,net_bytebuddy_implementation_InvokeDynamic_ForClassConstant.txt
insufficient_modularization,fp,4717,net.bytebuddy.benchmark.jmh.generated.ClassByExtensionBenchmark.benchmarkByteBuddyWithProxyAndReusedDelegatorWithTypePool.jmhTest,0,1,net_bytebuddy_benchmark_jmh_generated_ClassByExtensionBenchmark_benchmarkByteBuddyWithProxyAndReusedDelegatorWithTypePool_jmhTest.txt
insufficient_modularization,tn,642,com.google.zxing.pdf417.decoder.BarcodeMetadata,0,0,com_google_zxing_pdf417_decoder_BarcodeMetadata.txt
insufficient_modularization,tn,2802,org.apache.commons.io.input.NullReader,0,0,org_apache_commons_io_input_NullReader.txt
insufficient_modularization,tn,1030,org.adoptopenjdk.jitwatch.model.PackageManager,0,0,org_adoptopenjdk_jitwatch_model_PackageManager.txt
insufficient_modularization,fn,4151,com.google.gson.JsonElement,1,0,com_google_gson_JsonElement.txt
insufficient_modularization,fp,5029,net.bytebuddy.dynamic.loading.ModuleLayerFromSingleClassLoaderDecorator.ModuleDescriptor,0,1,net_bytebuddy_dynamic_loading_ModuleLayerFromSingleClassLoaderDecorator_ModuleDescriptor.txt
insufficient_modularization,fp,20734,net.bytebuddy.description.annotation.AnnotationValue.Loaded,0,1,net_bytebuddy_description_annotation_AnnotationValue_Loaded.txt
insufficient_modularization,tn,10899,org.apache.commons.lang3.time.FastDatePrinter.PaddedNumberField,0,0,org_apache_commons_lang3_time_FastDatePrinter_PaddedNumberField.txt
insufficient_modularization,tn,8922,org.apache.commons.lang3.time.FastDateParser.PatternStrategy,0,0,org_apache_commons_lang3_time_FastDateParser_PatternStrategy.txt
insufficient_modularization,tn,638,net.bytebuddy.implementation.bytecode.collection.CollectionFactory,0,0,net_bytebuddy_implementation_bytecode_collection_CollectionFactory.txt
insufficient_modularization,tn,737,org.apache.commons.io.function.IOSupplier,0,0,org_apache_commons_io_function_IOSupplier.txt
insufficient_modularization,tp,3158,org.adoptopenjdk.jitwatch.demo.MakeHotSpotLog,1,1,org_adoptopenjdk_jitwatch_demo_MakeHotSpotLog.txt
insufficient_modularization,tn,657,org.apache.commons.io.function.IORunnable,0,0,org_apache_commons_io_function_IORunnable.txt
insufficient_modularization,fn,2532,com.github.javaparser.ast.body.AnnotationMemberDeclaration,1,0,com_github_javaparser_ast_body_AnnotationMemberDeclaration.txt
insufficient_modularization,fn,1961,com.github.javaparser.metamodel.BaseNodeMetaModel,1,0,com_github_javaparser_metamodel_BaseNodeMetaModel.txt
insufficient_modularization,tn,25997,net.bytebuddy.implementation.MethodCall.OfInvokedMethod,0,0,net_bytebuddy_implementation_MethodCall_OfInvokedMethod.txt
insufficient_modularization,tn,974,com.google.zxing.client.android.PreferencesActivity,0,0,com_google_zxing_client_android_PreferencesActivity.txt
insufficient_modularization,tn,1261,net.bytebuddy.matcher.CachingMatcher.WithInlineEviction,0,0,net_bytebuddy_matcher_CachingMatcher_WithInlineEviction.txt
insufficient_modularization,tn,957,com.google.common.jimfs.UserLookupService,0,0,com_google_common_jimfs_UserLookupService.txt
insufficient_modularization,tp,7228,com.github.javaparser.ast.visitor.VoidVisitorAdapter,1,1,com_github_javaparser_ast_visitor_VoidVisitorAdapter.txt
insufficient_modularization,fp,73356,net.bytebuddy.asm.MemberSubstitution.Resolved,0,1,net_bytebuddy_asm_MemberSubstitution_Resolved.txt
insufficient_modularization,tn,1362,net.bytebuddy.build.gradle.ObjectFactory.ForApi4CapableGradle,0,0,net_bytebuddy_build_gradle_ObjectFactory_ForApi4CapableGradle.txt
insufficient_modularization,tn,10900,org.apache.commons.lang3.time.FastDatePrinter.TwoDigitYearField,0,0,org_apache_commons_lang3_time_FastDatePrinter_TwoDigitYearField.txt
insufficient_modularization,fp,4381,net.bytebuddy.benchmark.jmh.generated.ClassByImplementationBenchmark.baseline.jmhTest,0,1,net_bytebuddy_benchmark_jmh_generated_ClassByImplementationBenchmark_baseline_jmhTest.txt
insufficient_modularization,fp,73357,net.bytebuddy.asm.MemberSubstitution.ForElementMatcher,0,1,net_bytebuddy_asm_MemberSubstitution_ForElementMatcher.txt
insufficient_modularization,tn,948,com.google.gson.internal.sql.SqlTimeTypeAdapter,0,0,com_google_gson_internal_sql_SqlTimeTypeAdapter.txt
insufficient_modularization,tn,704,com.github.javaparser.metamodel.EmptyStmtMetaModel,0,0,com_github_javaparser_metamodel_EmptyStmtMetaModel.txt
insufficient_modularization,tn,4515,com.github.javaparser.symbolsolver.javaparsermodel.declarations.JavaParserEnumDeclaration.ValuesMethod,0,0,com_github_javaparser_symbolsolver_javaparsermodel_declarations_JavaParserEnumDeclaration_ValuesMethod.txt
insufficient_modularization,fp,5127,org.apache.commons.io.input.ReversedLinesFileReader,0,1,org_apache_commons_io_input_ReversedLinesFileReader.txt
insufficient_modularization,tn,291,foo.OtherClass,0,0,foo_OtherClass.txt
insufficient_modularization,fp,11291,net.bytebuddy.implementation.FieldAccessor.PropertyConfigurable,0,1,net_bytebuddy_implementation_FieldAccessor_PropertyConfigurable.txt
hublike_modularization,fp,73950,com.google.zxing.FormatException,0,1,com_google_zxing_FormatException.txt
hublike_modularization,tn,13795,org.adoptopenjdk.jitwatch.parser.j9.J9Line,0,0,org_adoptopenjdk_jitwatch_parser_j9_J9Line.txt
hublike_modularization,fp,26577,com.google.zxing.qrcode.decoder.Decoder,0,1,com_google_zxing_qrcode_decoder_Decoder.txt
hublike_modularization,tn,351,com.service.usage2.ServiceImplementation,0,0,com_service_usage2_ServiceImplementation.txt
hublike_modularization,fp,54373,net.bytebuddy.utility.JavaConstant.OfMethodTypeDesc,0,1,net_bytebuddy_utility_JavaConstant_OfMethodTypeDesc.txt
hublike_modularization,tn,4397,net.bytebuddy.benchmark.jmh.generated.ClassByImplementationBenchmark.benchmarkByteBuddy.jmhTest,0,0,net_bytebuddy_benchmark_jmh_generated_ClassByImplementationBenchmark_benchmarkByteBuddy_jmhTest.txt
hublike_modularization,tn,10065,org.apache.commons.io.build.AbstractOrigin.InputStreamOrigin,0,0,org_apache_commons_io_build_AbstractOrigin_InputStreamOrigin.txt
hublike_modularization,tn,9252,net.bytebuddy.build.HashCodeAndEqualsPlugin.WithNonNullableFields,0,0,net_bytebuddy_build_HashCodeAndEqualsPlugin_WithNonNullableFields.txt
hublike_modularization,tn,654,org.apache.commons.lang3.concurrent.UncheckedFutureImpl,0,0,org_apache_commons_lang3_concurrent_UncheckedFutureImpl.txt
hublike_modularization,fp,7098,net.bytebuddy.android.AndroidClassLoadingStrategy.Injecting,0,1,net_bytebuddy_android_AndroidClassLoadingStrategy_Injecting.txt
hublike_modularization,tn,9672,com.google.zxing.oned.Code128Writer.Latch,0,0,com_google_zxing_oned_Code128Writer_Latch.txt
hublike_modularization,tn,5225,com.google.zxing.client.result.WifiParsedResult,0,0,com_google_zxing_client_result_WifiParsedResult.txt
hublike_modularization,tn,8475,org.apache.commons.lang3.function.FailableBiPredicate,0,0,org_apache_commons_lang3_function_FailableBiPredicate.txt
hublike_modularization,fp,54372,net.bytebuddy.utility.JavaConstant.OfClassDesc,0,1,net_bytebuddy_utility_JavaConstant_OfClassDesc.txt
hublike_modularization,tn,49899,net.bytebuddy.build.Plugin.ForJarOutputStream,0,0,net_bytebuddy_build_Plugin_ForJarOutputStream.txt
hublike_modularization,tn,42295,org.apache.commons.io.CopyUtils,0,0,org_apache_commons_io_CopyUtils.txt
hublike_modularization,fp,4425,net.bytebuddy.benchmark.jmh.generated.ClassByImplementationBenchmark.benchmarkJdkProxy.jmhTest,0,1,net_bytebuddy_benchmark_jmh_generated_ClassByImplementationBenchmark_benchmarkJdkProxy_jmhTest.txt
hublike_modularization,tn,507,org.apache.commons.lang3.concurrent.UncheckedExecutionException,0,0,org_apache_commons_lang3_concurrent_UncheckedExecutionException.txt
hublike_modularization,fp,66713,net.bytebuddy.description.type.TypeDescription.OfAnnotatedElement,0,1,net_bytebuddy_description_type_TypeDescription_OfAnnotatedElement.txt
hublike_modularization,fp,2008,net.bytebuddy.dynamic.TypeResolutionStrategy.Passive,0,1,net_bytebuddy_dynamic_TypeResolutionStrategy_Passive.txt
hublike_modularization,tn,10843,net.bytebuddy.implementation.attribute.AnnotationAppender.OnField,0,0,net_bytebuddy_implementation_attribute_AnnotationAppender_OnField.txt
hublike_modularization,tn,326,com.service.definition.ServiceDefinition,0,0,com_service_definition_ServiceDefinition.txt
hublike_modularization,tn,434,com.google.zxing.datamatrix.encoder.DataMatrixSymbolInfo144,0,0,com_google_zxing_datamatrix_encoder_DataMatrixSymbolInfo144.txt
hublike_modularization,fp,36977,org.jsoup.helper.HttpConnection.Response,0,1,org_jsoup_helper_HttpConnection_Response.txt
hublike_modularization,tn,266,(default package).InnerClassContainer.InnerClass,0,0,(default package)_InnerClassContainer_InnerClass.txt
hublike_modularization,tn,340,com.packageName.InnerStaticClassFieldContainer,0,0,com_packageName_InnerStaticClassFieldContainer.txt
hublike_modularization,tn,8125,net.bytebuddy.implementation.attribute.FieldAttributeAppender.Compound,0,0,net_bytebuddy_implementation_attribute_FieldAttributeAppender_Compound.txt
hublike_modularization,tn,10828,com.google.zxing.common.DetectorResult,0,0,com_google_zxing_common_DetectorResult.txt
hublike_modularization,tn,5805,org.apache.commons.io.input.UncheckedFilterReader,0,0,org_apache_commons_io_input_UncheckedFilterReader.txt
hublike_modularization,tn,1451,org.jsoup.helper.Re2jRegex,0,0,org_jsoup_helper_Re2jRegex.txt
hublike_modularization,fp,17030,org.adoptopenjdk.jitwatch.model.assembly.AssemblyInstruction,0,1,org_adoptopenjdk_jitwatch_model_assembly_AssemblyInstruction.txt
hublike_modularization,tn,2304,com.github.javaparser.symbolsolver.resolution.promotion.BooleanConditionalExprHandler,0,0,com_github_javaparser_symbolsolver_resolution_promotion_BooleanConditionalExprHandler.txt
hublike_modularization,tn,360,(default package).HotThrow,0,0,(default package)_HotThrow.txt
hublike_modularization,tn,20343,org.apache.commons.io.comparator.ExtensionFileComparator,0,0,org_apache_commons_io_comparator_ExtensionFileComparator.txt
hublike_modularization,tn,2959,org.apache.commons.lang3.concurrent.AtomicInitializer.Builder,0,0,org_apache_commons_lang3_concurrent_AtomicInitializer_Builder.txt
hublike_modularization,tn,7117,net.bytebuddy.matcher.ErasureMatcher,0,0,net_bytebuddy_matcher_ErasureMatcher.txt
hublike_modularization,fp,76971,net.bytebuddy.build.gradle.android.ByteBuddyLocalClassesEnhancerTask,0,1,net_bytebuddy_build_gradle_android_ByteBuddyLocalClassesEnhancerTask.txt
hublike_modularization,tn,4829,org.apache.commons.io.input.MessageDigestCalculatingInputStream.Builder,0,0,org_apache_commons_io_input_MessageDigestCalculatingInputStream_Builder.txt
hublike_modularization,tn,405,com.github.javaparser.ast.validator.postprocessors.Java22PostProcessor,0,0,com_github_javaparser_ast_validator_postprocessors_Java22PostProcessor.txt
hublike_modularization,tn,31056,com.google.zxing.pdf417.encoder.Compaction,0,0,com_google_zxing_pdf417_encoder_Compaction.txt
hublike_modularization,fp,19039,net.bytebuddy.description.type.RecordComponentDescription.RecordComponent,0,1,net_bytebuddy_description_type_RecordComponentDescription_RecordComponent.txt
hublike_modularization,tn,26797,org.jsoup.select.Nodes,0,0,org_jsoup_select_Nodes.txt
hublike_modularization,tn,12513,net.bytebuddy.dynamic.loading.ByteArrayClassLoader.PrependingEnumeration,0,0,net_bytebuddy_dynamic_loading_ByteArrayClassLoader_PrependingEnumeration.txt
hublike_modularization,fp,12494,org.apache.commons.lang3.Functions.FailableBiConsumer,0,1,org_apache_commons_lang3_Functions_FailableBiConsumer.txt
hublike_modularization,tn,11968,org.apache.commons.io.output.DeferredFileOutputStream.Builder,0,0,org_apache_commons_io_output_DeferredFileOutputStream_Builder.txt
hublike_modularization,tn,35039,com.github.javaparser.metamodel.RecordPatternExprMetaModel,0,0,com_github_javaparser_metamodel_RecordPatternExprMetaModel.txt
hublike_modularization,fp,17234,net.bytebuddy.utility.JavaModule.Module,0,1,net_bytebuddy_utility_JavaModule_Module.txt
hublike_modularization,fp,17493,org.apache.commons.io.function.IOStream,0,1,org_apache_commons_io_function_IOStream.txt
hublike_modularization,fp,8470,net.bytebuddy.implementation.bytecode.StackManipulation.Size,0,1,net_bytebuddy_implementation_bytecode_StackManipulation_Size.txt
hublike_modularization,tn,51956,org.apache.commons.io.input.CharSequenceInputStream,0,0,org_apache_commons_io_input_CharSequenceInputStream.txt
hublike_modularization,fp,78256,net.bytebuddy.build.gradle.android.LegacyByteBuddyLocalClassesEnhancerTask,0,1,net_bytebuddy_build_gradle_android_LegacyByteBuddyLocalClassesEnhancerTask.txt
hublike_modularization,tn,967,com.google.common.jimfs.Handler,0,0,com_google_common_jimfs_Handler.txt
hublike_modularization,fp,58653,com.google.googlejavaformat.java.JavaInputAstVisitor.Kind,0,1,com_google_googlejavaformat_java_JavaInputAstVisitor_Kind.txt
hublike_modularization,tn,4453,net.bytebuddy.benchmark.jmh.generated.ClassByExtensionBenchmark.benchmarkByteBuddyWithAccessor.jmhTest,0,0,net_bytebuddy_benchmark_jmh_generated_ClassByExtensionBenchmark_benchmarkByteBuddyWithAccessor_jmhTest.txt
hublike_modularization,tn,34221,net.bytebuddy.asm.AsmVisitorWrapper.Entry,0,0,net_bytebuddy_asm_AsmVisitorWrapper_Entry.txt
hublike_modularization,tn,43828,net.bytebuddy.dynamic.scaffold.MethodGraph.ForJVMMethod,0,0,net_bytebuddy_dynamic_scaffold_MethodGraph_ForJVMMethod.txt
hublike_modularization,fp,17485,org.apache.commons.lang3.time.FastDateParser.StrategyParser,0,1,org_apache_commons_lang3_time_FastDateParser_StrategyParser.txt
hublike_modularization,tn,5877,net.bytebuddy.asm.TypeReferenceAdjustment.TypeReferenceMethodVisitor,0,0,net_bytebuddy_asm_TypeReferenceAdjustment_TypeReferenceMethodVisitor.txt
hublike_modularization,tn,7133,net.bytebuddy.matcher.CollectionErasureMatcher,0,0,net_bytebuddy_matcher_CollectionErasureMatcher.txt
hublike_modularization,tn,39935,com.github.javaparser.metamodel.CompilationUnitMetaModel,0,0,com_github_javaparser_metamodel_CompilationUnitMetaModel.txt
hublike_modularization,tn,997,com.google.common.jimfs.FileFactory.DirectorySupplier,0,0,com_google_common_jimfs_FileFactory_DirectorySupplier.txt
hublike_modularization,tn,8440,net.bytebuddy.build.gradle.android.ByteBuddyAndroidPlugin.VariantAction,0,0,net_bytebuddy_build_gradle_android_ByteBuddyAndroidPlugin_VariantAction.txt
hublike_modularization,fp,54371,net.bytebuddy.utility.JavaConstant.Dispatcher,0,1,net_bytebuddy_utility_JavaConstant_Dispatcher.txt
hublike_modularization,tn,73472,net.bytebuddy.description.type.TypeDescription.RetainedMethodTypeVariable,0,0,net_bytebuddy_description_type_TypeDescription_RetainedMethodTypeVariable.txt
hublike_modularization,tn,944,org.apache.commons.lang3.function.FailableLongUnaryOperator,0,0,org_apache_commons_lang3_function_FailableLongUnaryOperator.txt
hublike_modularization,fp,58908,com.google.googlejavaformat.Indent,0,1,com_google_googlejavaformat_Indent.txt
hublike_modularization,tn,13332,com.google.googlejavaformat.java.javadoc.JavadocWriter,0,0,com_google_googlejavaformat_java_javadoc_JavadocWriter.txt
hublike_modularization,fp,38730,com.github.javaparser.symbolsolver.reflectionmodel.ReflectionInterfaceDeclaration,0,1,com_github_javaparser_symbolsolver_reflectionmodel_ReflectionInterfaceDeclaration.txt
hublike_modularization,tn,1093,com.example.ConstructorParameterTest,0,0,com_example_ConstructorParameterTest.txt
hublike_modularization,tn,20317,net.bytebuddy.implementation.bytecode.StackManipulation.Trivial,0,0,net_bytebuddy_implementation_bytecode_StackManipulation_Trivial.txt
hublike_modularization,fp,10691,net.bytebuddy.dynamic.loading.ClassReloadingStrategy.Disabled,0,1,net_bytebuddy_dynamic_loading_ClassReloadingStrategy_Disabled.txt
hublike_modularization,tn,10678,com.google.zxing.oned.MultiFormatUPCEANReader,0,0,com_google_zxing_oned_MultiFormatUPCEANReader.txt
hublike_modularization,tn,11900,com.github.javaparser.utils.SourceZip,0,0,com_github_javaparser_utils_SourceZip.txt
hublike_modularization,tn,24114,com.google.gson.JsonParser,0,0,com_google_gson_JsonParser.txt
hublike_modularization,tn,32261,com.github.javaparser.metamodel.JavadocCommentMetaModel,0,0,com_github_javaparser_metamodel_JavadocCommentMetaModel.txt
hublike_modularization,tn,5413,com.google.zxing.client.android.camera.AutoFocusManager,0,0,com_google_zxing_client_android_camera_AutoFocusManager.txt
hublike_modularization,tn,16069,com.github.javaparser.ast.observer.AstObserverAdapter,0,0,com_github_javaparser_ast_observer_AstObserverAdapter.txt
hublike_modularization,tn,15240,org.adoptopenjdk.jitwatch.report.Report,0,0,org_adoptopenjdk_jitwatch_report_Report.txt
hublike_modularization,tn,1103,org.adoptopenjdk.jitwatch.histo.AttributeNameHistoWalker,0,0,org_adoptopenjdk_jitwatch_histo_AttributeNameHistoWalker.txt
hublike_modularization,fp,12139,org.jsoup.safety.Safelist.Protocol,0,1,org_jsoup_safety_Safelist_Protocol.txt
hublike_modularization,fp,89018,net.bytebuddy.implementation.bytecode.member.FieldAccess,0,1,net_bytebuddy_implementation_bytecode_member_FieldAccess.txt
hublike_modularization,fp,68850,net.bytebuddy.implementation.MethodCall.ForInstrumentedMethod,0,1,net_bytebuddy_implementation_MethodCall_ForInstrumentedMethod.txt
hublike_modularization,tn,4866,org.apache.commons.lang3.compare.ComparableUtils,0,0,org_apache_commons_lang3_compare_ComparableUtils.txt
hublike_modularization,tn,11958,com.google.zxing.pdf417.detector.Detector,0,0,com_google_zxing_pdf417_detector_Detector.txt
hublike_modularization,tn,35137,com.github.javaparser.metamodel.TypeParameterMetaModel,0,0,com_github_javaparser_metamodel_TypeParameterMetaModel.txt
hublike_modularization,fp,3089,net.bytebuddy.build.gradle.android.ByteBuddyAndroidService.Parameters,0,1,net_bytebuddy_build_gradle_android_ByteBuddyAndroidService_Parameters.txt
hublike_modularization,tn,25134,org.apache.commons.lang3.concurrent.locks.LockingVisitors,0,0,org_apache_commons_lang3_concurrent_locks_LockingVisitors.txt
hublike_modularization,tn,367,org.jsoup.helper.ValidationException,0,0,org_jsoup_helper_ValidationException.txt
hublike_modularization,fp,25411,org.adoptopenjdk.jitwatch.ui.compilechain.CompileChainStage,0,1,org_adoptopenjdk_jitwatch_ui_compilechain_CompileChainStage.txt
hublike_modularization,tn,19916,com.github.javaparser.generator.core.visitor.EqualsVisitorGenerator,0,0,com_github_javaparser_generator_core_visitor_EqualsVisitorGenerator.txt
hublike_modularization,fp,2528,org.apache.commons.lang3.event.EventUtils.EventBindingInvocationHandler,0,1,org_apache_commons_lang3_event_EventUtils_EventBindingInvocationHandler.txt
hublike_modularization,tn,77160,net.bytebuddy.matcher.HasSuperTypeMatcher,0,0,net_bytebuddy_matcher_HasSuperTypeMatcher.txt
hublike_modularization,tn,10412,org.apache.commons.lang3.ThreadUtils.ThreadPredicate,0,0,org_apache_commons_lang3_ThreadUtils_ThreadPredicate.txt
hublike_modularization,tn,6149,org.jsoup.safety.Safelist.TypedValue,0,0,org_jsoup_safety_Safelist_TypedValue.txt
hublike_modularization,tn,18727,org.adoptopenjdk.jitwatch.jarscan.invokecount.InvokeCountOperation,0,0,org_adoptopenjdk_jitwatch_jarscan_invokecount_InvokeCountOperation.txt
hublike_modularization,tn,30954,net.bytebuddy.matcher.BooleanMatcher,0,0,net_bytebuddy_matcher_BooleanMatcher.txt
hublike_modularization,tn,2195,com.google.common.jimfs.AbstractWatchService.Event,0,0,com_google_common_jimfs_AbstractWatchService_Event.txt
hublike_modularization,fp,9103,com.github.javaparser.resolution.declarations.ResolvedTypeParametrizable,0,1,com_github_javaparser_resolution_declarations_ResolvedTypeParametrizable.txt
hublike_modularization,tn,999,com.google.googlejavaformat.FormattingError,0,0,com_google_googlejavaformat_FormattingError.txt
hublike_modularization,tn,12205,com.github.javaparser.utils.SourceRoot.VisitFileCallback,0,0,com_github_javaparser_utils_SourceRoot_VisitFileCallback.txt
hublike_modularization,tn,16921,com.google.zxing.maxicode.decoder.Decoder,0,0,com_google_zxing_maxicode_decoder_Decoder.txt
hublike_modularization,fp,10067,org.apache.commons.io.build.AbstractOrigin.AbstractRandomAccessFileOrigin,0,1,org_apache_commons_io_build_AbstractOrigin_AbstractRandomAccessFileOrigin.txt
hublike_modularization,tn,8737,net.bytebuddy.matcher.DefinedShapeMatcher,0,0,net_bytebuddy_matcher_DefinedShapeMatcher.txt
hublike_modularization,fp,2031,com.google.zxing.MultiFormatWriter,0,1,com_google_zxing_MultiFormatWriter.txt
hublike_modularization,tn,4840,org.apache.commons.lang3.exception.ExceptionContext,0,0,org_apache_commons_lang3_exception_ExceptionContext.txt
hublike_modularization,tn,197,implements.duplicate.A,0,0,implements_duplicate_A.txt
hublike_modularization,tn,49521,com.google.gson.internal.bind.NumberTypeAdapter,0,0,com_google_gson_internal_bind_NumberTypeAdapter.txt
hublike_modularization,tn,21742,net.bytebuddy.implementation.bind.annotation.TargetMethodAnnotationDrivenBinder.OfConstant,0,0,net_bytebuddy_implementation_bind_annotation_TargetMethodAnnotationDrivenBinder_OfConstant.txt
hublike_modularization,tn,7054,org.apache.commons.io.file.SimplePathVisitor,0,0,org_apache_commons_io_file_SimplePathVisitor.txt
hublike_modularization,tn,16972,org.jsoup.examples.ListLinks,0,0,org_jsoup_examples_ListLinks.txt
hublike_modularization,fp,5917,com.google.gson.internal.bind.ReflectiveTypeAdapterFactory.Adapter,0,1,com_google_gson_internal_bind_ReflectiveTypeAdapterFactory_Adapter.txt
hublike_modularization,tn,14654,org.adoptopenjdk.jitwatch.ui.compilationchooser.CompilationChooser,0,0,org_adoptopenjdk_jitwatch_ui_compilationchooser_CompilationChooser.txt
hublike_modularization,fp,61995,com.github.javaparser.ParserConfiguration,0,1,com_github_javaparser_ParserConfiguration.txt
hublike_modularization,tn,31493,net.bytebuddy.implementation.bind.MethodDelegationBinder.ParameterBinding,0,0,net_bytebuddy_implementation_bind_MethodDelegationBinder_ParameterBinding.txt
hublike_modularization,fp,43589,org.adoptopenjdk.jitwatch.compilation.CompilationUtil,0,1,org_adoptopenjdk_jitwatch_compilation_CompilationUtil.txt
hublike_modularization,fp,78893,net.bytebuddy.pool.TypePool.Loadable,0,1,net_bytebuddy_pool_TypePool_Loadable.txt
hublike_modularization,fp,68849,net.bytebuddy.implementation.MethodCall.WithImplicitType,0,1,net_bytebuddy_implementation_MethodCall_WithImplicitType.txt
hublike_modularization,tn,212,main.GrandParent.MyEnum,0,0,main_GrandParent_MyEnum.txt
hublike_modularization,tn,21385,net.bytebuddy.agent.VirtualMachine.NamedPipeResponse,0,0,net_bytebuddy_agent_VirtualMachine_NamedPipeResponse.txt
hublike_modularization,tn,672,net.bytebuddy.build.AndroidDescriptor.Trivial,0,0,net_bytebuddy_build_AndroidDescriptor_Trivial.txt
hublike_modularization,tn,264,org.adoptopenjdk.jitwatch.model.CompilerName,0,0,org_adoptopenjdk_jitwatch_model_CompilerName.txt
hublike_modularization,fp,29846,com.github.javaparser.generator.core.node.ReplaceMethodGenerator,0,1,com_github_javaparser_generator_core_node_ReplaceMethodGenerator.txt
hublike_modularization,tn,10798,com.google.zxing.pdf417.decoder.ec.ErrorCorrection,0,0,com_google_zxing_pdf417_decoder_ec_ErrorCorrection.txt
hublike_modularization,tn,33979,net.bytebuddy.build.Plugin.CompoundIterator,0,0,net_bytebuddy_build_Plugin_CompoundIterator.txt
hublike_modularization,tn,943,org.apache.commons.lang3.function.FailableIntUnaryOperator,0,0,org_apache_commons_lang3_function_FailableIntUnaryOperator.txt
hublike_modularization,tn,3286,com.google.zxing.client.android.share.BookmarkPickerActivity,0,0,com_google_zxing_client_android_share_BookmarkPickerActivity.txt
hublike_modularization,fp,12023,com.google.zxing.web.DecodeServlet,0,1,com_google_zxing_web_DecodeServlet.txt
hublike_modularization,fp,75708,net.bytebuddy.description.type.TypeList.ForDetachedTypes,0,1,net_bytebuddy_description_type_TypeList_ForDetachedTypes.txt
hublike_modularization,fp,6445,org.jsoup.select.Evaluator.AttributeWithValueContaining,0,1,org_jsoup_select_Evaluator_AttributeWithValueContaining.txt
hublike_modularization,tn,201,(default package).EnumWithInnerType.EnumInner,0,0,(default package)_EnumWithInnerType_EnumInner.txt
hublike_modularization,tn,16951,org.adoptopenjdk.jitwatch.ui.viewer.AbstractTextViewerStage,0,0,org_adoptopenjdk_jitwatch_ui_viewer_AbstractTextViewerStage.txt
hublike_modularization,fp,9980,net.bytebuddy.ClassFileVersion.Resolver,0,1,net_bytebuddy_ClassFileVersion_Resolver.txt
hublike_modularization,tn,5075,com.google.zxing.integration.android.IntentResult,0,0,com_google_zxing_integration_android_IntentResult.txt
hublike_modularization,fp,6445,org.jsoup.select.Evaluator.ContainsWholeOwnText,0,1,org_jsoup_select_Evaluator_ContainsWholeOwnText.txt
hublike_modularization,fp,4233,com.google.common.jimfs.AbstractWatchService.State,0,1,com_google_common_jimfs_AbstractWatchService_State.txt
hublike_modularization,fp,6442,org.jsoup.select.Evaluator.Class,0,1,org_jsoup_select_Evaluator_Class.txt
hublike_modularization,fp,12524,org.adoptopenjdk.jitwatch.core.JITWatchConfig.BackgroundCompilation,0,1,org_adoptopenjdk_jitwatch_core_JITWatchConfig_BackgroundCompilation.txt
hublike_modularization,fp,25158,com.google.zxing.datamatrix.decoder.Decoder,0,1,com_google_zxing_datamatrix_decoder_Decoder.txt
hublike_modularization,tn,972,org.apache.commons.lang3.function.FailableDoublePredicate,0,0,org_apache_commons_lang3_function_FailableDoublePredicate.txt
hublike_modularization,fp,17174,net.bytebuddy.description.method.ParameterList.OfLegacyVmMethod,0,1,net_bytebuddy_description_method_ParameterList_OfLegacyVmMethod.txt
hublike_modularization,fp,36559,com.github.javaparser.printer.lexicalpreservation.ChildTextElement,0,1,com_github_javaparser_printer_lexicalpreservation_ChildTextElement.txt
hublike_modularization,fp,79570,net.bytebuddy.dynamic.DynamicType.FieldDefinitionAdapter,0,1,net_bytebuddy_dynamic_DynamicType_FieldDefinitionAdapter.txt
hublike_modularization,tn,44980,net.bytebuddy.dynamic.loading.ClassLoadingStrategy.InjectionDispatcher,0,0,net_bytebuddy_dynamic_loading_ClassLoadingStrategy_InjectionDispatcher.txt
hublike_modularization,fp,5904,com.google.googlejavaformat.java.RemoveUnusedImports.UnusedImportScanner,0,1,com_google_googlejavaformat_java_RemoveUnusedImports_UnusedImportScanner.txt
hublike_modularization,fp,89852,com.github.javaparser.resolution.logic.MethodResolutionLogic,0,1,com_github_javaparser_resolution_logic_MethodResolutionLogic.txt
hublike_modularization,tn,5362,com.google.gson.internal.bind.CollectionTypeAdapterFactory.Adapter,0,0,com_google_gson_internal_bind_CollectionTypeAdapterFactory_Adapter.txt
hublike_modularization,tn,402,com.packageName.ClassInPackage,0,0,com_packageName_ClassInPackage.txt
hublike_modularization,fp,96756,net.bytebuddy.implementation.InvokeDynamic.Simple,0,1,net_bytebuddy_implementation_InvokeDynamic_Simple.txt
hublike_modularization,tn,2454,org.adoptopenjdk.jitwatch.process.compiler.CompilerJRuby,0,0,org_adoptopenjdk_jitwatch_process_compiler_CompilerJRuby.txt
hublike_modularization,tn,16070,org.adoptopenjdk.jitwatch.ui.graphing.CodeCacheStage,0,0,org_adoptopenjdk_jitwatch_ui_graphing_CodeCacheStage.txt
hublike_modularization,fp,4917,com.github.javaparser.resolution.declarations.ResolvedDeclaration,0,1,com_github_javaparser_resolution_declarations_ResolvedDeclaration.txt
hublike_modularization,tn,205,foo.bar.AnInterface.ListChangeType,0,0,foo_bar_AnInterface_ListChangeType.txt
hublike_modularization,tn,1560,(default package).PartialEscapeFail.EscapeConsumer,0,0,(default package)_PartialEscapeFail_EscapeConsumer.txt
hublike_modularization,tn,433,com.github.javaparser.ast.validator.postprocessors.Java24PostProcessor,0,0,com_github_javaparser_ast_validator_postprocessors_Java24PostProcessor.txt
hublike_modularization,tn,33909,net.bytebuddy.implementation.MethodAccessorFactory.Illegal,0,0,net_bytebuddy_implementation_MethodAccessorFactory_Illegal.txt
hublike_modularization,tn,71028,net.bytebuddy.NamingStrategy.AbstractBase,0,0,net_bytebuddy_NamingStrategy_AbstractBase.txt
hublike_modularization,tn,19876,com.github.javaparser.generator.core.visitor.VoidVisitorAdapterGenerator,0,0,com_github_javaparser_generator_core_visitor_VoidVisitorAdapterGenerator.txt
hublike_modularization,fp,4098,net.bytebuddy.implementation.bytecode.member.FieldAccess.Defined,0,1,net_bytebuddy_implementation_bytecode_member_FieldAccess_Defined.txt
hublike_modularization,fp,13245,com.google.gson.internal.ReflectionAccessFilterHelper,0,1,com_google_gson_internal_ReflectionAccessFilterHelper.txt
hublike_modularization,tn,96396,net.bytebuddy.implementation.InvokeDynamic.ForNullValue,0,0,net_bytebuddy_implementation_InvokeDynamic_ForNullValue.txt
hublike_modularization,fp,60644,org.apache.commons.io.function.Uncheck,0,1,org_apache_commons_io_function_Uncheck.txt
hublike_modularization,fp,36379,com.google.zxing.client.android.CaptureActivity,0,1,com_google_zxing_client_android_CaptureActivity.txt
hublike_modularization,tn,45544,org.jsoup.nodes.DocumentType,0,0,org_jsoup_nodes_DocumentType.txt
hublike_modularization,fp,12837,net.bytebuddy.build.gradle.android.ByteBuddyAndroidPlugin.ForLegacyAndroid,0,1,net_bytebuddy_build_gradle_android_ByteBuddyAndroidPlugin_ForLegacyAndroid.txt
hublike_modularization,tn,350,(default package).SimpleInliningTest,0,0,(default package)_SimpleInliningTest.txt
hublike_modularization,tn,506,com.github.javaparser.ast.nodeTypes.NodeWithTraversableScope,0,0,com_github_javaparser_ast_nodeTypes_NodeWithTraversableScope.txt
hublike_modularization,fp,31086,com.google.zxing.common.reedsolomon.GenericGF,0,1,com_google_zxing_common_reedsolomon_GenericGF.txt
hublike_modularization,fp,91216,net.bytebuddy.implementation.attribute.AnnotationAppender.ForTypeAnnotations,0,1,net_bytebuddy_implementation_attribute_AnnotationAppender_ForTypeAnnotations.txt
hublike_modularization,fp,27563,net.bytebuddy.agent.ByteBuddyAgent.Disabled,0,1,net_bytebuddy_agent_ByteBuddyAgent_Disabled.txt
hublike_modularization,tn,5663,net.bytebuddy.dynamic.loading.ClassFilePostProcessor.ForClassFileTransformer,0,0,net_bytebuddy_dynamic_loading_ClassFilePostProcessor_ForClassFileTransformer.txt
hublike_modularization,fp,67203,net.bytebuddy.pool.TypePool.LazyInterface,0,1,net_bytebuddy_pool_TypePool_LazyInterface.txt
hublike_modularization,tn,6403,org.apache.commons.lang3.concurrent.locks.LockingVisitors.LockVisitor,0,0,org_apache_commons_lang3_concurrent_locks_LockingVisitors_LockVisitor.txt
hublike_modularization,fp,47116,com.google.zxing.pdf417.PDF417Common,0,1,com_google_zxing_pdf417_PDF417Common.txt
hublike_modularization,tn,4768,com.github.javaparser.symbolsolver.cache.DefaultCacheStats,0,0,com_github_javaparser_symbolsolver_cache_DefaultCacheStats.txt
hublike_modularization,fp,21381,net.bytebuddy.dynamic.ClassFileLocator.ForFolder,0,1,net_bytebuddy_dynamic_ClassFileLocator_ForFolder.txt
hublike_modularization,tn,326,(default package).InnerClassDotExpressions.InnerClass,0,0,(default package)_InnerClassDotExpressions_InnerClass.txt
hublike_modularization,tn,90179,net.bytebuddy.pool.TypePool.LazyParameterDescription,0,0,net_bytebuddy_pool_TypePool_LazyParameterDescription.txt
hublike_modularization,fp,93290,net.bytebuddy.asm.MemberSubstitution.OfGivenMethod,0,1,net_bytebuddy_asm_MemberSubstitution_OfGivenMethod.txt
hublike_modularization,tn,1415,com.google.zxing.oned.ITFWriter,0,0,com_google_zxing_oned_ITFWriter.txt
hublike_modularization,tn,1825,org.apache.commons.lang3.concurrent.ConstantInitializer,0,0,org_apache_commons_lang3_concurrent_ConstantInitializer.txt
hublike_modularization,tn,2098,org.jsoup.select.StructuralEvaluator.Not,0,0,org_jsoup_select_StructuralEvaluator_Not.txt
hublike_modularization,fp,57604,net.bytebuddy.dynamic.scaffold.TypeWriter.ForClassFileVersion,0,1,net_bytebuddy_dynamic_scaffold_TypeWriter_ForClassFileVersion.txt
hublike_modularization,tn,4446,com.google.zxing.oned.rss.expanded.decoders.BlockParsedResult,0,0,com_google_zxing_oned_rss_expanded_decoders_BlockParsedResult.txt
hublike_modularization,tn,583,org.apache.commons.lang3.function.FailableDoubleToLongFunction,0,0,org_apache_commons_lang3_function_FailableDoubleToLongFunction.txt
hublike_modularization,tn,637,org.apache.commons.lang3.function.FailableObjIntConsumer,0,0,org_apache_commons_lang3_function_FailableObjIntConsumer.txt
hublike_modularization,fp,29076,com.github.javaparser.resolution.types.ResolvedArrayType,0,1,com_github_javaparser_resolution_types_ResolvedArrayType.txt
hublike_modularization,fp,43432,org.jsoup.nodes.NodeUtils,0,1,org_jsoup_nodes_NodeUtils.txt
hublike_modularization,tn,2300,com.google.zxing.client.result.SMSTOMMSTOResultParser,0,0,com_google_zxing_client_result_SMSTOMMSTOResultParser.txt
hublike_modularization,tn,691,org.apache.commons.lang3.compare.ObjectToStringComparator,0,0,org_apache_commons_lang3_compare_ObjectToStringComparator.txt
hublike_modularization,tn,696,com.google.zxing.client.result.TextParsedResult,0,0,com_google_zxing_client_result_TextParsedResult.txt
hublike_modularization,tn,777,org.adoptopenjdk.jitwatch.ui.parserchooser.IParserSelectedListener,0,0,org_adoptopenjdk_jitwatch_ui_parserchooser_IParserSelectedListener.txt
hublike_modularization,fp,76714,com.github.javaparser.utils.SourceRoot,0,1,com_github_javaparser_utils_SourceRoot.txt
hublike_modularization,tn,5919,com.github.javaparser.resolution.types.parametrization.ResolvedTypeParameterValueProvider,0,0,com_github_javaparser_resolution_types_parametrization_ResolvedTypeParameterValueProvider.txt
hublike_modularization,fp,41110,net.bytebuddy.description.annotation.AnnotationValue.ForNonArrayType,0,1,net_bytebuddy_description_annotation_AnnotationValue_ForNonArrayType.txt
hublike_modularization,tn,21931,net.bytebuddy.implementation.bytecode.ShiftRight,0,0,net_bytebuddy_implementation_bytecode_ShiftRight.txt
hublike_modularization,fp,88288,org.jsoup.parser.TreeBuilder,0,1,org_jsoup_parser_TreeBuilder.txt
hublike_modularization,fp,18321,net.bytebuddy.implementation.attribute.MethodAttributeAppender.Explicit,0,1,net_bytebuddy_implementation_attribute_MethodAttributeAppender_Explicit.txt
hublike_modularization,fp,22706,com.github.javaparser.printer.configuration.PrettyPrinterConfiguration,0,1,com_github_javaparser_printer_configuration_PrettyPrinterConfiguration.txt
hublike_modularization,tn,5829,com.google.zxing.datamatrix.decoder.Version.ECBlocks,0,0,com_google_zxing_datamatrix_decoder_Version_ECBlocks.txt
hublike_modularization,fp,35337,com.github.javaparser.ast.observer.AstObserver,0,1,com_github_javaparser_ast_observer_AstObserver.txt
hublike_modularization,tn,31440,net.bytebuddy.implementation.bind.MethodNameEqualityResolver,0,0,net_bytebuddy_implementation_bind_MethodNameEqualityResolver.txt
hublike_modularization,fp,17671,org.adoptopenjdk.jitwatch.chain.CompileNode,0,1,org_adoptopenjdk_jitwatch_chain_CompileNode.txt
hublike_modularization,tn,24710,net.bytebuddy.implementation.FieldAccessor.OwnerTypeLocatable,0,0,net_bytebuddy_implementation_FieldAccessor_OwnerTypeLocatable.txt
hublike_modularization,fp,31290,com.github.javaparser.ast.validator.language.level.validations.chunks.ModifierValidator,0,1,com_github_javaparser_ast_validator_language_level_validations_chunks_ModifierValidator.txt
hublike_modularization,tn,1081,com.example.NoSerializedNameMain.TestClassHasArgsConstructor,0,0,com_example_NoSerializedNameMain_TestClassHasArgsConstructor.txt
hublike_modularization,fp,46603,net.bytebuddy.dynamic.loading.ClassInjector.Target,0,1,net_bytebuddy_dynamic_loading_ClassInjector_Target.txt
hublike_modularization,tn,1001,com.google.common.jimfs.OwnerAttributeProvider.View,0,0,com_google_common_jimfs_OwnerAttributeProvider_View.txt
hublike_modularization,tn,3877,com.google.googlejavaformat.java.ModifierOrderer.ModifierTokens,0,0,com_google_googlejavaformat_java_ModifierOrderer_ModifierTokens.txt
hublike_modularization,fp,20211,org.adoptopenjdk.jitwatch.parser.hotspot.HotSpotLogParser,0,1,org_adoptopenjdk_jitwatch_parser_hotspot_HotSpotLogParser.txt
hublike_modularization,tn,1167,(default package).LoopUnroll,0,0,(default package)_LoopUnroll.txt
hublike_modularization,tn,30449,net.bytebuddy.implementation.bytecode.constant.DefaultValue,0,0,net_bytebuddy_implementation_bytecode_constant_DefaultValue.txt
hublike_modularization,tn,73468,net.bytebuddy.description.type.TypeList.Explicit,0,0,net_bytebuddy_description_type_TypeList_Explicit.txt
hublike_modularization,tn,90433,net.bytebuddy.dynamic.DynamicType.SimpleParameterAnnotationAdapter,0,0,net_bytebuddy_dynamic_DynamicType_SimpleParameterAnnotationAdapter.txt
hublike_modularization,fp,83084,net.bytebuddy.description.type.TypeDescription.ForLoadedExecutableParameterType,0,1,net_bytebuddy_description_type_TypeDescription_ForLoadedExecutableParameterType.txt
hublike_modularization,tn,88017,net.bytebuddy.description.type.TypeDescription.TypeVariableSubstitutor,0,0,net_bytebuddy_description_type_TypeDescription_TypeVariableSubstitutor.txt
hublike_modularization,fp,74897,net.bytebuddy.asm.TypeReferenceAdjustment.TypeReferenceClassVisitor,0,1,net_bytebuddy_asm_TypeReferenceAdjustment_TypeReferenceClassVisitor.txt
hublike_modularization,tn,682,org.apache.commons.io.comparator.AbstractFileComparator,0,0,org_apache_commons_io_comparator_AbstractFileComparator.txt
hublike_modularization,fp,96146,net.bytebuddy.dynamic.scaffold.TypeWriter.ForRecord,0,1,net_bytebuddy_dynamic_scaffold_TypeWriter_ForRecord.txt
hublike_modularization,tn,214,(default package).Issue300.B,0,0,(default package)_Issue300_B.txt
hublike_modularization,fp,17174,net.bytebuddy.utility.AsmClassReader.Default,0,1,net_bytebuddy_utility_AsmClassReader_Default.txt
hublike_modularization,tn,198,a.RefClass2,0,0,a_RefClass2.txt
hublike_modularization,fp,38180,com.github.javaparser.resolution.Solver,0,1,com_github_javaparser_resolution_Solver.txt
hublike_modularization,tn,199,issue241.TypeWithMemberType.MemberInterface,0,0,issue241_TypeWithMemberType_MemberInterface.txt
hublike_modularization,tn,263,foo.Foo,0,0,foo_Foo.txt
hublike_modularization,fp,55146,com.github.javaparser.resolution.types.ResolvedWildcard,0,1,com_github_javaparser_resolution_types_ResolvedWildcard.txt
hublike_modularization,tn,9370,com.github.javaparser.utils.Log,0,0,com_github_javaparser_utils_Log.txt
hublike_modularization,tn,3792,com.github.javaparser.symbolsolver.javaparsermodel.declarators.TypePatternSymbolDeclarator,0,0,com_github_javaparser_symbolsolver_javaparsermodel_declarators_TypePatternSymbolDeclarator.txt
hublike_modularization,tn,34904,com.github.javaparser.metamodel.BinaryExprMetaModel,0,0,com_github_javaparser_metamodel_BinaryExprMetaModel.txt
hublike_modularization,tn,33990,com.github.javaparser.serialization.JavaParserJsonSerializer.JsonNode,0,0,com_github_javaparser_serialization_JavaParserJsonSerializer_JsonNode.txt
hublike_modularization,fp,16651,com.google.zxing.client.android.camera.CameraManager,0,1,com_google_zxing_client_android_camera_CameraManager.txt
hublike_modularization,tn,77874,net.bytebuddy.implementation.FixedValue.ForOriginType,0,0,net_bytebuddy_implementation_FixedValue_ForOriginType.txt
hublike_modularization,tn,6443,org.jsoup.select.Evaluator.IndexEquals,0,0,org_jsoup_select_Evaluator_IndexEquals.txt
hublike_modularization,fp,20623,net.bytebuddy.dynamic.ClassFileLocator.Compound,0,1,net_bytebuddy_dynamic_ClassFileLocator_Compound.txt
hublike_modularization,fp,29770,net.bytebuddy.dynamic.loading.ByteArrayClassLoader.CreationAction,0,1,net_bytebuddy_dynamic_loading_ByteArrayClassLoader_CreationAction.txt
hublike_modularization,tn,6846,com.github.javaparser.generator.core.other.BndGenerator,0,0,com_github_javaparser_generator_core_other_BndGenerator.txt
hublike_modularization,fp,4210,net.bytebuddy.dynamic.loading.MultipleParentClassLoader.CompoundEnumeration,0,1,net_bytebuddy_dynamic_loading_MultipleParentClassLoader_CompoundEnumeration.txt
hublike_modularization,fp,10622,org.apache.commons.lang3.concurrent.MultiBackgroundInitializer,0,1,org_apache_commons_lang3_concurrent_MultiBackgroundInitializer.txt
hublike_modularization,tn,5836,net.bytebuddy.build.gradle.android.ByteBuddyAndroidPlugin.ByteBuddyTransformationConfiguration,0,0,net_bytebuddy_build_gradle_android_ByteBuddyAndroidPlugin_ByteBuddyTransformationConfiguration.txt
hublike_modularization,fp,30792,com.github.javaparser.resolution.logic.ConstructorResolutionLogic,0,1,com_github_javaparser_resolution_logic_ConstructorResolutionLogic.txt
hublike_modularization,tn,1998,net.bytebuddy.build.RenamingPlugin.NoOp,0,0,net_bytebuddy_build_RenamingPlugin_NoOp.txt
hublike_modularization,tn,7099,net.bytebuddy.android.AndroidClassLoadingStrategy.Wrapping,0,0,net_bytebuddy_android_AndroidClassLoadingStrategy_Wrapping.txt
hublike_modularization,tn,637,org.apache.commons.lang3.function.FailableObjLongConsumer,0,0,org_apache_commons_lang3_function_FailableObjLongConsumer.txt
hublike_modularization,tn,17191,com.github.javaparser.ast.observer.PropagatingAstObserver,0,0,com_github_javaparser_ast_observer_PropagatingAstObserver.txt
hublike_modularization,tn,14599,com.github.javaparser.printer.concretesyntaxmodel.CsmComment,0,0,com_github_javaparser_printer_concretesyntaxmodel_CsmComment.txt
hublike_modularization,tn,26640,net.bytebuddy.implementation.InvocationHandlerAdapter.AssignerConfigurable,0,0,net_bytebuddy_implementation_InvocationHandlerAdapter_AssignerConfigurable.txt
hublike_modularization,tn,7548,com.github.javaparser.symbolsolver.reflectionmodel.comparators.MethodComparator,0,0,com_github_javaparser_symbolsolver_reflectionmodel_comparators_MethodComparator.txt
hublike_modularization,tn,26400,net.bytebuddy.implementation.bytecode.constant.LongConstant,0,0,net_bytebuddy_implementation_bytecode_constant_LongConstant.txt
hublike_modularization,fp,18949,com.google.zxing.pdf417.decoder.BoundingBox,0,1,com_google_zxing_pdf417_decoder_BoundingBox.txt
hublike_modularization,tn,250,com.github.javaparser.javasymbolsolver.javassist.symbols.main.jar.ConcreteEnum,0,0,com_github_javaparser_javasymbolsolver_javassist_symbols_main_jar_ConcreteEnum.txt
hublike_modularization,tn,8440,com.google.zxing.common.reedsolomon.ReedSolomonEncoder,0,0,com_google_zxing_common_reedsolomon_ReedSolomonEncoder.txt
hublike_modularization,fp,47212,net.bytebuddy.dynamic.scaffold.InstrumentedType.WithFlexibleName,0,1,net_bytebuddy_dynamic_scaffold_InstrumentedType_WithFlexibleName.txt
hublike_modularization,fp,58426,net.bytebuddy.dynamic.loading.ClassInjector.Lookup,0,1,net_bytebuddy_dynamic_loading_ClassInjector_Lookup.txt
hublike_modularization,tn,9934,org.adoptopenjdk.jitwatch.ui.sandbox.VMLanguageConfigStage,0,0,org_adoptopenjdk_jitwatch_ui_sandbox_VMLanguageConfigStage.txt
hublike_modularization,tn,9956,com.google.zxing.client.android.AmbientLightManager,0,0,com_google_zxing_client_android_AmbientLightManager.txt
hublike_modularization,fp,7042,org.adoptopenjdk.jitwatch.model.bytecode.BCParamConstant,0,1,org_adoptopenjdk_jitwatch_model_bytecode_BCParamConstant.txt
hublike_modularization,tn,210,main.GrandParent,0,0,main_GrandParent.txt
hublike_modularization,fp,5390,com.google.gson.internal.bind.ReflectiveTypeAdapterFactory.RecordAdapter,0,1,com_google_gson_internal_bind_ReflectiveTypeAdapterFactory_RecordAdapter.txt
hublike_modularization,tn,7100,net.bytebuddy.android.AndroidClassLoadingStrategy.ForAndroidPVm,0,0,net_bytebuddy_android_AndroidClassLoadingStrategy_ForAndroidPVm.txt
hublike_modularization,fp,74201,net.bytebuddy.dynamic.loading.ClassInjector.UsingUnsafe,0,1,net_bytebuddy_dynamic_loading_ClassInjector_UsingUnsafe.txt
hublike_modularization,tn,32554,com.github.javaparser.metamodel.StringLiteralExprMetaModel,0,0,com_github_javaparser_metamodel_StringLiteralExprMetaModel.txt
hublike_modularization,fp,18196,com.google.zxing.aztec.encoder.Encoder,0,1,com_google_zxing_aztec_encoder_Encoder.txt
hublike_modularization,fp,19269,net.bytebuddy.implementation.bytecode.StackManipulation.Illegal,0,1,net_bytebuddy_implementation_bytecode_StackManipulation_Illegal.txt
hublike_modularization,tn,201,implements.duplicate.A.DuplicateTypeName,0,0,implements_duplicate_A_DuplicateTypeName.txt
hublike_modularization,tn,28229,com.google.zxing.datamatrix.encoder.MinimalEncoder.Result,0,0,com_google_zxing_datamatrix_encoder_MinimalEncoder_Result.txt
hublike_modularization,fp,40691,net.bytebuddy.implementation.Implementation.Composable,0,1,net_bytebuddy_implementation_Implementation_Composable.txt
hublike_modularization,fp,92481,net.bytebuddy.dynamic.scaffold.TypeWriter.WithoutBody,0,1,net_bytebuddy_dynamic_scaffold_TypeWriter_WithoutBody.txt
hublike_modularization,tn,500,(default package).PolymorphismTest.Quarter,0,0,(default package)_PolymorphismTest_Quarter.txt
hublike_modularization,tn,13022,com.github.javaparser.symbolsolver.javaparsermodel.contexts.VariableDeclaratorContext,0,0,com_github_javaparser_symbolsolver_javaparsermodel_contexts_VariableDeclaratorContext.txt
hublike_modularization,fp,6866,org.jsoup.parser.Token.EndTag,0,1,org_jsoup_parser_Token_EndTag.txt
hublike_modularization,fp,58656,com.google.googlejavaformat.java.JavaInputAstVisitor.AllowLeadingBlankLine,0,1,com_google_googlejavaformat_java_JavaInputAstVisitor_AllowLeadingBlankLine.txt
hublike_modularization,tn,13871,com.google.zxing.oned.rss.FinderPattern,0,0,com_google_zxing_oned_rss_FinderPattern.txt
hublike_modularization,tn,8681,org.adoptopenjdk.jitwatch.model.bytecode.UncommonTrap,0,0,org_adoptopenjdk_jitwatch_model_bytecode_UncommonTrap.txt
hublike_modularization,fp,25764,org.adoptopenjdk.jitwatch.jvmlang.LanguageManager,0,1,org_adoptopenjdk_jitwatch_jvmlang_LanguageManager.txt
hublike_modularization,tn,89757,net.bytebuddy.implementation.bytecode.constant.MethodConstant.CachedConstructor,0,0,net_bytebuddy_implementation_bytecode_constant_MethodConstant_CachedConstructor.txt
hublike_modularization,tn,4113,com.github.javaparser.symbolsolver.javassistmodel.JavassistParameterDeclaration,0,0,com_github_javaparser_symbolsolver_javassistmodel_JavassistParameterDeclaration.txt
hublike_modularization,tn,85389,net.bytebuddy.pool.TypePool.MethodTokenList,0,0,net_bytebuddy_pool_TypePool_MethodTokenList.txt
hublike_modularization,fp,50512,net.bytebuddy.dynamic.loading.ClassInjector.UsingInstrumentation,0,1,net_bytebuddy_dynamic_loading_ClassInjector_UsingInstrumentation.txt
hublike_modularization,tn,4454,com.google.googlejavaformat.java.StringWrapper.LongStringsAndTextBlockScanner,0,0,com_google_googlejavaformat_java_StringWrapper_LongStringsAndTextBlockScanner.txt
hublike_modularization,fp,19048,com.google.gson.JsonArray,0,1,com_google_gson_JsonArray.txt
hublike_modularization,fp,4453,net.bytebuddy.benchmark.jmh.generated.ClassByExtensionBenchmark.benchmarkByteBuddyWithProxy.jmhTest,0,1,net_bytebuddy_benchmark_jmh_generated_ClassByExtensionBenchmark_benchmarkByteBuddyWithProxy_jmhTest.txt
hublike_modularization,tn,4881,com.github.javaparser.symbolsolver.cache.InMemoryCache,0,0,com_github_javaparser_symbolsolver_cache_InMemoryCache.txt
hublike_modularization,tn,5860,org.apache.commons.io.file.CountingPathVisitor.AbstractBuilder,0,0,org_apache_commons_io_file_CountingPathVisitor_AbstractBuilder.txt
hublike_modularization,tn,183,package.c.c,0,0,package_c_c.txt
hublike_modularization,fp,10335,com.google.googlejavaformat.DocBuilder,0,1,com_google_googlejavaformat_DocBuilder.txt
hublike_modularization,fp,4397,net.bytebuddy.benchmark.jmh.generated.ClassByImplementationBenchmark.benchmarkCglib.jmhTest,0,1,net_bytebuddy_benchmark_jmh_generated_ClassByImplementationBenchmark_benchmarkCglib_jmhTest.txt
hublike_modularization,tn,34678,com.github.javaparser.metamodel.UnionTypeMetaModel,0,0,com_github_javaparser_metamodel_UnionTypeMetaModel.txt
hublike_modularization,fp,20079,net.bytebuddy.implementation.bind.MethodDelegationBinder.BindingResolver,0,1,net_bytebuddy_implementation_bind_MethodDelegationBinder_BindingResolver.txt
hublike_modularization,tn,3537,com.google.googlejavaformat.java.JavacTokens.CommentSavingTokenizer,0,0,com_google_googlejavaformat_java_JavacTokens_CommentSavingTokenizer.txt
hublike_modularization,fp,34280,com.google.gson.graph.GraphAdapterBuilder,0,1,com_google_gson_graph_GraphAdapterBuilder.txt
hublike_modularization,fp,20737,org.adoptopenjdk.jitwatch.util.TooltipUtil,0,1,org_adoptopenjdk_jitwatch_util_TooltipUtil.txt
hublike_modularization,tn,183,package.b.b,0,0,package_b_b.txt
hublike_modularization,tn,11325,com.github.javaparser.symbolsolver.resolution.promotion.ConditionalExprResolver,0,0,com_github_javaparser_symbolsolver_resolution_promotion_ConditionalExprResolver.txt
hublike_modularization,fp,6513,com.google.googlejavaformat.java.Main,0,1,com_google_googlejavaformat_java_Main.txt
hublike_modularization,tn,1191,com.google.common.jimfs.PathURLConnection,0,0,com_google_common_jimfs_PathURLConnection.txt
hublike_modularization,tn,1345,com.google.zxing.web.DoSTracker.TrackerTask,0,0,com_google_zxing_web_DoSTracker_TrackerTask.txt
hublike_modularization,tn,94133,net.bytebuddy.implementation.bytecode.member.MethodInvocation.OfGenericMethod,0,0,net_bytebuddy_implementation_bytecode_member_MethodInvocation_OfGenericMethod.txt
hublike_modularization,fp,13612,net.bytebuddy.implementation.FixedValue.ForNullValue,0,1,net_bytebuddy_implementation_FixedValue_ForNullValue.txt
hublike_modularization,tn,15913,org.apache.commons.lang3.function.FailableRunnable,0,0,org_apache_commons_lang3_function_FailableRunnable.txt
hublike_modularization,tn,986,org.apache.commons.io.input.ClassLoaderObjectInputStream,0,0,org_apache_commons_io_input_ClassLoaderObjectInputStream.txt
hublike_modularization,tn,21038,org.apache.commons.io.function.IOBiConsumer,0,0,org_apache_commons_io_function_IOBiConsumer.txt
hublike_modularization,tn,27392,net.bytebuddy.dynamic.scaffold.subclass.ConstructorStrategy.WithMethodAttributeAppenderFactory,0,0,net_bytebuddy_dynamic_scaffold_subclass_ConstructorStrategy_WithMethodAttributeAppenderFactory.txt
hublike_modularization,tn,40927,org.apache.commons.io.channels.ByteArraySeekableByteChannel,0,0,org_apache_commons_io_channels_ByteArraySeekableByteChannel.txt
hublike_modularization,tn,2711,net.bytebuddy.implementation.SuperMethodCall.TerminationHandler,0,0,net_bytebuddy_implementation_SuperMethodCall_TerminationHandler.txt
hublike_modularization,fp,15596,org.adoptopenjdk.jitwatch.model.bytecode.LineTable,0,1,org_adoptopenjdk_jitwatch_model_bytecode_LineTable.txt
hublike_modularization,fp,77084,net.bytebuddy.description.field.FieldDescription.ForLoadedField,0,1,net_bytebuddy_description_field_FieldDescription_ForLoadedField.txt
hublike_modularization,tn,2408,com.google.googlejavaformat.intellij.UiFormatterStyle,0,0,com_google_googlejavaformat_intellij_UiFormatterStyle.txt
hublike_modularization,fp,21713,com.github.javaparser.symbolsolver.javassistmodel.JavassistEnumDeclaration,0,1,com_github_javaparser_symbolsolver_javassistmodel_JavassistEnumDeclaration.txt
hublike_modularization,tn,1778,org.apache.commons.lang3.time.GmtTimeZone,0,0,org_apache_commons_lang3_time_GmtTimeZone.txt
hublike_modularization,fp,17633,com.google.zxing.LuminanceSource,0,1,com_google_zxing_LuminanceSource.txt
hublike_modularization,tn,502,com.github.javaparser.ast.nodeTypes.modifiers.NodeWithProtectedModifier,0,0,com_github_javaparser_ast_nodeTypes_modifiers_NodeWithProtectedModifier.txt
hublike_modularization,fp,2385,japa.bdd.samples.JavaConcepts.Enum,0,1,japa_bdd_samples_JavaConcepts_Enum.txt
hublike_modularization,tn,38518,net.bytebuddy.dynamic.ClassFileLocator.Filtering,0,0,net_bytebuddy_dynamic_ClassFileLocator_Filtering.txt
hublike_modularization,fp,95262,net.bytebuddy.asm.MemberSubstitution.Write,0,1,net_bytebuddy_asm_MemberSubstitution_Write.txt
hublike_modularization,fp,8378,net.bytebuddy.build.RenamingPlugin.Renaming,0,1,net_bytebuddy_build_RenamingPlugin_Renaming.txt
hublike_modularization,fp,24863,net.bytebuddy.implementation.FieldAccessor.TerminationHandler,0,1,net_bytebuddy_implementation_FieldAccessor_TerminationHandler.txt
hublike_modularization,tn,67204,net.bytebuddy.pool.TypePool.LazySuperClass,0,0,net_bytebuddy_pool_TypePool_LazySuperClass.txt
hublike_modularization,tn,12089,com.github.javaparser.printer.lexicalpreservation.TextElementMatchers,0,0,com_github_javaparser_printer_lexicalpreservation_TextElementMatchers.txt
hublike_modularization,tn,25945,com.github.javaparser.Position,0,0,com_github_javaparser_Position.txt
hublike_modularization,tn,14706,com.github.javaparser.ast.nodeTypes.NodeWithTypeParameters,0,0,com_github_javaparser_ast_nodeTypes_NodeWithTypeParameters.txt
hublike_modularization,fp,83924,net.bytebuddy.dynamic.DynamicType.TypeVariableAnnotationAdapter,0,1,net_bytebuddy_dynamic_DynamicType_TypeVariableAnnotationAdapter.txt
hublike_modularization,fp,59769,org.apache.commons.io.RandomAccessFileMode,0,1,org_apache_commons_io_RandomAccessFileMode.txt
hublike_modularization,fp,23391,com.github.javaparser.symbolsolver.resolution.typeinference.bounds.SubtypeOfBound,0,1,com_github_javaparser_symbolsolver_resolution_typeinference_bounds_SubtypeOfBound.txt
hublike_modularization,tn,324,(default package).InnerClassDotExpressions,0,0,(default package)_InnerClassDotExpressions.txt
hublike_modularization,tn,571,com.google.googlejavaformat.java.GoogleJavaFormatTool,0,0,com_google_googlejavaformat_java_GoogleJavaFormatTool.txt
hublike_modularization,fp,41739,com.github.javaparser.metamodel.BaseNodeMetaModel,0,1,com_github_javaparser_metamodel_BaseNodeMetaModel.txt
hublike_modularization,fp,67866,net.bytebuddy.dynamic.scaffold.TypeWriter.WithActiveRecord,0,1,net_bytebuddy_dynamic_scaffold_TypeWriter_WithActiveRecord.txt
hublike_modularization,tn,8480,com.github.javaparser.symbolsolver.reflectionmodel.ReflectionEnumConstantDeclaration,0,0,com_github_javaparser_symbolsolver_reflectionmodel_ReflectionEnumConstantDeclaration.txt
hublike_modularization,tn,324,org.jsoup.UnsupportedMimeTypeException,0,0,org_jsoup_UnsupportedMimeTypeException.txt
hublike_modularization,fp,28412,net.bytebuddy.implementation.auxiliary.TypeProxy.InvocationFactory,0,1,net_bytebuddy_implementation_auxiliary_TypeProxy_InvocationFactory.txt
hublike_modularization,tn,94805,net.bytebuddy.implementation.HashCodeMethod.UsingJump,0,0,net_bytebuddy_implementation_HashCodeMethod_UsingJump.txt
hublike_modularization,tn,33980,net.bytebuddy.build.Plugin.ForRetainedElement,0,0,net_bytebuddy_build_Plugin_ForRetainedElement.txt
hublike_modularization,tn,48153,net.bytebuddy.dynamic.scaffold.TypeWriter.SignatureKey,0,0,net_bytebuddy_dynamic_scaffold_TypeWriter_SignatureKey.txt
hublike_modularization,tn,14911,org.apache.commons.lang3.time.AbstractFormatCache,0,0,org_apache_commons_lang3_time_AbstractFormatCache.txt
hublike_modularization,fp,26988,net.bytebuddy.ByteBuddy.InitializationAppender,0,1,net_bytebuddy_ByteBuddy_InitializationAppender.txt
hublike_modularization,fp,5716,com.github.javaparser.printer.lexicalpreservation.ReshuffledDiffElementExtractor.MatchClassification,0,1,com_github_javaparser_printer_lexicalpreservation_ReshuffledDiffElementExtractor_MatchClassification.txt
hublike_modularization,tn,22132,net.bytebuddy.build.maven.ByteBuddyMojo.Coordinate,0,0,net_bytebuddy_build_maven_ByteBuddyMojo_Coordinate.txt
hublike_modularization,tn,28201,net.bytebuddy.implementation.Implementation.WithFixedSuffix,0,0,net_bytebuddy_implementation_Implementation_WithFixedSuffix.txt
hublike_modularization,fp,35023,org.adoptopenjdk.jitwatch.model.PackageManager,0,1,org_adoptopenjdk_jitwatch_model_PackageManager.txt
hublike_modularization,tn,1497,org.gradle.api.file.DirectoryProperty,0,0,org_gradle_api_file_DirectoryProperty.txt
hublike_modularization,fp,9767,org.adoptopenjdk.jitwatch.inline.HeadlessInlineVisitor,0,1,org_adoptopenjdk_jitwatch_inline_HeadlessInlineVisitor.txt
hublike_modularization,tn,33548,net.bytebuddy.dynamic.loading.ClassLoadingStrategy.ForBootstrapInjection,0,0,net_bytebuddy_dynamic_loading_ClassLoadingStrategy_ForBootstrapInjection.txt
hublike_modularization,tn,1010,org.apache.commons.io.comparator.CompositeFileComparator,0,0,org_apache_commons_io_comparator_CompositeFileComparator.txt
hublike_modularization,tn,8031,org.apache.commons.lang3.function.FailableDoubleConsumer,0,0,org_apache_commons_lang3_function_FailableDoubleConsumer.txt
hublike_modularization,tn,310,(default package).TrivialMethod,0,0,(default package)_TrivialMethod.txt
hublike_modularization,tn,94449,net.bytebuddy.description.method.ParameterList.TypeSubstituting,0,0,net_bytebuddy_description_method_ParameterList_TypeSubstituting.txt
hublike_modularization,tn,32024,net.bytebuddy.utility.dispatcher.JavaDispatcher.ForUnresolvedMethod,0,0,net_bytebuddy_utility_dispatcher_JavaDispatcher_ForUnresolvedMethod.txt
hublike_modularization,tn,11146,net.bytebuddy.build.maven.ByteBuddyMojo.ForProductionTypes,0,0,net_bytebuddy_build_maven_ByteBuddyMojo_ForProductionTypes.txt
hublike_modularization,tn,7937,com.google.zxing.common.HybridBinarizer,0,0,com_google_zxing_common_HybridBinarizer.txt
hublike_modularization,tn,22454,com.google.zxing.oned.Code128Reader,0,0,com_google_zxing_oned_Code128Reader.txt
hublike_modularization,fp,35416,net.bytebuddy.agent.builder.ResettableClassFileTransformer.Factory,0,1,net_bytebuddy_agent_builder_ResettableClassFileTransformer_Factory.txt
hublike_modularization,tn,2280,com.github.javaparser.resolution.declarations.ResolvedRecordDeclaration,0,0,com_github_javaparser_resolution_declarations_ResolvedRecordDeclaration.txt
hublike_modularization,tn,35400,com.github.javaparser.metamodel.VariableDeclarationExprMetaModel,0,0,com_github_javaparser_metamodel_VariableDeclarationExprMetaModel.txt
hublike_modularization,tn,21434,org.apache.commons.lang3.time.FastDatePrinter.StringLiteral,0,0,org_apache_commons_lang3_time_FastDatePrinter_StringLiteral.txt
hublike_modularization,tn,34257,com.github.javaparser.metamodel.SingleMemberAnnotationExprMetaModel,0,0,com_github_javaparser_metamodel_SingleMemberAnnotationExprMetaModel.txt
hublike_modularization,fp,73470,net.bytebuddy.description.type.TypeDescription.LazyInterfaceList,0,1,net_bytebuddy_description_type_TypeDescription_LazyInterfaceList.txt
hublike_modularization,tn,5038,com.google.zxing.multi.ByQuadrantReader,0,0,com_google_zxing_multi_ByQuadrantReader.txt
hublike_modularization,fp,13877,org.jsoup.nodes.Attributes.Dataset,0,1,org_jsoup_nodes_Attributes_Dataset.txt
hublike_modularization,tn,2064,org.apache.commons.io.output.TaggedWriter,0,0,org_apache_commons_io_output_TaggedWriter.txt
hublike_modularization,tn,8626,com.google.zxing.client.android.result.supplement.BookResultInfoRetriever,0,0,com_google_zxing_client_android_result_supplement_BookResultInfoRetriever.txt
hublike_modularization,tn,11522,net.bytebuddy.description.modifier.MethodStrictness,0,0,net_bytebuddy_description_modifier_MethodStrictness.txt
