file_name,smell,entity_type,entity,detection,justification
(default package)_ElisionTest.txt,Insufficient Modularization,class,ElisionTest,0,"ElisionTest is small and cohesive: it defines only two methods (the constructor and main) and no instance fields. The constructor contains a single, simple workflow (create a Vector<Long>, populate it in a loop, compute a sum in a loop, print the result). There is no large class interface, no mix of unrelated responsibilities, and no excessive size or complexity that would warrant decomposition. All state is local to the constructor (local variables: vector, sum, loop indices), so there is no evidence of a bloated class or multiple responsibilities requiring modularization."
(default package)_InnerClassDotExpressions_InnerClass.txt,Insufficient Modularization,class,InnerClassDotExpressions.InnerClass,0,"['Classes are very small and focused: each nested class defines a single static method returning a simple string, indicating single responsibility and low complexity (InnerClass.methodCall, InnerInnerClass.innerMethodCall, InnerInnerInnerClass.innerInnerMethodCall).', 'No large methods, long interfaces, or many fields are present that would indicate a bloated abstraction or excessive responsibilities.', 'Nesting depth alone does not imply insufficient modularization; the nested classes do not accumulate unrelated functionality and are invoked only to return simple values (as shown by InnerClassDotExpressions.main).', 'Static methods reduce coupling to outer instances, and there is no evidence of tangled responsibilities or difficulty in understanding/maintaining a single oversized class.']"
(default package)_MegamorphicBypass_Quarter.txt,Insufficient Modularization,class,MegamorphicBypass.Quarter,0,"['Quarter is a very small, cohesive class: it implements a single method deposit() that performs one simple action (moneyBox += 25).', 'It does not have a large interface, many fields, or multiple responsibilities to indicate poor decomposition.', 'There is no internal complexity, branching, or size that would suggest the class should be split into smaller abstractions.', 'Although it is an inner class and references the outer static moneyBox, that coupling does not make Quarter bloated or multi-responsibility; its behavior remains narrowly focused.']"
(default package)_PolymorphismTest_Quarter.txt,Insufficient Modularization,class,PolymorphismTest.Quarter,0,"Quarter is a small, focused inner class that implements the Coin interface with a single method deposit() which increments the static moneyBox by 25. It has one clear responsibility, a minimal interface (no extra fields or methods), and low complexity/size. There is no evidence of a bloated interface, multiple unrelated responsibilities, or excessive size in this class, so Insufficient Modularization is not present."
(default package)_TestInner.txt,Insufficient Modularization,class,TestInner,0,"['The class is small and simple: TestInner has only one public method a(), a constructor, and two nested inner classes (Inner1 and Inner2) that further break behavior into smaller units. Methods a(), b(), and c() are single-purpose print methods with no complex logic or large interfaces. There are no many fields or responsibilities concentrated in TestInner itself; nested classes indicate decomposition rather than a bloated monolith. Therefore it does not exhibit insufficient modularization.']"
a_b_c_ExampleClass.txt,Insufficient Modularization,class,ExampleClass,0,"The class is minimal and not a bloated abstraction: it declares a single field (protected final DataObjectFactory doFactory), a constructor (which sets doFactory = null), and one method (getDataObject) that simply delegates to doFactory.getDataObject(objectID). There are no many unrelated methods, no large state, and no large or complex interface that would indicate an insufficient decomposition. Therefore it does not exhibit Insufficient Modularization."
com_github_javaparser_GeneratedJavaParserBase.txt,Insufficient Modularization,class,GeneratedJavaParserBase,1,"['GeneratedJavaParserBase accumulates many distinct responsibilities in one class, indicating insufficient modularization. Examples include: token/token-range management (methods: token(), tokenRange(), range(...), orIfInvalid(...), nodeListBegin(...), setTokenKind(...), setStoreTokens(...)); parser recovery and error reporting (recover(...), recoverStatement(...), addProblem(...), problems field, makeMessageForParseException(...)); AST construction and transformation helpers (generateLambda(...), juggleArrayCreation(...), juggleArrayType(...), scopeToName(...)); small utility/string helpers (unquote(...), unTripleQuote(...)); and propagation of token-range changes (propagateRangeGrowthOnRight(...)).', ""The class mixes parsing control flow, token management, error-message formatting, and AST-building logic rather than delegating those concerns to cohesive helper/strategy classes. This leads to a large surface area (many unrelated methods and state like 'problems' and 'storeTokens'), reduced cohesion, and harder maintainability and testability."", 'Many methods are natural extraction targets (e.g., RecoveryHandler for recover/recoverStatement and makeMessageForParseException, TokenRangeUtils/TokenAdapter for token and range helpers, ASTBuilderHelpers for generateLambda/juggleArray* and scopeToName, and StringLiteralUtils for unquote/unTripleQuote), which supports the conclusion that the current class is not adequately decomposed.']"
com_github_javaparser_GeneratedJavaParserTokenManager.txt,Insufficient Modularization,class,GeneratedJavaParserTokenManager,1,"['Class size and density: the class contains a very large amount of code including many long methods (e.g. jjMoveNfa_0, getNextToken, many jjMoveStringLiteralDfaX methods) and dozens of large static arrays (jjbitVec0..jjbitVec93, jjstrLiteralImages, jjnextStates, jjtoToken, jjtoSkip, etc.), indicating a single monolithic unit rather than multiple focused classes.', 'Multiple responsibilities concentrated in one class: it handles token production (getNextToken, jjFillToken), lexical state management (curLexState, SwitchTo, ReInit), DFA/NFA transition logic (jjMoveStringLiteralDfa*, jjMoveNfa_0, jjCanMove_*), token actions and skipping (TokenLexicalActions, SkipLexicalActions, MoreLexicalActions), and comment/markdown parsing and storage (createMarkdownComment, CommonTokenAction, commentsCollection, markdownCommentTokens). These are distinct concerns that would be better modularized.', 'Large, low-level data + behavior coupling: DFA tables and bitvectors are declared and used directly inside the class (many jjbitVec arrays and next-state tables), coupling huge static data with parsing logic rather than separating a generated automaton/data from token-management and comment-processing logic.', 'Complex internal state and many helper methods: numerous private helper methods and state variables (jjrounds, jjstateSet, jjimage, image, jjimageLen, lengthOfMatch, curChar, etc.) make the class difficult to understand and maintain, which is symptomatic of insufficient decomposition into smaller, more cohesive classes.', 'Missed opportunities for decomposition: identifiable subsystems (automaton engine, token storage & comment collection, markdown comment assembly, lexical-action handlers) are all implemented in the same class rather than split into focused classes or modules, increasing cognitive load and reducing maintainability.']"
com_github_javaparser_JavaToken_Kind.txt,Insufficient Modularization,class,JavaToken.Kind,0,"Although JavaToken.Kind contains a very large number of enum constants and a large generated valueOf switch, it represents a single cohesive abstraction (the set of token kinds). Its methods are few and focused (valueOf, isPrimitive, getKind) and are directly related to the enum's responsibility. The large size is due to the number of tokens (and generated code), not because the class mixes unrelated responsibilities or contains multiple orthogonal concerns, so it does not exhibit insufficient modularization."
com_github_javaparser_Range.txt,Insufficient Modularization,class,Range,0,"The Range class is small and cohesive: it encapsulates two Position fields (begin,end) and provides only range-related operations (constructors/factories, withX copy helpers, contains/strictlyContains/overlapsWith/isBefore/isAfter comparisons, equals/hashCode/toString, getLineCount). Fields are final and the class does not mix unrelated responsibilities (no I/O, parsing, or other domain logic). The public API surface is appropriate for the abstraction and methods are directly related to representing and querying a textual range, so there is no evidence of excessive size, complexity, or concentrated unrelated responsibilities that would indicate insufficient modularization."
com_github_javaparser_ast_Node_DirectChildrenIterator.txt,Insufficient Modularization,class,com.github.javaparser.ast.Node,1,"['The class aggregates many distinct responsibilities: AST state (range, tokenRange, parent/children), comment/orphan comment management, observer registration/propagation, arbitrary data storage (DataKey map), printing/printer-configuration, symbol resolution linkage, phantom-node detection/caching, traversal APIs and iterator implementations, and visitor/clone/equals/hashCode delegation.', 'Multiple unrelated concerns are implemented in the same class: printer creation and configuration (getPrinter, createDefaultPrinter, PRINTER_KEY), symbol resolution access (SYMBOL_RESOLVER_KEY and getSymbolResolver), and line-ending configuration (LINE_SEPARATOR_KEY and getLineEndingStyle), which couple I/O/formatting configuration to the AST model.', 'Traversal logic and algorithms are embedded as several nested iterator classes (BreadthFirstIterator, DirectChildrenIterator, ParentsVisitor, PreOrderIterator, PostOrderIterator with Level helper), inflating the class and mixing traversal mechanics with node state.', 'Observer management (ObserverRegistrationMode, register/registerForSubtree, PropagatingAstObserver usage) and child lifecycle methods (setParentNode, setAsParentNodeOf, remove/replace) together enlarge the public surface and violate single-responsibility principles.', 'Specialized utilities such as phantom detection (PHANTOM_KEY, isPhantom, inPhantomNode, LEVELS_TO_EXPLORE) and data-key manipulation further demonstrate orthogonal concerns present in one monolithic class, making it hard to understand, maintain, and evolve.']"
com_github_javaparser_ast_body_AnnotationMemberDeclaration.txt,Insufficient Modularization,class,AnnotationMemberDeclaration,0,"The class is cohesive and focused on a single responsibility: representing an annotation member in the AST. It only holds a small set of related fields (modifiers, type, name, defaultValue) and implements node/visitor/resolution interfaces that are appropriate for AST nodes; the many methods are generated property accessors, mutators, visitor/clone/replace/remove helpers and notification/parenting logic rather than unrelated functionality. There is no evidence of many unrelated responsibilities, large unrelated code blocks, or a bloated interface — the implemented interfaces and methods are directly relevant to the node role, so insufficient modularization is not present."
com_github_javaparser_ast_body_ConstructorDeclaration.txt,Insufficient Modularization,class,ConstructorDeclaration,0,"The class is focused on a single, well-defined responsibility: representing a constructor AST node. It contains only one intrinsic field (body) and several constructors and small accessor/mutator methods (getBody, setBody). Most behaviour is simple delegation or standard node functionality (accept visitors, clone, getMetaModel, replace, type-casting helpers, resolve), and many methods are generated (annotations like @Generated) or override behavior from superclasses/interfaces. Complex concerns are delegated to superclasses (CallableDeclaration) and other node types. There is no evidence of a large, bloated interface or unrelated responsibilities that would indicate insufficient modularization."
com_github_javaparser_ast_expr_CastExpr.txt,Insufficient Modularization,class,CastExpr,0,"CastExpr is a small, cohesive AST node focused solely on representing a type cast. It has only two primary fields (type, expression) with corresponding getters/setters (getType/setType, getExpression/setExpression), simple constructors, visitor acceptors (accept for GenericVisitor and VoidVisitor), clone(), replace(), and type-query helpers (isCastExpr, asCastExpr, ifCastExpr, toCastExpr). Behavior is delegated to visitors (CloneVisitor, GenericVisitor/VoidVisitor) and it implements NodeWithType and NodeWithExpression interfaces, so responsibilities are well-scoped and not bloated. There are no large methods combining unrelated concerns or excessive fields that would indicate insufficient decomposition."
com_github_javaparser_ast_modules_ModuleOpensDirective.txt,Insufficient Modularization,class,ModuleOpensDirective,0,"The class is small and cohesive: it models a single AST concept (an 'opens' directive) with two fields (name, moduleNames) and related node-management behavior. All methods (constructors, getName/setName, getModuleNames/setModuleNames, remove, replace, clone, visitor acceptors, type-casting helpers, getMetaModel) are directly related to maintaining or interacting with that AST node. There is no evidence of multiple unrelated responsibilities, excessive size, or a bloated interface that would warrant decomposition. The presence of generated boilerplate (annotations like @Generated and repeated type-casting/accessor patterns) reflects consistent AST-node conventions rather than insufficient modularization."
com_github_javaparser_ast_stmt_AssertStmt.txt,Insufficient Modularization,class,AssertStmt,0,"The AssertStmt class is small and cohesive: it models a single language construct (an assert statement) with only two fields (check and optional message). Its methods are standard AST-node operations (constructors, getters/setters, visitor acceptors, clone, remove/replace, type-casting helpers) and are marked as generated, indicating they follow the common node pattern rather than containing unrelated responsibilities. There is no evidence of a bloated interface, excessive size, or unrelated functionality concentrated in this class, and its responsibilities are narrowly focused and appropriate for its abstraction."
com_github_javaparser_ast_type_PrimitiveType.txt,Insufficient Modularization,class,PrimitiveType,0,"['The class is small and focused on a single abstraction: representing primitive types in the AST.', 'Related functionality (boxing, descriptors, lookup by name) is encapsulated in the nested enum Primitive, which is cohesive and appropriate for this class.', 'Static factory methods (booleanType, intType, etc.), the unboxMap, and Primitive.lookup methods are convenience and lookup utilities directly related to primitive-type behavior, not unrelated responsibilities.', 'AST-related operations (annotations handling, visitor acceptors, cloning, meta-model access, resolution and conversion to usage) are consistent with the role of a Type node and are expected concerns inherited or required by the framework.', ""There are few instance fields (only 'type') and no signs of a bloated interface or unrelated responsibilities that would indicate insufficient decomposition.""]"
com_github_javaparser_ast_type_Type.txt,Insufficient Modularization,class,Type,1,"The Type class exposes a very large, mixed interface and concentrates multiple responsibilities that could be separated. Evidence in the class: (1) Annotation management (field 'annotations', getAnnotations(), setAnnotations(...), getAnnotation(int), remove(Node), replace(Node,Node)) mixes AST node containment logic into the base type. (2) Many subtype inspection and casting helpers (isArrayType(), asArrayType(), isClassOrInterfaceType(), asClassOrInterfaceType(), isPrimitiveType(), asPrimitiveType(), isReferenceType(), asReferenceType(), isTypeParameter(), asTypeParameter(), isUnionType(), asUnionType(), isUnknownType(), asUnknownType(), isVoidType(), asVoidType(), isWildcardType(), asWildcardType(), isVarType(), asVarType()) and their corresponding ifXxx(Consumer), toXxx() Optional methods — this adds a large, repetitive API surface to the base class for every concrete subtype. (3) Core semantics and utilities are combined here (getElementType(), getArrayLevel(), toDescriptor(), asString(), clone(), getMetaModel(), resolve()) so the class mixes representation, casting utilities, cloning, meta-model access and resolution. (4) Many methods are generated (TypeCastingGenerator etc.), indicating the base class is a catch-all for behavior across many concrete Type variants. These factors produce a bloated, multi-responsibility abstraction that is harder to understand and maintain and would be more modular if subtype-specific behavior and casting utilities were moved out (e.g., into visitors, helper classes, or per-subtype abstractions)."
com_github_javaparser_ast_validator_language_level_validations_Java16Validator.txt,Insufficient Modularization,class,Java16Validator,0,"The class is small and focused: it extends Java15Validator and its sole constructor adjusts a few validation rules (remove(noPatternMatchingInstanceOf), remove(noRecordDeclaration), remove(innerClasses), add(recordAsTypeIdentifierNotAllowed), add(recordDeclarationValidator)). There are no large methods, no many fields, and no concentration of unrelated responsibilities; it delegates actual validation behavior to the superclass and to added/removed validators. Therefore there is no evidence of insufficient modularization in this class."
com_github_javaparser_ast_validator_language_level_validations_chunks_NoBinaryIntegerLiteralsValidator.txt,Insufficient Modularization,class,NoBinaryIntegerLiteralsValidator,0,"The class is small and focused: it extends VisitorValidator and provides two visit overrides (IntegerLiteralExpr, LongLiteralExpr) that delegate to a single private static validate method which contains the binary-literal check. There are no fields, no large public interface, and the responsibility is singular (detect/report binary integer literals). Given its concise implementation and single cohesive concern, there is no evidence of excessive size, complexity, or multiple responsibilities that would indicate insufficient modularization."
com_github_javaparser_ast_validator_postprocessors_Java17PostProcessor.txt,Insufficient Modularization,class,Java17PostProcessor,0,"['The class is empty and only extends Java16PostProcessor, containing no fields, methods, or large interface surface.', 'There is no sign of a large, complex, or multi-responsibility implementation in this class itself — it acts as a lightweight specialization/marker for Java 17 processing.', 'Given its minimal size and single inheritance relationship, there is no evidence that this class needs further decomposition; modularization concerns should be evaluated in its superclass if present.']"
com_github_javaparser_ast_visitor_HashCodeVisitor.txt,Insufficient Modularization,class,HashCodeVisitor,1,"['The class is very large and contains an extremely high number of visit(...) methods (one for each AST node type). This concentration of functionality makes the class hard to read, maintain, and extend.', 'Many responsibilities are mixed into this single class: hashing logic for expressions, statements, types, declarations, module directives, comments, etc. (e.g. visit methods for MethodDeclaration, IfStmt, ClassOrInterfaceDeclaration, ModuleDeclaration, TraditionalJavadocComment, MarkdownComment).', 'Significant code duplication across methods: the same pattern is repeated in almost every visit method, notably the comment handling expression (n.getComment().isPresent() ? n.getComment().get().accept(this, arg) : 0) and the repeated multiply-by-31 combine logic. Repetition indicates opportunity to extract shared helpers or split by concern.', 'Singletons and global usage (private static final HashCodeVisitor SINGLETON and public static int hashCode(Node)) centralize all hash-computation logic in one giant class rather than composing smaller, focused components.', 'The presence of a NodeList-specific visit that iterates and dispatches to the visitor further shows the visitor handles composite traversal and hash composition in one place; responsibilities could be modularized (e.g. separate visitors or helper classes for node categories: expressions, statements, types, declarations, comments, and common combination logic).']"
com_github_javaparser_ast_visitor_NodeFinderVisitor.txt,Insufficient Modularization,class,NodeFinderVisitor,1,"The class is very large and bundles a huge number of responsibilities: it implements visit(...) for almost every AST node type (dozens of visit methods such as visit(AnnotationDeclaration), visit(MethodDeclaration), visit(IfStmt), visit(ModuleDeclaration), visit(RecordDeclaration), etc.). The methods are highly repetitive (repeated patterns: traverse child nodes, check selectedNode, then apply fn and set selectedNode) indicating duplicated control flow that could be extracted or delegated. The class holds global/static state (private static BiFunction<Node, Range, Boolean> fn and public static fConveringNode) and instance state (selectedNode) while performing traversal for all node categories instead of splitting concerns (for example by node-family visitors, delegating traversal, or composing smaller visitors). The large import list and size/complexity make it hard to understand and maintain, supporting that the class is insufficiently modularized and should be decomposed or refactored to reduce size and duplicate logic."
com_github_javaparser_ast_visitor_VoidVisitor.txt,Insufficient Modularization,class,VoidVisitor,1,"The VoidVisitor interface centralizes a very large surface of responsibilities into a single type: it declares dozens of visit(...) methods that cover nearly every AST node category (expressions: ArrayAccessExpr, BinaryExpr, MethodCallExpr, LambdaExpr, etc.; statements: IfStmt, ForStmt, WhileStmt, SwitchStmt, ReturnStmt, TryStmt, etc.; declarations: ClassOrInterfaceDeclaration, MethodDeclaration, EnumDeclaration, AnnotationDeclaration, RecordDeclaration, etc.; types: ArrayType, PrimitiveType, UnionType, IntersectionType, VarType, UnknownType, etc.; comments: BlockComment, LineComment, MarkdownComment, TraditionalJavadocComment; modules/directives: ModuleDeclaration, ModuleRequiresDirective, ModuleExportsDirective, etc.; patterns and new constructs: RecordPatternExpr, TypePatternExpr, MatchAllPatternExpr, TextBlockLiteralExpr, SwitchExpr, YieldStmt, etc.). Because one interface must provide methods for many unrelated node kinds, implementers are forced to depend on and potentially implement a bloated API even when only a small subset is needed. This concentration of many separate concerns in one abstraction makes the API large, hard to understand and maintain, and indicates insufficient decomposition/modularization of visitor responsibilities."
com_github_javaparser_ast_visitor_VoidVisitorAdapter.txt,Insufficient Modularization,class,VoidVisitorAdapter,1,"['The class is very large and contains a separate visit(...) method for a very large number of AST node types (e.g., AnnotationDeclaration, ClassOrInterfaceDeclaration, MethodDeclaration, IfStmt, ForStmt, TryStmt, many LiteralExpr, Module* directives, RecordDeclaration, etc.). This centralizes the handling of many distinct node categories in one class instead of decomposing them into smaller, cohesive abstractions.\n\nMultiple indications of insufficient modularization:\n- Repetition of the same patterns across many methods (for example, almost every visit method ends with n.getComment().ifPresent(l -> l.accept(this, arg)); and many methods repeatedly call similar sequences of getX().forEach(...accept(this,...))). This suggests extractable common behavior (visit children, visit comments) that is implemented redundantly rather than delegated to helpers or split across focused classes.\n- High responsibility count: the adapter implements default visitation for expressions, statements, types, declarations, module directives, comments, patterns, etc., so it mixes concerns that could be grouped (e.g., separate visitors or helper delegates for expressions, statements, declarations, modules/comments).\n- Maintenance and evolution risk: because all node-type defaults live in one monolithic class, adding new node types or changing traversal strategy requires modifying this large class, increasing coupling and reducing readability.\n\nRefactoring opportunities that support the detection: factor out shared child-iteration/comment-handling logic into utility methods or delegate per-category visit implementations (expression visitor, statement visitor, declaration visitor, module visitor), or compose smaller adapters to reduce the class size and responsibilities.']"
com_github_javaparser_javadoc_JavadocBlockTag_Type.txt,Insufficient Modularization,class,JavadocBlockTag.Type,0,"The analyzed class (the Type enum and its enclosing JavadocBlockTag) is small and cohesive. The Type enum encapsulates a single responsibility (representing tag kinds and mapping names to enum values) with only a keyword field, a constructor, hasName() and fromName() helper methods. The enclosing JavadocBlockTag class focuses on representing and parsing a Javadoc block tag (fields: type, content, name, tagName; constructors; a factory createParamBlockTag; getters; toText; equals/hashCode/toString). Parsing logic delegates to Utils.nextWord and JavadocDescription.parseText, showing separation of concerns. There is no excessive size, duplicated responsibilities, or a bloated interface that would indicate the need to split the class into additional abstractions."
com_github_javaparser_javasymbolsolver_javassist_symbols_main_jar_InterfaceUserOwnJar.txt,Insufficient Modularization,class,InterfaceUserOwnJar,0,"The class is minimal and cohesive: it only declares a single static final field (OWN_FIELD) and implements one interface (InterfaceOwnJar). There are no multiple responsibilities, no large number of methods or fields, and no bloated interface to suggest it should be decomposed further. Given its small size and single, simple purpose, there is no evidence of insufficient modularization."
com_github_javaparser_metamodel_BaseNodeMetaModel.txt,Insufficient Modularization,class,BaseNodeMetaModel,0,"The class represents a single clear abstraction: metadata for AST Node types. Its state (type, name, packageName, isAbstract, hasWildcard, lists of declared/derived properties and constructorParameters, and optional superNodeMetaModel) and its methods (accessors, getAllPropertyMetaModels, isInstanceOfMetaModel, name/type helpers, and construct which uses the stored constructorParameters) are all tightly related to that abstraction. The implementation size is moderate, methods are cohesive (e.g., getAllPropertyMetaModels walks the meta-model hierarchy; construct uses constructorParameters to instantiate a Node), and the public surface is focused on metadata access and node construction based on that metadata. There is no evidence of unrelated responsibilities, excessive complexity, or a bloated interface that would indicate insufficient decomposition."
com_github_javaparser_metamodel_EmptyStmtMetaModel.txt,Insufficient Modularization,class,EmptyStmtMetaModel,0,"The class is small and single-purpose: it contains only a generated constructor that forwards parameters to the superclass (StatementMetaModel) to represent the EmptyStmt meta-model. It is annotated as @Generated, indicating it is produced by a metamodel generator. There are no additional fields, methods, or mixed responsibilities, no large or bloated interface, and no signs of excessive complexity that would warrant decomposing the class further."
com_github_javaparser_metamodel_JavadocCommentMetaModel.txt,Insufficient Modularization,class,JavadocCommentMetaModel,0,"The class is small and focused: it only declares two constructors that delegate to the superclass (CommentMetaModel) and provides no additional fields or methods. It represents a single, narrow responsibility (meta-model for JavadocComment) and follows the project pattern of one meta-model class per AST node (package com.github.javaparser.metamodel). The file is generated (annotation @Generated and generator comment), indicating consistent, automated decomposition rather than a hand-crafted, bloated abstraction. There is no evidence of excessive size, mixed responsibilities, or a bloated interface, so Insufficient Modularization is not present."
com_github_javaparser_metamodel_LineCommentMetaModel.txt,Insufficient Modularization,class,LineCommentMetaModel,0,"['Class is tiny and generated: contains only a single constructor and no additional fields or methods, indicating a narrow, well-defined responsibility.', 'It delegates initialization to the superclass (CommentMetaModel) and does not aggregate multiple unrelated responsibilities or a large interface.', 'No signs of excessive size, complexity, or bloated interface; the class exists solely to represent metadata for a specific node type (LineComment) within the metamodel package.', 'Being generator-produced (note @Generated and header comment) further suggests modular generation of one class per node type rather than manual accumulation of responsibilities.']"
com_github_javaparser_metamodel_MethodReferenceExprMetaModel.txt,Insufficient Modularization,class,MethodReferenceExprMetaModel,0,"This class is small, generated, and focused on a single responsibility: representing the meta-model for MethodReferenceExpr. It contains a single constructor delegating to the superclass and four public PropertyMetaModel fields (identifierPropertyMetaModel, scopePropertyMetaModel, typeArgumentsPropertyMetaModel, usingDiamondOperatorPropertyMetaModel). There is no large method body, no mixed responsibilities, and no bloated interface or excessive internal complexity. The @Generated annotation and the class purpose (meta-model for one AST node) further indicate it is intentionally minimal and modular."
com_github_javaparser_metamodel_StringLiteralExprMetaModel.txt,Insufficient Modularization,class,StringLiteralExprMetaModel,0,"The class is minimal and focused: it contains a single constructor that delegates to its superclass with a fixed set of parameters, has no additional fields or methods, and represents a single, narrow responsibility (the meta-model for StringLiteralExpr). It is generated code (annotated with @Generated) intended to be a small, specific part of a larger metamodel and does not exhibit excessive size, complexity, or a bloated interface. Therefore it does not show Insufficient Modularization."
com_github_javaparser_metamodel_TypeParameterMetaModel.txt,Insufficient Modularization,class,TypeParameterMetaModel,0,"The class is small and focused: it only declares a constructor and two PropertyMetaModel fields (namePropertyMetaModel, typeBoundPropertyMetaModel). It extends ReferenceTypeMetaModel and appears to be an auto-generated metamodel node (annotated @Generated), following the pattern of one metamodel class per AST node. There is no large interface, no excessive responsibilities or many unrelated fields/methods that would indicate a need to decompose the class further."
com_github_javaparser_metamodel_YieldStmtMetaModel.txt,Insufficient Modularization,class,YieldStmtMetaModel,0,"The class is small and focused: it is auto-generated (@Generated) and only contains a constructor that delegates to the superclass and a single PropertyMetaModel field (expressionPropertyMetaModel). It extends StatementMetaModel and does not accumulate unrelated responsibilities, large interfaces, or excessive complexity. Therefore it does not exhibit insufficient modularization."
com_github_javaparser_printer_XmlPrinter.txt,Insufficient Modularization,class,XmlPrinter,1,"The XmlPrinter class concentrates multiple responsibilities that could be separated: it manages XML stream creation/closing (outputDocument( Node, String, Writer ), outputDocument( Node, String, XMLStreamWriter )), high-level document framing (outputDocument(...)), node traversal and AST property inspection, and the detailed emission of attributes, singular child nodes and node lists all inside a single large method (outputNode). The outputNode method is long and handles distinct concerns (writing attributes, writing singular subnodes, writing list subnodes, constructing element names, and exception wrapping) using multiple inline predicates and stream pipelines, which reduces cohesion. The class also contains exception-wrapping logic (RuntimeXMLStreamException) and a deprecated compatibility API (deprecated output(...) method), further mixing concerns. These signs (a large multi-purpose outputNode, stream creation + traversal + formatting in one class, inline predicate logic and exception wrapper) indicate insufficient modularization and candidates for refactoring into smaller, cohesive helpers or collaborators (e.g., separate XmlWriter/stream management, attribute-emitter, node-traverser)."
com_github_javaparser_printer_concretesyntaxmodel_CsmList.txt,Insufficient Modularization,class,CsmList,1,"The class concentrates multiple responsibilities in a single, relatively large method (prettyPrint) and encodes several concerns as fields (property, separatorPre, separatorPost, preceeding, following). prettyPrint contains two large, almost identical branches (property.isAboutNodes() true vs false) that duplicate logic for printing preceeding/following, handling separators and iterating the elements, differing only in how each element is printed (ConcreteSyntaxModel.genericPrettyPrint vs PrintingHelper.printToString). This duplicated branching and the presence of many related but distinct responsibilities (node-list printing vs generic collection printing, separator handling, surrounding elements) indicate the abstraction has not been decomposed into smaller, cohesive units (e.g., separate printers or extracted helper methods), so the class exhibits insufficient modularization."
com_github_javaparser_printer_lexicalpreservation_ReshuffledDiffElementExtractor_MatchClassification.txt,Insufficient Modularization,class,ReshuffledDiffElementExtractor,1,"['The extract(...) method is very large and does many distinct tasks: computing correspondences, building mappings (correspondanceBetweenNextOrderAndPreviousOrder), determining insertion points (elementsToAddBeforeGivenOriginalCSMElement / elementsToBeAddedAtTheEnd), iterating and mutating the input iterator (remove/add). The length and multiple responsibilities indicate low modularity and poor cohesion.', 'getCorrespondanceBetweenNextOrderAndPreviousOrder(...) contains nested iterators and search logic, including expensive contains(...) checks inside loops and management of syncNextIndex; this complex matching algorithm is a separate concern that could be extracted to a dedicated mapper class or utility.', 'findIndexOfCorrespondingNodeTextElement(...) mixes iteration over CSM elements and NodeText elements, match classification logic (building potentialMatches using MatchClassification enum), and priority selection. This method implements non-trivial matching policy and would be clearer as smaller methods or a matcher component.', 'The class bundles multiple responsibilities: correspondence mapping, classification (MatchClassification), index resolution between NodeText and CSM, and mutation of DifferenceElement sequences. Those distinct responsibilities suggest the class is doing more than a single cohesive job and should be decomposed.', 'Presence of the inner enum MatchClassification and its usage inside a large matching method reinforces that matching/classification logic is embedded in the extractor rather than being separated, contributing to the smell.']"
com_github_javaparser_printer_lexicalpreservation_TextElementIteratorsFactory_EmptyIterator.txt,Insufficient Modularization,class,TextElementIteratorsFactory.EmptyIterator,0,"['The EmptyIterator class is minimal and single-purpose: it implements Iterator<E> with hasNext() returning false and next() throwing an exception. It has no fields and no additional responsibilities.', 'Related iterator behaviors are split into separate nested classes (CascadingIterator, SingleElementIterator, ComposedIterator) and factory methods (reverseIterator, partialReverseIterator), indicating responsibilities are decomposed rather than concentrated.', 'There is no evidence of a bloated interface, excessive size, or multiple unrelated responsibilities in this class, so it does not exhibit Insufficient Modularization.']"
com_github_javaparser_resolution_Navigator.txt,Insufficient Modularization,class,Navigator,1,"['The class centralizes many distinct responsibilities into a single static utility: type lookup (findType, demandClass, demandClassOrInterface, demandEnum, getOuterTypeName/getInnerTypeName), member accessors (demandConstructor, demandField, demandMethod), general AST navigation/search (demandParentNode, demandNodeOfGivenClass, demandReturnStmt, demandSwitch, findMethodCall, findNameExpression, findSimpleName, demandVariableDeclaration), and small helpers (findSwitchHelper).', 'Multiple methods perform different, potentially unrelated domain tasks (e.g. textual qualified-type parsing in getOuterTypeName/getInnerTypeName vs. node searches like findMethodCall), indicating low cohesion and a bloated interface.', 'Repetitive iteration and type-checking logic appears in several places (demandConstructor, demandField, demandMethod, findType(TypeDeclaration<?>)), which suggests these responsibilities could be decomposed into focused components (e.g. TypeNavigator, MemberNavigator, SearchNavigator) to improve modularity.', 'Presence of deprecated wrapper methods (findNodeOfGivenClass, findReturnStmt, findSwitch, requireParentNode) increases surface area and indicates legacy/overlapping APIs retained in the same class rather than separated or refactored.', ""A TODO comment in demandConstructor ('Refactor to use `td.findAll(ConstructorDeclaration.class);` - potential difference re: searching only immediate children?') signals recognized maintenance/refactoring needs and complexity that would benefit from modularization."", 'The class is final with a private constructor and only static methods, acting as a large ‘god’ utility class rather than smaller cohesive modules — a typical sign of insufficient modularization.']"
com_github_javaparser_resolution_Resolvable.txt,Insufficient Modularization,class,Resolvable,0,"['The interface declares a single generic method (T resolve()), indicating a single, focused responsibility.', 'There are no fields, no additional methods, and no large or complex API surface in the class to suggest a bloated abstraction.', 'Its small size and clear purpose (resolving to a T) show it is adequately decomposed and modular within the com.github.javaparser.resolution package context.']"
com_github_javaparser_resolution_logic_ConstructorResolutionLogic.txt,Insufficient Modularization,class,ConstructorResolutionLogic,1,"The class concentrates multiple distinct responsibilities and contains large, complex methods that indicate insufficient decomposition: (1) The isApplicable(...) method is long and mixes variadic-argument normalization, type-parameter substitution, wildcard-tolerance handling, and assignability checks in deeply nested logic — it is a clear sign of multiple concerns in one routine. (2) groupVariadicParamValues(...) and the TODO-bearing findCommonType(...) implement argument normalization logic that could be factored into a dedicated parameter-normalization helper. (3) findMostApplicable(...) implements selection/ambiguity-resolution logic (specificity comparison, exact-match preference, and throws MethodAmbiguityException) which is a separate concern from type/assignability checks and could be separated into a comparator/selector component. (4) The method performs repeated patterns of type-parameter replacement and assignability testing (calls into MethodResolutionLogic repeatedly and also performs local matching via matchedParameters map), suggesting extractable sub-operations (type substitution, matching strategy, wildcard-tolerance strategy). These elements (large monolithic methods, mixed responsibilities, TODO stub, repeated logic) justify that the class is insufficiently modular and would benefit from splitting into smaller, cohesive classes/functions (e.g., VariadicNormalizer, TypeMatcher, ApplicabilityChecker, MostSpecificSelector)."
com_github_javaparser_resolution_logic_MethodResolutionLogic.txt,Insufficient Modularization,class,MethodResolutionLogic,1,"['The class is very large and mixes many distinct responsibilities: method applicability checks (isApplicable overloads), type variable substitution (substituteDeclaringTypeParameters, substituteTypeVariables), type inference (inferTypes), method selection and ambiguity resolution (findMostApplicable, findMostApplicableUsage, isMoreSpecific), variadic argument grouping (groupTrailingArgumentsIntoArray, groupVariadicParamValues), and small utilities (distinctByKey).', 'Several very long, complex methods with high branching and different concerns: isApplicable(...) handles name checking, variadic grouping, lambda checks, type-parameter matching and wildcard tolerance all in one method; substituteDeclaringTypeParameters and substituteTypeVariables perform deep recursive type-substitution logic; isMoreSpecific contains many rules for specificity comparison. These indicate multiple orthogonal responsibilities that should be separated.', 'There is duplicated or overlapping logic across methods: two separate isApplicable implementations (one for ResolvedMethodDeclaration and one for MethodUsage) perform similar parameter/variadic/type-parameter processing, suggesting extractable shared components; findMostApplicable and findMostApplicableUsage duplicate selection heuristics.', 'The class depends on many domain types (ResolvedType, ResolvedMethodDeclaration, MethodUsage, TypeSolver, etc.) and implements detailed algorithms for different phases of method resolution; this coupling and concentration of algorithms increases maintenance difficulty and argues for splitting into cohesive modules (e.g., applicability checking, type substitution/inference, specificity comparison, variadic handling).', 'Presence of many TODOs and UnsupportedOperationExceptions inside this large class further shows it is a growth point for multiple concerns rather than a narrowly focused abstraction, supporting the detection of insufficient modularization.']"
com_github_javaparser_serialization_JavaParserJsonSerializer.txt,Insufficient Modularization,class,JavaParserJsonSerializer,1,"The class concentrates multiple responsibilities that could be separated: it implements AST traversal/serialization (serialize, recursive handling of PropertyMetaModel and NodeList), low-level JSON writing for non-meta properties (writeNonMetaProperties), dedicated formatting of ranges and tokens (writeRange, writeTokens, writeToken), and defines several JSON-key enums (JsonNode, JsonRange, JsonTokenRange, JsonToken). The serialize method contains complex logic mixing traversal, meta-model inspection and value formatting. The presence of protected hooks (writeNonMetaProperties) and tightly coupled token/range logic indicate clear candidates for extraction (e.g., separate RangeSerializer, TokenSerializer, and a JSON-key constants holder). These factors show insufficient decomposition into smaller, cohesive abstractions."
com_github_javaparser_serialization_JavaParserJsonSerializer_JsonTokenRange.txt,Insufficient Modularization,class,JavaParserJsonSerializer,0,"The class has a single, well-defined responsibility: serializing JavaParser AST nodes to JSON. Its public API is small (serialize(Node, JsonGenerator)), traversal logic is contained in a helper private method serialize(String, Node, JsonGenerator), and non-meta behaviors are factored into separate protected methods (writeNonMetaProperties, writeRange, writeTokens, writeToken) that can be overridden. The nested enums (JsonNode, JsonRange, JsonTokenRange, JsonToken) group related constants rather than add behavior. The class contains no instance fields and delegates node property inspection to JavaParserMetaModel, so concerns (model introspection vs JSON emission) are reasonably separated. There is no excessive size, bloated interface, or multiple unrelated responsibilities to justify marking it as insufficiently modularized."
com_github_javaparser_symbolsolver_SourceFileInfoExtractor.txt,Insufficient Modularization,class,SourceFileInfoExtractor,1,"['The class mixes multiple responsibilities: file system traversal and IO (solve(Path), solveMethodCalls(Path) using Files.walkFileTree), parsing (parse(file) into CompilationUnit), AST traversal/collection (collectAllNodes, node.walk), semantic resolution (solve(Node), solveTypeDecl, toString(MethodCallExpr)), and reporting/metrics (out/err fields, successes/failures/unsupported counters, printing logic).', 'State and configuration are combined with behavior: the constructor configures the StaticJavaParser symbol resolver while the same class also holds flags and streams (printFileName, out, err, verbose) alongside resolution counters, indicating low cohesion.', 'Methods conflate high-level orchestration and low-level details: solve(Path) both walks files and resolves nodes; solve(Node) inspects node context, performs resolution, updates counters and prints results; toString(MethodCallExpr) performs resolution and error handling. These mixed concerns are candidates for extraction.', 'Presence of many helper methods (collectAllNodes, lineNr, overloaded toString, recursive solveMethodCalls) and the overall size/variety of responsibilities suggest the class could be decomposed into smaller, more cohesive abstractions (e.g., FileWalker/Parser, NodeResolver, Reporter/Formatter, Metrics), so insufficient modularization is present.']"
com_github_javaparser_symbolsolver_cache_NoCache.txt,Insufficient Modularization,class,NoCache,0,"The class is small and focused (Null Object implementation of Cache) with a single responsibility. All methods are minimal stubs (create(), put(), get(), remove(), removeAll(), contains(), size(), isEmpty(), stats()) and intentionally do nothing or return default values. There is no evidence of excessive size, bloated interface, or multiple unrelated responsibilities to justify Insufficient Modularization."
com_github_javaparser_symbolsolver_core_resolution_MethodUsageResolutionCapability.txt,Insufficient Modularization,class,MethodUsageResolutionCapability,0,"['The type is a small interface that declares a single responsibility: solveMethodAsUsage(...).', 'It contains only one method and no fields or additional responsibilities, indicating high cohesion and no bloated interface.', 'The method signature is focused on method-resolution concerns (name, argumentTypes, invocationContext, typeParameters) which is consistent with its package (core.resolution).', 'There is no evidence of excessive size, complexity, or multiple unrelated responsibilities that would justify decomposition.']"
com_github_javaparser_symbolsolver_javaparsermodel_contexts_AnonymousClassDeclarationContext.txt,Insufficient Modularization,class,AnonymousClassDeclarationContext,0,"The class is focused on a single cohesive responsibility: providing a symbol-resolution context for anonymous class object-creation nodes. Its state is minimal (one field: myDeclaration) and it exposes three clear responsibilities implemented as overrides: solveMethod, solveType, and solveSymbol. Each method delegates substantial logic to other components (e.g., MethodResolutionLogic, JavaParserFacade, JavaParserFactory, JavaParserAnonymousClassDeclaration, ReflectionClassDeclaration) rather than hoarding unrelated behavior. The code size and complexity are moderate and limited to resolving methods, types, and symbols for anonymous classes (including special cases for ancestors and interfaces), indicating good modular separation rather than a bloated, multi-responsibility class."
com_github_javaparser_symbolsolver_javaparsermodel_contexts_ArrayAccessExprContext.txt,Insufficient Modularization,class,ArrayAccessExprContext,0,"['The class is small and focused: it only defines a constructor and a single method solveSymbolInParentContext which simply delegates to the superclass.', 'Its purpose is a narrow specialization (context handling for ArrayAccessExpr) and it extends ExpressionContext<ArrayAccessExpr>, indicating appropriate decomposition in the package.', 'There are no large methods, no many responsibilities, no bloated interface or fields: the class merely documents and enforces a specific behavior (preventing recursive parent-node access).', 'Given its cohesion and minimal implementation, there is no evidence of excessive size or concentrated unrelated responsibilities that would indicate insufficient modularization.']"
com_github_javaparser_symbolsolver_javaparsermodel_contexts_ForEachStatementContext.txt,Insufficient Modularization,class,ForEachStatementContext,0,"['The class is small and focused: it only implements symbol resolution behavior for a ForEachStmt (constructor + solveSymbol, solveMethod, localVariablesExposedToChild).', 'Each method has a single, cohesive responsibility: solveSymbol handles the foreach loop variable lookup and delegates to block/parent contexts; solveMethod delegates to the parent context; localVariablesExposedToChild exposes the loop variable to the body.', 'No large methods, duplicated responsibilities, or multiple unrelated concerns are present — behavior is delegated to StatementContext and parent contexts (use of StatementContext.solveInBlock, solveSymbolInParentContext, solveMethodInParentContext).', 'There is no bloated interface or evidence that this class aggregates many responsibilities that should be split; it represents a single, well-scoped abstraction (the context of a for-each statement).']"
com_github_javaparser_symbolsolver_javaparsermodel_declarations_JavaParserClassDeclaration.txt,Insufficient Modularization,class,JavaParserClassDeclaration,1,"['The class mixes many responsibilities: AST declaration wrapping, type/method/symbol resolution, ancestor traversal, field collection and on-the-fly wrapper creation, and reference-type conversion (e.g. getAllFields, getAncestors, solveMethod/solveType/solveSymbol, toReferenceType).', 'Contains large, complex methods implementing distinct behaviors: getAllFields (creates anonymous ResolvedFieldDeclaration wrappers), getAncestors (resolution with incomplete-list handling and exception control flow), canBeAssignedTo (class/interface assignment logic), and toReferenceType (complex type resolution including LazyType creation).', 'Partial delegation to JavaParserTypeAdapter shows uneven decomposition: many capabilities are delegated while substantial resolution logic remains in this class, indicating responsibilities are not cleanly separated.', 'Presence of a deprecated comment advocating moving resolution out of declarations suggests existing design already recognizes mixed responsibilities and the class is a candidate for refactoring.', 'Overall size and varied public API (many unrelated methods) indicate the class is bloated and would benefit from decomposition into smaller, cohesive components (e.g., method resolver, type resolver/adapter, ancestor/heritance resolver, field collector).']"
com_github_javaparser_symbolsolver_javaparsermodel_declarations_JavaParserEnumDeclaration_ValuesMethod.txt,Insufficient Modularization,class,JavaParserEnumDeclaration.ValuesMethod,0,"The ValuesMethod nested class is small and focused on a single responsibility: modelling the implicit enum values() method. It only holds two fields (enumDeclaration, typeSolver) and implements a limited set of methods required by ResolvedMethodDeclaration and TypeVariableResolutionCapability (e.g. declaringType, getReturnType, getNumberOfParams, isStatic, getName, toDescriptor). It delegates resolution and context work to the enclosing enumDeclaration/typeSolver and throws UnsupportedOperationException only for operations that are not applicable. There is no bloated interface, no mixing of unrelated responsibilities, and minimal state, so it does not exhibit insufficient modularization."
com_github_javaparser_symbolsolver_javassistmodel_JavassistMethodDeclaration.txt,Insufficient Modularization,class,JavassistMethodDeclaration,0,"The class is small and focused: it wraps a javassist CtMethod and exposes a ResolvedMethodDeclaration view. Many responsibilities (parameter handling, type parameters, exceptions, return type resolution) are delegated to JavassistMethodLikeDeclarationAdapter, and conversion tasks use JavassistFactory. The class contains only simple delegations and a few trivially implemented queries (isStatic, isAbstract, isDefaultMethod, getName, toDescriptor). There is no evidence of a bloated interface, excessive logic, or multiple unrelated responsibilities that would indicate insufficient modularization."
com_github_javaparser_symbolsolver_resolution_typeinference_BoundSet.txt,Insufficient Modularization,class,BoundSet,1,"['Class size and multiple responsibilities: BoundSet holds the bounds collection and implements complex inference algorithms (deriveImpliedBounds, performResolution) that include constraint generation, capture handling, dependency analysis, instantiation selection and recursive incorporation—violating single-responsibility and indicating a bloated abstraction.', 'Large, long methods with mixed concerns: deriveImpliedBounds and performResolution contain long, multi-step procedures (many sequential rule blocks, constraint construction, and recursive flows). These methods would be clearer if decomposed into smaller classes or services each responsible for a distinct rule or phase.', 'Repeated internal iteration/processing patterns: Several near-duplicate pair-iteration helper methods (forEachPairSameAs, forEachPairSameAndSubtype, forEachPairSubtypeAndSubtype) and an internal Processor interface suggest extractable strategy/visitor components rather than embedding processing logic in one class.', 'Multiple private utility responsibilities: BoundSet contains many unrelated helper methods (dependency graph construction, subset generation, set combinatorics, instantiation lookup, capture checks, proper-upper-bound checks) that could be modularized into dedicated classes (dependency resolver, subset enumerator, instantiation chooser).', 'Tight coupling and instance-of branching: The class makes heavy use of instanceof checks (SameAsBound, SubtypeOfBound, CapturesBound, FalseBound) and directly manages interactions with many other types (ConstraintFormulaSet, Substitution, InferenceVariable, TypeSolver), increasing cohesion issues and indicating logic that could be delegated.', 'Presence of unimplemented/exceptional branches: Several capture-related branches and other complex behaviors throw UnsupportedOperationException inside deriveImpliedBounds and performResolution, suggesting the class is overloaded with responsibilities that are partially implemented and should be split to manage complexity and completeness.']"
com_github_javaparser_symbolsolver_resolution_typeinference_ControlFlowLogic.txt,Insufficient Modularization,class,ControlFlowLogic,1,"['The class centralizes multiple distinct responsibilities: break/continue target resolution (breakTarget, continueADoStatement), reachability determination (isReachable, isReachableBecauseOfPosition), and completion analysis (canCompleteNormally).', 'Contains multiple utility/inspection methods (contains, containedTryStmts, parentIs) that mix concerns with the core analysis logic, lowering cohesion.', 'The use of a large visitor (GenericVisitorAdapter) implementing many visit(...) methods for different statement types indicates the class handles many language constructs; this breadth suggests it could be decomposed into smaller analyzers per concern or statement family.', 'Extensive embedded JLS treatment comments and partially-implemented methods (several methods throw UnsupportedOperationException) increase class size and responsibility surface, making the class harder to understand and maintain.', 'Given these points, the class is a candidate for refactoring into smaller, more cohesive components (e.g., Break/Continue resolver, Reachability checker, Completion analyzer, Try/Finally inspector).']"
com_github_javaparser_symbolsolver_resolution_typeinference_Instantiation.txt,Insufficient Modularization,class,Instantiation,0,"The class is a small, cohesive data holder with exactly two fields (inferenceVariable and properType), a constructor, two getters, and standard overrides (equals, hashCode, toString). There are no large methods, no tangled responsibilities, and no bloated interface or numerous unrelated members. Its responsibility is narrowly defined (pairing an InferenceVariable with a ResolvedType), so there is no evidence of inadequate decomposition or excessive size/complexity that would indicate Insufficient Modularization."
com_github_javaparser_symbolsolver_utils_FileUtils.txt,Insufficient Modularization,class,FileUtils,0,"The class contains only two small, focused static helper methods (isValidPath and getParentPath) that operate on file path strings. It has no fields, no large or bloated public interface, and concentrates a single, cohesive responsibility (simple file-related utilities). There is no evidence of excessive size, complexity, or multiple unrelated responsibilities that would indicate insufficient modularization."
com_github_javaparser_utils_Log_StandardOutStandardErrorAdapter.txt,Insufficient Modularization,class,Log.StandardOutStandardErrorAdapter,0,"['The class is small and focused: it implements Adapter with three public methods (info, trace, error) and a single private helper (printStackTrace).', 'Each method has a single, cohesive responsibility (writing messages or throwable information to stdout/stderr); there is no sign of unrelated responsibilities being combined.', 'Complex operations (formatting) are delegated to suppliers and the enclosing Log utilities (makeFormattingSupplier), reducing internal complexity.', 'The existence of other adapters (e.g., SilentAdapter) shows concerns are already separated into distinct implementations rather than being folded into one bloated class.']"
com_github_javaparser_utils_ParserCollectionStrategy.txt,Insufficient Modularization,class,ParserCollectionStrategy,0,"['The class is small and focused: it has one field (parserConfiguration), simple constructors, a getter, and a single public behavior (collect).', 'collect(Path) delegates traversal to Files.walkFileTree and encapsulates traversal logic inside a short anonymous SimpleFileVisitor with three focused overrides (visitFile, preVisitDirectory, postVisitDirectory).', 'Responsibilities are cohesive: discovering source roots (using getRoot, javaMatcher, and projectRoot.addSourceRoot) is a single concern rather than multiple unrelated ones.', 'There is no large or bloated public interface, no many unrelated methods/fields, and no excessive complexity that would indicate the class should be decomposed further.']"
com_github_javaparser_utils_VisitorList_EqualsHashcodeOverridingFacade.txt,Insufficient Modularization,class,com.github.javaparser.utils.VisitorList,0,"The class has a single, focused responsibility: it is a List wrapper that overrides element equality/hashCode using provided visitor instances. It declares cohesive state (innerList, hashcodeVisitor, equalsVisitor) and most methods are straightforward delegations to innerList required by the List interface (add, get, remove, iterator, listIterator, toArray, etc.). The small private inner class EqualsHashcodeOverridingFacade encapsulates the equality/hashCode override logic and is tightly coupled to the outer class (uses the visitors), so there is no evidence of a bloated or mixed set of responsibilities. The number of methods is explained by the List contract rather than by unrelated functionality, so the class is adequately modularized."
com_google_common_jimfs_BasicAttributeProvider_View.txt,Insufficient Modularization,class,BasicAttributeProvider.View,0,"The View class is small and cohesive: it has a single responsibility (implements BasicFileAttributeView), contains only a constructor and three simple methods (name, readAttributes, setTimes), and delegates file lookup and attribute creation to lookupFile() and the Attributes class. It contains no large switch statements, no multiple unrelated responsibilities, and heavier attribute logic is kept in the outer BasicAttributeProvider and the Attributes class. Therefore it does not exhibit insufficient modularization."
com_google_common_jimfs_Configuration.txt,Insufficient Modularization,class,Configuration,1,"The Configuration class aggregates many distinct responsibilities and configuration domains in a single large class rather than decomposing them: it contains separate path configuration (pathType, nameDisplayNormalization, nameCanonicalNormalization, pathEqualityUsesCanonicalForm), disk configuration (blockSize, maxSize, maxCacheSize), attribute configuration (attributeViews, attributeProviders, defaultAttributeValues, fileTimeSource), watch-service configuration (watchServiceConfig), and other concerns (roots, workingDirectory, supportedFeatures, displayName). Its nested Builder is large and performs multiple kinds of validation and logic (normalization checks via checkNormalizations and checkNormalizationNotSet, ATTRIBUTE_PATTERN and defaultAttributeValues management in setDefaultAttributeValue, path parsing/validation in setRoots and setWorkingDirectory, many setters across unrelated areas). In addition, the class includes platform-default factory logic and static holder classes (UnixHolder, OsxHolder, WindowsHolder, forCurrentPlatform) that mix creation/selection responsibilities into the same class. These facts (many unrelated fields, long builder with varied validation/logic, and platform factory logic) indicate the class is doing too much and would benefit from splitting into smaller, cohesive components (e.g., PathConfig, DiskConfig, AttributeConfig, WatchServiceConfig, and a smaller composing builder)."
com_google_common_jimfs_Configuration_WindowsHolder.txt,Insufficient Modularization,class,com.google.common.jimfs.Configuration.WindowsHolder,0,"['WindowsHolder is a minimal, focused holder class: it is private, static, and final and contains a single static final field WINDOWS.', 'The sole field is initialized with a call to Configuration.builder(...).set...().build(), and there are no additional methods, responsibilities, or large internal logic concentrated in this class.', 'The class serves a single purpose (lazy/encapsulated initialization of a Windows Configuration) and does not exhibit excessive size, complexity, or a bloated interface that would indicate insufficient modularization.']"
com_google_common_jimfs_FileFactory_SymbolicLinkSupplier.txt,Insufficient Modularization,class,FileFactory.SymbolicLinkSupplier,0,"The SymbolicLinkSupplier is a small, focused private inner class with a single responsibility: hold a JimfsPath target (final field), validate it in the constructor (checkNotNull), and create a SymbolicLink via get() which delegates to the outer FileFactory.createSymbolicLink(target). It defines a minimal interface (one method) and contains no unrelated behavior or excessive size. While the enclosing FileFactory contains multiple factory responsibilities, this inner supplier itself is cohesive and appropriately modular."
com_google_common_jimfs_FileSystemView.txt,Insufficient Modularization,class,FileSystemView,1,"['FileSystemView concentrates many distinct responsibilities in one class, indicating insufficient modularization. It handles path resolution and view semantics (workingDirectory, getWorkingDirectoryPath, lookUp/lookUpWithLock, toRealPath), directory stream creation and SecureDirectoryStream handling (newDirectoryStream), file creation and type-specific creation (createDirectory, createSymbolicLink, createFile, getOrCreateRegularFile, lookUpRegularFile, getOrCreateRegularFileWithWriteLock, open), deletion and delete-related checks (deleteFile, delete, checkDeletable, checkEmpty, DeleteMode enum), linking and symbolic link operations (link, readSymbolicLink), copying/moving with complex locking and attribute-copy semantics (copy, AttributeCopyOption handling, lockSourceAndCopy, unlockSourceAndCopy, checkMovable, checkNotAncestor, lockBoth), and attribute/view access (getFileAttributeView, readAttributes, setAttribute).']"
com_google_common_jimfs_JimfsFileStore.txt,Insufficient Modularization,class,JimfsFileStore,0,"['JimfsFileStore primarily acts as a thin facade/coordinator rather than a bloated, monolithic class: most methods immediately delegate to specialized collaborators (examples: tree.lookUp(...), factory.regularFileCreator(), factory.directoryCreator(), factory.symbolicLinkCreator(...), attributes.readAttributes(...), attributes.setAttribute(...), disk.getTotalSpace(), disk.getUnallocatedSpace()).', 'Its fields represent clearly separated responsibilities (FileTree tree, FileFactory factory, HeapDisk disk, AttributeService attributes, FileSystemState state), indicating functionality has been modularized into distinct classes rather than concentrated here.', 'Methods are short and focused (e.g., lookUp, setInitialAttributes, readAttributes, getRootDirectoryNames) and contain little internal logic, reducing cognitive load and avoiding mixed responsibilities.', 'Concurrency/state concerns are limited and well-scoped (it creates and exposes ReadWriteLock and calls state.checkOpen()), rather than being intermixed with unrelated business logic.', 'Given the delegation pattern and clear separation of concerns, the class does not exhibit the characteristics of Insufficient Modularization.']"
com_google_common_jimfs_JimfsInputStream.txt,Insufficient Modularization,class,JimfsInputStream,0,"JimfsInputStream is focused and concise: it implements InputStream behavior for a RegularFile and manages stream state (fields: file, pos, finished) and lifecycle with FileSystemState (fileSystemState.register/unregister). It delegates file I/O and locking to RegularFile (file.read, file.read(pos, b, ...), file.readLock(), file.size(), file.setLastAccessTime()) rather than embedding those concerns. The public API is the expected InputStream surface (read variants, skip, available, close) with a small private helper (readInternal) and simple synchronization helpers (checkNotClosed, isOpen). There are no extra unrelated responsibilities, large switch logic, or many disparate fields/methods that would indicate a bloated class. Therefore there is no evidence of insufficient modularization."
com_google_common_jimfs_RegularFile.txt,Insufficient Modularization,class,RegularFile,1,"['The class mixes multiple distinct responsibilities instead of delegating them to smaller, cohesive abstractions: block storage management (fields: blocks, blockCount; methods: expandIfNecessary, addBlock, truncateBlocks, copyBlocksTo, transferBlocksTo, getBlock), I/O and data transfer (read/write overloads, transferFrom, transferTo, put/get/zero helpers, prepareForWrite), disk allocation/lifecycle management (disk.allocate/disk.free usage, deleteContents, opened/closed/deleted, openCount, deleted flag), and concurrency control (lock, readLock, writeLock, contentLock).', 'Many low-level concerns are implemented inline: block addressing and sizing calculations (blockIndex, offsetInBlock, length, bytesToRead), zero-filling logic, and direct array copies. These helper methods and direct manipulations indicate opportunities to extract a BlockStorage/BufferManager and a separate IO/transfer layer.', 'The class is large and dense with varied functionality (allocation, resizing, copying, truncation, reads/writes with ByteBuffer and channels, lifecycle state), making it hard to understand, test, and evolve. The concentration of these responsibilities in one class fits the definition of insufficient modularization.']"
com_google_common_jimfs_UserLookupService.txt,Insufficient Modularization,class,UserLookupService,0,"['The class is small and focused: it provides lookup behavior (two overrides) and simple factory methods for principals.', 'Principal implementations are factored into small static inner classes (NamedPrincipal base, JimfsUserPrincipal, JimfsGroupPrincipal), promoting reuse and cohesion rather than a bloated single class.', 'No large methods, excessive fields, or mixed unrelated responsibilities are present (only supportsGroups flag and lookup logic).', 'Packaging the simple principal types as private/static nested classes is reasonable for encapsulation within the lookup service in this package context.']"
com_google_common_jimfs_UserLookupService_NamedPrincipal.txt,Insufficient Modularization,class,UserLookupService.NamedPrincipal,0,"NamedPrincipal is small and cohesive: it contains a single final field (name) and three simple final methods (getName, hashCode, toString). Responsibilities are appropriately separated — the two concrete nested classes (JimfsUserPrincipal and JimfsGroupPrincipal) only implement type-specific equals logic, and factory methods for creating principals are provided on the outer class. There is no evidence of a large, bloated interface or concentrated unrelated responsibilities in NamedPrincipal, so it does not exhibit insufficient modularization."
com_google_googlejavaformat_Newlines_LineIterator.txt,Insufficient Modularization,class,com.google.googlejavaformat.Newlines,0,"['The class is cohesive and focused: all public APIs (count, firstBreak, isNewline, hasNewlineAt, getLineEnding, guessLineSeparator, containsBreaks, lineOffsetIterator, lineIterator) are concerned only with newline/line-handling.', 'Iterator implementations are encapsulated as small private static nested classes (LineOffsetIterator, LineIterator), keeping related behavior localized rather than indicating a need to split responsibilities.', 'The implementation is concise and methods are single-purpose; there is no evidence of a large, bloated interface or unrelated responsibilities that would justify decomposing the class further.']"
com_google_googlejavaformat_java_DimensionHelpers_TypeWithDims.txt,Insufficient Modularization,class,com.google.googlejavaformat.java.DimensionHelpers.TypeWithDims,0,"TypeWithDims is a small, cohesive value-holder with only two final fields (Tree node and ImmutableList<List<AnnotationTree>> dims) and a single constructor. It contains no additional methods, no broad responsibilities, and a minimal interface, so it is not excessively large or complex and does not exhibit insufficient modularization. (The more complex logic in the file is in the outer DimensionHelpers, but the nested TypeWithDims itself remains narrowly focused.)"
com_google_googlejavaformat_java_JavacTokens_AccessibleScanner.txt,Insufficient Modularization,class,com.google.googlejavaformat.java.JavacTokens.AccessibleScanner,0,"AccessibleScanner is a minimal, single-purpose adapter: it only declares a protected constructor that delegates to super (protected AccessibleScanner(ScannerFactory fac, JavaTokenizer tokenizer) { super(fac, tokenizer); }) and defines no fields or additional methods. It does not contain a large API, multiple responsibilities, or excessive internal logic; instead it exists solely to expose Scanner's protected constructor. Therefore it does not exhibit insufficient modularization."
com_google_googlejavaformat_java_Main.txt,Insufficient Modularization,class,Main,1,"The Main class concentrates many separate responsibilities rather than delegating them: command-line entry points and overloads (static main methods), argument parsing/validation (processArgs), orchestration of formatting (format), per-file I/O and task submission (formatFiles reads files, submits FormatFileCallable tasks), concurrency management (creates ExecutorService, ExecutorCompletionService, shutdown handling), result collection/sorting/inspection (collects FormatFileCallable.Result, sorts and handles exceptions), file writing/dry-run/in-place logic, and stdin processing (formatStdin). Several large methods (formatFiles and formatStdin) contain duplicated and complex logic for handling FormatFileCallable.Result, exit codes, and output behavior, increasing size and complexity. The presence of I/O, concurrency, CLI parsing, error-reporting, and business orchestration all in one class indicates insufficient decomposition into smaller, more cohesive modules (e.g., a file-processing coordinator, a stdin handler, a result handler, and a CLI/argument handler). These factors justify detecting the Insufficient Modularization smell."
com_google_gson_FormattingStyle.txt,Insufficient Modularization,class,FormattingStyle,0,"FormattingStyle is small and cohesive: it contains only three private final fields (newline, indent, spaceAfterSeparators), an input-validating constructor, three withX factory-style mutators, three simple accessors, and two static presets (COMPACT, PRETTY). Responsibilities are narrowly focused on describing output formatting for JSON; there are no large methods, no unrelated responsibilities, and no bloated interface to justify further decomposition. The class is immutable and the withX methods return modified copies, showing a clear single responsibility and good modularization."
com_google_gson_Gson.txt,Insufficient Modularization,class,Gson,1,"The Gson class centralizes many distinct responsibilities and is relatively large and feature-rich: its constructor builds and registers a long list of TypeAdapterFactory instances (the factories list) and instantiates jsonAdapterFactory and constructorConstructor; it manages adapter creation and caching (threadLocalAdapterResults, typeTokenCache, getAdapter, getDelegateAdapter) including proxying for cyclic graphs (nested FutureTypeAdapter); it provides many IO/configuration concerns (newJsonWriter, newJsonReader, strictness/htmlSafe/serializeNulls handling, Streams wiring, assertFullConsumption); it contains numerous type-specific adapter helpers (doubleAdapter, floatAdapter, longAdapter, atomicLongAdapter, atomicLongArrayAdapter) and many public overloads for toJson/fromJson/toJsonTree/fromJson. The class also holds a large set of configuration fields (excluder, fieldNamingStrategy, instanceCreators, formattingStyle, strictness, serialization policies, number strategies, reflectionFilters). Concentrating adapter registry/creation, caching, IO configuration, numeric/atomic adapters, strictness handling and public API surface in one class indicates insufficient decomposition and low modularity; these concerns could be separated into smaller, cohesive components (adapter registry/factory manager, cache/proxy manager, IO/configuration helper, numeric adapter factory, etc.)."
com_google_gson_JsonElement.txt,Insufficient Modularization,class,JsonElement,0,"[""The class is small and cohesive: it represents the single abstraction 'JSON element' and provides a narrow set of related responsibilities (type checks, safe casts to concrete JsonObject/JsonArray/JsonPrimitive/JsonNull, conversion accessors, deepCopy contract, and toString serialization)."", 'Many methods (getAsBoolean, getAsNumber, getAsString, getAsDouble, etc.) are thin stubs that throw UnsupportedOperationException and are intended to be overridden by concrete subclasses (JsonPrimitive, JsonArray, etc.), so behavior is properly delegated rather than centralized into a bloated implementation.', 'toString() delegates serialization to Streams/JsonWriter and does not introduce unrelated responsibilities or heavy logic within this class.', 'There are no large fields, lengthy methods, or mixed unrelated concerns that indicate a single class is doing work that should be split into multiple abstractions.', ""Therefore the class is adequately modularized for its purpose and does not exhibit the 'Insufficient Modularization' smell.""]"
com_google_gson_LongSerializationPolicy.txt,Insufficient Modularization,class,LongSerializationPolicy,0,"The class is a small, focused enum in com.google.gson that defines a single abstract operation serialize(Long). It has exactly two enum constants (DEFAULT and STRING), each encapsulating its own serialization behavior via concise overrides of serialize(Long) that either return JsonPrimitive(value) or JsonPrimitive(value.toString()) and handle null with JsonNull.INSTANCE. There are no large methods, no bloated interface, and responsibilities are clearly separated into the two enum constants, so there is no evidence of excessive size, complexity, or combined responsibilities that would indicate insufficient modularization."
com_google_gson_TypeAdapterFactory.txt,Insufficient Modularization,class,TypeAdapterFactory,0,"['The analyzed element is a small interface with a single method <T> TypeAdapter<T> create(Gson gson, TypeToken<T> type).', 'There are no fields, large methods, or multiple unrelated responsibilities concentrated in this type; its sole responsibility is to produce TypeAdapter instances for types.', 'Design intentionally delegates different behaviors to implementations (factories), enabling decomposition and extension rather than centralizing logic in this abstraction.', 'The Javadoc and examples show that complex behavior is implemented in separate concrete factories and adapters, indicating proper modularization rather than a bloated class/interface.']"
com_google_gson_internal_Streams.txt,Insufficient Modularization,class,Streams,0,"The Streams class is small and cohesive: its public API is limited to stream-related utilities (parse, write, writerForAppendable). Parsing/writing logic is delegated to JsonElementTypeAdapter.ADAPTER, and the Appendable-to-Writer adaptation is encapsulated in the private nested AppendableWriter and its CurrentWrite helper. The nested classes are private implementation details that support a single responsibility. There is no evidence of excessive size, a bloated public interface, or multiple unrelated responsibilities that would indicate insufficient modularization."
com_google_gson_internal_TroubleshootingGuide.txt,Insufficient Modularization,class,TroubleshootingGuide,0,"This class is small and cohesive: it contains a single static method (createUrl) that performs one well-defined task (constructing a troubleshooting URL) and a private constructor to prevent instantiation. There are no additional fields, no large or bloated interface, and no multiple responsibilities concentrated in the class. Therefore it does not exhibit Insufficient Modularization."
com_google_gson_internal_bind_CollectionTypeAdapterFactory_Adapter.txt,Insufficient Modularization,class,CollectionTypeAdapterFactory.Adapter,0,"The class is small and focused on a single responsibility: serializing and deserializing Collection<E> instances. It contains only two fields (elementTypeAdapter, constructor), a simple constructor, and two compact methods (read and write) that implement collection I/O using clear, short loops and straightforward control flow. Construction concerns are delegated to ObjectConstructor and instance type handling is delegated to TypeAdapterRuntimeTypeWrapper in the factory, indicating proper separation of concerns between the factory and the adapter. There is no evidence of a bloated interface, excessive methods, or mixed responsibilities that would indicate insufficient modularization."
com_google_gson_internal_sql_SqlTimeTypeAdapter.txt,Insufficient Modularization,class,SqlTimeTypeAdapter,0,"['Class has a single, focused responsibility: converting java.sql.Time to/from JSON (TypeAdapter for Time).', 'Small and cohesive: only one private field (DateFormat) and two main operations (read and write) plus a standard factory; no large or bloated interface.', ""Synchronization and timezone handling are implementation details tied to DateFormat's thread-safety and state, not evidence of mixed responsibilities."", 'No signs of multiple unrelated responsibilities, excessive size, or logical decomposition that should be split into separate abstractions.']"
com_google_zxing_EncodeHintType.txt,Insufficient Modularization,class,EncodeHintType,0,"['The class is an enum whose sole purpose is to list encoding hint constants; it contains no large methods, state, or mixed responsibilities.', 'Each enum constant represents a single, well-scoped hint (with Javadoc) — responsibilities are cohesive and related to the same abstraction (encoding hints).', 'The class is small and declarative (only enum entries and documentation), so there is no evidence of excessive size, complexity, or a bloated interface that would require decomposition.', 'No procedural or unrelated functionality is present in this class that would justify splitting it into multiple abstractions.']"
com_google_zxing_ResultPointCallback.txt,Insufficient Modularization,class,ResultPointCallback,0,"ResultPointCallback is a small, focused interface with a single method (foundPossibleResultPoint). It declares no fields, contains no implementation logic, and encapsulates a single responsibility (a callback for detected result points). The class surface is minimal and cohesive, so there is no evidence of excessive size, bloated interface, or multiple responsibilities that would indicate insufficient modularization."
com_google_zxing_aztec_encoder_SimpleToken.txt,Insufficient Modularization,class,SimpleToken,0,"['The class is small and single-purpose: it stores two short fields (value, bitCount) and implements two focused behaviors (appendTo and toString).', ""Methods and fields are cohesive and directly related to the token's responsibility (encoding bits into a BitArray and producing a binary string representation)."", 'It cleanly extends Token and delegates prior chaining to the superclass via super(previous), indicating proper decomposition in the token hierarchy rather than concentrating unrelated responsibilities here.', 'No signs of excessive size, large public interface, or multiple unrelated responsibilities that would indicate a need to split the class further.']"
com_google_zxing_client_android_HttpHelper_ContentType.txt,Insufficient Modularization,class,HttpHelper.ContentType,0,"['The analyzed type is a simple enum with four constants: HTML, JSON, XML, TEXT.', 'It contains no fields, methods, or additional logic — its sole responsibility is to represent content types.', 'There is no evidence of excessive size, a bloated interface, or mixed responsibilities within this enum.', 'While the enclosing HttpHelper class contains more functionality, the enum itself is small and cohesive and therefore does not exhibit Insufficient Modularization.']"
com_google_zxing_client_android_Intents.txt,Insufficient Modularization,class,Intents,0,"The class is a small, final utility holder that only defines related public static constants. It groups constants into focused nested static classes (Scan, Encode, History, SearchBookContents, WifiConnect, Share), each representing a single intent-related concern. There are no large methods, no mixed responsibilities, and private constructors prevent instantiation. Responsibilities are cohesive and already modularized, so the Insufficient Modularization smell is not present."
com_google_zxing_client_android_PreferencesActivity.txt,Insufficient Modularization,class,PreferencesActivity,0,"The class is small and cohesive: it only declares static final String keys and a single lifecycle method onCreate that delegates UI work to PreferencesFragment. There is no large method, complex logic, or mixed responsibilities concentrated in this class. Preference UI and behavior are handled by the fragment, so modularization is appropriate."
com_google_zxing_client_android_encode_Formatter.txt,Insufficient Modularization,class,Formatter,0,"['The analyzed type is a small interface with a single method format(CharSequence, int), representing a single, well-defined responsibility.', 'There are no fields, large methods, or multiple unrelated behaviors concentrated in this type; it is already a focused abstraction intended to aid refactoring of ContactEncoder.', 'Its minimal size and single-purpose API promote modularization rather than indicating excessive size, complexity, or a bloated interface.']"
com_google_zxing_client_android_encode_MECARDContactEncoder_MECARDTelDisplayFormatter.txt,Insufficient Modularization,class,MECARDContactEncoder.MECARDTelDisplayFormatter,0,"['The class is very small and focused: it contains a single static Pattern (NOT_DIGITS_OR_PLUS) and one format method implementing a single responsibility — producing a display-safe telephone string.', 'It delegates phone normalisation to ContactEncoder.formatPhone rather than embedding unrelated logic, showing proper separation of concerns.', 'It implements a narrow interface (Formatter) and is defined as a private static inner class, indicating encapsulation and modularization of formatting behavior within the enclosing encoder.', 'No evidence of multiple responsibilities, excessive size, or a bloated interface that would indicate insufficient decomposition.']"
com_google_zxing_client_android_history_HistoryActivity.txt,Insufficient Modularization,class,HistoryActivity,1,"HistoryActivity mixes multiple responsibilities and contains several distinct concerns that should be decomposed. It handles UI lifecycle and list setup (onCreate, reloadHistoryItems), list interaction and navigation (onListItemClick), context-menu creation and item deletion (onCreateContextMenu, onContextItemSelected), menu inflation (onCreateOptionsMenu) and complex option actions (onOptionsItemSelected). onOptionsItemSelected alone includes export/file operations (HistoryManager.saveHistory), email intent construction and launch (Intent.ACTION_SEND, EXTRA_STREAM), exception handling (ActivityNotFoundException), and alert dialog construction; elsewhere the class also builds and updates adapter state and a dummy empty item. These responsibilities (presentation/list management, history persistence/export, dialog creation, and intent/communication) are tightly coupled in one class, increasing size and complexity and indicating insufficient modularization."
com_google_zxing_client_android_history_HistoryItemAdapter.txt,Insufficient Modularization,class,HistoryItemAdapter,0,"The class is small and focused on a single responsibility: adapting HistoryItem objects to list item Views. It has one field (activity), a simple constructor, and a single overridden method getView that reuses or inflates R.layout.history_list_item, extracts data from the HistoryItem/Result, and sets two TextViews (R.id.history_title and R.id/history_detail). There are no large, unrelated responsibilities, no bloated interface, and no excessive size or complexity that would indicate insufficient decomposition."
com_google_zxing_client_j2se_EncoderConfig.txt,Insufficient Modularization,class,EncoderConfig,0,"EncoderConfig is a small, focused data-holder for command-line parameters (fields: barcodeFormat, imageFormat, outputFileBase, width, height, errorCorrectionLevel, help, contents) annotated with JCommander @Parameter. It has a single responsibility (encapsulating CLI configuration) and contains no business logic, large methods, or mixed responsibilities that would justify further decomposition. Its size and interface are concise and cohesive within the com.google.zxing.client.j2se context."
com_google_zxing_client_j2se_MatrixToImageConfig.txt,Insufficient Modularization,class,MatrixToImageConfig,0,"['Class is small and cohesive: it encapsulates configuration (on/off colors) for image generation and exposes only two getters and a constructor.', 'No bloated interface or excessive responsibilities: only constants, two immutable fields, a helper to choose a BufferedImage type, and a private transparency check.', 'Methods are concise and directly related to the single responsibility of representing image color configuration; there is no mixture of unrelated concerns that would justify decomposition.', 'Package context (client.j2se) indicates this is a configuration/utility class used by MatrixToImageWriter, appropriate as a lightweight, single-purpose object.']"
com_google_zxing_client_result_AddressBookDoCoMoResultParser.txt,Insufficient Modularization,class,AddressBookDoCoMoResultParser,0,"This class is small and cohesive: it implements a single responsibility (parsing MECARD entries). It exposes one main method parse(Result) and one small private helper parseName(String). It delegates detailed parsing work to AbstractDoCoMoResultParser helper methods (getMassagedText, matchDoCoMoPrefixedField, matchSingleDoCoMoPrefixedField) and merely assembles an AddressBookParsedResult. There is no large interface, no many unrelated responsibilities, and no excessive size or complexity indicative of insufficient modularization."
com_google_zxing_client_result_VINResultParser.txt,Insufficient Modularization,class,VINResultParser,0,"['The class has a single clear responsibility: parsing and validating VINs (parse method plus supporting validation/mapping helpers).', 'All helper methods (checkChecksum, vinCharValue, vinPositionWeight, checkChar, modelYear, countryCode) are private static and directly related to VIN parsing, keeping the public surface small.', 'The class size and complexity are modest; the logic is cohesive rather than a mix of unrelated concerns.', 'While some helper logic (e.g., country/model-year mappings or checksum calculation) could be extracted for reuse or testing, extraction is a refinement rather than a necessity to address a modularization smell.']"
com_google_zxing_common_BitMatrix.txt,Insufficient Modularization,class,BitMatrix,0,"['The class represents a single, well-defined abstraction (a 2D bit matrix) and most public methods operate on that abstraction: get, set, unset, flip, clear, xor, setRegion, getRow/setRow, rotate/rotate90/rotate180, getEnclosingRectangle, getTopLeftOnBit, getBottomRightOnBit, toString/parse, equals/hashCode/clone.', 'Row-level responsibilities are already delegated to a separate BitArray class (getRow, setRow use BitArray), showing deliberate decomposition rather than a monolithic implementation.', 'Methods are focused and relatively small; rotation logic is split into rotate/rotate90/rotate180 and parsing has dedicated static parse methods — these are cohesive utilities closely tied to the BitMatrix abstraction rather than unrelated concerns.', 'There is no evidence of unrelated responsibilities (e.g., I/O, persistence, UI) being mixed into the class; therefore it does not exhibit the hallmark signs of insufficient modularization (excessive unrelated responsibilities or an extremely bloated, unfocused interface).']"
com_google_zxing_common_ECIEncoderSet.txt,Insufficient Modularization,class,ECIEncoderSet,0,"ECIEncoderSet is small and focused: it encapsulates the creation and query of a set of CharsetEncoders for a specific input string. Responsibilities are cohesive (building neededEncoders in the constructor, maintaining encoders[] and priority index, and providing accessor/encoding methods). Public surface is limited (length, getCharsetName, getCharset, getECIValue, getPriorityEncoderIndex, canEncode, encode) and fields are minimal (encoders, priorityEncoderIndex). The static ENCODERS list is a self-contained platform capability lookup. There is no evidence of a bloated interface, multiple unrelated responsibilities, or excessive size that would indicate insufficient modularization."
com_google_zxing_common_reedsolomon_ReedSolomonEncoder.txt,Insufficient Modularization,class,ReedSolomonEncoder,0,"ReedSolomonEncoder is small and cohesive: it has only two fields (field, cachedGenerators), a constructor, one public method (encode) and one private helper (buildGenerator). Polynomial arithmetic is delegated to GenericGFPoly and GenericGF, showing clear separation of concerns. The class encapsulates caching of generator polynomials and encoding logic only, with no unrelated responsibilities or a bloated public API. Therefore it does not exhibit insufficient modularization."
com_google_zxing_datamatrix_decoder_DataBlock.txt,Insufficient Modularization,class,DataBlock,1,"The class mixes a simple data-holder (fields numDataCodewords, codewords, private constructor, and simple getters) with a large, complex static factory method getDataBlocks that performs many distinct responsibilities. getDataBlocks contains lengthy control flow (multiple nested loops), special-case logic (specialVersion check for version.getVersionNumber() == 24), magic numbers (24, 8), manual byte distribution and indexing via rawCodewordsOffset, construction of block arrays, de-interleaving of data and error-correction bytes, and final validation (throwing IllegalArgumentException). This concentration of parsing/assembly logic in the DataBlock class makes it large and multifaceted rather than a cohesive abstraction; those responsibilities would be better modularized into smaller helper methods or a separate builder/decoder class."
com_google_zxing_datamatrix_decoder_Version_ECBlocks.txt,Insufficient Modularization,class,com.google.zxing.datamatrix.decoder.Version,0,"The Version class has a single, cohesive responsibility: representing Data Matrix version metadata and providing lookup for versions. Complex logic is minimal (constructor computes totalCodewords from ECBlocks/ECB), helper nested classes (ECBlocks, ECB) encapsulate error-correction block details and are tightly coupled to Version. buildVersions() holds static declarative data (table of known versions) rather than mixing unrelated behavior. Public API is small and focused (accessors and getVersionForDimensions). There is no evidence of excessive unrelated responsibilities, bloated interface, or high internal complexity that would indicate insufficient modularization."
com_google_zxing_datamatrix_encoder_HighLevelEncoder.txt,Insufficient Modularization,class,HighLevelEncoder,1,"['The class centralizes many distinct responsibilities: high-level orchestration of the encoding process (encodeHighLevel), look-ahead/encoding-mode cost calculation (lookAheadTest and lookAheadTestIntern), character classification utilities (isDigit, isExtendedASCII, isNativeC40, isNativeText, isNativeX12, isNativeEDIFACT, isX12TermSep), padding/randomization (randomize253State), and error/utility helpers (determineConsecutiveDigitCount, illegalCharacter).', 'lookAheadTestIntern is a very large, complex method implementing multiple labeled algorithmic steps (step J..R) and heavy branching; it should be decomposed into smaller units or strategy objects to improve readability and testability.', 'encodeHighLevel mixes macro detection, encoder instantiation, the main encoding loop, unlatch logic and padding — i.e., control flow, resource setup, and multiple encoding concerns are all in one class/method rather than separated.', 'The class also contains many constants, special-case logic (e.g. macro headers/trailers), and a not-yet-implemented placeholder (isSpecialB256 returns false //TODO), indicating a bloated interface and mixed concerns that would benefit from modularization.', 'HighLevelEncoder constructs and coordinates various Encoder implementations (ASCIIEncoder, C40Encoder, TextEncoder, X12Encoder, EdifactEncoder, Base256Encoder) and decision logic for choosing among them; that selection and look-ahead logic are strong candidates for extraction into separate classes/strategies.']"
com_google_zxing_oned_CodaBarReader.txt,Insufficient Modularization,class,CodaBarReader,1,"['The class mixes multiple responsibilities in a single type: high-level decoding flow (decodeRow), low-level bit/run counting (setCounters, counterAppend), pattern recognition (toNarrowWidePattern), and statistical validation (validatePattern).', 'The central method decodeRow is large and orchestrates many distinct steps (scanning BitArray, decoding characters, validating patterns, trimming start/end, and constructing Result) rather than delegating to focused collaborators.', 'Several large, complex private methods (validatePattern, toNarrowWidePattern, setCounters) each encapsulate substantial, independent logic that could be separated into cohesive components (e.g., CounterBuffer/RunLengthScanner, PatternDecoder, PatternValidator).', 'The class maintains mutable parsing state across methods (counters[], counterLength, decodeRowResult) which couples the low-level buffer management with decoding logic, increasing class size and reducing cohesion.', 'Presence of multiple concerns and sizeable logic in one final class makes it harder to understand, test, and evolve specific responsibilities, indicating insufficient modularization.']"
com_google_zxing_oned_rss_expanded_decoders_AI013103decoder.txt,Insufficient Modularization,class,AI013103decoder,0,"['The class is very small and cohesive: it only defines a constructor and two simple overridden methods (addWeightCode and checkWeight).', 'It specializes behavior of its superclass AI013x0xDecoder by providing a single specific weight code ""(3103)"" and an identity checkWeight, indicating a single, well-defined responsibility.', 'There is no evidence of excessive size, a bloated interface, or multiple unrelated responsibilities that would suggest it should be decomposed further.']"
com_google_zxing_oned_rss_expanded_decoders_FieldParser_DataLength.txt,Insufficient Modularization,class,FieldParser.DataLength,0,"The nested DataLength class is small, cohesive and has a single responsibility: represent whether a field length is fixed or variable and store the length. It exposes only two final fields (variable, length), a private constructor, and two clear static factory methods (fixed, variable). It does not contain unrelated responsibilities, large methods, or a bloated interface. While the enclosing FieldParser class contains extensive mapping and parsing logic, DataLength itself is well-modularized and appropriately encapsulated as a private static helper type."
com_google_zxing_oned_rss_expanded_decoders_GeneralAppIdDecoder.txt,Insufficient Modularization,class,GeneralAppIdDecoder,1,"['The class is large and handles multiple distinct responsibilities: bit-level extraction (extractNumericValueFromBitArray), parsing/control flow (decodeAllCodes, decodeGeneralPurposeField, parseBlocks), encoding-specific decoding (decodeNumeric, decodeAlphanumeric, decodeIsoIec646) and state/latch management (isStillNumeric, isStillAlpha, isStillIsoIec646, isAlphaOr646ToNumericLatch, isAlphaTo646ToAlphaLatch, isNumericToAlphaNumericLatch).', 'There is duplicated/related logic that could be split into cohesive components: three separate decoding strategies (numeric, alphanumeric, ISO/IEC 646) are all implemented in this single class rather than as specialized decoders, increasing complexity and reducing clarity.', 'Large conditional logic and long methods: parseBlocks orchestrates switching between modes and calls multiple block parsers; parseIsoIec646 and decodeIsoIec646 contain extensive branching and a long switch mapping many numeric codes to characters — a sign that mapping/data could be extracted into a table or separate mapper.', 'Mixed abstraction levels: low-level bit manipulation (extractNumericValueFromBitArray) and high-level parsing/format interpretation (FieldParser.parseFieldsInGeneralPurpose used in decodeAllCodes) coexist in the same class instead of being separated into utility/strategy classes.', 'Because responsibilities are concentrated here, maintenance and extension (e.g., adding new encodings or modifying mapping tables) will require changing a single large class rather than small focused modules, indicating inadequate decomposition.']"
com_google_zxing_pdf417_decoder_BarcodeMetadata.txt,Insufficient Modularization,class,BarcodeMetadata,0,"The class is small and cohesive: it holds only five related fields (columnCount, errorCorrectionLevel, rowCountUpperPart, rowCountLowerPart, rowCount), a constructor that initializes them, and simple getters. It represents a single, well-defined abstraction (barcode metadata), uses immutable final fields, and contains no unrelated responsibilities, large methods, or a bloated interface. Therefore there is no evidence of insufficient modularization in this class."
com_google_zxing_pdf417_decoder_DetectionResultColumn.txt,Insufficient Modularization,class,DetectionResultColumn,0,"The class is small and cohesive: it encapsulates a single responsibility (managing codewords for a column and mapping image rows to array indices). It has only two private final fields (boundingBox, codewords) and a limited set of focused methods (getCodewordNearby, imageRowToCodewordIndex, setCodeword, getCodeword, getBoundingBox, getCodewords, toString). No large methods, no mixed responsibilities, and internal logic (nearby search) is directly related to the class's purpose. There is no evidence of a bloated interface or excessive size that would indicate insufficient modularization."
com_google_zxing_qrcode_decoder_BitMatrixParser.txt,Insufficient Modularization,class,BitMatrixParser,1,"BitMatrixParser combines multiple distinct responsibilities that could be decomposed: it parses format information (readFormatInformation), parses version information (readVersion), extracts codewords including unmasking and traversing the data region (readCodewords), and also performs matrix transformations/mirroring (mirror, remask, setMirror). It holds multiple pieces of parser state (parsedVersion, parsedFormatInfo, mirror) and directly mutates the BitMatrix. The class contains complex, independent algorithms (nested loops for reading codewords and version bits, bit-copying via copyBit with mirror semantics, and DataMask/unmasking logic) which increases complexity and reduces cohesion. These separate concerns (format/version bit extraction, data-bit iteration & unmasking, and matrix transformation) indicate the class is doing more than one cohesive job and would be better modularized into smaller classes (e.g., FormatInformationParser, VersionParser, CodewordReader, BitMatrixTransformer) to improve readability, testability, and maintainability."
com_google_zxing_qrcode_decoder_ErrorCorrectionLevel.txt,Insufficient Modularization,class,ErrorCorrectionLevel,0,"The class is a small, focused enum representing four QR error-correction levels. It has a single responsibility (encapsulating the levels and their associated two-bit codes), only two fields (bits and FOR_BITS) and two simple methods (getBits and forBits). There are no unrelated responsibilities, large methods, bloated interface, or excessive state that would indicate it needs decomposition. Therefore it does not exhibit Insufficient Modularization."
com_google_zxing_web_OutputUtils.txt,Insufficient Modularization,class,OutputUtils,0,"The class is small and cohesive: it defines two constants, a private constructor, one public static method (arrayToString) and one small private helper (hexChar). Its sole responsibility is formatting byte arrays as hex for decoderesult.jspx. There is no long/bloated interface, no large number of unrelated methods, and no concentration of multiple responsibilities that would indicate insufficient decomposition."
com_packageName_ClassInPackage.txt,Insufficient Modularization,class,ClassInPackage,0,"The class is minimal and cohesive: it declares a single trivial static method (staticMethod()) and contains no fields, no multiple responsibilities, no large or bloated interface, and no complex logic. Given this small, focused structure (package com.packageName, class ClassInPackage, method staticMethod()), there is no evidence of insufficient modularization."
demo_Main_Callback.txt,Insufficient Modularization,class,Main.Callback,0,"['The Callback class is small and cohesive: a private static nested class that implements SourceRoot.Callback with a single process method.', 'It has a single, well-defined responsibility (logging the found file and returning Result.SAVE) and is used only by Main.process, so it is appropriately encapsulated.', 'The outer Main class is also small and delegates work to library components (ParserCollectionStrategy, ProjectRoot, SourceRoot) rather than accumulating unrelated responsibilities or large methods.', 'There is no evidence of excessive size, a bloated interface, or multiple unrelated responsibilities that would indicate insufficient modularization.']"
foo_B.txt,Insufficient Modularization,class,B,0,"Class B is abstract and implements A but has an empty body: no fields, no methods, and no inner types. There is no evidence of a large, complex, or bloated interface or multiple responsibilities concentrated in this class. Based on the provided class alone, it does not exhibit insufficient modularization."
foo_OtherClass.txt,Insufficient Modularization,class,foo.OtherClass,0,"OtherClass is minimal: it contains only a single nested static type (InnerClass) and has no fields, methods, or large public interface. There is no evidence of excessive size, complexity, or multiple responsibilities that would indicate insufficient decomposition, so the Insufficient Modularization smell is not present."
issue241_TypeWithMemberType_MemberInterface.txt,Insufficient Modularization,class,TypeWithMemberType.MemberInterface,0,"The analyzed member type is an empty nested interface (no methods or fields) and contains no implementation. It has minimal size and no bloated or mixed responsibilities that would indicate a lack of decomposition. There is no large interface surface, no long methods, and no evidence that responsibilities are concentrated in this type; therefore it does not exhibit Insufficient Modularization."
main_Clazz_MyEnum.txt,Insufficient Modularization,class,main.Clazz.MyEnum,0,"['The enum is minimal and cohesive: it only declares two constants and has no additional fields, methods, or large interface surface.', 'There is no sign of multiple responsibilities, large size, or complex behavior concentrated in this type.', 'Being a small nested enum related to its enclosing class is appropriate and does not indicate a lack of decomposition.']"
net_bytebuddy_NamingStrategy.txt,Insufficient Modularization,class,NamingStrategy,0,"['The NamingStrategy interface itself is small and focused, exposing only three methods (subclass, redefine, rebase), so its public surface is not bloated.', 'Behavior is decomposed into multiple cohesive nested types: AbstractBase (shared behavior), Suffixing, SuffixingRandom, and PrefixingRandom, each representing a distinct naming strategy.', 'Suffixing defines a BaseNameResolver with several focused implementations (ForUnnamedType, ForGivenType, ForFixedValue, WithCallerSuffix), keeping different name-resolution concerns separated.', 'Randomization concerns are encapsulated in SuffixingRandom and PrefixingRandom via a RandomString dependency rather than mixed into the main abstraction.', 'Overall responsibilities are well-separated and localized to specific classes/implementations rather than concentrated in a single large class, so the code does not demonstrate insufficient modularization.']"
net_bytebuddy_NamingStrategy_PrefixingRandom.txt,Insufficient Modularization,class,NamingStrategy.PrefixingRandom,0,"The class is small and cohesive: it has two private final fields (prefix, randomString), a single constructor, and a single overridden name(TypeDescription) method that composes the generated name. It encapsulates one clear responsibility (building a prefixed, randomized type name) and delegates random generation to RandomString. There is no bloated interface, no excessive branching or unrelated responsibilities, and immutability is preserved, so it does not exhibit insufficient modularization."
net_bytebuddy_agent_ByteBuddyAgent_AgentProvider.txt,Insufficient Modularization,class,net.bytebuddy.agent.ByteBuddyAgent,1,"['The class consolidates many distinct responsibilities into a single top-level utility: agent installation/attachment, external-process orchestration, temporary JAR creation and manifest handling, instrumentation lookup, privileged action invocation, process id resolution, and multiple provider strategies (AttachmentProvider, ProcessProvider, AgentProvider, AttachmentTypeEvaluator).', 'Large amount of code and nested types: ByteBuddyAgent contains numerous large nested interfaces/enums/classes (AttachmentProvider with many implementations and Accessor inner classes, ProcessProvider with legacy and Java9 strategies, AgentProvider with jar creation/self-resolve logic, AttachmentTypeEvaluator implementations, etc.), indicating functionality that would be better separated into multiple cohesive classes.', 'Examples of mixed concerns: installExternal performs I/O (creating temp jars, streams), process launching (ProcessBuilder), and orchestration logic; AgentProvider.ForByteBuddyAgent.createJarFile deals with manifest construction and JarOutputStream manipulation; doPrivileged performs security wrapper resolution via reflection. These are different domains (I/O, process management, security) mixed in one class.', 'The public API exposes many static high-level methods (install, attach, attachNative, getInstrumentation) while also embedding provider implementations and helpers as protected/private nested types, increasing the class size and reducing clarity and testability.', 'High coupling and conditional complexity: use of reflection, class loader resolution, platform-specific logic (OS_NAME checks), and many constants all in one place complicate understanding and evolution; these behaviors are natural candidates for modularization into e.g. AttachmentManager, AgentJarBuilder, ProcessLauncher, InstrumentationResolver, and provider strategy classes.']"
net_bytebuddy_agent_ByteBuddyAgent_Compound.txt,Insufficient Modularization,class,ByteBuddyAgent.Compound,0,"The AttachmentProvider.Compound class is small and cohesive: it maintains a single field (attachmentProviders), provides constructors that flatten nested Compound instances, and implements a single behavior attempt() that delegates to contained AttachmentProvider instances and returns the first available Accessor (or Accessor.Unavailable.INSTANCE). It cleanly composes responsibility rather than accumulating unrelated functionality or a bloated interface, so it does not exhibit insufficient modularization."
net_bytebuddy_agent_ByteBuddyAgent_ExternalAttachment.txt,Insufficient Modularization,class,ByteBuddyAgent.ExternalAttachment,0,"['The class is a small, focused data holder (DTO) with only two fields (virtualMachineType, classPath), a constructor, and two getters. It contains no complex logic, branching, or large API surface.', 'It has a single cohesive responsibility: describing an external attachment (virtual machine type and required classpath).', 'The class is appropriately nested under AttachmentProvider.Accessor, limiting its scope and keeping related functionality together rather than bloating a larger class.']"
net_bytebuddy_agent_VirtualMachine_AbstractBase.txt,Insufficient Modularization,class,VirtualMachine.AbstractBase,0,"AbstractBase is minimal and cohesive: it defines only three small delegating convenience methods (loadAgent(String), loadAgentPath(String), loadAgentLibrary(String)) that forward to the corresponding overloaded methods with a null argument. It contains no fields, no large method implementations, and does not concentrate multiple unrelated responsibilities. Larger, complex functionality (ForHotSpot, ForOpenJ9, Connection implementations, native dispatchers, etc.) is implemented in separate nested classes and interfaces, so the abstraction is already decomposed and not bloated."
net_bytebuddy_agent_VirtualMachine_Dispatcher.txt,Insufficient Modularization,class,VirtualMachine.Dispatcher,1,"['The Dispatcher abstraction contains multiple large, platform-specific implementations and many nested types in one place: ForJnaPosixEnvironment and ForJnaWindowsEnvironment are implemented as long inner classes inside the Dispatcher, each with their own native-binding interfaces (PosixLibrary, SolarisLibrary, WindowsLibrary, WindowsAttachLibrary) and many helper types (PosixOwnerProvider with UsingStat and UsingIStat, AttachmentHandle, etc.).', 'These implementations combine many distinct responsibilities: process inspection (pid, userId, isExistingProcess), file ownership/permissions (getOwnerIdOf, setPermissions, chownFileToUser), semaphore handling (incrementSemaphore, decrementSemaphore, notifySemaphore), temporary-folder resolution, and low-level native bindings. The mixing of platform logic, OS-specific system calls, IPC/semaphore management and file utilities indicates a bloated responsibility set.', 'Several large, complex methods and inner classes increase cognitive complexity and reduce cohesion: e.g., notifySemaphore (POSIX semaphore logic), getOwnerIdOf implementations (UsingStat and UsingIStat run external commands and parse output), and Windows openSemaphore with CreateMutex/OpenSemaphore/CreateSemaphore sequences and AttachmentHandle. These would be easier to maintain and test if split into focused modules.', 'The presence of many native/JNA bindings and platform-specific helpers nested under the Dispatcher makes reuse and testing harder (hard to mock or replace single concerns) and suggests these should be separated into dedicated platform adapters and native-binding classes.', 'Therefore Dispatcher is insufficiently modularized: it concentrates multiple responsibilities and large platform-specific implementations in one nested abstraction rather than decomposing them into smaller, cohesive components.']"
net_bytebuddy_agent_VirtualMachine_SecurityAttributes.txt,Insufficient Modularization,class,net.bytebuddy.agent.VirtualMachine,1,"['The VirtualMachine type combines a public interface with a very large number of nested implementations and platform-specific native bindings (ForHotSpot, ForOpenJ9, Connection and many nested Connection.* implementations), concentrating many responsibilities in one top-level class.', 'Platform-specific plumbing is intermixed: POSIX socket handling (Connection.ForJnaPosixSocket, PosixLibrary), Solaris door handling (ForJnaSolarisDoor, SolarisLibrary), Windows named-pipe and remote-thread injection (ForJnaWindowsNamedPipe, WindowsLibrary, WindowsAttachLibrary), and OpenJ9-specific file/semaphore dispatchers (Dispatcher and its ForJnaPosixEnvironment / ForJnaWindowsEnvironment) all live inside the same class, rather than in separate modules.', 'Numerous distinct concerns are present: high-level VM attach API, socket and pipe IO, file-system and lock coordination (ForOpenJ9.attach with FileLock, reply files), security descriptor and ACL creation (createSecurityAttributesToAllowMediumIntegrity), semaphore manipulation, and external process interactions (stat/istat wrappers). This bloats the class and violates single-responsibility principles.', 'Many large, complex methods and classes (e.g. ForOpenJ9.attach with extensive file/synchronization logic, ForJnaWindowsNamedPipe.execute with remote code allocation and thread creation, PosixOwnerProvider implementations invoking external commands) increase cognitive load and make the unit hard to understand, test, and maintain.', 'The class-level packaging of all OS-specific bindings, utility logic and protocol handling into one nested hierarchy indicates a lack of decomposition; these elements are natural candidates to be split into separate classes/modules (e.g., separate connector implementations, native-binding adapters, and file/semaphore utilities).']"
net_bytebuddy_agent_VirtualMachine_UsingStat.txt,Insufficient Modularization,class,VirtualMachine.UsingStat,0,"['The class is small and focused: it declares three fields (attempts, pause, timeUnit), a constructor, and a single public method getOwnerIdOf(File).', ""Single responsibility: the class only implements logic to obtain a file owner's UID by invoking a platform stat command and parsing its output; there are no unrelated responsibilities or large unrelated code paths."", 'Low complexity: the method contains a straightforward loop to wait for the external process to finish and parse its output; there are no many branches, large switch statements, or multiple responsibilities that would justify decomposition.', 'No bloated interface or many public methods: the class exposes only the functionality required by PosixOwnerProvider and does not aggregate different concerns that should be split into separate abstractions.']"
net_bytebuddy_asm_AsmVisitorWrapper_NoOp.txt,Insufficient Modularization,class,AsmVisitorWrapper,1,"The AsmVisitorWrapper type concentrates many distinct responsibilities and large nested implementations in a single abstraction: it declares the core interface and also contains multiple full-featured nested implementations (NoOp, AbstractBase, ForDeclaredFields, ForDeclaredMethods, Compound) plus many inner types (Entry classes, FieldVisitorWrapper, MethodVisitorWrapper, DispatchingVisitor implementations). ForDeclaredFields and ForDeclaredMethods each implement complex mapping logic, dispatch visitors, matcher entries and wrapping chains (e.g., mapping fields/methods by internalName+descriptor, iterating entries to wrap visitors, managing reader/writer flags). Compound implements chain composition logic and flag merging. This results in a bloated, multi-responsibility class grouping unrelated concerns (interface contract, multiple concrete strategies, builder-like APIs, and dispatch/runtime mapping internals) rather than decomposed, cohesive classes, indicating insufficient modularization."
net_bytebuddy_asm_MemberRemoval_MemberRemovingClassVisitor.txt,Insufficient Modularization,class,net.bytebuddy.asm.MemberRemoval.MemberRemovingClassVisitor,0,"The analyzed class and its enclosing MemberRemoval are small and focused on a single cohesive responsibility: removing fields and methods that match provided ElementMatchers. MemberRemoval holds only two matcher fields and factory/fluency methods (stripFields/stripMethods/stripConstructors/stripInvokables) plus wrap(...) which builds lookup maps. The private static inner MemberRemovingClassVisitor contains only two overridden methods (visitField and visitMethod) that delegate removal decisions to the matchers and the superclass. There is no sign of a large, bloated interface, unrelated responsibilities, or excessive complexity that would warrant further decomposition."
net_bytebuddy_asm_MemberSubstitution_Dispatcher.txt,Insufficient Modularization,class,MemberSubstitution.Dispatcher,1,"['The analysed source (MemberSubstitution) is a very large, monolithic class that concentrates many responsibilities: type-pool resolution (TypePoolResolver and its implementations), member targeting (Target and its ForMember/ForDynamicInvocation), substitution creation and resolution (Substitution and many nested implementations and factories: Stubbing, ForValue, ForFieldAccess, ForMethodInvocation, Chain, Chain.Factory, many Step implementations), replacement selection (Replacement and many implementations and factories: ForElementMatchers, ForDynamicInvocation, ForFirstBinding), bytecode visiting (SubstitutingMethodVisitor and its LocalVariableTracingMethodVisitor), complex offset/argument mapping (OffsetMapping and many nested classes and factories), dispatcher logic and bootstrap argument resolution (Dispatcher and BootstrapArgumentResolver and their nested types), plus many annotations and enums (This, Argument, AllArguments, FieldValue, Origin, Source, etc.).', 'The class mixes high-level orchestration (matching/selecting replacements) with low-level bytecode emission and stack/local-variable management (visitFieldInsn/visitMethodInsn/visitInvokeDynamicInsn, StackManipulation creation and application).', 'There are numerous large nested classes and many separate concepts that could be separated into smaller cohesive classes/modules (e.g., separate classes for replacement matching, substitution factories, offset mapping, dispatcher/bootstrap handling and method visitor), which indicates insufficient decomposition and modularization.', 'Because of its size, depth of nested types and variety of responsibilities, the class is difficult to understand, test, maintain, and evolve — consistent with the Insufficient Modularization smell.']"
net_bytebuddy_asm_MemberSubstitution_Factory.txt,Insufficient Modularization,class,net.bytebuddy.asm.MemberSubstitution,1,"The MemberSubstitution class is extremely large and aggregates many distinct responsibilities that should be separate modules. Evidence: (1) It defines numerous nested types covering unrelated roles: TypePoolResolver, Target, Substitution (with many nested classes and enums), Replacement (with many nested classes and factories), Substitution.Chain and its Step implementations, Dispatcher and BootstrapArgumentResolver, OffsetMapping and many variants, Replacement factories, and an extensive SubstitutingMethodVisitor. (2) It also declares many annotation types (This, Argument, AllArguments, SelfCallHandle, Handle, DynamicConstant, FieldValue, FieldGetterHandle, FieldSetterHandle, Origin, Unused, StubValue, Current) and a Source enum — mixing API annotations with core implementation. (3) Several methods are very large and complex (e.g., visitMethodInsn, visitFieldInsn, visitInvokeDynamicInsn, resolve/Chain.resolve logic), indicating multiple responsibilities (byte-code visiting, member resolution, substitution chaining, delegation dispatching, bootstrap argument resolution, offset mapping). (4) Many factory and resolver classes are implemented as inner classes rather than separate cohesive classes, increasing coupling and decreasing clarity. Together these factors show the class is insufficiently modularized and would benefit from splitting into smaller, focused classes/modules."
net_bytebuddy_asm_MemberSubstitution_ForElementMatcher.txt,Insufficient Modularization,class,net.bytebuddy.asm.MemberSubstitution,1,"['The class is extremely large and contains many unrelated responsibilities and numerous deeply nested classes, enums and interfaces (e.g. TypePoolResolver and its implementations, Target and its ForMember/ForDynamicInvocation, Substitution with many implementations and a heavy Chain and Step hierarchy, Replacement and many Replacement.Factory implementations, Dispatcher and BootstrapArgumentResolver, OffsetMapping and many nested factories/resolved classes, SubstitutingMethodVisitor and LocalVariableTracingMethodVisitor, plus many annotations like This/Argument/AllArguments/etc.).', 'Multiple distinct concerns are combined: ASM method visiting and bytecode rewriting logic (SubstitutingMethodVisitor/visit* methods), member/method/field resolution, substitution chaining and assignment logic, delegation/offset mapping and bootstrap argument resolution, and a public builder-like API surface for configuring replacements. This violates single-responsibility and indicates the abstraction has not been decomposed.', 'There are very large, complex methods (e.g. visitMethodInsn, visitFieldInsn, substitution Chain.resolve) and many factory classes and nested types that could be extracted to smaller, focused classes or packages to improve cohesion and maintainability.', 'The bloated public interface through many nested public static classes and annotations increases coupling and cognitive load for users and maintainers, supporting the conclusion of insufficient modularization.']"
net_bytebuddy_asm_MemberSubstitution_ForMatchedByteCodeElement.txt,Insufficient Modularization,class,MemberSubstitution.ForMatchedByteCodeElement,0,"[""The class is very small and focused: it declares a single field 'matcher', a constructor, and one method 'replaceWith'."", ""'replaceWith' simply composes existing factories (Replacement.Factory.Compound and Replacement.ForElementMatchers.Factory.of) rather than implementing multiple unrelated behaviors."", 'No large methods, no many responsibilities, and no bloated interface or numerous fields — the class adheres to a single responsibility and delegates complex behavior to other components.', 'Therefore it does not exhibit Insufficient Modularization.']"
net_bytebuddy_asm_MemberSubstitution_ForThisReference.txt,Insufficient Modularization,class,MemberSubstitution.ForThisReference,1,"['The class (MemberSubstitution and its nested types) is extremely large and contains many distinct responsibilities: bytecode visiting and transformation, replacement/substitution resolution, offset mapping, delegation dispatching, bootstrap argument resolving, annotation type definitions, and many factories and resolvers.', 'There are numerous deep nested types and components (e.g. WithoutSpecification and its ForMatched* subclasses, Target (ForMember, ForDynamicInvocation), Substitution (many implementations including Chain, ForFieldAccess, ForMethodInvocation and many Step implementations), Replacement (ForElementMatchers, ForDynamicInvocation, ForFirstBinding), SubstitutingMethodVisitor, many OffsetMapping implementations and Dispatcher/BuootstrapArgumentResolver families). This indicates concentration of unrelated concerns within one top-level abstraction.', 'Methods and logic mix high-level API configuration (element(), method(), field(), replaceWith* builders) with low-level bytecode handling (SubstitutingMethodVisitor.visitFieldInsn, visitMethodInsn, visitInvokeDynamicInsn) and complex resolution logic, violating single responsibility and hindering comprehension and reuse.', ""High coupling to many external components (TypePool, MethodGraph.Compiler, Implementation.Context, Assigner, JavaConstant, etc.) across many inner classes increases the class's complexity and suggests it should be split into smaller, focused modules."", 'Presence of many factory classes, resolver classes, and numerous specialized nested implementations implies the class should be decomposed into separate classes/modules (e.g. separate visitor, replacement resolution, substitution chain, offset mapping and delegation modules) to improve cohesion and maintainability.']"
net_bytebuddy_asm_MemberSubstitution_OfOriginalExpression.txt,Insufficient Modularization,class,net.bytebuddy.asm.MemberSubstitution,1,"The MemberSubstitution class is excessively large and bundles many distinct responsibilities and subcomponents into a single top-level type. Evidence: (1) The class declares numerous major inner types and subsystems (TypePoolResolver and its implementations, Target and its subclasses, Substitution and many implementations and factories, Substitution.Chain and many Step implementations, Replacement and many Replacement.Factory implementations, Dispatcher and BootstrapArgumentResolver and many nested classes). (2) It contains a complex method visitor implementation (SubstitutingMethodVisitor) with large methods (visitFieldInsn, visitMethodInsn, visitInvokeDynamicInsn, visitMaxs) that handle resolution, binding and byte-code generation — showing mixing of parsing, resolution, and code emission concerns. (3) Many nested annotations and offset-mapping systems (ForDelegation, OffsetMapping and many OffsetMapping.Factory/Resolved classes) increase surface area and indicate multiple separate domains implemented inside one class. (4) Repeated factory classes, enums and long switch/case logic indicate high internal complexity and low cohesion: e.g. Replacement.ForElementMatchers.Factory, Replacement.ForDynamicInvocation.Factory, Substitution.Chain.Factory and numerous Step.Factory implementations. (5) This concentration of functionality (matching, resolving, substitution chain building, delegation, bootstrap argument resolution, local variable tracing, stack size adjustment, and many annotation-based binding behaviors) violates single-responsibility and would be easier to maintain if split into smaller, focused classes/modules. These facts justify that the class exhibits Insufficient Modularization."
net_bytebuddy_asm_MemberSubstitution_Resolved.txt,Insufficient Modularization,class,net.bytebuddy.asm.MemberSubstitution,1,"['The class is extremely large and contains a very high number of nested types and responsibilities (examples: WithoutSpecification and its ForMatched* subclasses; TypePoolResolver and its implementations; Target and its ForMember/ForDynamicInvocation; Substitution and its many nested implementations including Stubbing, ForValue, ForFieldAccess, ForMethodInvocation, Chain and many Step implementations; Replacement and its many Factory/Binding implementations; SubstitutingMethodVisitor and its LocalVariableTracingMethodVisitor).', 'Multiple distinct concerns are combined in one top-level type: API/builders for configuring substitutions, complex bytecode visitation and transformation (SubstitutingMethodVisitor.visitFieldInsn / visitMethodInsn / visitInvokeDynamicInsn / visitMaxs), numerous factory/resolver implementations, delegation/offset-mapping logic and many annotation definitions (This, Argument, AllArguments, SelfCallHandle, Handle, DynamicConstant, FieldValue, FieldGetterHandle, FieldSetterHandle, Origin, Unused, StubValue, Current). These are orthogonal responsibilities that should be separated.', 'The Substitution.Chain and its nested Step implementations alone encode a separate substitution-step pipeline with many factories and resolution flows (argument substitution, field access steps, invocation steps, delegation with offset mapping and dispatchers). That logic is complex enough to warrant its own module/class hierarchy instead of being embedded inside MemberSubstitution.', 'SubstitutingMethodVisitor mixes parsing/locating types via a TypePool, binding to Replacement, computing stack/local requirements and applying StackManipulations. These are implementation concerns for bytecode transformation and would be clearer and more maintainable if extracted into dedicated visitors/services.', 'The sheer breadth of nested classes, enums and factories (many named Factory, Resolver, For* etc.) and the presence of many detailed validation branches (e.g. in ForFieldAccess.resolve, ForMethodInvocation.resolve, many OffsetMapping resolution paths) indicate the class is doing work that could be decomposed into smaller, cohesive classes, improving readability, testability and modularity.']"
net_bytebuddy_asm_MemberSubstitution_Sort.txt,Insufficient Modularization,class,net.bytebuddy.asm.MemberSubstitution,1,"['Extremely large, monolithic class that combines many distinct responsibilities: API surface (builder-like methods: field(), method(), constructor(), lambdaExpression(), dynamic(...)), bytecode visiting/manipulation (SubstitutingMethodVisitor and its visitFieldInsn/visitMethodInsn/visitInvokeDynamicInsn implementations), substitution logic (Substitution, Substitution.Chain, Step and many Step implementations), replacement selection (Replacement and multiple Replacement implementations/factories), offset mapping and delegation (OffsetMapping and many nested implementations), dispatching/bootstrap resolution (Dispatcher and BootstrapArgumentResolver), and many nested annotation types (This, Argument, AllArguments, SelfCallHandle, Handle, DynamicConstant, FieldValue, FieldGetterHandle, FieldSetterHandle, Origin, Unused, StubValue, Current).', 'Very high internal complexity and deep nesting: dozens of inner classes, enums and interfaces (e.g. WithoutSpecification and its several ForMatched* subclasses, Substitution.* nested classes, Replacement.* nested classes, Substitution.Chain with many inner Step implementations and nested OffsetMapping types). This indicates multiple abstractions collapsed into one top-level class.', 'Long methods with multiple responsibilities: visitFieldInsn, visitMethodInsn and visitInvokeDynamicInsn implement resolution, matching, binding and writing of replacement bytecode plus stack/local variable bookkeeping, instead of delegating to smaller focused collaborators.', 'Many factory classes and resolution strategies are embedded as inner classes rather than separated modules, increasing coupling and making the single class hard to understand, test and maintain (e.g. Replacement.Factory.Compound, Replacement.ForElementMatchers.Factory, numerous Step.Factory and OffsetMapping.Factory implementations).', 'Contains both high-level configuration/building API and low-level bytecode generation details in one unit: this mixes concerns that should be modularized (API/specification vs. runtime/runtime-resolution vs. bytecode emission).', 'The breadth of functionality (type-pool resolution, method graph compiling, assigner/typing decisions, invokedynamic/bootstrap handling, delegation offset mappings, local variable tracing, stack size buffer management) demonstrates that the abstraction has not been decomposed into cohesive, smaller classes.']"
net_bytebuddy_asm_MemberSubstitution_Source.txt,Insufficient Modularization,class,MemberSubstitution.Source,0,"The enum MemberSubstitution.Source encapsulates a single, well-defined responsibility: resolving the source of values for substitutions (representation of 'this', arguments, argument lists, method handles and origin representations). Its cases (SUBSTITUTED_ELEMENT, ENCLOSING_METHOD) and methods (self, argument, arguments, handle, isRepresentable, resolve) plus the small nested Value class are cohesive and narrowly focused on that concern. There is no evidence of unrelated responsibilities, bloated public API, or multiple orthogonal roles within this class, so it does not exhibit insufficient modularization."
net_bytebuddy_asm_MemberSubstitution_Step.txt,Insufficient Modularization,class,net.bytebuddy.asm.MemberSubstitution,1,"['The class is extremely large and contains many distinct responsibilities that are better split into separate types: bytecode member matching and selection (WithoutSpecification, Replacement.ForElementMatchers, Replacement.ForDynamicInvocation), substitution creation and resolution (Substitution and many nested implementations: Stubbing, ForValue, ForFieldAccess, ForMethodInvocation, Chain), delegation/offset-mapping machinery (Substitution.Chain.Step and its many nested Step implementations, OffsetMapping and its many nested implementations), dispatch/bootstrap argument resolution (Dispatcher, BootstrapArgumentResolver), type-pool resolution (TypePoolResolver and its nested implementations), and the ASM MethodVisitor implementation (SubstitutingMethodVisitor and its LocalVariableTracingMethodVisitor).', 'There are numerous large nested classes and enums (e.g. WithoutSpecification and its ForMatched* subclasses, Substitution.Chain and dozens of Step and OffsetMapping inner classes, Replacement and its Factory/ForFirstBinding/ForElementMatchers/ForDynamicInvocation variants) which concentrates a lot of functionality in a single compilation unit instead of modular units.', 'Several long, complex methods implement multiple flows. For example SubstitutingMethodVisitor.visitMethodInsn contains resolution, candidate selection, replacement binding, size calculation for constructors and general method invocations — mixing bytecode parsing, type resolution, and substitution application logic in one method.', ""The class also declares many annotations (This, Argument, AllArguments, SelfCallHandle, Handle, DynamicConstant, FieldValue, FieldGetterHandle, FieldSetterHandle, Origin, Unused, StubValue, Current) which are API elements that could be separated into a dedicated annotations/contract module to reduce the single class's surface."", 'Because of its size and the multiplicity of concerns (matching, resolving, substitution-building, delegation mapping, visitor traversal, and many factories), the class is hard to read, test, and maintain. These symptoms match Insufficient Modularization: a bloated abstraction that should be decomposed into smaller, cohesive classes.']"
net_bytebuddy_benchmark_ClassByExtensionBenchmark_ByteBuddyPrefixInterceptor.txt,Insufficient Modularization,class,ClassByExtensionBenchmark.ByteBuddyPrefixInterceptor,0,"The nested class is minimal and highly cohesive: it contains a private constructor that prevents instantiation and a single static method intercept() with no state, no fields, and no branching. Its sole responsibility is to act as a prefix interceptor used by the benchmark. There is no evidence of a bloated API, mixed responsibilities, or excessive size/complexity that would indicate insufficient modularization."
net_bytebuddy_benchmark_jmh_generated_ClassByExtensionBenchmark_benchmarkByteBuddyWithProxyAndReusedDelegatorWithTypePool_jmhTest.txt,Insufficient Modularization,class,ClassByExtensionBenchmark_benchmarkByteBuddyWithProxyAndReusedDelegatorWithTypePool_jmhTest,1,"['The class is large and bundles many different responsibilities: benchmark lifecycle management, measurement for multiple modes, sampling, and state initialization. Examples: methods benchmarkByteBuddyWithProxyAndReusedDelegatorWithTypePool_Throughput, _AverageTime, _SampleTime, _SingleShotTime and their corresponding *_jmhStub variants all live in the same class.', 'There is substantial duplicated and mode-specific logic mixed together (warmup/warmdown loops, notifyControl handling, blackhole consumption) across the multiple benchmark mode methods rather than isolated helpers (see repeated blocks in each mode method).', 'The class contains many fields that increase its size and surface area (p000..p255 padding fields, startRndMask, benchmarkParams, iterationParams, threadParams, blackhole, notifyControl, f_classbyextensionbenchmark0_0), indicating a bloated interface and state that could be partitioned.', 'Sample handling and sampling algorithm (benchmarkByteBuddyWithProxyAndReusedDelegatorWithTypePool_sample_jmhStub, SampleBuffer usage, rnd/rndMask logic) are embedded alongside lifecycle and measurement code instead of being separated into a dedicated sampler/collector component.']"
net_bytebuddy_benchmark_jmh_generated_ClassByImplementationBenchmark_baseline_jmhTest.txt,Insufficient Modularization,class,ClassByImplementationBenchmark_baseline_jmhTest,1,"['The class is very large and contains many distinct responsibilities: benchmark orchestration (baseline_* methods), measurement stubs (baseline_thrpt_jmhStub, baseline_avgt_jmhStub, baseline_sample_jmhStub, baseline_ss_jmhStub), initialization (_jmh_tryInit_f_classbyimplementationbenchmark0_0), and state/padding fields. These are separable concerns that could be modularized.', 'There is a bloated interface and duplicated structure across multiple methods: repeated setup/warmup/measurement/warmdown/teardown sequences exist in baseline_Throughput, baseline_AverageTime, baseline_SampleTime, baseline_SingleShotTime — indicating code that could be factored into shared helpers or smaller classes.', 'The class declares an excessive number of fields (byte p000 .. p255) alongside benchmark-related fields (benchmarkParams, iterationParams, threadParams, blackhole, notifyControl, startRndMask, f_classbyimplementationbenchmark0_0), increasing size and reducing cohesion.', 'Large methods and long procedural code (e.g., sample collection logic, control loops, and result assembly) concentrate multiple responsibilities in a single class rather than delegating to specialized components (e.g., sampler, result assembler, lifecycle manager).']"
net_bytebuddy_benchmark_jmh_generated_ClassByImplementationBenchmark_benchmarkJavassist_jmhTest.txt,Insufficient Modularization,class,ClassByImplementationBenchmark_benchmarkJavassist_jmhTest,1,"['The class is large and combines many distinct responsibilities: benchmark orchestration (warmup, measurement, warmdown), result aggregation, sampling logic, and instance lifecycle management (setup/teardown). Evidence: methods benchmarkJavassist_Throughput, benchmarkJavassist_AverageTime, benchmarkJavassist_SampleTime, benchmarkJavassist_SingleShotTime and their corresponding stub methods (_thrpt_jmhStub, _avgt_jmhStub, _sample_jmhStub, _ss_jmhStub) all live in the same class.', 'It contains numerous fields that bloat the class state: 256 byte padding fields p000..p255 plus several shared fields (benchmarkParams, iterationParams, threadParams, blackhole, notifyControl, startRndMask, f_classbyimplementationbenchmark0_0), indicating mixed concerns and large state.', 'Sampling and measurement mechanics are implemented inline (use of SampleBuffer, rnd/rndMask logic, RawResults population, control flags) instead of being factored into smaller, focused components, increasing complexity and reducing cohesion.', 'Because multiple orthogonal concerns (measurement modes, sampling, threading/control handling, blackhole management, and lifecycle) are concentrated in one generated class, it exhibits insufficient modularization and would benefit from separating measurement strategies, sampling utilities, and lifecycle/state into smaller classes or helpers.']"
net_bytebuddy_benchmark_jmh_generated_SuperClassInvocationBenchmark_benchmarkByteBuddyWithPrefix_jmhTest.txt,Insufficient Modularization,class,SuperClassInvocationBenchmark_benchmarkByteBuddyWithPrefix_jmhTest,1,"['The class contains an extremely large number of fields including p000..p255 (256 byte padding fields) plus several state fields (startRndMask, benchmarkParams, iterationParams, threadParams, blackhole, notifyControl, f_superclassinvocationbenchmark0_0). The bloated field set increases size and responsibility.', 'It mixes multiple distinct responsibilities: orchestration for different benchmark modes (benchmarkByteBuddyWithPrefix_Throughput, _AverageTime, _SampleTime, _SingleShotTime), associated static stubs for execution and sampling (benchmarkByteBuddyWithPrefix_thrpt_jmhStub, _avgt_jmhStub, _sample_jmhStub, _ss_jmhStub), initialization (_jmh_tryInit_f_superclassinvocationbenchmark0_0), result construction and Blackhole management. These could be separated into smaller cohesive classes/modules.', 'There is duplicated and similar control flow across the mode-specific methods (warmup/warmdown loops, result post-processing), indicating opportunities to extract common orchestration logic rather than keeping large, repetitive methods in one class.', 'The presence of sampling logic, result aggregation, and lifecycle (setup/teardown) combined in a single class creates a bloated interface and complexity that harms understandability and maintainability.']"
net_bytebuddy_benchmark_jmh_generated_SuperClassInvocationBenchmark_benchmarkByteBuddyWithProxy_jmhTest.txt,Insufficient Modularization,class,net.bytebuddy.benchmark.jmh_generated.SuperClassInvocationBenchmark_benchmarkByteBuddyWithProxy_jmhTest,1,"['The class is large and combines many responsibilities: benchmark mode orchestration, measurement stubs, sampling logic, lifecycle/init logic, result aggregation and Blackhole management (e.g. methods benchmarkByteBuddyWithProxy_Throughput, benchmarkByteBuddyWithProxy_AverageTime, benchmarkByteBuddyWithProxy_SampleTime, benchmarkByteBuddyWithProxy_SingleShotTime, and the various *_jmhStub methods).', 'There is substantial duplicated/parallel code across modes (nearly identical setup/warmup/teardown sequences repeated in each benchmarkByteBuddyWithProxy_* method), indicating poor decomposition of common behavior.', 'The presence of many low-level helper static stubs that implement distinct measurement strategies (benchmarkByteBuddyWithProxy_thrpt_jmhStub, _avgt_jmhStub, _sample_jmhStub, _ss_jmhStub) placed in the same class increases class complexity and mixes high-level orchestration with low-level sampling/measurement details.', ""A large set of padding fields (p000 .. p255) and multiple state fields (startRndMask, benchmarkParams, iterationParams, threadParams, blackhole, notifyControl, f_superclassinvocationbenchmark0_0) make the class's state bloated, contributing to a bloated interface and harder-to-understand class responsibilities."", 'Lifecycle and initialization for the benchmark subject are managed inside the same class (_jmh_tryInit_f_superclassinvocationbenchmark0_0 and direct calls to val.setUp()), coupling benchmark infrastructure with benchmark instance management instead of modularizing them.']"
net_bytebuddy_build_AccessControllerPlugin_Initializer.txt,Insufficient Modularization,class,net.bytebuddy.build.AccessControllerPlugin.Initializer,0,"['The Initializer class has a single, well-defined responsibility: to implement a ByteCodeAppender that creates an initializer segment determining AccessController availability (implements ByteCodeAppender, holds instrumentedType and name).', 'Its public surface is small and cohesive: a constructor, apply(MethodVisitor, Implementation.Context, MethodDescription) and an abstract helper onAccessController(MethodVisitor) that delegates variant behavior.', 'Variant behavior is factored into two tiny nested strategy classes (WithProperty and WithoutProperty) that only implement onAccessController; these are small and focused, avoiding mixing unrelated concerns in Initializer itself.', 'Related but separate responsibilities (method wrapping/visitor logic and signature mapping) are implemented in other nested classes (AccessControlWrapper, PrefixingMethodVisitor) and static fields, so Initializer does not concentrate unrelated functionality.', 'Overall the class size, structure and clear separation of the strategy implementations indicate adequate modularization rather than a bloated, multi-responsibility abstraction.']"
net_bytebuddy_build_AccessControllerPlugin_WithProperty.txt,Insufficient Modularization,class,net.bytebuddy.build.AccessControllerPlugin.WithProperty,0,"The WithProperty class is a small, focused inner class with a single responsibility: provide an implementation of Initializer.onAccessController that reads a named system property and returns a boolean. It contains only one field (property), a constructor, and a single method (onAccessController) that performs a concise, well-scoped operation. It does not aggregate multiple unrelated responsibilities, large data structures, or a bloated interface, and is cohesive within the Initializer abstraction, so it does not exhibit insufficient modularization."
net_bytebuddy_build_AccessControllerPlugin_WithoutProperty.txt,Insufficient Modularization,class,AccessControllerPlugin.WithoutProperty,0,"The nested static class WithoutProperty is small and highly cohesive: it only provides a constructor and a single overridden method onAccessController that emits a constant true (mv.visitInsn(Opcodes.ICONST_1)) and returns a constant stack-size (return 1). It declares no fields, no large methods, and encapsulates a single, well-defined variant of Initializer behavior. Responsibilities are narrowly focused and appropriately decomposed via subclassing of Initializer, so there is no evidence of excessive size, complexity, or a bloated interface indicating insufficient modularization."
net_bytebuddy_build_CachedReturnPlugin_AdviceResolver.txt,Insufficient Modularization,class,CachedReturnPlugin.AdviceResolver,1,"['The enum combines multiple responsibilities: selecting a resolver for a type (of(TypeDefinition)), constructing a complex ByteBuddy dynamicType per enum constant (large constructor logic), and producing Advice instances (toAdvice).', 'Each enum constant holds a dynamicType field produced by substantial bytecode-generation logic (ByteBuddy.with(...).subclass(...).defineMethod(...).intercept(...).make()), which makes the enum carry heavy implementation details rather than delegating to smaller classes.', ""The enum nests a substantial bytecode implementation class (ExitAdviceByteCodeAppender) with many opcode operations and stack/label management. This class is a detailed implementation of bytecode emission that increases the enum's size and complexity."", 'The enum directly wires offset mapping (toAdvice binds CacheField to CacheFieldOffsetMapping) and dynamic type resolution, concentrating factory, construction and low-level bytecode-appending logic in one type rather than separating concerns into distinct, cohesive classes.', 'Presence of many distinct concerns (type-dispatch, dynamic type construction, advice binding, ASM-level bytecode appending) inside a single enum indicates insufficient decomposition for maintainability and understandability.']"
net_bytebuddy_build_HashCodeAndEqualsPlugin_Sort.txt,Insufficient Modularization,class,net.bytebuddy.build.HashCodeAndEqualsPlugin,1,"The class combines many responsibilities and large, unrelated concerns in one type: it implements Plugin, Plugin.Factory, MethodAttributeAppender.Factory and MethodAttributeAppender, contains heavy static initialization resolving multiple annotation properties (ENHANCE_*, VALUE_HANDLING_VALUE, SORTED_VALUE), and its apply(...) method both configures hashCode and equals generation and returns an attribute appender. It also declares multiple nested annotation types (Enhance, ValueHandling, Sorted, Identity), a nested enum (AnnotationOrderComparator) and a nested matcher class (ValueMatcher) plus a specialized subclass (WithNonNullableFields). The presence of comparator logic, annotation definitions, matching logic, plugin factory behavior and bytecode-visitor logic (apply(MethodVisitor,...)) in one class indicates excessive size and mixed responsibilities that should be decomposed into smaller, cohesive abstractions."
net_bytebuddy_build_Plugin_Ambiguous.txt,Insufficient Modularization,class,net.bytebuddy.build.Plugin,1,"['The Plugin type aggregates a very large number of distinct responsibilities and many nested types instead of being decomposed into separate top-level classes/interfaces. It defines factories, reflection-based instantiation (Factory.UsingReflection and Instantiator variants), engine orchestration (Engine and Engine.Default), type strategy and pool strategy, I/O sources/targets (Source, Target and many ForFolder/ForJarFile/InMemory implementations), dispatchers (Dispatcher, ForSerialTransformation, ForParallelTransformation), listeners and error handlers (Listener, ErrorHandler, Compound, StreamWriting, adapters), plus preprocessing/initialization logic (WithPreprocessor, WithInitialization, Preprocessor inner class).', 'Large, complex inner classes contain unrelated concerns: Engine.Default includes scanning, manifest handling, reading/writing archives, threading/Executor management (Dispatcher.ForParallelTransformation.WithThrowawayExecutorService), and transformation application logic (Preprocessor and its nested Resolved/Ignored/Unresolved classes). These are multiple responsibilities that could be modularized.', 'The class surface is bloated with many nested concrete implementations (e.g. Source.ForFolder, Source.ForJarFile, Target.ForFolder, Target.ForJarFile, Target.InMemory, Dispatcher factories) that mix I/O, concurrency, and domain logic rather than residing in focused, single-responsibility classes.', 'Such concentration of responsibilities increases cognitive complexity and maintenance cost; the design would benefit from extracting Engine, Source/Target implementations, Dispatcher variants, listeners and error handlers into separate modules/classes.']"
net_bytebuddy_build_Plugin_CompoundIterator.txt,Insufficient Modularization,class,Plugin.CompoundIterator,0,"['The class is small and focused: it contains only two fields (current iterator and backlog queue), a constructor, a private forward() helper, and the three Iterator methods (hasNext, next, remove).', 'Single responsibility: its sole responsibility is to iterate over a sequence of iterables in order; iteration and advancing logic is encapsulated in forward(), keeping concerns separated.', 'No bloated interface or excessive complexity: it implements only Iterator<Element> and does not expose unrelated behavior or many public methods/fields.', 'No sign of multiple responsibilities or large method bodies – methods are short and straightforward, indicating appropriate decomposition.', 'Uses existing utilities (QueueFactory) and delegates iteration to contained iterators rather than implementing multiple roles itself.']"
net_bytebuddy_build_Plugin_Source.txt,Insufficient Modularization,class,net.bytebuddy.build.Plugin.Source,1,"The Source abstraction contains a very large and varied set of nested types and responsibilities that indicate inadequate decomposition: it declares the Origin sub-interface plus many concrete Origin implementations (ForJarFile, Filtering, Compound.Origin, InMemory, ForFolder), the Element sub-interface plus multiple Element implementations (ForByteArray, ForFile, ForJarEntry), numerous iterator implementations (JarFileIterator, FilteringIterator, CompoundIterator, MapEntryIterator, FolderIterator), and additional matcher/helper types (Filtering.MultiReleaseVersionMatcher, Filtering.NoFolderMatcher). These nested types implement different concerns: I/O (reading jars/folders), in-memory storage, filtering logic, iteration strategies, manifest handling and class-file-locating. Concentrating all of these distinct responsibilities inside the single Source abstraction (and as nested classes) increases size and complexity, mixes I/O, filtering and iteration policy, and makes the abstraction harder to understand, test and extend. The variety and number of specialized classes and iterators suggest the code should be split into smaller, cohesive types (e.g., separate Element/Origin implementations, dedicated iterator/visitor classes, and distinct filtering/strategy components)."
net_bytebuddy_build_Plugin_WithPreprocessor.txt,Insufficient Modularization,class,Plugin.WithPreprocessor,0,"Plugin.WithPreprocessor is a small, focused interface that declares a single responsibility: void onPreprocess(TypeDescription typeDescription, ClassFileLocator classFileLocator). It simply extends Plugin to mark plugins that require a preprocessing callback. The interface has no additional methods, fields, or large/cohesive implementations; therefore it is adequately modular and does not concentrate unrelated responsibilities."
net_bytebuddy_build_gradle_AbstractByteBuddyTask_TransformationLogger.txt,Insufficient Modularization,class,net.bytebuddy.build.gradle.AbstractByteBuddyTask,1,"['The AbstractByteBuddyTask class is large and mixes many responsibilities: task configuration (numerous fields and getters/setters), plugin discovery and registration, class loader construction, class file locator composition, plugin factory resolution, engine construction and execution, logging, resource cleanup, and file-system utilities (deleteRecursively).', 'The static apply(...) method is very long and performs multiple distinct concerns: discovery of plugins, resolving and instantiating Plugin.Factory instances, building a composite ClassFileLocator, configuring and applying the Plugin.Engine, error handling, and closing resources. Its long parameter list and complex internal logic indicate too many responsibilities concentrated in one routine.', 'The class defines unrelated helper methods and nested types that could be modularized: deleteRecursively methods (file-IO utility), the ByteBuddySkippingUrlClassLoader (class loader construction/behavior), and the TransformationLogger (logging listener). These elements suggest separable responsibilities that would be clearer as small, focused classes or services.', 'Several cohesive modules can be extracted (e.g., PluginDiscovery/Registration, PluginFactoryResolver, ClassFileLocatorBuilder, EngineConfigurator, FileDeletionUtil, and a ClassLoaderFactory). The current monolithic structure makes the class hard to understand, test, and maintain.']"
net_bytebuddy_build_gradle_ByteBuddySimpleTaskExtension.txt,Insufficient Modularization,class,ByteBuddySimpleTaskExtension,0,"[""The class is small and focused: it defines a single private field 'discoverySet' and provides simple accessor methods 'getDiscoverySet' and 'setDiscoverySet'."", ""It primarily implements a single responsibility: configuring a ByteBuddySimpleTask with the discovery set (see 'doConfigure(ByteBuddySimpleTask task)' and 'discoverySet(FileCollection fileCollection)')."", ""It cleanly overrides a few abstract behaviors from its superclass ('isEmptyDiscovery', 'doConfigure', 'discoverySet', 'toType') rather than accumulating unrelated functionality."", 'No large public API surface, no multiple unrelated responsibilities, and no evidence of excessive size or complexity that would warrant further decomposition.']"
net_bytebuddy_build_gradle_ObjectFactory_ForApi4CapableGradle.txt,Insufficient Modularization,class,ObjectFactory.ForApi4CapableGradle,0,"The class is small and cohesive: it holds two Method fields, a constructor to initialize them, and a single newInstance(...) method that performs reflection and exception mapping. Its responsibility is narrowly scoped (invoking Gradle's ObjectFactory via reflection). Related alternative behavior is separated into Dispatcher.ForLegacyGradle. There is no evidence of excessive size, multiple unrelated responsibilities, or a bloated interface that would indicate insufficient modularization."
net_bytebuddy_build_gradle_android_ByteBuddyAndroidPlugin.txt,Insufficient Modularization,class,ByteBuddyAndroidPlugin,1,"['The class is very large and contains many distinct responsibilities: plugin application, variant handling, runtime classpath resolution, transformation dispatching, configuration/attribute wiring, dependency compatibility rules, and view configuration.', 'Numerous nested types implement different behaviors (VariantAction, RuntimeClassPathResolver with OfLegacyAgp and OfModernAgp, ByteBuddyTransformationConfiguration, multiple Action implementations, ByteBuddyDependencyRule, TransformationDispatcher with ForLegacyAndroid and ForApk74CompatibleAndroid, ByteBuddyViewConfiguration). This indicates multiple cohesive concerns concentrated in one top-level class.', 'Complex static initialization with reflection (RESOLUTION of TRANSFORMATION_DISPATCHER) and conditional logic increases class complexity and mixes platform-detection logic with plugin functionality.', 'Multiple unrelated APIs are handled here: Gradle plugin lifecycle (apply), configuration creation/caching (ConcurrentMap configurations), artifact/view setup, task registration, and attribute compatibility rules—suggesting opportunities to split into smaller, focused classes.', 'Because the class bundles configuration actions, runtime resolution strategies, task wiring, and compatibility rules, it will be harder to understand, test, and maintain compared to a design that separates these concerns.']"
net_bytebuddy_build_gradle_android_ByteBuddyAndroidPlugin_AttributeMatchingStrategyConfigurationAction.txt,Insufficient Modularization,class,net.bytebuddy.build.gradle.android.ByteBuddyAndroidPlugin.AttributeMatchingStrategyConfigurationAction,0,"This class is small and single-responsibility: it contains only one method (execute) whose sole action is to register ByteBuddyDependencyRule into an AttributeMatchingStrategy via stringAttributeMatchingStrategy.getCompatibilityRules().add(ByteBuddyDependencyRule.class). It has no fields, no large interface, no branching or multiple responsibilities, and is cohesive and low in complexity, so it does not exhibit insufficient modularization."
net_bytebuddy_build_gradle_android_ByteBuddyAndroidPlugin_GetProjectJarsFunction.txt,Insufficient Modularization,class,ByteBuddyAndroidPlugin.GetProjectJarsFunction,0,"['The analyzed class is a tiny nested enum acting as a single-function adapter: it defines a single INSTANCE constant and one method invoke(...) that simply returns task.getInputJars().', 'It has a single, well-defined responsibility (providing a function mapping a ByteBuddyLocalClassesEnhancerTask to its input jars) and no additional fields, complex logic, or large interface surface.', 'As a concise, single-purpose component (singleton function object) it demonstrates appropriate modularization rather than a bloated, under-decomposed abstraction.']"
net_bytebuddy_build_gradle_android_ByteBuddyAndroidTaskExtension.txt,Insufficient Modularization,class,ByteBuddyAndroidTaskExtension,0,"['The class is a cohesive configuration/extension holder: all fields (entryPoint, suffix, failOnLiveInitializer, warnOnEmptyTypeSet, failFast, extendedParsing, discovery, threads, discoverySet, transformations) represent related configuration for a Byte Buddy Android task.', 'Most methods are simple getters/setters and small helpers (transformation(Closure), transformation(Action)) with no large monolithic logic, so responsibilities are not mixed or bloated into complex methods.', 'Behavior that is non-trivial is delegated to other types: transformations are instances of Transformation, EntryPoint is a separate abstraction, and configure(...) merely maps these properties onto a ByteBuddyLocalClassesEnhancerTask, indicating clear separation of concerns.', 'The class size and interface are appropriate for an extension object; it groups related configuration rather than combining unrelated responsibilities, so it does not exhibit excessive size or lack of decomposition.']"
net_bytebuddy_build_maven_ByteBuddyMojo_FromClassLoader.txt,Insufficient Modularization,class,net.bytebuddy.build.maven.ByteBuddyMojo,1,"['The class is excessively large and contains many distinct responsibilities: Maven mojo parameter handling, plugin discovery and class loader creation (execute), classpath resolution, transformation orchestration (transform), file I/O and staleness handling, dependency resolution, and logging.', 'Numerous nested static classes and inner classes implement disparate concerns (ForLifecycleTypes and its many subclasses, ForExplicitLocations and variants, ForDependencyFolder, Transformer and multiple Transformer implementations, MavenBuildLogger, TransformationLogger, Coordinate, StalenessFilter, FilePrefixMatcher). This concentration of functionality indicates poor separation of concerns.', 'Critical methods are long and multipart: execute() performs initialization, discovery, class loader creation and error handling; transform() handles staleness detection, class file locator construction, plugin factory creation, entry point resolution, Java version detection, and summary/error handling. These are candidates for extraction to dedicated classes.', 'Mixing high-level orchestration with low-level details (e.g., creating URLClassLoader, resolving Maven dependencies, filesystem operations, logging adapters) increases complexity and reduces cohesion, making the class hard to understand, test, and maintain.']"
net_bytebuddy_build_maven_Initialization.txt,Insufficient Modularization,class,Initialization,1,"The Initialization class mixes multiple responsibilities that could be separated: it exposes public mutable configuration fields (entryPoint, validated) used by Maven, provides default construction logic, resolves coordinates (via inherited CoordinateConfiguration/asCoordinate and ClassLoaderResolver), locates and instantiates entry point implementations (enum matching and reflective Class.forName/constructor/newInstance), and wraps validation behavior (returning EntryPoint.Unvalidated). The getEntryPoint method performs distinct tasks (validation of input, enum lookup, reflection-based loading, instantiation and wrapping, and exception translation), indicating a bloated responsibility and a non-cohesive interface. The combination of configuration storage, class-loading/instantiation, and validation-wrapping suggests the class should be decomposed (e.g., separate configuration holder, entry-point factory/loader, and validation wrapper) to improve modularity."
net_bytebuddy_description_ByteCodeElement_TokenList.txt,Insufficient Modularization,class,ByteCodeElement.Token.TokenList,0,"TokenList is small and cohesive: it encapsulates a List<? extends S> tokens, provides two constructors, an accept(TypeDescription.Generic.Visitor) to transform contained tokens, and simple collection operations (wrap, get, size). It delegates type transformation to token.accept(visitor) and extends a collection base (FilterableList.AbstractBase) rather than combining unrelated responsibilities. There is no evidence of an excessive API surface, multiple unrelated responsibilities, or large complex logic that would indicate insufficient modularization."
net_bytebuddy_description_ModifierReviewable_ForParameterDescription.txt,Insufficient Modularization,class,ModifierReviewable.ForParameterDescription,0,"['ModifierReviewable.ForParameterDescription is a narrow, focused interface: it extends OfMandatable and declares only getParameterManifestation() and getProvisioningState().', 'It does not aggregate unrelated responsibilities or a large number of methods; its API is specific to parameter-related modifier concerns and therefore cohesive.', 'Although the enclosing ModifierReviewable type contains many nested interfaces and an AbstractBase that implements multiple roles, this nested ForParameterDescription interface itself is well modularized and does not exhibit excessive size or a bloated interface.']"
net_bytebuddy_description_ModifierReviewable_OfByteCodeElement.txt,Insufficient Modularization,class,net.bytebuddy.description.ModifierReviewable.OfByteCodeElement,1,"['The nested AbstractBase class centralizes many unrelated responsibilities: it implements ForTypeDefinition, ForFieldDescription, ForMethodDescription, ForParameterDescription, ForModuleDescription and ForModuleRequirement and provides behavior for all of them. Methods cover multiple domains (types, fields, methods, parameters, modules), e.g. getTypeManifestation(), getFieldManifestation(), getMethodManifestation(), getParameterManifestation(), getProvisioningState(), getOpenness(), getTransitivity(), getRequiredPhase().', 'AbstractBase contains large switch statements and many boolean queries for different element kinds (getVisibility(), getMethodManifestation(), getFieldPersistence(), getTypeManifestation(), etc.), indicating a bloated class that mixes logic for distinct abstractions.', 'The class groups many modifier-to-domain mappings and decision logic (e.g. Visibility, Ownership, EnumerationState, SynchronizationState, MethodStrictness) that could be decomposed into smaller, cohesive components (separate implementations for type, field, method, parameter and module modifier review), so its current size and multiplicity of responsibilities indicate insufficient modularization.']"
net_bytebuddy_description_TypeVariableSource_AbstractBase.txt,Insufficient Modularization,class,net.bytebuddy.description.TypeVariableSource.AbstractBase,0,"The class is small and cohesive: it implements only type-variable resolution behavior (findVariable and findExpectedVariable) and declares a single abstract helper (toSafeString). It delegates work to getTypeVariables().filter(...), getEnclosingSource(), and TypeDescription.Generic, and throws a specific IllegalArgumentException when resolution fails. It does not contain unrelated responsibilities, large fused logic, or a bloated interface; instead it provides a focused shared implementation for the TypeVariableSource abstraction. Therefore there is no evidence of insufficient modularization."
net_bytebuddy_description_TypeVariableSource_Visitor.txt,Insufficient Modularization,class,TypeVariableSource.Visitor,0,"The Visitor interface is small and cohesive (only onType and onMethod) with a simple NoOp enum implementation. The related TypeVariableSource abstraction keeps responsibilities grouped: accessor methods (getTypeVariables, getEnclosingSource, isInferrable, isGenerified), lookup helpers (findVariable, findExpectedVariable) and a shared AbstractBase that encapsulates common logic. There is no evidence of a bloated interface or multiple unrelated responsibilities concentrated in this class, so insufficient modularization is not detected."
net_bytebuddy_description_annotation_AnnotationValue_Loaded.txt,Insufficient Modularization,class,net.bytebuddy.description.annotation.AnnotationValue,1,"['The type contains an extremely large number of nested types and responsibilities in a single file: multiple enums (RenderingDispatcher, State, Sort), an abstract base (AbstractBase), many concrete implementations (ForConstant, ForAnnotationDescription, ForEnumerationDescription, ForTypeDescription, ForDescriptionArray, ForMissingType, ForMismatchedType, ForMissingValue, ForIncompatibleType) and many nested Loaded classes and delegate types (PropertyDelegate, ForArrayType, ForNonArrayType).', 'Responsibilities mixed together: value representation and resolution, class-loading and primitive mapping (ForTypeDescription.PRIMITIVE_TYPES and load logic), VM-specific rendering logic (RenderingDispatcher with multiple VM variants), array handling and cloning, equality/hashCode/toString semantics, and detailed error/exception handling for many runtime cases (ForMissingType, ForMismatchedType, ForMissingValue, ForIncompatibleType).', 'High cohesion violation: the single interface/class is implementing domain model (annotation value kinds), presentation (string rendering for many VM versions), loading mechanics (Class.forName, ClassLoader interactions), and error-state modeling all in one place instead of separate modules.', 'Practical effects visible in the code: many distinct code paths and specialized behavior (e.g. PropertyDelegate enums for array vs non-array, multiple Loaded.* inner classes implementing different exceptional behaviors), which increases size and complexity and makes understanding, testing and evolving any single concern harder.', 'Given these points, the class should be decomposed into smaller, cohesive classes (separate rendering, loading/resolution, and per-sort/value-type implementations) to address insufficient modularization.']"
net_bytebuddy_description_annotation_AnnotationValue_PropertyDelegate.txt,Insufficient Modularization,class,AnnotationValue,1,"The AnnotationValue type is very large and bundles many distinct responsibilities into a single top-level abstraction: it defines core API (AnnotationValue, State, Sort), platform-specific rendering logic (RenderingDispatcher with multiple VM variants), loading semantics (AnnotationValue.Loaded and many Loaded.* implementations), multiple concrete value representations (ForConstant, ForAnnotationDescription, ForEnumerationDescription, ForTypeDescription, ForDescriptionArray, ForMissingType, ForMismatchedType, ForMissingValue, ForIncompatibleType) and internal helpers (ForConstant.PropertyDelegate and its nested enums ForNonArrayType/ForArrayType). Examples of cross-cutting concerns: rendering behavior and VM-specific formatting is mixed into the same file (RenderingDispatcher and its variants); class-loading/error mapping logic (numerous load(...) implementations using Class.forName and mapping to specific loaded subclasses) is interleaved with representation and equality/hashCode implementations; array handling and property-copy/hash/equals logic are embedded inside nested enums (ForArrayType). The result is a single monolithic type with many nested classes, long factory methods (many ForConstant.of overloads and static factories for arrays/descriptions), and duplicated patterns scattered across nested types. This concentration of responsibilities makes the code harder to understand, test, and maintain and indicates it would benefit from decomposition (e.g. separate files/modules for rendering, loading, value-kind implementations, and property delegates)."
net_bytebuddy_description_field_FieldDescription_SignatureToken.txt,Insufficient Modularization,class,FieldDescription,1,"The FieldDescription abstraction is large and bundles many distinct responsibilities and concrete implementations that could be modularized. The interface contains multiple nested types with different roles (InGenericShape, InDefinedShape, AbstractBase, InDefinedShape.AbstractBase, ForLoadedField, Latent, TypeSubstituting, Token, SignatureToken). Responsibilities mixed into this single abstraction include: (1) signature generation and generic signature handling (getGenericSignature uses SignatureWriter, asSignatureToken, SignatureToken class), (2) reflection adaptation (ForLoadedField wrapping java.lang.reflect.Field and mapping annotations), (3) creation/representation of detached tokens (Token and its accept/ asSignatureToken methods), (4) latent/unattached field descriptions (Latent) and type substitution logic (TypeSubstituting), and (5) visibility/accessibility and modifier handling in AbstractBase (isVisibleTo, isAccessibleTo, getActualModifiers). The AbstractBase itself implements many behaviors (equals/hashCode/toString/asToken/asSignatureToken/visibility logic) making the interface heavy. These clearly separable concerns (token representation, signature handling, reflection bridging, substitution, and core field API) indicate the abstraction is not adequately decomposed and would benefit from extracting top-level classes or collaborating components to reduce size and improve cohesion."
net_bytebuddy_description_method_MethodDescription_ForLoadedExecutable.txt,Insufficient Modularization,class,net.bytebuddy.description.method.MethodDescription,1,"The MethodDescription type combines many distinct responsibilities and large concrete implementations in a single interface + nested-class cluster. Evidence: it declares the public API for method descriptions while also containing large implementation classes and utilities such as AbstractBase (heavy logic for signatures, modifiers, visibility, equality/hashCode, toString variants), nested loaded-executable adapters (InDefinedShape.AbstractBase.ForLoadedExecutable, ForLoadedMethod, ForLoadedConstructor) that deal with reflection and privileged dispatch (JavaDispatcher, doPrivileged), token and token-related types (Token, SignatureToken, TypeToken), a Latent builder-style implementation, TypeSubstituting (type visitor/substitution logic) and many complex helper methods (getGenericSignature using SignatureWriter, isBootstrap/isBootstrapping/isInvokeBootstrap/isConstantBootstrap bootstrap validation, isDefaultValue with exhaustive type checks, parameter/annotation attachment and caching). This concentration of many unrelated concerns (reflection bridging, signature generation, bootstrap validation, tokenization, type substitution, formatting) and numerous large nested classes reduces cohesion and makes the abstraction overly large and hard to maintain — i.e., insufficiently modular. These elements should be split into smaller, focused classes/modules (e.g. separate token/signature types, reflection adapters, bootstrap validation and default-value utilities, and type-substitution logic)."
net_bytebuddy_description_method_MethodDescription_Latent.txt,Insufficient Modularization,class,MethodDescription.Latent,0,"['Cohesive single responsibility: Latent encapsulates a detached representation of a method (declaringType, internalName, modifiers, typeVariables, returnType, parameterTokens, exceptionTypes, declaredAnnotations, defaultValue, receiverType) and exposes a focused set of accessors for that purpose (getTypeVariables, getReturnType, getParameters, getExceptionTypes, getDeclaredAnnotations, getInternalName, getDeclaringType, getModifiers, getDefaultValue, getReceiverType).', 'Delegates complexity: Latent defers non-trivial behavior to other modular components (TypeList.Generic.ForDetachedTypes.attach, ParameterList.ForTokens, AnnotationList.Explicit and TypeDescription.Generic.Visitor.Substitutor.ForAttachment), indicating responsibilities are separated rather than concentrated in this class.', 'Immutability and small API surface: Fields are final and the class provides simple, well-scoped methods rather than a large, mixed set of unrelated behaviors, reducing maintenance complexity.', 'Contained special-case is modularized: the nested TypeInitializer class isolates the distinct concept of a type initializer, rather than bloating Latent with that logic.']"
net_bytebuddy_description_method_MethodDescription_TypeToken.txt,Insufficient Modularization,class,net.bytebuddy.description.method.MethodDescription.TypeToken,0,"The TypeToken class is small and focused: it has two final fields (returnType, parameterTypes), simple accessors (getReturnType, getParameterTypes), and standard Object methods (hashCode, equals, toString). It represents a single, cohesive abstraction (erased return and parameter types) and does not contain unrelated responsibilities, large methods, or a bloated interface. Therefore it does not exhibit insufficient modularization."
net_bytebuddy_description_method_ParameterList_OfLegacyVmMethod.txt,Insufficient Modularization,class,ParameterList.OfLegacyVmMethod,0,"The class is small and focused: it holds three related fields (method, parameterType[], parameterAnnotationSource), constructs itself in a single constructor, and exposes only two straightforward behaviors (get(int) returning a delegated ParameterDescription.ForLoadedParameter.OfLegacyVmMethod, and size() returning parameterType.length). Responsibility is narrowly scoped to representing method parameters on legacy VMs and it delegates parameter details to ParameterDescription classes. It participates in a well-decomposed family of nested classes (ForLoadedExecutable, OfLegacyVmConstructor, OfMethod, etc.), indicating appropriate modularization rather than a bloated or multi-responsibility design."
net_bytebuddy_description_method_ParameterList_OfMethod.txt,Insufficient Modularization,class,ParameterList.OfMethod,0,"ParameterList.OfMethod is small and focused: it only defines a constructor that delegates to its superclass ForLoadedExecutable and a single get(int) method that returns a ParameterDescription.ForLoadedParameter.OfMethod instance. It does not contain excessive size, complex logic, or multiple unrelated responsibilities; shared behavior and complexity are encapsulated in the ForLoadedExecutable superclass and other nested classes. Therefore it does not exhibit insufficient modularization."
net_bytebuddy_description_modifier_FieldManifestation.txt,Insufficient Modularization,class,FieldManifestation,0,"FieldManifestation is a small, cohesive enum modeling a single concern (a field's manifestation). It defines only three constants (PLAIN, FINAL, VOLATILE), one private final field (mask), a constructor, and a small set of closely related accessors/predicates (getMask, getRange, isDefault, isFinal, isVolatile, isPlain). All members directly relate to representing and querying the final/volatile state using Opcodes.ACC_FINAL and Opcodes.ACC_VOLATILE. There is no evidence of bloated interface, unrelated responsibilities, or excessive size that would indicate insufficient modularization."
net_bytebuddy_description_modifier_ModifierContributor_ForType.txt,Insufficient Modularization,class,ModifierContributor.ForType,0,"['ForType is a marker interface with a single constant (MASK) and no methods, indicating a very small, focused abstraction.', 'It has a single, clear responsibility (representing modifiers applicable to types) and does not aggregate unrelated functionality.', 'Related behaviors are factored into other nested interfaces (ForField, ForMethod, etc.) and the separate Resolver class, demonstrating appropriate decomposition.', 'There is no evidence of excessive size, complexity, or a bloated interface in this class, so it does not exhibit insufficient modularization.']"
net_bytebuddy_description_modifier_Ownership.txt,Insufficient Modularization,class,Ownership,0,"The Ownership enum is small and cohesive, modeling a single abstraction (member ownership) with exactly two constants (MEMBER, STATIC). It contains a single private field (mask) and a minimal set of focused methods (getMask(), getRange(), isDefault(), isStatic()). It also cleanly implements the ModifierContributor interfaces (ForField, ForMethod, ForType) to integrate with the modifier framework. There are no large methods, mixed responsibilities, or a bloated interface that would indicate inadequate decomposition."
net_bytebuddy_description_modifier_ParameterManifestation.txt,Insufficient Modularization,class,net.bytebuddy.description.modifier.ParameterManifestation,0,"The class is a small, focused enum that models a single concern (whether a parameter is final). It declares only two constants (PLAIN, FINAL), a single private field (mask), and four simple methods (getMask, getRange, isDefault, isFinal). There is no evidence of multiple responsibilities, large size, or a bloated interface—its API is minimal and cohesive—so it does not exhibit insufficient modularization."
net_bytebuddy_description_type_PackageDescription.txt,Insufficient Modularization,class,PackageDescription,0,"The interface is small and cohesive, modeling a single abstraction (a package description). Responsibilities are separated: AbstractBase provides shared behavior (getInternalName, getActualName, contains, isDefault, equals/hashCode/toString), while Simple and ForLoadedPackage are focused, lightweight implementations (Simple holds a name and returns an empty AnnotationList; ForLoadedPackage wraps java.lang.Package to expose name and annotations). The public surface is minimal (contains, isDefault, runtime name/annotation source methods and a few constants), so there is no evidence of excessive size, bloated interface, or concentrated unrelated responsibilities."
net_bytebuddy_description_type_PackageDescription_AbstractBase.txt,Insufficient Modularization,class,PackageDescription.AbstractBase,0,"AbstractBase is small and focused: it implements a concise set of package-related behaviors (getInternalName, getActualName, contains, isDefault, hashCode, equals, toString) that delegate to getName(), preserving a single responsibility. Concrete variants are factored into nested classes (Simple and ForLoadedPackage) that separate annotation handling and name storage/representation, avoiding a bloated monolithic class. There is no large state, excessive branching, or unrelated functionality concentrated in AbstractBase that would indicate poor decomposition."
net_bytebuddy_description_type_RecordComponentDescription_InDefinedShape.txt,Insufficient Modularization,class,net.bytebuddy.description.type.RecordComponentDescription,0,"['The abstraction is decomposed into focused nested types with clear responsibilities: AbstractBase provides shared behavior, ForLoadedRecordComponent handles reflection/priviliged access, Latent models synthetic/constructed components, TypeSubstituting handles type substitution, and Token encapsulates detached properties.', 'Methods and fields are small and cohesive (e.g. getType, getAccessor, getActualName, getDeclaredAnnotations, getGenericSignature) and duplication is reduced via AbstractBase and nested interfaces (InGenericShape, InDefinedShape).', 'Related functionality is colocated in the same API surface (record component descriptions) but separated into specific classes rather than merged into a single large class, avoiding a bloated interface or mixed responsibilities.', 'Use of helper patterns (dispatchers, visitors, explicit token objects) further modularizes behavior instead of concentrating complexity in one class.']"
net_bytebuddy_description_type_TypeDescription_ForErasure.txt,Insufficient Modularization,class,TypeDescription.ForErasure,1,"['The analyzed TypeDescription type (as provided) contains an extremely large amount of functionality and many nested types in a single compilation unit: Generic and its many nested visitor enums and classes, Generic.AnnotationReader and many Delegator/Chained implementations, LazyProjection variants, Builder and many Builder subtypes, ForLoadedType (including Dispatcher), LazyProxy, ArrayProjection, SuperTypeLoading (with ClassLoading delegates and projections), Latent, ForPackageDescription, etc.', 'These nested classes cover multiple distinct responsibilities: generic-type representation and visiting, signature generation and parsing, annotation reading and delegation, reflective loaded-type adapters and dispatchers, array projections, building and normalization of types, class-loading strategies and projections. That is a combination of concerns that should be split across separate modules/classes.', 'The interface and its nested types present a very large, bloated API surface (many methods, numerous inner classes/enums) making comprehension and maintenance difficult and increasing coupling between unrelated features (e.g. class-loading logic mixed with generic-type visitors and annotation reading).', 'Many of the nested classes implement specialized behaviors (e.g. Visitor subtypes like Reifying, Assigner, ForSignatureVisitor, AnnotationStripper; AnnotationReader delegators; ClassLoadingTypeProjection) that are independent and strong candidates for extraction into focused classes/packages.', 'Because of the breadth and depth of responsibilities concentrated in this single type, it meets the criteria for Insufficient Modularization: it has not been adequately decomposed into cohesive, smaller abstractions.']"
net_bytebuddy_description_type_TypeDescription_ForLoadedReturnType.txt,Insufficient Modularization,class,TypeDescription.Generic.LazyProjection.ForLoadedReturnType,0,"['ForLoadedReturnType is small and focused: it has a single private final field (Method method) and three simple responsibilities (resolve the generic return type, provide the erasure, supply an annotation reader).', 'Methods are delegating to other components (Sort.describeOrNull, ForLoadedType.of, AnnotationReader.Delegator.ForLoadedMethodReturnType) rather than embedding unrelated logic, indicating good separation of concerns.', ""No large number of unrelated fields, long methods, or bloated interface signatures are present; the class implements a single cohesive role (a lazy projection for a method's return type)."", 'Although defined inside a very large enclosing type, this inner class itself is well-modularized and does not demonstrate the symptoms of Insufficient Modularization (excessive size or concentrated multiple responsibilities).']"
net_bytebuddy_description_type_TypeDescription_ForTypeVariable.txt,Insufficient Modularization,class,TypeDescription.ForTypeVariable,1,"['The analysed class is extremely large and aggregates many distinct responsibilities instead of being split into cohesive units. The file contains a top-level TypeDescription interface plus a very large hierarchy of nested types (Generic and many nested classes: OfNonGenericType, OfGenericArray, OfWildcardType, OfParameterizedType, OfTypeVariable, LazyProjection, Builder, LazyProxy, ForLoadedType, ArrayProjection, Latent, ForPackageDescription, SuperTypeLoading, and many inner utility and dispatcher types).', 'Numerous independent concerns are mixed together: generic-type representation and visiting (Generic.Visitor and many nested visitor implementations such as Assigner, Validator, Reifying, Substitutor, ForSignatureVisitor), annotation reading and delegation (Generic.AnnotationReader and many Delegator/Chained subclasses like ForLoadedField, ForLoadedMethodReturnType, ForTypeArgument, etc.), loading/caching dispatchers (ForLoadedType.DISPATCHER, JavaDispatcher proxies), class-loading projection logic (SuperTypeLoading and its ClassLoadingTypeProjection/ClassLoadingTypeList), builder functionality for constructing generic types (Generic.Builder and its many nested builder classes), and array/package projections.', 'Examples of excessive decomposition within one class: Generic.Visitor contains many nested enums and classes (Assigner with multiple Dispatcher implementations and nested ParameterAssigner classes), AnnotationReader includes many delegated inner classes and JavaDispatcher proxies, and Of* inner classes each implement specialized behavior for loaded/latent/erasure/reified variants. These are logically separable modules that would be easier to understand, test, and maintain if placed in separate classes/files.', 'The breadth of responsibilities (type description, generic handling, signature generation, annotation reading, caching, proxying, class loading, builder pattern, assignability logic, array projection, record & module handling) indicates that this abstraction was not adequately decomposed and thus has a bloated interface and implementation surface, which is characteristic of Insufficient Modularization.']"
net_bytebuddy_description_type_TypeDescription_LazyInterfaceList.txt,Insufficient Modularization,class,TypeDescription.LazyInterfaceList,1,"[""The source shown is part of a very large, monolithic TypeDescription type that consolidates many distinct responsibilities into a single file/type hierarchy: generic type modelling (TypeDescription.Generic and many nested kinds), signature generation/validation (SignatureVisitor/ForSignatureVisitor), annotation reading (AnnotationReader and many Delegator subclasses), reflection proxies/dispatchers (LazyProxy, JavaDispatcher usage, ForLoadedType.Dispatcher), builders and builders' visitors, array projection, class-loading projections (SuperTypeLoading and ClassLoadingTypeProjection), and many concrete implementations (ForLoadedType, ArrayProjection, Latent, ForPackageDescription, etc.)."", 'This concentration produces excessive size and complexity (dozens of nested classes and hundreds of methods across multiple concerns) and a bloated interface/implementation that mixes high-level abstractions with low-level JVM/reflection/class-loading logic.', 'Many cohesive responsibilities could be separated (e.g., generic-type representation, annotation reading, loaded-type adaptation, class-loading helpers, signature handling and builders) into focused classes/modules. The presence of small utility/dispatcher classes alongside large core logic in the same type indicates inadequate decomposition and thus insufficient modularization.']"
net_bytebuddy_description_type_TypeDescription_OfMethodParameter.txt,Insufficient Modularization,class,TypeDescription.Generic.LazyProjection.OfMethodParameter,0,"The class is small and focused: it stores only three fields (method, index, erasure) and implements a single cohesive responsibility — lazily resolving a method parameter's generic type. Its behavior is limited to resolve(), asErasure(), and getAnnotationReader(), delegating annotation resolution to a specialized AnnotationReader.Delegator. It does not contain unrelated functionality, large conditionals, or a bloated public API, so it does not exhibit insufficient modularization."
net_bytebuddy_description_type_TypeList_Empty.txt,Insufficient Modularization,class,TypeList.Empty,0,"TypeList.Empty is small and cohesive: it implements only three trivial methods (toInternalNames returning NO_INTERFACES, getStackSize returning 0, and asGenericTypes returning new Generic.Empty()). It extends FilterableList.Empty and encapsulates the single responsibility of representing an empty type list. There is no evidence of bloated interface, multiple unrelated responsibilities, or excessive complexity that would indicate insufficient modularization."
net_bytebuddy_description_type_TypeVariableToken.txt,Insufficient Modularization,class,TypeVariableToken,0,"The class is small and cohesive: it encapsulates three final fields (symbol, bounds, annotations) and provides simple constructors, accessors (getSymbol, getBounds, getAnnotations), a static factory (of) that constructs a detached token, an accept(visitor) transformer, and standard equals/hashCode/toString. All methods relate directly to representing and manipulating a type-variable token. There is no evidence of multiple unrelated responsibilities, large methods, or a bloated interface that would warrant further decomposition."
net_bytebuddy_dynamic_ClassFileLocator_ExtractionClassFileTransformer.txt,Insufficient Modularization,class,net.bytebuddy.dynamic.ClassFileLocator.ExtractionClassFileTransformer,0,"[""The ExtractionClassFileTransformer is small and cohesive: it defines a single purpose (capturing a class's binary representation during retransformation), with a simple state (classLoader, typeName, volatile binaryRepresentation and a DO_NOT_TRANSFORM marker), a constructor, a transform(...) method and a getter. It does not contain many unrelated responsibilities, a bloated interface, or excessive complexity; its scope and responsibilities are narrowly focused, so it does not exhibit Insufficient Modularization.""]"
net_bytebuddy_dynamic_ClassFileLocator_Illegal.txt,Insufficient Modularization,class,net.bytebuddy.dynamic.ClassFileLocator,1,"['The ClassFileLocator interface file contains an excessive number of nested concrete types and helpers (Resolution, Resolution.Illegal, Resolution.Explicit, NoOp, MultiReleaseAware, Simple, ForClassLoader (+ WeaklyReferenced), ForModule (+ WeaklyReferenced), ForJarFile, ForModuleFile, ForFolder, ForUrl (+ ClassLoaderCreationAction), ForInstrumentation (+ Dispatcher, ClassLoadingDelegate with Default, ForDelegatingClassLoader, Explicit), ExtractionClassFileTransformer, PackageDiscriminating, Filtering, Compound).', 'These nested types implement many distinct responsibilities: class loader resource lookup, module resource lookup, jar/jmod/zip handling, folder traversal, URL-based class loading, multi-release JAR/version resolution, instrumentation-based extraction, dispatcher/reflection plumbing, and composition/filtering of locators. Concentrating all of these concerns in one type violates separation of concerns and results in a very large, complex abstraction.', 'Several nested classes contain substantial, independent logic (e.g. ForInstrumentation and its Dispatcher/ClassLoadingDelegate hierarchy, ForJarFile multi-release manifest parsing, ForFolder multi-release folder scanning, ExtractionClassFileTransformer), indicating functionality that would be better modularized into separate top-level classes or packages.', 'The interface file also includes I/O, class-loading, reflection, security/privileged-action, and agent/instrumentation-specific code. The variety and volume of unrelated responsibilities and helper implementations justify the classification as insufficiently modularized.']"
net_bytebuddy_dynamic_ClassFileLocator_Initializable.txt,Insufficient Modularization,class,net.bytebuddy.dynamic.ClassFileLocator,1,"['The interface groups a very large number of concrete implementations and nested types that cover many distinct responsibilities: resource lookup via ClassLoader (ForClassLoader, ForUrl, WeaklyReferenced), file-system and archive reading (ForFolder, ForJarFile, ForModuleFile), Java module handling (ForModule, ForModule.WeaklyReferenced, boot layer resolution), instrumentation-based extraction (ForInstrumentation and its ExtractionClassFileTransformer), composition and filtering utilities (Compound, Filtering, PackageDiscriminating), simple in-memory maps (Simple), and multi-release jar semantics (MultiReleaseAware).', ""Many nested classes contain complex, independent logic (e.g. ForInstrumentation uses JavaDispatcher, reflection, and an Instrumentation-based retransformation flow; ForJarFile and ForModuleFile perform Zip/Jar/Manifest scanning; ForFolder handles manifest parsing and multi-release folder discovery). These are distinct concerns (I/O/zip handling, module API, instrumentation, security/privileged actions, class-loading delegation) that increase the single file's size and complexity."", 'Numerous factory methods and helper enums/classes are defined inside the same top-level type (multiple static factory methods across many nested classes, BootLoaderProxyCreationAction, ClassLoaderCreationAction, Dispatcher proxies, ClassLoadingDelegate subtypes), indicating a bloated interface file that would be easier to understand and maintain if decomposed into separate classes or packages.', 'The combined responsibilities reduce cohesion: the top-level type mixes low-level I/O/zip logic, JVM-module and classloader intricacies, and agent/instrumentation behavior instead of delegating these to separate, focused modules. This meets the criteria for insufficient modularization.']"
net_bytebuddy_dynamic_ClassFileLocator_NoOp.txt,Insufficient Modularization,class,net.bytebuddy.dynamic.ClassFileLocator,1,"['The ClassFileLocator interface file contains a very large number of nested implementations and helpers (MultiReleaseAware, Simple, ForClassLoader (+ WeaklyReferenced), ForModule (+ WeaklyReferenced), ForJarFile, ForModuleFile, ForFolder, ForUrl, ForInstrumentation (with Dispatcher, ClassLoadingDelegate and many nested delegates), PackageDiscriminating, Filtering, Compound, etc.), concentrating many responsibilities in one top-level type.', 'These nested types address orthogonal concerns: filesystem and archive I/O (ForFolder, ForJarFile, ForModuleFile), class loader/resource lookup (ForClassLoader, ForUrl), Java module/jmod support (ForModule, ForModuleFile, boot layer logic), multi-release JAR handling (MultiReleaseAware logic), instrumentation and retransformation (ForInstrumentation, ExtractionClassFileTransformer, Dispatcher), and composition/filtering of locators (Compound, Filtering, PackageDiscriminating).', 'There is deep nesting and complex internal logic (reflection, privileged actions, manifest parsing, version detection, dispatcher patterns), which increases class size and coupling and reduces cohesion; many of these concern implementations are better split into separate top-level classes or packages to respect the single-responsibility principle.', 'Multiple static factory methods and platform-specific detection logic are embedded in the same artifact rather than modularized, making the file hard to understand, test, and maintain.']"
net_bytebuddy_dynamic_DynamicType_Initial.txt,Insufficient Modularization,class,net.bytebuddy.dynamic.DynamicType.Initial,1,"The analyzed type (the DynamicType interface and its nested types) is extremely large and contains many distinct responsibilities concentrated in a single top-level abstraction. Evidence: (1) Numerous nested builder interfaces and deep adapter/implementation classes (Builder, Builder.AbstractBase, Builder.Adapter, ModuleDefinitionAdapter, FieldDefinitionAdapter, MethodDefinitionAdapter, RecordComponentDefinitionAdapter, etc.) that encode building, matching and materialization logic. (2) Mixed concerns within the same type: API surface for type construction (defineField/defineMethod/defineProperty/etc.), low-level I/O and packaging (saveIn, toJar, inject, doInject, manifest handling, JarInputStream/ JarOutputStream use), class loading and initialization (load, ClassLoadingStrategy, InjectionClassLoader handling, Loaded/Unloaded implementations), and bytecode/type writing (TypeWriter, AsmVisitorWrapper, AsmClassReader/Writer). (3) Very large public API with many unrelated groups of methods (module definition, inner-type handling, record components, attribute appenders, transformers, matchers, registry management). These indicate a bloated abstraction that bundles many cohesive modules (builder, writer, loader, IO utilities, module descriptor management, adapter factories) into one type, matching the Insufficient Modularization smell."
net_bytebuddy_dynamic_DynamicType_MethodDefinition.txt,Insufficient Modularization,class,DynamicType.MethodDefinition,1,"['The MethodDefinition nested type contains a very large API surface with numerous nested interfaces and many concrete nested classes (ReceiverTypeDefinition, ImplementationDefinition, TypeVariableDefinition, ExceptionDefinition, ParameterDefinition, Initial, Simple, Annotatable, AbstractBase, Adapter, AnnotationAdapter, ParameterAnnotationAdapter, TypeVariableAnnotationAdapter, etc.).', 'Responsibilities are mixed: it handles method declaration semantics (name, return type, modifiers), parameter and parameter-annotation handling, type variable definition, thrown exceptions, implementation selection (intercept/withoutCode/defaultValue), attribute appending, transformation, and materialization into method registry handlers. This violates single-responsibility and concentrates multiple concerns in one type.', 'The Adapter/AbstractBase implementations embed complex materialization logic, method registry wiring, attribute/transformer composition and auxiliary behavior (e.g. interface method optional implementation), indicating multiple roles that could be split into smaller components.', 'The nested type hierarchy and many helper adapters significantly increase size and cognitive complexity, making the unit hard to understand, maintain and evolve (e.g., many small inner classes implementing fine-grained behavior rather than being separate modular classes).', 'Given the volume and diversity of functionality implemented inside MethodDefinition (and its adapters), the code is a candidate for refactoring into multiple cohesive modules/classes (e.g., separate builders, matchers, materializers and attribute/transformer handlers).']"
net_bytebuddy_dynamic_DynamicType_Unloaded.txt,Insufficient Modularization,class,DynamicType.Unloaded,0,"['DynamicType.Unloaded is a small, focused nested interface that adds only a few closely related responsibilities (loading the dynamic type into a ClassLoader and including auxiliary types).', 'It declares only the load(...) overloads and include(...) variants; the surface area is minimal and cohesive (all methods concern turning an unloaded dynamic type into a loaded one or composing auxiliary types).', 'The broader DynamicType abstraction centralizes many other responsibilities in separate nested interfaces/classes (Builder, Loaded, AbstractBase, Default, etc.), so functionality is already decomposed appropriately and Unloaded is not bloated.']"
net_bytebuddy_dynamic_NexusAccessor_Available.txt,Insufficient Modularization,class,NexusAccessor.Available,0,"['The class is small and focused: it holds two Method fields (register, clean) and provides three concise behaviors (isAlive, clean, register) plus a constructor.', 'Its sole responsibility is to act as a reflective dispatcher wrapper invoking Nexus methods; it does not accumulate unrelated responsibilities or a bloated API surface.', 'Methods are simple delegations that handle reflection exceptions and translate them into IllegalStateException; there is no large method logic, extensive branching, or many fields that would indicate poor decomposition.', 'Given its cohesive role and minimal state, there is no evidence that this class should be decomposed further to improve modularity.']"
net_bytebuddy_dynamic_TypeResolutionStrategy.txt,Insufficient Modularization,class,TypeResolutionStrategy,0,"The abstraction is well decomposed: the interface itself is small (one method resolve()) and the nested Resolved interface isolates initialization behavior (injectedInto, initialize). Concrete strategies are separated into distinct nested types (Passive, Lazy, Disabled enums for singletons and Active class with its own Resolved nested class). Each implementation delegates most work (e.g., to ClassLoadingStrategy, LoadedTypeInitializer, NexusAccessor) and methods are short and focused (e.g., Passive.initialize, Lazy.initialize, Active.resolve, Active.Resolved.initialize). There is no single large class concentrating unrelated responsibilities or a bloated public interface—responsibilities are split across the strategy variants—so insufficient modularization is not detected."
net_bytebuddy_dynamic_loading_ClassInjector_UsingReflection.txt,Insufficient Modularization,class,ClassInjector.UsingReflection,1,"['The UsingReflection class is very large and contains many distinct responsibilities beyond a single abstraction: reflective class injection logic, security manager checks, package definition/sealing handling, dispatcher creation and strategy selection, and multiple platform-specific dispatch implementations.', 'It declares numerous static fields and factory-like behaviors (DISPATCHER, SYSTEM, CHECK_PERMISSION) and a complex injectRaw method that performs package resolution, sealing checks and class definition, indicating a mix of concerns (resource resolution, security, and definition).', 'The nested Dispatcher interface includes many nested types (Initializable, CreationAction, Direct with ForJava7CapableVm/ForLegacyVm, UsingUnsafeInjection, UsingUnsafeOverride and Unavailable) each implementing different injection strategies and low-level platform handling. This deep nesting concentrates a lot of platform-specific and fallback logic inside one class rather than separate, cohesive modules.', 'CreationAction.run() and other factory methods contain heavy branching and fallback logic (choosing between Unsafe, Unsafe override, direct reflection), increasing complexity and making the class hard to understand and maintain.', 'Multiple distinct implementation details (reflection access, Unsafe-based injection, injected accessor generation, security permission checks, package definition edge-case handling) suggest these concerns could be decomposed into separate classes/modules (e.g., separate dispatchers/strategies, package-definition helper, security/access-control helper).']"
net_bytebuddy_dynamic_loading_ClassLoadingStrategy_WrappingDispatcher.txt,Insufficient Modularization,class,ClassLoadingStrategy.WrappingDispatcher,0,"['The WrappingDispatcher has a single, well-defined responsibility: configuring and dispatching a wrapping ByteArrayClassLoader. Its fields (protectionDomain, persistenceHandler, packageDefinitionStrategy, classLoaderDecoratorFactory, childFirst, forbidExisting, sealed) are all configuration properties directly related to that responsibility.', 'Behavior is modular and delegated: the load(...) method delegates actual class loading to ByteArrayClassLoader.load(...) or ByteArrayClassLoader.ChildFirst.load(...), avoiding mixed responsibilities or inlined complex logic.', 'Configuration methods (with(...), allowExistingTypes(), opened()) follow a clear immutable/builder-like pattern that returns new WrappingDispatcher instances with a single changed concern, indicating cohesive decomposition of configuration concerns.', 'Related alternative strategies and injection mechanics are defined in separate nested dispatchers (InjectionDispatcher) or other classes (UsingLookup, ForUnsafeInjection, etc.), so WrappingDispatcher does not accumulate unrelated functionality from other strategies.']"
net_bytebuddy_dynamic_loading_InjectionClassLoader.txt,Insufficient Modularization,class,InjectionClassLoader,0,"The class is cohesive and focused on a single abstraction: enabling runtime injection of classes. Its responsibilities are limited and separated: it manages a sealed state (private AtomicBoolean sealed, isSealed(), seal()), exposes safe public APIs for defining classes (defineClass, defineClasses) while delegating the actual loading to an abstract doDefineClasses(Map) for subclass-specific behavior, and contains a nested Strategy enum that performs straightforward mapping logic and delegates to defineClasses. The static initialization and private doRegisterAsParallelCapable() are small, self-contained implementation details related to class loader behavior. There are no large, unrelated methods or multiple distinct responsibilities that would indicate a need to split the class into smaller abstractions."
net_bytebuddy_dynamic_loading_ModuleLayerFromSingleClassLoaderDecorator_ModuleDescriptor.txt,Insufficient Modularization,class,net.bytebuddy.dynamic.loading.ModuleLayerFromSingleClassLoaderDecorator,1,"The class concentrates many distinct responsibilities and large unrelated implementation details: (1) module-layer orchestration (fields moduleLayer, name, packages; methods apply, isSkipped; Factory.INSTANCE.make), (2) numerous JavaDispatcher proxy interfaces for JVM module APIs (ModuleDescriptor, ModuleLayer, ModuleLayerController, Configuration, ModuleFinder, Path, Optional, Stream), (3) dynamic type generation and class loader creation (SimpleModuleReference and SimpleModuleFinder CreationAction enums with heavy ByteBuddy code), and (4) resource/reader and finder implementations (nested AbstractModuleReader and AbstractModuleFinder). This results in high size and complexity, mixing module-creation logic, proxy definitions, dynamic bytecode generation, privileged actions and I/O handling in one class, indicating inadequate decomposition and multiple responsibilities that should be split into smaller, cohesive classes or modules."
net_bytebuddy_dynamic_loading_PackageDefinitionStrategy.txt,Insufficient Modularization,class,PackageDefinitionStrategy,1,"['The interface aggregates many distinct responsibilities and implementations in one type: top-level strategy (PackageDefinitionStrategy), multiple strategy singletons (NoOp, Trivial), the Definition abstraction with several nested variants (Undefined, Trivial, Simple) and a feature-rich ManifestReading implementation with its own SealBaseLocator hierarchy (NonSealing, ForFixedValue, ForTypeResourceUrl).', 'ManifestReading.define(...) contains complex logic for reading and merging manifest attributes and deciding sealing, coupling manifest parsing with package definition creation instead of delegating to separate parser/mapper classes.', ""SealBaseLocator.ForTypeResourceUrl.findSealBase(...) encapsulates protocol-specific resource resolution (handling 'jar', 'file', 'jrt'), URI/URL manipulation and fallback behavior, representing a separate concern that inflates the containing class."", 'Definition.Simple packs data representation, compatibility logic (isCompatibleTo), and equals/hashCode implementations, making the nested type large and multi-faceted.', 'These clustered responsibilities (strategy orchestration, manifest parsing, seal base location, data representation and equality logic) increase class size and complexity and would be more maintainable, testable and understandable if decomposed into smaller cohesive classes/modules.']"
net_bytebuddy_dynamic_scaffold_FieldRegistry_Compiled.txt,Insufficient Modularization,class,FieldRegistry.Compiled,0,"FieldRegistry.Compiled is a small, focused abstraction: it defines a single responsibility (the target(FieldDescription) contract) and contains a single trivial NoOp implementation (enum INSTANCE) that returns a Record.ForImplicitField. The substantial logic and state are implemented in separate classes (FieldRegistry.Default and FieldRegistry.Default.Compiled and their nested Entry classes), which handle entry storage, matching and binding. There are no large methods, many fields, or mixed responsibilities within FieldRegistry.Compiled itself, so it does not exhibit insufficient modularization."
net_bytebuddy_dynamic_scaffold_FieldRegistry_Default.txt,Insufficient Modularization,class,FieldRegistry.Default,0,"The class is focused on a single responsibility: managing a registry of field definitions and preparing (compiling) them for an instrumented type. Its API surface is small (constructors, prepend, compile) and state is minimal (a final List<Entry>). Related but distinct concerns are separated into nested types: Entry (latent matcher + metadata) and Compiled (compiled entries with its own Entry type), which encapsulate the compile-time vs. configuration-time behavior. Methods are small and delegate to factories/transformers rather than entangling logic. Use of immutable fields and small helper classes indicates adequate decomposition rather than a bloated, monolithic class."
net_bytebuddy_dynamic_scaffold_MethodGraph_Node.txt,Insufficient Modularization,class,net.bytebuddy.dynamic.scaffold.MethodGraph.Node,0,"The MethodGraph.Node abstraction is small and cohesive: its public API consists of four focused methods (getSort, getRepresentative, getMethodTypes, getVisibility). Its nested types (Sort enum, Unresolved singleton, Simple implementation) are concise and directly related to the Node abstraction, providing canonical state and simple implementations. There is no evidence of a bloated interface or many unrelated responsibilities within this class; the larger complexity in the file is confined to other nested types (Compiler, Default, Key, Store, etc.), not to MethodGraph.Node itself."
net_bytebuddy_dynamic_scaffold_MethodGraph_NodeList.txt,Insufficient Modularization,class,net.bytebuddy.dynamic.scaffold.MethodGraph.NodeList,0,"['NodeList is small and focused: it encapsulates a single List<? extends Node> and exposes minimal list operations (get, size) plus a wrap method and asMethodList conversion.', 'The class has a single responsibility (representing and adapting a list of MethodGraph.Node instances) and does not contain unrelated functionality such as graph compilation, merging, or visibility logic found elsewhere in the enclosing type.', 'There are no signs of excessive fields, complex branching, or a bloated interface: only one private field and four simple methods, indicating good cohesion and modularity.', 'NodeList leverages FilterableList.AbstractBase for list behavior, showing appropriate decomposition rather than consolidating additional behavior into this class.']"
net_bytebuddy_dynamic_scaffold_TypeInitializer.txt,Insufficient Modularization,class,TypeInitializer,0,"The TypeInitializer abstraction is small and cohesive: it defines a concise interface (isDefined, expandWith, wrap) and extends ByteCodeAppender to represent a type's static initializer. Related helper types are nested and focused: Drain (with Default implementation) encapsulates writing the initializer to a ClassVisitor; None is a singleton no-op implementation; Simple wraps a ByteCodeAppender and delegates apply/expandWith/wrap behavior. Responsibilities are closely related to the single concept of a type initializer, implementations delegate to ByteCodeAppender or method pool components, and there is no evidence of excessive size, unrelated functionality, or a bloated interface that would justify decomposing this abstraction further."
net_bytebuddy_dynamic_scaffold_TypeWriter_BridgeTarget.txt,Insufficient Modularization,class,net.bytebuddy.dynamic.scaffold.TypeWriter.Default,1,"The TypeWriter.Default implementation is extremely large and combines many distinct responsibilities that should be separated: it contains/defines field and method pool APIs (FieldPool, MethodPool, RecordComponentPool) plus many nested Record/Record.Record implementations; class/file dumping (ClassDumpAction and Dispatcher); validation (ValidatingClassVisitor and its Constraint hierarchy); creation, inlining, redefinition and decoration flows (ForCreation, ForInlining, WithFullProcessing, WithDecorationOnly) with numerous visitor classes (CreationClassVisitor, RedefinitionClassVisitor, DecorationClassVisitor, DeduplicatingClassVisitor, CodePreservingMethodVisitor, AttributeObtaining* visitors); implementation/context management (ContextRegistry, ImplementationContextClassVisitor, ImplementationContext.ExtractableView handling, InitializationHandler and many Appending/WithDrain/WithoutDrain variants); frame writing logic (FrameWriter and its implementations); and module patching (PatchingModuleVisitor). Constructors and factory methods accept very large parameter lists and the class exposes many internal concerns (type initialization, auxiliary types, annotation retention, ASM reader/writer flags, type pool, class file version, etc.). This concentration of responsibilities, many nested classes, and varied concerns (validation, bytecode writing, redefinition logic, dumping, frame management, module handling) indicate the abstraction was not adequately decomposed and would benefit from refactoring into smaller, cohesive components."
net_bytebuddy_dynamic_scaffold_TypeWriter_Default.txt,Insufficient Modularization,class,net.bytebuddy.dynamic.scaffold.TypeWriter.Default,1,"['Extremely large class with many nested types and responsibilities: contains numerous inner classes and interfaces such as UnresolvedType, SignatureKey, ValidatingClassVisitor (and its Constraint hierarchy), ForInlining (with many nested visitors like RedefinitionClassVisitor, CodePreservingMethodVisitor, AttributeObtainingMethodVisitor), ForCreation (CreationClassVisitor), WithDecorationOnly (DecorationClassVisitor), ClassDumpAction (and Dispatcher/Enabled), InitializationHandler (with many subtypes), ContextRegistry, FrameWriter implementations, PatchingModuleVisitor, DeduplicatingClassVisitor, AttributeObtainingFieldVisitor, AttributeObtainingRecordComponentVisitor, etc.', 'Multiple distinct responsibilities concentrated in one abstraction: writing/creating/redefining/rebasing/decorating types, class file dumping, validation, method/field/record-component pool handling, implementation context management, frame writing, module patching and auxiliary type management are all implemented inside this single class and its inner types.', 'Numerous factory/static constructors for different use cases (forCreation, forRedefinition, forRebasing, forDecoration) and very large constructors with many parameters indicate the class is acting as a composition of several distinct workflows rather than a cohesive single responsibility.', 'High internal complexity and coupling: heavy use of large switch/decision logic across nested visitors (e.g., RedefinitionClassVisitor and CreationClassVisitor) and tight coupling between visitor logic, initialization handling and pools make the class hard to understand, test and evolve independently.', 'Many opportunities for modularization are visible: large inner visitors and handler implementations are logically separable (validators, dumpers, inlining/redefinition visitors, module patcher, frame writers, initialization handlers) and could be extracted into smaller, focused top-level classes or packages to improve cohesion and maintainability.']"
net_bytebuddy_dynamic_scaffold_TypeWriter_ForImplicitRecordComponent.txt,Insufficient Modularization,class,TypeWriter.ForImplicitRecordComponent,1,"The analyzed source is a single top-level TypeWriter interface that contains a very large number of deeply nested interfaces and classes (FieldPool, MethodPool, RecordComponentPool, Default and many numerous nested implementations such as Default.ForInlining, Default.ForInlining.WithFullProcessing, RedefinitionClassVisitor, ValidatingClassVisitor, ClassDumpAction, etc.). Responsibilities span many concerns: field/method/record-component pool semantics, class validation, class file dumping, inlining/rebasing/redefinition logic, ASM visitor wiring, frame writing, module patching and auxiliary type management. The presence of extremely large classes and methods (e.g. Default and its nested ForInlining/WithFullProcessing and RedefinitionClassVisitor with many inner visitors and handlers) indicates a bloated abstraction that mixes multiple responsibilities and implementation details. The specific small class ForImplicitRecordComponent is embedded within this huge monolithic type rather than being placed in a more focused component, increasing coupling and reducing cohesion. These factors show the abstraction has not been adequately decomposed and therefore exhibits Insufficient Modularization."
net_bytebuddy_dynamic_scaffold_TypeWriter_ForInterface.txt,Insufficient Modularization,class,TypeWriter.ForInterface,1,"['The provided TypeWriter implementation is extremely large and accumulates many unrelated responsibilities in one compilation unit: type writing, validation, inlining, creation, rebasing/redefinition, decoration, class dumping, module patching and initialization handling (see nested classes Default, ForInlining, ForCreation, WithFullProcessing, WithDecorationOnly, ClassDumpAction, PatchingModuleVisitor, InitializationHandler, etc.).', 'Numerous distinct subsystems are implemented as nested types instead of separate modules/classes: pools and their records (FieldPool, MethodPool, RecordComponentPool and many Record implementations), validation (ValidatingClassVisitor and Constraint hierarchy), frame writing (FrameWriter and variants), remapping and visitors (OpenClassRemapper, RedefinitionClassVisitor, DecorationClassVisitor, CreationClassVisitor), and code-preserving/redefining method visitors. This indicates concentrated, mixed responsibilities.', 'Large cohesive blocks belonging to different concerns are intermingled: Default contains many fields and factory methods; ForInlining.WithFullProcessing holds complex logic for method reprocessing and contains many nested helper classes (e.g. RedefinitionClassVisitor, CodePreservingMethodVisitor, AttributeObtaining* visitors). This makes comprehension, testing and maintenance harder.', ""Many deeply nested and specialized inner classes (several dozen) suggest the class was not decomposed into smaller, focused classes or packages. Examples: MethodPool.Record's multiple inner classes (WithBody, WithoutBody, WithAnnotationDefaultValue, OfVisibilityBridge, AccessBridgeWrapper and their inner helper classes), and InitializationHandler's multiple Appending/WithDrain/WithoutDrain variants."", 'The file mixes high-level orchestration (factory methods for different writer strategies: forCreation/forRedefinition/forRebasing/forDecoration) with low-level bytecode/ASM manipulation details (visitMethod/visitField logic, frame emission, reader/writer flags). This cross-cutting of abstraction levels is characteristic of insufficient modularization.']"
net_bytebuddy_dynamic_scaffold_TypeWriter_MethodPool.txt,Insufficient Modularization,class,net.bytebuddy.dynamic.scaffold.TypeWriter.MethodPool,1,"['The MethodPool abstraction (and specifically its nested Record hierarchy) combines a large number of distinct responsibilities in a single interface/type: method sort semantics (Sort enum), representation of non-implemented/defined/implemented methods, byte-code appending, attribute/appender handling, bridge generation and accessor bridge wrapping.', 'There are many large, concrete nested classes inside MethodPool.Record: ForNonImplementedMethod; ForDefinedMethod (with nested WithBody, WithoutBody, WithAnnotationDefaultValue, OfVisibilityBridge and VisibilityBridge); AccessBridgeWrapper (with AccessorBridge and BridgeTarget). Each of these contains substantial logic (creating MethodVisitor/ClassVisitor calls, generating byte code via ByteCodeAppender, handling visibility/bridges, applying MethodAttributeAppender, annotation filtering, etc.).', 'The record implementations reach into low-level bytecode concerns and ASM APIs (ClassVisitor, MethodVisitor, AnnotationVisitor, ByteCodeAppender.Size, MethodInvocation, MethodVariableAccess, MethodReturn, TypeCasting, etc.), mixing high-level method-pool policy with low-level code emission and bridge-creation mechanics.', 'This concentration of many behaviors and concrete implementations inside a single nested hierarchy results in a bloated, complex component that is hard to understand and maintain; the different responsibilities (policy/sorts, code generation, attribute handling, bridge generation, wrapping/delegation) are natural candidates to be split into separate, focused types.', 'Therefore the class exhibits Insufficient Modularization: it is not adequately decomposed and centralizes too much functionality in one place.']"
net_bytebuddy_dynamic_scaffold_TypeWriter_WithDrain.txt,Insufficient Modularization,class,TypeWriter.WithDrain,1,"The analyzed class (the WithDrain inner class and its surrounding nested hierarchy within TypeWriter.Default) centralizes multiple, distinct responsibilities and is highly complex and tightly coupled to many concerns. Evidence: it defines its own control-flow labels (fields appended and original), manages ASM visitor lifecycle methods (visitCode, visitInsn, visitEnd, visitMaxs), computes and records stack/local sizes, coordinates frame writing via FrameWriter, applies method pool records and annotation filters (MethodPool.Record, AnnotationValueFilter.Factory), and contains multiple specialized nested subclasses (WithoutActiveRecord, WithActiveRecord) that duplicate and vary behavior. Moreover, it is embedded in a very large enclosing class that also implements many unrelated responsibilities (class creation, inlining, redefinition, validation, dumping, many visitor implementations). The combination of low-level bytecode manipulation, frame emission, initialization draining logic, and attribute/record handling in a single nested type indicates that the abstraction has not been decomposed into cohesive, smaller modules, making it hard to understand, test, and maintain."
net_bytebuddy_dynamic_scaffold_inline_MethodRebaseResolver.txt,Insufficient Modularization,class,MethodRebaseResolver,1,"['The interface file contains many distinct responsibilities packed together: the public API (MethodRebaseResolver), multiple Resolution variants (Preserved, ForRebasedMethod, ForRebasedConstructor), nested types describing rebased methods/constructors (RebasedMethod, RebasedConstructor) and a full Default implementation with construction logic.', 'Default.make(...) performs complex construction logic (placeholder auxiliary type creation, iterating declared methods, distinguishing constructors vs. methods, building resolutions and auxiliary types) which is more than a simple resolver behavior and mixes factory logic, bookkeeping, and type generation.', 'Nested RebasedMethod and RebasedConstructor implement method-description transformation logic (return types, parameters, modifiers, internal names) which represent separate concerns that could be extracted to dedicated classes to reduce the size and coupling of the interface file.', 'The large number of nested classes and responsibilities concentrated in one unit increases complexity, coupling and maintenance burden (mapping resolutions, auxiliary type lifecycle, signature transformation and token-map conversion), indicating insufficient decomposition into smaller, cohesive modules.']"
net_bytebuddy_dynamic_scaffold_inline_MethodRebaseResolver_Default.txt,Insufficient Modularization,class,MethodRebaseResolver.Default,0,"Default is small and cohesive: it holds two related fields (resolutions, dynamicTypes), a protected constructor, a factory method make(...) that assembles the resolver, and three simple instance methods (resolve, getAuxiliaryTypes, asTokenMap). The class has a single clear responsibility (managing method rebase resolutions and associated auxiliary types) and delegates representation/details of rebased methods to the nested Resolution classes (ForRebasedMethod, ForRebasedConstructor, Preserved). There is no evidence of excessive size, sprawling responsibilities, or a bloated interface within Default (no large number of unrelated methods or fields), so it does not exhibit Insufficient Modularization."
net_bytebuddy_implementation_FieldAccessor_Prepared.txt,Insufficient Modularization,class,FieldAccessor.Prepared,0,"['The Prepared abstraction (FieldLocation.Prepared) is a small, focused interface with a single method: resolve(MethodDescription) — indicating a single responsibility.', 'Concrete implementations are concise and cohesive: FieldLocation.Absolute implements Prepared to return a fixed FieldDescription with access validation; FieldLocation.Relative.Prepared implements Prepared to iterate extractors and use a FieldLocator to resolve a field.', 'There is no bloated interface or excessive number of unrelated methods on Prepared, nor are large, unrelated responsibilities concentrated in this class; behavior is decomposed across well-scoped nested types.', 'Given the minimal size, clear separation of concerns, and targeted responsibilities, this class does not exhibit insufficient modularization.']"
net_bytebuddy_implementation_FieldAccessor_PropertyConfigurable.txt,Insufficient Modularization,class,FieldAccessor.PropertyConfigurable,1,"['The PropertyConfigurable interface exposes a large, bloated API with many distinct responsibilities: methods for selecting a parameter index (setsArgumentAt), setting default values (setsDefaultValue), multiple overloads for setting literal/constant/class values (setsValue(Object), setsValue(TypeDescription), setsValue(ConstantValue), setsValue(JavaConstant), setsValue(StackManipulation,...)), reference-based setters (setsReference(...)), and multiple ways to set from other fields (setsFieldValueOf(Field), setsFieldValueOf(FieldDescription), setsFieldValueOf(String), setsFieldValueOf(FieldNameExtractor)).', 'This grouping mixes concerns (value provision, constant vs. reference handling, different type representations, and different field-location strategies) that could be split into smaller, focused interfaces (e.g. ValueSetter, ReferenceSetter, FieldSourceConfigurer), reducing the surface area and improving cohesion.', 'The enclosing FieldAccessor class further centralizes many related but separate responsibilities (FieldLocation/Prepared, FieldNameExtractor variants, ForImplicitProperty, ForSetter and many ForSetter.* subclasses and Appender implementations), indicating a single large abstraction that handles field-location, naming, bytecode appending, and many setter strategies instead of being decomposed into modular components.', 'Specific API size and variety (≈20 distinct configuration methods and many nested implementation classes) justify flagging Insufficient Modularization because the abstraction is large, hard to maintain, and concentrates multiple responsibilities that could be decomposed.']"
net_bytebuddy_implementation_Implementation_Factory.txt,Insufficient Modularization,class,Implementation,1,"['The Implementation interface contains an extremely large set of nested types and responsibilities rather than a focused abstraction: Target (and Target.Factory, Target.AbstractBase, DefaultMethodInvocation), Context (and Context.Factory, Context.ExtractableView, Disabled, Default, many Default inner classes like CacheValueField, FieldCacheEntry, AccessorMethod, FieldGetter, FieldSetter, DelegationRecord and its subclasses), compound composition (Compound, Compound.Composable) and Simple implementations (Simple, Dispatcher, ForDispatcher, Appender).', 'These nested types implement many separate concerns: byte-code appending, special method invocation logic, target creation, default-method resolution, context lifecycle and frame generation, auxiliary type registration, static value caching, accessor/getter/setter generation and method-pool record creation. This concentration of unrelated responsibilities reduces cohesion and indicates a bloated, monolithic abstraction.', 'The file defines many concrete helper classes and factories (e.g. Default implementation context with caching maps, accessor naming strategies, FieldCacheEntry logic) that could be separated into their own classes/modules. The presence of multiple factories, enums, and complex inner implementations inside a single top-level interface is a sign that the abstraction has not been decomposed sufficiently.']"
net_bytebuddy_implementation_Implementation_FrameGeneration.txt,Insufficient Modularization,class,Implementation.Context.FrameGeneration,0,"The enum is cohesive and focused on a single responsibility: generating and writing stack map frames. It defines three closely related strategies (GENERATE, EXPAND, DISABLED) that each implement the abstract generate(...) behavior and exposes related convenience methods (same, same1, append, chop, full). The auxiliary static helpers (toStackMapFrames, toStackMapFrame) and the EMPTY/active fields are directly tied to frame generation logic. There are no unrelated responsibilities (no field caching, accessor or auxiliary-type management) mixed into this type, and its size and complexity are appropriate for the functionality it provides."
net_bytebuddy_implementation_InvokeDynamic_ForClassConstant.txt,Insufficient Modularization,class,net.bytebuddy.implementation.InvokeDynamic,1,"['The class is very large and contains many distinct responsibilities: constructing a user-facing DSL (numerous withXValue/withArgument/withField/withType methods), providing argument/target/name/return-type provider abstractions (InvocationProvider, NameProvider, ReturnTypeProvider), many concrete ArgumentProvider implementations for distinct constant types (ForBooleanConstant, ForIntegerConstant, ForStringConstant, ForClassConstant, ForEnumerationValue, ForInstance, ForField, etc.), delegation/bridging logic (AbstractDelegator and nested WithImplicit* classes), and the bytecode generation (Appender).', 'There is dense nesting of many inner classes and enums (InvocationProvider, InvocationProvider.ArgumentProvider with many concrete implementations, InvocationProvider.Target and Resolved, NameProvider, ReturnTypeProvider, TerminationHandler, AbstractDelegator, WithImplicitArguments, WithImplicitTarget, WithImplicitType and its nested OfInstance/OfArgument/OfField, Appender). This indicates concentration of multiple abstractions in a single top-level class rather than separate modular components.', 'Repeated patterns and large switch-like branching across many tiny argument types (e.g. withBooleanValue/withByteValue/.../withDoubleValue, ConstantPoolWrapper enum mapping many wrapper types to providers) suggest opportunities to factor out separate builder/factory classes and to move constant-handling implementations out of the core class to reduce size and complexity.', 'Mixing high-level DSL/API surface (bootstrap/lambda/... builder methods) with low-level responsibilities (instrumented type preparation, field creation via ForInstance.prepare, and bytecode emission in Appender.apply) violates separation of concerns and makes the class hard to understand and maintain. For example, Appender directly depends on many nested provider implementations and on assigner/typing logic.', 'Because the class bundles many mutually independent variations (name/return-type providers, argument providers, target resolution and appending) it would benefit from decomposition into separate classes/modules (e.g., dedicated argument-provider hierarchy, a builder DSL class, and a bytecode-emission class) to improve cohesion and maintainability.']"
net_bytebuddy_implementation_InvokeDynamic_ForIntegerConstant.txt,Insufficient Modularization,class,net.bytebuddy.implementation.InvokeDynamic,1,"The InvokeDynamic class is very large and combines many distinct responsibilities that should be modularized: it defines the high-level DSL and factory methods (bootstrap, lambda, many withXxx methods), bytecode emission (inner Appender), invocation-target resolution (InvocationProvider and InvocationProvider.Default.Target), argument provisioning (InvocationProvider.ArgumentProvider and a large family of implementations: ForInterceptedMethodInstanceAndParameters, ForInterceptedMethodParameters, ConstantPoolWrapper and its WrappingArgumentProvider, ForThisInstance, ForInstance, ForField and WithExplicitType, ForMethodParameter and WithExplicitType, ForBooleanConstant, ForByteConstant, ForShortConstant, ForCharacterConstant, ForIntegerConstant, ForLongConstant, ForFloatConstant, ForDoubleConstant, ForStringConstant, ForClassConstant, ForEnumerationValue, ForNullValue, ForJavaConstant), name/return-type providers (NameProvider, ReturnTypeProvider), termination handling (TerminationHandler), and multiple configuration/delegation variants (AbstractDelegator, WithImplicitArguments, WithImplicitTarget, WithImplicitType and its OfInstance/OfArgument/OfField). This concentration of responsibilities, many nested types, and repeated patterns (numerous withXxx builders and constant-handling classes) indicate the class has not been adequately decomposed and would be easier to understand, test, and maintain if split into smaller, cohesive classes (e.g., separate argument-provider classes, invocation provider implementations, and bytecode appender)."
net_bytebuddy_implementation_InvokeDynamic_ForInterceptedMethodParameters.txt,Insufficient Modularization,class,InvokeDynamic.ForInterceptedMethodParameters,0,"['The analyzed class is a very small, focused enum singleton (INSTANCE) implementing ArgumentProvider with only two trivial methods: resolve(...) and prepare(...).', 'resolve(...) has a single clear responsibility: load all method arguments (MethodVariableAccess.allArgumentsOf(instrumentedMethod)) and provide their erased types (instrumentedMethod.getParameters().asTypeList().asErasures()).', 'prepare(...) is a no-op that returns the instrumented type, indicating minimal preparatory concern.', 'There are no extra fields, no large methods, and no unrelated responsibilities concentrated in this class. Its interface is minimal and cohesive, so it does not exhibit excessive size, complexity, or a bloated interface indicative of insufficient modularization.']"
net_bytebuddy_implementation_LoadedTypeInitializer_Compound.txt,Insufficient Modularization,class,LoadedTypeInitializer.Compound,0,"The Compound class has a single, well-defined responsibility: to aggregate and invoke multiple LoadedTypeInitializer instances. It contains one primary field (loadedTypeInitializers), two constructors that normalize/flatten inputs and filter NoOp/Compound entries, and two simple behavior methods (onLoad iterates and delegates; isAlive checks any delegate isAlive). The class is small, cohesive, and uses composition rather than combining unrelated responsibilities, so it does not exhibit insufficient modularization."
net_bytebuddy_implementation_MethodAccessorFactory.txt,Insufficient Modularization,class,MethodAccessorFactory,0,"The interface is small and cohesive: it declares exactly three related factory methods (registerAccessorFor, registerGetterFor, registerSetterFor) all concerned with creating accessor methods. Related concerns are encapsulated as nested types (AccessType for visibility and Illegal as a sentinel implementation), avoiding scattering of unrelated responsibilities. There is no large monolithic class body, no long method implementations, and no unrelated APIs combined in this type. Therefore it does not exhibit insufficient modularization."
net_bytebuddy_implementation_MethodCall_ForConstructingInvocation.txt,Insufficient Modularization,class,MethodCall.ForConstructingInvocation,0,"The class is small and cohesive: it has a single field (instrumentedType) and three focused methods (resolve, getTypeDescription, toStackManipulation) that all relate to invoking a constructor by creating a new instance (uses TypeCreation.of(...) and Duplication.SINGLE). Its nested Factory enum only provides trivial creation/prepare logic. There are no unrelated responsibilities, no large/bloated interface, and minimal state, so it does not exhibit insufficient modularization."
net_bytebuddy_implementation_MethodCall_OfInvokedMethod.txt,Insufficient Modularization,class,MethodCall.OfInvokedMethod,0,"[""The analyzed nested class is small and focused: it only stores a single int field (index), validates inputs in resolve(...), and produces a list of ForMethodParameterArrayElement instances corresponding to the invoked method's parameters."", 'It implements two narrowly-scoped interfaces (ArgumentLoader.Factory and ArgumentProvider) and its methods each fulfill a single, cohesive responsibility (prepare returns the unmodified instrumented type, make returns this, resolve performs validation and constructs argument loaders).', 'There is no evidence of multiple, unrelated responsibilities, excessive size, or a bloated interface in this class: no large methods, no many fields, and no cross-cutting concerns handled here — complexity is delegated to ForMethodParameterArrayElement and other surrounding types.', 'Because the class is cohesive, small, and has a single clear reason to change, it does not exhibit Insufficient Modularization.']"
net_bytebuddy_implementation_MethodDelegation_ForStaticMethod.txt,Insufficient Modularization,class,MethodDelegation.ForStaticMethod,0,"MethodDelegation.ForStaticMethod is small and focused: it has a single responsibility (precompiling static method delegation records). It contains one field (records), a constructor, a static factory method (of), and two simple lifecycle methods (prepare and compile) that delegate to a compiled representation. There is no sign of a bloated interface, mixed responsibilities, or excessive size/complexity in this class; its behavior is cohesive and well-encapsulated, so it does not exhibit insufficient modularization."
net_bytebuddy_implementation_ToStringMethod_ForFixedValue.txt,Insufficient Modularization,class,ToStringMethod.ForFixedValue,0,"The analyzed class (net.bytebuddy.implementation.ToStringMethod.ForFixedValue) is small and single-responsibility: it has one private final field 'prefix', a protected constructor, and a single method 'resolve' that returns that prefix. It only implements the PrefixResolver interface behavior for a fixed value and is annotated for generated equals/hashCode. There is no large interface, no bloated public API, and no concentration of multiple unrelated responsibilities within this class. Any larger behavior lives in the enclosing ToStringMethod, so the nested ForFixedValue remains cohesive and appropriately modular."
net_bytebuddy_implementation_attribute_AnnotationAppender_OnField.txt,Insufficient Modularization,class,AnnotationAppender.OnField,0,"The class is a small, focused wrapper around an ASM FieldVisitor: it has a single private final field (fieldVisitor), a single constructor, and two simple visit methods that delegate to fieldVisitor.visitAnnotation and fieldVisitor.visitTypeAnnotation. It concentrates a single responsibility (writing annotations to a field) and exhibits low complexity and a minimal interface, so there is no evidence of excessive size, complexity, or combined responsibilities indicative of insufficient modularization."
net_bytebuddy_implementation_attribute_AnnotationValueFilter.txt,Insufficient Modularization,class,AnnotationValueFilter,0,"The class is a small, focused interface with a single core responsibility: deciding whether an annotation value is relevant (isRelevant). Its API surface is minimal (one primary method) and it defines a nested Factory for creating filters per target (TypeDescription, FieldDescription, MethodDescription, RecordComponentDescription), which is a cohesive responsibility. The Default enum provides two concise, well-separated strategies (SKIP_DEFAULTS and APPEND_DEFAULTS) with trivial implementations. There are no large methods, no mixed responsibilities, and nested types are appropriate for the role, so the code does not demonstrate excessive size, complexity, or a bloated interface indicative of Insufficient Modularization."
net_bytebuddy_implementation_attribute_MethodAttributeAppender_Explicit.txt,Insufficient Modularization,class,MethodAttributeAppender.Explicit,0,"The Explicit class is small and cohesive, with a single clear responsibility: appending a provided list of annotations to a method or a method parameter. It contains only two state fields (target, annotations), narrow constructors, a few factory helpers (of, ofMethodAnnotations, ofParameterAnnotations) and one apply(...) method that delegates to AnnotationAppender. Its nested Target interface and its implementations (OnMethod, OnMethodParameter) are directly related to that responsibility. There is no evidence of unrelated functionality, a bloated interface, or excessive complexity that would indicate insufficient modularization."
net_bytebuddy_implementation_attribute_MethodAttributeAppender_ForInstrumentedMethod.txt,Insufficient Modularization,class,MethodAttributeAppender.ForInstrumentedMethod,0,"The enum has a single clear responsibility: append annotations for an instrumented method. Its apply(...) method coordinates steps (return type, type variables, method annotations, parameter annotations, receiver, exceptions) but delegates type-specific work to AnnotationAppender.ForTypeAnnotations and uses small, focused helpers (per-parameter appenders, appendReceiver hook). The two enum constants only vary the receiver handling via a small overridden method. Related responsibilities are already separated into nested classes (Explicit, ForReceiverType, Compound) and external helpers, so the class is cohesive and not excessively bloated."
net_bytebuddy_implementation_attribute_MethodAttributeAppender_OnMethodParameter.txt,Insufficient Modularization,class,MethodAttributeAppender.OnMethodParameter,0,"['The analyzed class (OnMethodParameter) is small and focused: it has a single private final field (parameterIndex), a constructor, and a single make(...) method that validates the index and returns an AnnotationAppender.Target.OnMethodParameter.', 'The class has a single responsibility (representing a target for a specific method parameter) and does not combine unrelated responsibilities or a bloated API.', 'It is a nested helper type used only as a target within Explicit.Target, indicating appropriate decomposition and encapsulation rather than a monolithic class.', 'There is no excessive size, complex control flow, or large interface surface in this class that would indicate insufficient modularization.']"
net_bytebuddy_implementation_auxiliary_TypeProxy_AccessorMethodInvocation.txt,Insufficient Modularization,class,net.bytebuddy.implementation.auxiliary.TypeProxy,1,"The TypeProxy class combines many distinct responsibilities and contains a large number of nested types and specialized implementations, indicating insufficient decomposition. Evidence: (1) Multiple responsibilities: top-level proxy configuration (fields proxiedType, implementationTarget, invocationFactory, ignoreFinalizer, serializableProxy) and public factory method make(...) for creating auxiliary types. (2) Numerous nested enums/classes each implementing complex behavior: AbstractMethodErrorThrow, SilentConstruction (with its inner Appender containing many bytecode constants and instructions), InvocationFactory (with Default enum), ForSuperMethodByConstructor, ForSuperMethodByReflectionFactory, ForDefaultMethod, and MethodCall (with its Appender and AccessorMethodInvocation). (3) Heavy, unrelated implementation details are mixed in the same class: bytecode generation and ASM MethodVisitor logic, reflection-factory based construction, constructor-based proxy creation, default method handling, and method accessor registration/invocation. (4) Large, specialized inner classes (e.g. SilentConstruction.Appender) introduce many constants and low-level bytecode sequences, increasing class complexity. Together these indicate a bloated abstraction that would be clearer and easier to maintain if split into smaller, cohesive classes (e.g., separate builders/factories for construction strategies, separate bytecode appenders, and a distinct InvocationFactory implementation set)."
net_bytebuddy_implementation_auxiliary_TypeProxy_ForSuperMethodByConstructor.txt,Insufficient Modularization,class,net.bytebuddy.implementation.auxiliary.TypeProxy.ForSuperMethodByConstructor,0,"The class is small and focused: it has only five instance fields, a constructor, and a single apply(MethodVisitor, Implementation.Context) method. Its sole responsibility is creating and initializing a proxy instance by invoking a chosen constructor and writing the proxy into a field. Complex behavior is delegated to other types (TypeProxy, DefaultValue, MethodInvocation, Implementation.Context), and there is no evidence of multiple unrelated responsibilities, a bloated interface, or excessive size/complexity that would indicate insufficient modularization."
net_bytebuddy_implementation_auxiliary_TypeProxy_MethodCall.txt,Insufficient Modularization,class,TypeProxy.MethodCall,0,"['MethodCall has a focused responsibility: implementing an Invocation implementation for proxy method calls (prepare and producing a ByteCodeAppender).', 'The class is small and exposes only a single field (methodAccessorFactory), a constructor, prepare(), and appender() methods — no large public API or bloated interface.', 'Complex logic is decomposed into inner helper classes (Appender and AccessorMethodInvocation) that encapsulate bytecode emission and stack manipulation, indicating deliberate modularization of concerns.', 'There is no evidence of many unrelated responsibilities or excessive size/complexity within MethodCall itself; behavior is cohesive and delegated where appropriate.']"
net_bytebuddy_implementation_auxiliary_TypeProxy_SilentConstruction.txt,Insufficient Modularization,class,TypeProxy.SilentConstruction,0,"The SilentConstruction enum has a single, well-defined responsibility: produce an Implementation that constructs an instance without invoking a constructor via the ReflectionFactory. Its public API is minimal (prepare and appender) and it delegates the detailed byte-code emission to a single nested static Appender class. The Appender's many constants and the apply(MethodVisitor, ...) method are cohesive to the specific task of emitting reflection-based construction byte code. There is no evidence of multiple unrelated responsibilities, a bloated interface, or unrelated functionality concentrated in this class, so it does not exhibit insufficient modularization."
net_bytebuddy_implementation_bind_MethodDelegationBinder_Compound.txt,Insufficient Modularization,class,MethodDelegationBinder,1,"The MethodDelegationBinder interface aggregates many distinct responsibilities and large amounts of implementation: it defines compilation and binding (Record), invocation strategies (MethodInvoker and Virtual), parameter binding types (ParameterBinding with Anonymous and Unique), method binding construction (MethodBinding with Builder and Build), binding resolution strategies (BindingResolver with Default, Unique, StreamWriting), ambiguity resolution (AmbiguityResolver with Resolution, NoOp, Directional, Compound and multiple resolvers), termination handling (TerminationHandler with Default), and a Processor orchestration class. These numerous nested interfaces, enums and concrete classes (e.g. Builder/Build, StreamWriting, AmbiguityResolver.Compound, BindingResolver.Default) indicate a bloated, multi-responsibility abstraction that would be clearer and more maintainable if decomposed into separate, cohesive types (e.g. separate ambiguity-resolver, binding-resolver, parameter-binding, invocation and processor classes). The concentration of many roles and implementation details in one top-level interface is characteristic of insufficient modularization."
net_bytebuddy_implementation_bind_MethodDelegationBinder_MethodInvoker.txt,Insufficient Modularization,class,MethodDelegationBinder.MethodInvoker,0,"['The interface defines a single responsibility: creating a StackManipulation to invoke a method (one abstract method: invoke(MethodDescription)).', 'It has only two small, focused implementations: Simple (a singleton enum) and Virtual (a small class holding a TypeDescription and applying virtual dispatch).', 'There are no large numbers of unrelated methods, extensive state, or multiple distinct responsibilities concentrated in this type; functionality is cohesive and narrowly scoped.', 'Therefore this class does not exhibit Insufficient Modularization.']"
net_bytebuddy_implementation_bind_annotation_Binder_FieldSetter.txt,Insufficient Modularization,class,FieldProxy.Binder.FieldSetter,0,"The FieldSetter class has a single, well-focused responsibility: to implement bytecode for a field setter. It implements Implementation and exposes only small, cohesive behavior (prepare and appender). Its state is limited to three related fields (fieldDescription, assigner, methodAccessorFactory) and it delegates the bytecode construction details to its nested Appender class (which implements ByteCodeAppender and contains the stack manipulation logic to load the instance/argument, perform assignments, invoke the setter and return). There is no sign of unrelated responsibilities, large branching logic, or a bloated API within this class, so it is adequately modularized."
net_bytebuddy_implementation_bind_annotation_TargetMethodAnnotationDrivenBinder_Handler.txt,Insufficient Modularization,class,net.bytebuddy.implementation.bind.annotation.TargetMethodAnnotationDrivenBinder.Handler,0,"['The Handler abstraction is small and focused: it declares only two methods (isBound and bind), indicating a narrow responsibility.', 'Behavior is cleanly decomposed into two concise nested implementations, Unbound and Bound, each encapsulating distinct logic (fallback binding vs. bound-annotation binding).', 'Unbound and Bound delegate specific tasks (creating an Argument default, invoking a ParameterBinder) rather than accumulating unrelated responsibilities, demonstrating adequate modularization.', 'While the surrounding outer class contains many nested types, the Handler interface and its implementations remain cohesive and not excessively large or complex.']"
net_bytebuddy_implementation_bytecode_Addition.txt,Insufficient Modularization,class,Addition,0,"The Addition enum is small and cohesive: it defines four well-scoped constants (INTEGER, LONG, FLOAT, DOUBLE) each encapsulating two private fields (opcode, stackSize) and a single responsibility (emit the appropriate add instruction). Its API is minimal (constructor, isValid() returning true, and apply() which issues the opcode and returns the stack size adjustment). There is no evidence of mixed responsibilities, large size, or bloated interface; behavior is properly decomposed by enum constants for each primitive type and the implementation is focused on a single, clear task within the bytecode package."
net_bytebuddy_implementation_bytecode_ByteCodeAppender_Compound.txt,Insufficient Modularization,class,ByteCodeAppender.Compound,0,"The Compound class is small and cohesive: it stores a list of ByteCodeAppender, flattens nested Compound instances in its constructor, and its apply(...) method simply delegates to contained appenders and merges their Size results. It implements a single clear responsibility (composition of appenders) without a bloated API or unrelated methods, so there is no indication that it requires further decomposition."
net_bytebuddy_implementation_bytecode_Throw.txt,Insufficient Modularization,class,Throw,0,"The Throw enum is a tiny, single-responsibility singleton that implements StackManipulation. It declares one INSTANCE, two trivial methods (isValid() returning true and apply(...) that emits a single ATHROW instruction via MethodVisitor and returns StackSize.SINGLE.toDecreasingSize()). There is no evidence of a bloated interface, multiple responsibilities, excessive size, or internal complexity that would warrant further decomposition, so Insufficient Modularization is not present."
net_bytebuddy_implementation_bytecode_TypeCreation.txt,Insufficient Modularization,class,TypeCreation,0,"The class is small and highly cohesive: it encapsulates a single responsibility (emitting a NEW bytecode for a given instantiable type). It has one private final field (typeDescription), a constructor, a static factory (of) that performs simple validation (rejecting arrays, primitives, abstract types), and a single apply(MethodVisitor, Implementation.Context) method that emits the NEW instruction and returns a Size. There are no large methods, no mixed responsibilities, and no bloated interface; its behavior fits a focused bytecode-generation role within the net.bytebuddy.implementation.bytecode package. Therefore it does not exhibit Insufficient Modularization."
net_bytebuddy_implementation_bytecode_assign_primitive_PrimitiveUnboxingDelegate_UnboxingResponsible.txt,Insufficient Modularization,class,PrimitiveUnboxingDelegate.UnboxingResponsible,0,"The analyzed type is a small, single-responsibility interface with one method (assignUnboxedTo). Its behavior is cleanly decomposed: explicit cases are handled by the nested ExplicitlyTypedUnboxingResponsible enum and implicit cases by the nested ImplicitlyTypedUnboxingResponsible class. The PrimitiveUnboxingDelegate enum contains the mapping/unboxing mechanics while UnboxingResponsible only defines the contract for performing an unboxing assignment. There is no excessive size, bloated interface, or concentrated unrelated responsibilities in this interface or its small implementations."
net_bytebuddy_implementation_bytecode_collection_CollectionFactory.txt,Insufficient Modularization,class,CollectionFactory,0,"The analyzed type is a narrow interface (CollectionFactory) that declares only two methods: getComponentType() and withValues(List<? extends StackManipulation>). Both methods are cohesive and pertain to a single abstraction (creating collections/arrays from provided values). The interface surface is small, has no large number of responsibilities, no long method bodies or internal state, and uses precise types (TypeDescription.Generic and StackManipulation) that indicate clear separation of concerns. There is no evidence of a bloated API or combined unrelated responsibilities that would indicate insufficient modularization."
net_bytebuddy_implementation_bytecode_constant_MethodConstant_CanCacheIllegal.txt,Insufficient Modularization,class,MethodConstant.CanCacheIllegal,0,"The analyzed type is a tiny, single-responsibility enum used to represent an illegal/cannot-cache variant. It contains a single INSTANCE and only three small methods (cached(), isValid(), apply()) that immediately delegate to Illegal.INSTANCE. It does not accumulate many fields, large methods, or unrelated responsibilities; caching behavior is factored via the CanCache interface and other behaviors are implemented in nested classes (ForMethod, ForConstructor, PrivilegedLookup, CachedMethod, CachedConstructor) of the enclosing MethodConstant. Therefore this type is cohesive and does not exhibit insufficient modularization."
net_bytebuddy_implementation_bytecode_constant_SerializedConstant.txt,Insufficient Modularization,class,SerializedConstant,0,"SerializedConstant is small and cohesive: it has one private final field (serialization), one constant (CHARSET), a protected constructor, a single factory method (of) that performs serialization, and an apply method that builds a stack manipulation for deserialization. Responsibilities are narrowly focused on representing a serialized value and producing bytecode to recreate it; complex work (bytecode instructions, method/constructor lookups) is delegated to other classes (TextConstant, TypeCreation, MethodInvocation, etc.). There is no evidence of a bloated interface, excessive size, or multiple unrelated responsibilities that would indicate insufficient modularization."
net_bytebuddy_implementation_bytecode_member_FieldAccess_FieldGetInstruction.txt,Insufficient Modularization,class,net.bytebuddy.implementation.bytecode.member.FieldAccess.FieldGetInstruction,0,"['The analysed type is a small, focused inner class whose sole responsibility is to provide the getter opcode and compute the stack size change for a field read; it overrides two simple methods and contains no unrelated functionality.', 'Related responsibilities are cleanly separated: the enclosing enum FieldAccess holds mode-specific state (opcodes, target size), AccessDispatcher encapsulates field-specific dispatching, and OfGenericField handles generic casting. This separation prevents a single large class from accumulating unrelated duties.', 'There are no large methods, bloated interfaces, or multiple unrelated responsibilities in this class or its immediate enclosing types; the implementation is cohesive and modular.']"
net_bytebuddy_implementation_bytecode_member_HandleInvocation.txt,Insufficient Modularization,class,net.bytebuddy.implementation.bytecode.member.HandleInvocation,0,"The class is small and cohesive: it defines only two private static constants (METHOD_HANDLE_NAME, INVOKE_EXACT), one private final field (methodType), a single constructor, and one apply(MethodVisitor, Implementation.Context) method. Its sole responsibility is to emit an exact MethodHandle invocation and compute the resulting stack size (it calls methodVisitor.visitMethodInsn(...) and computes size using methodType). There are no multiple responsibilities, no large/bloated interface, and no excessive internal complexity or many branches to justify decomposition. Therefore it does not exhibit Insufficient Modularization."
net_bytebuddy_implementation_bytecode_member_Invokedynamic.txt,Insufficient Modularization,class,Invokedynamic,0,"['The class is small and focused: it holds four related fields (name, type, bootstrap, arguments), a constructor, and a single apply(...) method implementing the invokedynamic stack manipulation.', 'Its responsibilities are cohesive — preparing constant arguments and emitting a single invokedynamic instruction — with no sign of unrelated functionality or a bloated interface.', 'There is no excessive complexity, long methods, or many responsibilities that would justify further decomposition; therefore it does not exhibit insufficient modularization.']"
net_bytebuddy_matcher_CachingMatcher_WithInlineEviction.txt,Insufficient Modularization,class,CachingMatcher.WithInlineEviction,0,"The nested class is small and cohesive: it introduces a single field (evictionSize) and overrides one method (onCacheMiss) to perform a single, well-scoped responsibility (evict an entry when the cache exceeds a size and then delegate to super). There are no large numbers of methods or fields, no mixed responsibilities, and the class simply extends CachingMatcher to add eviction behavior, so it does not exhibit excessive size, complexity, or a bloated interface."
net_bytebuddy_matcher_CollectionErasureMatcher.txt,Insufficient Modularization,class,CollectionErasureMatcher,0,"The class is small and cohesive: it has a single responsibility of converting an Iterable<TypeDefinition> to a list of TypeDescription erasures and delegating matching to the contained matcher. Evidence: one private final field 'matcher', a single constructor, the focused method 'doMatch(T target)' which only maps elements via 'typeDefinition.asErasure()' and calls 'matcher.matches(...)', and a simple 'toString()' override. There are no multiple responsibilities, no large number of methods or fields, and no bloated interface that would indicate insufficient modularization."
net_bytebuddy_matcher_FieldTypeMatcher.txt,Insufficient Modularization,class,net.bytebuddy.matcher.FieldTypeMatcher,0,"The class is small and cohesive: it has a single private final field (ElementMatcher<? super TypeDescription.Generic> matcher), a constructor, one core behavior method (doMatch) that simply delegates to matcher.matches(target.getType()), and a toString override for representation. There are no multiple responsibilities, no large or complex methods, and no bloated interface or many fields to suggest insufficient decomposition. Therefore it does not exhibit Insufficient Modularization."
net_bytebuddy_matcher_LatentMatcher_ForRecordComponentToken.txt,Insufficient Modularization,class,LatentMatcher.ForRecordComponentToken,0,"The class is small and focused: it contains a single private final field (RecordComponentDescription.Token token), a single constructor, and a single resolve(TypeDescription) method that delegates to ElementMatchers.named(token.getName()). It implements one clear responsibility (resolving a record component token to a matcher) and does not accumulate unrelated functionality, large interface, or excessive complexity that would indicate insufficient modularization."
net_bytebuddy_pool_TypePool_FieldTokenList.txt,Insufficient Modularization,class,TypePool.FieldTokenList,0,"['The nested FieldTokenList is very small and focused: it only implements two methods (get and size) that delegate to an existing fieldTokens collection and convert entries via toFieldDescription. It has a single, clear responsibility (presenting field tokens as a FieldList) and a minimal interface. There is no evidence of excessive size, multiple unrelated responsibilities, or a bloated API in this class (implementation shown: get(int) returns fieldTokens.get(index).toFieldDescription(...); size() returns fieldTokens.size()). Therefore it does not exhibit Insufficient Modularization.']"
net_bytebuddy_pool_TypePool_ForAnnotationProperty.txt,Insufficient Modularization,class,TypePool.ForAnnotationProperty,0,"['The class is small and focused: it has two fields (typePool, annotationName), a constructor, a single bind(String) method and a tiny inner Bound class with a resolve() method.', 'Its sole responsibility is to locate the component type of an annotation property by querying the provided TypePool and inspecting a single annotation method return type; there is no mixing of unrelated concerns.', 'There is no large public API surface or many unrelated methods/fields that would indicate a bloated interface or excessive complexity.', 'Behavior is delegated to TypePool and its TypeDescription API (cohesive, single-responsibility), so no decomposition is necessary.']"
net_bytebuddy_pool_TypePool_ForAnnotationValue.txt,Insufficient Modularization,class,net.bytebuddy.pool.TypePool.LazyTypeDescription.LazyAnnotationValue.ForAnnotationValue,0,"ForAnnotationValue is small and cohesive: it declares two private final fields (typePool, annotationToken), a constructor, getSort() returning Sort.ANNOTATION, and a single doResolve() method that resolves the annotation token into an AnnotationValue. It has a single, well-defined responsibility (lazy resolution of an annotation value) and does not contain large unrelated logic, numerous responsibilities, or a bloated interface. Therefore it does not exhibit insufficient modularization."
net_bytebuddy_pool_TypePool_ForType.txt,Insufficient Modularization,class,net.bytebuddy.pool.TypePool,1,"['The TypePool interface file is extremely large and contains many unrelated responsibilities folded into a single top-level abstraction (type lookup/cache API) and its inner classes.', 'Numerous major responsibilities are implemented as nested types: cache management (CacheProvider, Simple, UsingSoftReference, WithIllegalResolutionReattempt, Discriminating), byte-code parsing and class-file reading (Default, ReaderMode, TypeExtractor, ModuleExtractor, FieldExtractor, MethodExtractor, RecordComponentExtractor), lazy resolution and representations (WithLazyResolution, LazyResolution, LazyTypeDescription, ExtendedLazyTypeDescription and many nested Delegate/Lazy* classes), generic signature parsing and representation (GenericTypeExtractor, GenericTypeToken and many token/resolution classes, TokenizedGenericType), annotations and annotation-value handling (AnnotationRegistrant, AnnotationToken, LazyAnnotationDescription, LazyAnnotationValue), component type/location logic (ComponentTypeLocator implementations), and many others (ClassLoading, Explicit, LazyFacade, ParameterBag, ModuleToken, FieldToken, MethodToken, RecordComponentToken, etc.).', 'The aggregation of parsing logic, tokenization, lazy-loading, caching strategies, module description, generic-type resolution, annotation extraction, and class-loading within a single interface/class hierarchy leads to high coupling and low cohesion: many pieces could be independently developed, tested, and maintained but are instead tightly nested and interleaved.', 'Specific examples showing modularity issues: TypePool.Default.TypeExtractor alone implements full ASM ClassVisitor traversal and collects data; LazyTypeDescription contains dozens of nested classes (FieldTokenList, MethodTokenList, many Lazy* descriptors); GenericTypeToken and TokenizedGenericType implement a complex generic-signature parsing/representation system. These are substantial subsystems that should be decoupled into separate classes/modules.', 'Maintaining or extending any single concern (e.g., cache strategies, signature parsing, annotation value resolution, or class file extraction) requires navigating a monolithic source with many inner classes, increasing cognitive load and reducing testability and reusability.', 'Therefore this class exhibits the Insufficient Modularization smell and would benefit from splitting large nested subsystems into separate, focused top-level classes or packages (e.g., separate parser, lazy-representation, cache, annotation, and generic-signature modules).']"
net_bytebuddy_pool_TypePool_LazyAnnotationDescription.txt,Insufficient Modularization,class,TypePool.LazyAnnotationDescription,0,"['The class is narrowly focused on representing an annotation description resolved lazily: its fields (typePool, annotationType, values) and primary methods (getValue, getAnnotationType, prepare) all relate to that single responsibility.', 'Helper functionality is encapsulated in small, tightly-coupled nested types (Loadable and UnresolvedAnnotationList) that are implementation details supporting lazy annotation loading and list representation rather than unrelated responsibilities.', 'The class size and surface area are modest compared with other types in the file and it does not mix unrelated concerns (parsing, class extraction, generic handling, etc.), so it is cohesive and does not show evidence of being inadequately decomposed.']"
net_bytebuddy_pool_TypePool_LazyAnnotationValue.txt,Insufficient Modularization,class,TypePool.LazyAnnotationValue,1,"['The analyzed type (private abstract static class LazyAnnotationValue<U,V>) encapsulates multiple distinct responsibilities that are implemented as numerous inner subclasses rather than separate classes: ForMismatchedType, ForTypeValue, ForAnnotationValue, ForEnumerationValue and ForArray. Each of these nested classes implements different resolution/load/filtering behaviors (e.g. type resolution, annotation resolution, enum handling, array element resolution).', 'LazyAnnotationValue provides both the high-level proxy API (doResolve(), getState(), filter(), resolve(), load()) and detailed resolving logic (cached resolution, construction of specific AnnotationValue implementations) which mixes concerns of representation, resolution, loading and error handling.', 'The class is deeply nested inside LazyTypeDescription inside Default TypePool, which itself is a very large container with many responsibilities. Coupling these varied behaviors into a single nested abstraction increases size and complexity at that location and makes the code harder to understand and maintain (many private nested classes and specialized logic in one place).', 'Code evidence: presence of multiple specialized inner classes (ForTypeValue.doResolve uses TypePool.describe(), ForAnnotationValue.doResolve inspects annotation tokens, ForEnumerationValue.doResolve checks enum constants, ForArray.doResolve performs component-type lookup and iterates values), plus caching annotations (@CachedReturnPlugin.Enhance) and string/error handling logic, all inside the same LazyAnnotationValue abstraction.']"
net_bytebuddy_pool_TypePool_LazyNonGenericReceiverType.txt,Insufficient Modularization,class,TypePool.LazyNonGenericReceiverType,0,"['The class is small and focused: it encapsulates a single responsibility (representing a non-generic receiver type) with only a couple of constructors and a few simple accessor methods (getOwnerType, getComponentType, getDeclaredAnnotations, asErasure).', 'It has one field (typeDescription) and no complex logic or multiple unrelated responsibilities (no parsing, no large state management, no utility methods).', 'Methods delegate to related types/structures (TypeDescription, LazyAnnotationDescription) rather than mixing responsibilities, indicating high cohesion and appropriate modularization within its nested context.']"
net_bytebuddy_pool_TypePool_LazyTypeVariable.txt,Insufficient Modularization,class,TypePool.LazyTypeVariable,0,"['The analyzed class (LazyTypeVariable) is narrowly scoped and focused: it represents a formal type variable with lazy resolution of its bounds and annotations. Its fields (typePool, typeVariableSource, annotationTokens, boundaryAnnotationTokens, symbol, boundTypeTokens) all relate directly to that single responsibility.', 'Its public behavior is small and cohesive (getUpperBounds, getTypeVariableSource, getSymbol, getDeclaredAnnotations) and it contains one tightly-related helper inner class (LazyBoundTokenList) that encapsulates bound-list behavior. There are no large methods, no unrelated concerns (parsing, IO, caching, or module handling), and it delegates complex tasks to other types already present in the package.', 'Given its limited size, cohesive API, and single responsibility, there is no evidence of excessive size, bloated interface, or concentration of unrelated responsibilities that would indicate insufficient modularization.']"
net_bytebuddy_pool_TypePool_TokenizedGenericType.txt,Insufficient Modularization,class,TypePool.TokenizedGenericType,1,"['Size / complexity: TokenizedGenericType is large and contains substantial logic (resolve(), asErasure(), static toErasure(...)) and numerous nested types. Its implementation spans many responsibilities rather than a single, focused concern.', 'Multiple responsibilities: the class both represents a tokenized generic type and implements eager/lazy resolution, conversion from descriptors to erasures, annotation handling, and provides collection implementations (nested TokenList, TypeVariableList). These nested types (TokenList, TypeVariableList, Malformed) encode separate behaviors that could be separate classes.', 'Deep nesting and coupling: TokenizedGenericType is declared deep inside LazyTypeDescription and depends on TypePool, GenericTypeToken, annotation token mappings and TypeVariableSource, increasing entanglement and making the abstraction harder to understand and maintain.', 'Duplication of roles: the presence of a dedicated Malformed subclass handling malformed generics and TokenList/TypeVariableList for list concerns shows the class aggregates distinct parsing, representation and error-handling roles that would be clearer if modularized.', 'Testability / maintainability impact: the combined responsibilities and many inner types indicate a bloated interface and implementation surface (multiple nested classes and methods) making reasoning, unit testing and future changes more difficult.']"
net_bytebuddy_utility_AsmClassWriter_Suppressing.txt,Insufficient Modularization,class,net.bytebuddy.utility.AsmClassWriter.Suppressing,0,"['The class is small and focused: it contains a single private final field (Factory delegate), a constructor, and four make(...) methods that delegate to the contained factory.', 'All methods are simple delegations (make(int), make(int, AsmClassReader), make(int, TypePool), make(int, AsmClassReader, TypePool)) implementing a single responsibility: suppressing/forwarding classReader usage to the delegate.', 'No large data structures, complex control flow, or unrelated responsibilities are present (no utility code mixed in, no long methods).', 'The class documentation and name indicate a narrow purpose (a suppressing factory wrapper), demonstrating adequate decomposition rather than a bloated abstraction.']"
net_bytebuddy_utility_GraalImageCode_ImageCodeContextAction.txt,Insufficient Modularization,class,net.bytebuddy.utility.GraalImageCode.ImageCodeContextAction,0,"The nested ImageCodeContextAction is small and cohesive: it is a single-value enum (INSTANCE) implementing PrivilegedAction<GraalImageCode> with one focused run() method. The run() method performs a single responsibility (inspecting JVM input arguments via reflection to detect the native-image agent) and returns either GraalImageCode.AGENT or GraalImageCode.NONE. There are no additional fields, no large or bloated public API, and low complexity (single loop and try/catch). These characteristics indicate the class is adequately modularized and does not suffer from insufficient modularization."
net_bytebuddy_utility_StreamDrainer.txt,Insufficient Modularization,class,StreamDrainer,0,"The StreamDrainer class is small and cohesive: it exposes a single primary responsibility (draining an InputStream to a byte[] via the drain(InputStream) method) and simple configuration via bufferSize and related constructors (DEFAULT, DEFAULT_BUFFER_SIZE, StreamDrainer(int)). All fields and methods relate directly to the single task of reading and buffering stream data (bufferSize, DEFAULT_BUFFER_SIZE, END_OF_STREAM, FROM_BEGINNING, drain implementation). There is no evidence of multiple unrelated responsibilities, a bloated public interface, or excessive complexity that would warrant further decomposition."
net_bytebuddy_utility_dispatcher_JavaDispatcher_CreationAction.txt,Insufficient Modularization,class,JavaDispatcher,1,"The JavaDispatcher class concentrates many distinct responsibilities and is very large and complex: (1) Core dispatcher factory and resolution logic in run() (security checks, proxy selection, reflection-based method resolution and many branching conditions). (2) Definition of several nested annotation types (Proxied, IsStatic, IsConstructor, Instance, Container, Defaults) that could be separate. (3) A large Dispatcher interface with many concrete implementations (ForInstanceCheck, ForContainerCreation, ForDefaultValue and its nested enums/classes, ForConstructor, ForStaticMethod, ForNonStaticMethod, ForUnresolvedMethod) embedding invocation logic, bytecode emission logic (apply methods) and default-value handling. (4) Proxy invocation handling in ProxiedInvocationHandler. (5) A heavy DynamicClassLoader nested class that itself implements bytecode generation (proxy and invoker methods using ASM), dumping, class definition, and a Resolver subsystem for module adjustments including ForModuleSystem and NoOp. (6) Static creation and caching concerns (GENERATE, RESOLVER, INVOKER, InvokerCreationAction, DirectInvoker). These multiple orthogonal concerns (security, reflection/resolution, proxy creation, bytecode generation, class loading/module adjustment, invocation handling, default value semantics) are all implemented in one class rather than split into cohesive, focused modules. The size, nested types, and mixed responsibilities indicate insufficient modularization and a need to extract components (e.g., bytecode generation, dynamic class loader/resolver, dispatcher implementations, invocation handler and annotations) to reduce complexity and improve cohesion."
net_bytebuddy_utility_dispatcher_JavaDispatcher_ForInstanceCheck.txt,Insufficient Modularization,class,net.bytebuddy.utility.dispatcher.JavaDispatcher.ForInstanceCheck,0,"['The class is small and focused: it declares a single field (target), a constructor, and two methods (invoke and apply).', 'Single responsibility: both methods implement the single concept of an instance check (invoke uses target.isInstance, apply emits an instanceof bytecode and IRETURN).', 'No bloated interface or excessive responsibilities: the class does not contain unrelated logic, large number of methods, or many fields.', 'Encapsulation and limited scope: it is a nested helper implementation of Dispatcher, used to implement one distinct behavior within JavaDispatcher, indicating appropriate modularization.']"
net_bytebuddy_utility_privilege_GetSystemPropertyAction.txt,Insufficient Modularization,class,GetSystemPropertyAction,0,"The class is minimal and highly cohesive: it encapsulates a single responsibility (reading a system property as a PrivilegedAction). It contains one final field (key), a single-argument constructor, and one run() method that delegates to System.getProperty(key). There is no excessive size, no bloated interface, and no mixed responsibilities that would warrant decomposition."
org_adoptopenjdk_jitwatch_demo_MakeHotSpotLog.txt,Insufficient Modularization,class,MakeHotSpotLog,1,"The MakeHotSpotLog class consolidates many distinct responsibilities and unrelated behaviors into a single large class, indicating insufficient modularization. It contains numerous independent test routines and helpers (addVariable, addConstant, randomBranchTest, changingBranchTest, intrinsicTest, intrinsicTestMin, testSort, testCallChain, testOptimizedVCall, testCallChain3, testLeaf, testToUpperCase, testLoopUnrolling, padMethod, etc.), call-chain groups (chainA1..A4, chainB1..B3, chainC1..C3), low-level utility methods (add, sub, bigMethod, timesTen, timesHundred, toUpper), and public entry points (constructor, main, testCallChainReturn, tooBigToInline). The class mixes demo orchestration, microbenchmarks, collection sorting, string manipulation, loop/unrolling tests, and threading/sleep logic in one place. This breadth of responsibilities and the large number of unrelated methods reduce cohesion, make the class hard to understand and maintain, and suggest it should be split into multiple smaller, focused classes (e.g., BranchTests, IntrinsicTests, CollectionTests, StringTests, CallChainTests, Utilities). These factors justify detecting the Insufficient Modularization smell."
org_adoptopenjdk_jitwatch_model_PackageManager.txt,Insufficient Modularization,class,PackageManager,0,"PackageManager has a focused, small API and a single cohesive responsibility: managing MetaPackage and MetaClass registries and building package hierarchy. Its state is limited to metaClasses (Map), metaPackages (Map) and roots (List). Public methods are few and narrowly scoped (clear, addMetaClass, getMetaClass, getMetaPackage, buildPackage, getRootPackages) and a single small private helper (storePackage) is used. The only non-trivial method, buildPackage, implements a contained task (parsing a package name and creating parent/child MetaPackage objects). There is no evidence of excessive size, multiple unrelated responsibilities, or a bloated interface that would justify Insufficient Modularization."
org_adoptopenjdk_jitwatch_model_assembly_AssemblyInstruction.txt,Insufficient Modularization,class,AssemblyInstruction,1,"['Class mixes data model and presentation: it stores instruction state (annotation, address, prefixes, mnemonic, operands, commentLines, labels, isSafePoint) and contains extensive string-formatting/printing logic (two overloaded toString methods with nearly duplicate StringBuilder code).', 'Duplicated and complex formatting code: toString(int, boolean) and toString(int, int, boolean) contain largely repeated logic for building output, making the class harder to maintain and violating single responsibility.', 'Multiple responsibilities around comments and semantics: methods addCommentLine, appendToLastCommentLine, getComment/getCommentLines, isSafePoint and isOptimizedVCall combine comment storage, mutation, and semantic detection (safepoint and optimized vcall) instead of delegating to smaller cohesive classes (e.g. Comment, SafePointDetector).', 'Formatting concerns partially delegated but still entangled: the class delegates address/operand label formatting to AssemblyLabels yet retains most presentation details (hex padding, spacing, newline handling, alignment), indicating a poor separation of concerns and a bloated interface.', 'Refactoring candidates: extract a Renderer/Formatter for string output, extract a Comment object (with safepoint/optimized-call detection), and remove duplicated toString logic to improve modularity and cohesion.']"
org_adoptopenjdk_jitwatch_parser_ParserFactory.txt,Insufficient Modularization,class,ParserFactory,0,"The class is small and focused: it has a private constructor and a single static factory method getParser(ParserType, IJITListener) that selects and instantiates concrete parser classes (HotSpotLogParser, J9LogParser, ZingLogParser) via a switch. There are no large fields, no many responsibilities, and no bloated interface or excessive complexity indicative of insufficient modularization. While the switch hard-codes known parser types (requiring edits to add new parsers), this is a simple factory pattern concern rather than evidence that the class itself is an insufficiently modular abstraction."
org_adoptopenjdk_jitwatch_parser_zing_ZingLine.txt,Insufficient Modularization,class,org.adoptopenjdk.jitwatch.parser.zing.ZingLine,1,"['The class mixes multiple responsibilities: it is a data holder (many fields with getters/setters) and also performs serialization/formatting by building Tag and Task objects (toTagQueued, toTagNMethod, toTagTask).', 'Contains utility/formatting logic (millisToSecondsString using BigDecimal), string assembly (toString), and decision logic (tier == 3 ? FALCON : ZING) — these are orthogonal concerns that increase class complexity.', 'Methods toTag* each construct attribute maps and call StringUtil.attributeMapToString, coupling the domain model to tag formatting and Tag/Task construction rather than delegating to a dedicated converter or builder.', 'The class surface is bloated with varied behavior (state management, formatting, mapping to external Tag/Task structures), making it harder to understand, maintain, and evolve — indicating insufficient decomposition into cohesive abstractions.']"
org_adoptopenjdk_jitwatch_process_compiler_CompilerJava.txt,Insufficient Modularization,class,CompilerJava,0,"['The class is small and focused: it has one field (compilerPath), one constructor to locate the javac executable, and a single compile(...) method to build the javac command and invoke execution.', 'Responsibilities are cohesive: locating the compiler and preparing/running the compile command. Execution and helper tasks (e.g. runCommands, makeClassPath, getExecutableSuffix) are delegated to the superclass, indicating good separation of concerns.', 'There is no large public API, no many unrelated methods or fields, and no evidence of multiple independent responsibilities concentrated in this class, so it does not exhibit insufficient modularization.']"
org_adoptopenjdk_jitwatch_toplist_AbstractTopListVisitable.txt,Insufficient Modularization,class,AbstractTopListVisitable,0,"['The class is small and focused: it holds three fields (model, topList, sortHighToLow) and provides a single high-level operation buildTopList() that coordinates traversal and sorting.', 'Traversal is delegated to TreeVisitor.walkTree(model, this), so the class does not embed tree-walking logic and therefore avoids mixing unrelated responsibilities.', 'Extension hooks (empty reset(), visitTag(...), and postProcess()) indicate designed points for subclassing rather than accumulating disparate responsibilities in one class.', 'Sorting is a simple, localized operation (anonymous Comparator inside buildTopList()) and does not indicate excessive size or complexity warranting further decomposition.', 'No large number of unrelated methods or many fields are present, and the class responsibilities (collecting scores and returning a sorted top list) are cohesive.']"
org_adoptopenjdk_jitwatch_ui_Dialogs_Dialog.txt,Insufficient Modularization,class,org.adoptopenjdk.jitwatch.ui.Dialogs,1,"['Multiple distinct responsibilities collected in one class: Dialogs contains a nested Dialog Stage class plus four different dialog-construction methods (showYesNoDialog, showYesNoDialogNever, showTextInputDialog, showOKDialog) that build layouts, create controls, and wire event handlers.', 'Significant code duplication across methods: repeated creation/configuration of VBox/HBox, Insets, alignment, button creation and event handler wiring, and scene sizing logic — indicating lack of decomposition into reusable components or helper classes.', ""Use of shared mutable static state: the static fields 'response' and 'textInput' are used to communicate dialog results, coupling all dialog types and preventing safe concurrent/instance-based usage (should be instance-scoped or returned via callbacks/futures)."", 'Large, imperative methods that mix UI layout, sizing logic, and event handling (e.g. manual message splitting, width calculation, and inline EventHandler implementations) rather than delegating to smaller cohesive abstractions (Dialog subclasses, builders, or controller objects).']"
org_adoptopenjdk_jitwatch_ui_Dialogs_Response.txt,Insufficient Modularization,class,org.adoptopenjdk.jitwatch.ui.Dialogs.Response,0,"The analyzed type is a small enum with only three constants (NO, YES, NEVER) and no additional fields or methods. It does not contain excessive size, complex logic, or a bloated interface. While the enclosing Dialogs outer class contains many dialog-related methods (which could be examined for modularization issues), the Dialogs.Response enum itself is cohesive and trivial, so it does not exhibit Insufficient Modularization."
org_adoptopenjdk_jitwatch_ui_main_ClassMemberList.txt,Insufficient Modularization,class,ClassMemberList,1,"['The class centralizes multiple distinct responsibilities rather than a single cohesive one: UI construction/layout (constructor adding CheckBox and ListView), selection management (selectedProgrammatically flag, selectMember, clearClassMembers, notifyListeners), context menu creation and event wiring (buildContextMenuCompiledMember, buildContextMenuUncompiledMember, getEventHandlerContextMenu, getEventHandlerMenuItem* methods), and domain logic for intrinsics (findIntrinsicsUsedByMember, addArrowWithNewLineToEachIntrinsicEntry using IntrinsicFinder).', 'Mixing UI concerns with configuration persistence: the CheckBox listener directly updates and saves JITWatchConfig (changed(...) calls config.setShowOnlyCompiledMembers and config.saveConfig()), coupling UI to config persistence.', 'Presence of many small, unrelated helper methods and multiple factories for event handlers increases class size and complexity (numerous private methods that could be delegated), reducing cohesion and making the class harder to understand and test.', 'Use of domain/service code (IntrinsicFinder and string-building of intrinsic results) inside the UI class indicates business logic is embedded in the UI component rather than separated into a service.', 'Given these factors (multiple responsibilities, UI + domain logic + config handling + event wiring), the class should be decomposed—e.g. split context-menu building/event handling, selection management, and intrinsic-finding into separate, smaller classes—to address insufficient modularization.']"
org_adoptopenjdk_jitwatch_ui_nmethod_NMethodInfo.txt,Insufficient Modularization,class,NMethodInfo,1,"NMethodInfo mixes many responsibilities and contains a bloated set of UI state and construction logic that would be better decomposed. Evidence: it maintains numerous Label fields (lblCompileID, lblClass, lblMember, lblCompilationNumber, lblCompiler, lblAddress, lblBytecodeSize, lblNativeSize, lblQueuedTime, lblCompilationStartTime, lblNMethodEmittedTime, lblCompileDuration) and a clearable list of labels, indicating heavy state. It implements layout construction (makeLeftColumn, makeRightColumn, makeLabel, makeSizeInfo, makeTimingInfo, makeCompilationNavigator) plus event wiring for navigation buttons (btnPrev/btnNext handlers) and presentation/data binding logic (width bindings in multiple places). The setInfo method mixes data formatting and UI population (e.g., formatting timestamps and compiler strings, conditional logic for failed compilations). These combined concerns (view composition, event handling, data formatting and population) increase size and complexity and justify refactoring into smaller, more cohesive components (e.g., navigator component, size/timing subcomponents, a label factory or view-model updater)."
org_adoptopenjdk_jitwatch_ui_report_ReportStageType.txt,Insufficient Modularization,class,ReportStageType,0,"The class is a small enum with four constants (SUGGESTION, ELIMINATED_ALLOCATION, ELIDED_LOCK, INLINING), contains no fields or methods, and represents a single, cohesive concept (report stage types). Its size and interface are minimal and focused; there is no evidence of concentrated, mixed responsibilities or excessive complexity that would indicate insufficient modularization. The package org.adoptopenjdk.jitwatch.ui.report further supports that this enum is an appropriate, modular abstraction for UI reporting stages."
org_adoptopenjdk_jitwatch_ui_viewer_TextViewerStage.txt,Insufficient Modularization,class,TextViewerStage,1,"['The constructor performs multiple distinct responsibilities instead of delegating: normalizing input (replace tabs), splitting into lines (source.split(S_NEWLINE)), formatting (aligning line numbers via StringUtil.alignRight and concatenation), measuring content (computing maxLineLength), creating UI elements (new Label(lines[i]) and collecting them), and wiring the view (setContent(labels, maxLineLength)).', 'All logic is implemented inline in the constructor with no helper/private methods to decompose the steps (parsing, formatting, measurement, UI creation), reducing cohesion and testability.', 'Mutating the lines array in-place to add line numbers mixes data transformation with presentation concerns, indicating conflated responsibilities.', 'The class combines text-processing utilities and UI assembly; these concerns could be separated into smaller, focused classes or methods (e.g., LineFormatter, LineMetrics, LabelFactory), which would improve modularity and reuse.']"
org_adoptopenjdk_jitwatch_util_StringUtil.txt,Insufficient Modularization,class,StringUtil,1,"The StringUtil class aggregates many distinct responsibilities in a single utility: time formatting (formatTimestamp), XML entity handling (replaceXMLEntities), character/line utilities (repeat, rtrim, wordWrap), padding and alignment (pad, padZero, alignLeft, alignRight, padLineNumber), attribute parsing/serialization (attributeMapToString, attributeStringToMap, getLineAttributesDoubleQuote), collection/list/string conversions (textToList, listToText, arrayToString, listToString), name utilities (getUnqualifiedClassName, getPackageName, getAbbreviatedFQName, getUnqualifiedMemberName), numeric formatting (formatThousands), and small helpers (getSubstringBetween, getSortedKeys). Several groups show duplicated or highly related logic that should be separated (e.g., attributeStringToMap and getLineAttributesDoubleQuote share nearly identical parsing logic; pad/padZero/align* are overlapping formatting utilities). The class is large, mixes orthogonal concerns, and would be easier to understand and maintain if decomposed into focused modules (e.g., TimeUtil, XmlUtil, PaddingUtil, AttrParser, CollectionStringUtil, NameUtil, NumberUtil). These factors indicate Insufficient Modularization."
org_apache_commons_io_ByteOrderParser.txt,Insufficient Modularization,class,ByteOrderParser,0,"['The class is small and focused: it provides a single public static method parseByteOrder that maps String values to ByteOrder constants.', 'There is a single responsibility (parsing a byte order string) with only two straightforward conditional branches and a clear exception for unsupported values — no large method, no many responsibilities to split.', 'The class has no state, no fields, and a private constructor (utility final class), indicating intentional, cohesive utility behavior rather than a bloated abstraction.', 'No large public API or excessive complexity that would warrant decomposition into smaller classes or modules.']"
org_apache_commons_io_CloseableURLConnection.txt,Insufficient Modularization,class,CloseableURLConnection,0,"The class has a single, well-defined responsibility: adapt/decorate a URLConnection to be AutoCloseable. It is final, holds one field (urlConnection), and contains minimal logic (constructors/open methods and close() which calls IOUtils.close). All other methods are simple delegations to the underlying URLConnection to preserve the URLConnection API. The apparent size comes from required pass-through overrides rather than multiple unrelated responsibilities or mixed abstractions, so this is not an instance of insufficient modularization."
org_apache_commons_io_DirectoryWalker_CancelException.txt,Insufficient Modularization,class,DirectoryWalker,0,"DirectoryWalker is focused on a single, cohesive responsibility (walking a directory tree) and is organized using the template method pattern: it has a small, private recursive walk(File,int,Collection) that delegates behavior to many small protected hook methods (handleStart, handleEnd, handleDirectoryStart, handleDirectoryEnd, handleDirectory, handleFile, handleRestricted, handleCancelled, handleIsCancelled, filterDirectoryContents). State is minimal (two final fields: filter and depthLimit) and an inner CancelException is narrowly scoped to cancellation handling. Constructors encapsulate filter composition and the recursive algorithm remains concise, delegating extension points to subclasses. These characteristics indicate the class is sufficiently modularized rather than overly large or mixed-responsibility."
org_apache_commons_io_FilenameUtils.txt,Insufficient Modularization,class,org.apache.commons.io.FilenameUtils,1,"FilenameUtils is a large utility class that concentrates many distinct responsibilities rather than a single cohesive abstraction. Evidence: (1) Path parsing and normalization: large complex methods doNormalize (and many normalize/normalizeNoEndSeparator overloads), doGetFullPath, doGetPath and getPrefixLength perform extensive path/token manipulation and OS-specific prefix logic. (2) Name/extension handling API surface: getBaseName, getExtension, removeExtension, indexOfExtension, indexOfLastSeparator and related public helpers produce a broad public interface. (3) Wildcard matching logic: wildcardMatch and splitOnTokens implement a separate non-trivial pattern-matching subsystem with backtracking. (4) Network/hostname validation: private methods isIPv4Address, isIPv6Address, isRFC3986HostName and isValidHostName embed IP/hostname validation logic unrelated to basic filename string operations (used only to validate UNC hostnames in getPrefixLength). (5) Platform/ADS handling: getAdsCriticalOffset and isSystemWindows add NTFS/ADS and platform concerns. (6) Numerous private helpers and many public static methods create a bloated API surface. Several methods are long and complex (doNormalize, getPrefixLength, wildcardMatch) indicating mixed responsibilities that could be factored into smaller, focused classes (e.g., PathNormalizer, PrefixParser/HostValidator, WildcardMatcher, ExtensionUtils). These factors indicate insufficient modularization."
org_apache_commons_io_comparator_LastModifiedFileComparator.txt,Insufficient Modularization,class,LastModifiedFileComparator,0,"['The class is small and focused: it contains only a no-arg constructor, two static comparator instances, a serialVersionUID, and a single compare(File, File) method.', 'Single responsibility: its sole responsibility is comparing files by last-modified timestamp, so it is cohesive and not combining unrelated concerns.', 'Delegation is used for file timestamp access (FileUtils.lastModifiedUnchecked), so I/O/timestamp retrieval logic is not embedded in the comparator.', 'Reverse behavior is provided by a separate ReverseFileComparator wrapping this comparator, indicating responsibilities are separated rather than bloated into one class.', 'No large interface or numerous fields/methods that would indicate an undecomposed abstraction; therefore the class does not exhibit insufficient modularization.']"
org_apache_commons_io_file_Counters_BigIntegerCounter.txt,Insufficient Modularization,class,Counters,1,"The Counters class bundles multiple distinct abstractions and concrete implementations in a single top-level class: it declares two public interfaces (Counter, PathCounters), an abstract helper (AbstractPathCounters), and four concrete Counter implementations (BigIntegerCounter, LongCounter, NoopCounter) plus three PathCounters implementations (BigIntegerPathCounters, LongPathCounters, NoopPathCounters) together with many factory methods (bigIntegerCounter, longCounter, noopCounter, bigIntegerPathCounters, longPathCounters, noopPathCounters). This concentrates several responsibilities (interface definitions, multiple implementations, factories, and path-specific aggregation) in one class rather than separate, focused modules. The number of nested classes and factory methods and the blended roles (API surface + multiple implementations + singleton instances) indicate the class is larger and less modular than ideal, making it harder to understand, test, and extend. Examples: BigIntegerCounter and LongCounter are full implementations that could be standalone classes; AbstractPathCounters + its concrete PathCounters variants similarly represent a separate abstraction that could be extracted. These facts justify the detection of Insufficient Modularization."
org_apache_commons_io_file_CountingPathVisitor.txt,Insufficient Modularization,class,CountingPathVisitor,0,"['Class has a focused responsibility: counting files, directories and bytes while visiting a file tree (single cohesive abstraction).', 'Functionality is decomposed and delegated: counting logic is delegated to PathCounters, filtering to PathFilter/IOFileFilter, and directory transformation to a UnaryOperator<Path>.', 'Construction concerns are separated into nested builder classes (AbstractBuilder and Builder) rather than inflating the main class.', 'Methods are small and purpose-specific (accept, updateFileCounters, updateDirCounter, visitFile, preVisitDirectory, postVisitDirectory) and mostly act as thin orchestration around delegated components.', 'Presence of small static factory/default methods (defaultFileFilter, defaultDirectoryFilter, defaultPathCounters, withBigIntegerCounters, withLongCounters) keeps configuration logic separate and avoids bloating core behavior.']"
org_apache_commons_io_file_CountingPathVisitor_Builder.txt,Insufficient Modularization,class,CountingPathVisitor.Builder,0,"['The Builder (and its AbstractBuilder) are narrowly focused on construction/configuration of CountingPathVisitor: fields are limited to pathCounters, fileFilter, directoryFilter, and directoryPostTransformer and setters only mutate these fields (setDirectoryFilter, setDirectoryPostTransformer, setFileFilter, setPathCounters).', 'Construction logic is delegated: Builder.get() returns a new CountingPathVisitor(this), and CountingPathVisitor contains the traversal and counting behavior, preserving separation of concerns between building and runtime behavior.', 'CountingPathVisitor itself is cohesive: methods are small and single-purpose (accept, visitFile, preVisitDirectory, postVisitDirectory, updateFileCounters, updateDirCounter) and it delegates counting and filtering to PathCounters and PathFilter rather than embedding those responsibilities.', 'There are no large monolithic methods, no mixing of unrelated responsibilities, and sensible defaults are provided via small static helpers (defaultDirectoryFilter, defaultFileFilter, defaultPathCounters, defaultDirectoryTransformer), indicating adequate decomposition and modularization.']"
org_apache_commons_io_file_SimplePathVisitor.txt,Insufficient Modularization,class,SimplePathVisitor,0,"The class is small and focused: it contains a single meaningful field (visitFileFailedFunction), a single overridden method (visitFileFailed) that simply delegates to the injected function, and a compact nested AbstractBuilder that only configures that same function. There are no large methods, no mixing of multiple responsibilities, and the public API is minimal (constructors and the visitFileFailed override). These elements indicate the class is cohesive and not overly bloated, so it does not exhibit Insufficient Modularization."
org_apache_commons_io_file_SimplePathVisitor_AbstractBuilder.txt,Insufficient Modularization,class,SimplePathVisitor.AbstractBuilder,0,"The AbstractBuilder is small and focused: it contains a single private field (visitFileFailedFunction), a getter, a fluent setter, and an empty constructor. It serves a single responsibility (supplying/configuring the visitFileFailed function for subclasses) and uses generics to support subclass builders via AbstractSupplier. There are no many unrelated methods, large fields, or mixed responsibilities that would indicate an overly large or bloated abstraction, so insufficient modularization is not present."
org_apache_commons_io_filefilter_SymbolicLinkFileFilter.txt,Insufficient Modularization,class,SymbolicLinkFileFilter,0,"['Class is small and cohesive: it focuses solely on identifying symbolic links (accept(File), accept(Path, BasicFileAttributes), and isSymbolicLink(Path)).', 'Interface is minimal: only a singleton INSTANCE, a protected default constructor, an overload accepting FileVisitResult values, and the symbolic-link check method—no bloated API surface.', 'No concentrated unrelated responsibilities: logic delegates to Files.isSymbolicLink(Path) (via package-private isSymbolicLink for testability) and to AbstractFileFilter for FileVisitResult handling, indicating proper separation of concerns.', 'No excessive state or complexity: the class has no fields (other than the singleton) and contains straightforward, short methods, so it does not require further decomposition.']"
org_apache_commons_io_function_IORunnable.txt,Insufficient Modularization,class,IORunnable,0,"The IORunnable interface is small and cohesive: it declares a single abstract method run() that models an IO-capable Runnable (single responsibility). The additional members are lightweight, closely related helpers: a static noop() factory returning a constant and a default asRunnable() adapter that wraps the IO exception into UncheckedIOException. The @FunctionalInterface annotation, absence of unrelated methods or large implementations, and minimal surface area indicate the abstraction is adequately decomposed and not overly large or bloated."
org_apache_commons_io_function_IOSupplier.txt,Insufficient Modularization,class,IOSupplier,0,"['The interface is small and focused: it defines a single primary operation T get() throws IOException and two small convenience/default methods (getUnchecked() and asSupplier()).', 'It has a single responsibility: supply a value while allowing an IOException to be thrown or converted to UncheckedIOException; there is no evidence of multiple, unrelated responsibilities or a bloated API.', 'Default methods delegate to a single helper (Uncheck.get(this)) or return method references (this::getUnchecked), indicating modular delegation rather than internal monolithy.', 'The annotation @FunctionalInterface and the generic parameter T further indicate a cohesive abstraction intended for single-purpose use, not an under-modularized class needing decomposition.']"
org_apache_commons_io_input_BoundedReader.txt,Insufficient Modularization,class,BoundedReader,0,"The class is small and cohesive: it has a single clear responsibility (limit characters read from an underlying Reader). Fields (target, charsRead, markedAt, readAheadLimit, maxCharsFromTargetReader) all relate to enforcing the bound. Methods are limited to the Reader contract (constructor, close, mark, read, read(char[],int,int), reset) and primarily delegate I/O to the underlying reader while managing counting/limits. There is no evidence of unrelated functionality, bloated interface, or excessive complexity that would indicate insufficient modularization."
org_apache_commons_io_input_BrokenReader.txt,Insufficient Modularization,class,BrokenReader,0,"The class is small and cohesive with a single responsibility: a Reader that always throws a configured exception. It contains a single field (exceptionSupplier), a few constructors, a private helper (rethrow) and overrides of Reader methods (close, mark, read, ready, reset, skip) that consistently delegate to rethrow(). There is no sign of multiple unrelated responsibilities, excessive size, or a bloated interface — the implemented methods are the minimum required to fulfill the Reader contract for this behavior. Therefore it does not demonstrate insufficient modularization."
org_apache_commons_io_input_ByteBufferCleaner.txt,Insufficient Modularization,class,ByteBufferCleaner,0,"['The class is small and focused on a single responsibility: releasing direct ByteBuffer memory.', 'Platform-specific behaviors are separated into a Cleaner interface with two private static inner implementations (Java8Cleaner and Java9Cleaner), showing clear modularization of version-specific logic.', 'Public API surface is minimal (static clean(ByteBuffer) and isSupported()) and initialization is encapsulated in getCleaner(), so there is no bloated interface or mixed responsibilities.', 'No excessive methods, fields, or unrelated concerns that would indicate the class should be decomposed further.']"
org_apache_commons_io_input_CountingInputStream.txt,Insufficient Modularization,class,CountingInputStream,0,"['The class has a single clear responsibility: counting bytes that pass through an InputStream (field: private long count).', 'All methods relate directly to that responsibility: afterRead(...) and skip(...) update the count; getByteCount()/resetByteCount() expose and reset the count.', 'Deprecated methods getCount() and resetCount() are compatibility wrappers that delegate to the long-based methods and do not add unrelated behavior.', 'The class is small and cohesive (no large methods, no unrelated helper logic), and it delegates I/O behavior to its superclass ProxyInputStream, avoiding concentration of multiple responsibilities.']"
org_apache_commons_io_input_NullReader.txt,Insufficient Modularization,class,NullReader,0,"The class is cohesive and focused on a single responsibility: emulating a Reader of a given size. Its state is small and related (size, position, mark, readLimit, eof, and flags markSupported/throwEofException). Methods map directly to the Reader contract (read(), read(char[]...), skip(), mark(), reset(), close()) and there are clear, small helper/extension points (protected processChar/processChars and private doEndOfFile). There is no mixing of unrelated responsibilities, no large unrelated methods, and the implementation is modular enough to be extended via subclasses, so it does not exhibit insufficient modularization."
org_apache_commons_io_input_ObservableInputStream_Builder.txt,Insufficient Modularization,class,ObservableInputStream.Builder,0,"The Builder class is small and focused: it only provides a no-arg constructor and an overridden get() method that constructs an ObservableInputStream. It delegates configuration/state to AbstractBuilder and does not contain multiple, unrelated responsibilities, large data structures, or a bloated interface. There is no excessive size or complexity in this class (only two trivial methods), so it does not exhibit Insufficient Modularization."
org_apache_commons_io_input_QueueInputStream_Builder.txt,Insufficient Modularization,class,QueueInputStream.Builder,0,"['The Builder class is small and focused: it only holds two configuration fields (blockingQueue, timeout) and provides setters for them plus a get() method to build the QueueInputStream.', 'Setter methods perform minimal, appropriate validation (non-negative timeout, null mapping for blockingQueue) and return the builder for chaining — no unrelated responsibilities are present.', 'Construction logic is delegated to QueueInputStream (via get()), and the class extends AbstractStreamBuilder, indicating proper use of the builder abstraction rather than embedding extra functionality.', 'There is no evidence of excessive size, bloated interface, or mixing of responsibilities that would indicate a need to decompose this class further.']"
org_apache_commons_io_input_ReversedLinesFileReader.txt,Insufficient Modularization,class,ReversedLinesFileReader,1,"['The class combines multiple distinct responsibilities: builder/API surface (Builder and many deprecated constructors), file/channel management (channel, totalByteLength, totalBlockCount, close()), charset/encoding decision logic (CharsetEncoder, maxBytesPerChar checks and multiple Charset.forName checks, UnsupportedEncodingException paths), byte-level buffering and newline matching (newLineSequences, avoidNewlineSplitBufferSize, byteDecrement), iteration/API delivery (iterator(), IOIterable implementation, readLines(), toString()), and block rollover/leftover management.', 'The private inner FilePart class is large and implements low-level buffer reading, newline detection (getNewLineMatchByteCount), line extraction (readLine), leftover handling (createLeftOver), and block rollover (rollOver). This substantial, low-level functionality would be better modularized into its own class or helper to separate concerns.', 'The main constructor contains complex encoding-specific branching (several hard-coded Charset checks and byteDecrement calculation) and initialization of low-level parsing state (newLineSequences array and avoidNewlineSplitBufferSize). This mixes configuration and parsing logic in one class.', 'There are many API entry points and helpers co-located (builder, multiple deprecated constructors, iterator implementation, readLine/readLines/toString) which increases the class size and surface area and indicates multiple roles rather than a single cohesive abstraction.', 'These combined factors (large inner class with low-level logic, complex constructor logic, and varied public APIs) show the class is doing more than one cohesive job and would benefit from decomposition (e.g., separate buffer/line-parsing component, separate charset/encoding strategy, and a thinner public facade).']"
org_apache_commons_io_input_TimestampedObserver.txt,Insufficient Modularization,class,TimestampedObserver,0,"['Class is small and focused: it only records an open instant and an optional close instant and exposes related getters and duration calculations.', 'Single responsibility: all methods (getOpenInstant, getCloseInstant, getOpenToCloseDuration, getOpenToNowDuration, isClosed, closed) relate directly to timestamp management for the observer.', 'No bloated interface or unrelated behavior: there are no unrelated utilities, large conditionals, or multiple distinct responsibilities concentrated in this class.', 'Thread-safety considered: openInstant is final and closeInstant is volatile, indicating concern for concurrent use rather than mixing responsibilities.', 'Extends Observer appropriately to fulfill a narrow role within the input package; responsibilities are cohesive and well encapsulated.']"
org_apache_commons_io_input_UncheckedFilterReader.txt,Insufficient Modularization,class,UncheckedFilterReader,0,"The class is small and focused on a single responsibility: adapting a Reader to rethrow IOExceptions as UncheckedIOException. It only overrides a limited set of Reader methods (close, mark, read overloads, ready, reset, skip) and delegates to the superclass using the Uncheck utility. Construction is encapsulated in a simple nested Builder that extends AbstractStreamBuilder. The class is final, has a private constructor, and does not contain unrelated fields, large methods, or a bloated interface. These elements indicate good modularization rather than an insufficiency."
org_apache_commons_io_input_UnsynchronizedReader.txt,Insufficient Modularization,class,UnsynchronizedReader,0,"The class is small and cohesive: it contains only three private fields (closed, skipBuffer, MAX_SKIP_BUFFER_SIZE) and a focused set of methods (constructor, checkOpen, close, isClosed, setClosed, skip). All members relate to a single responsibility — providing an unsynchronized Reader implementation and managing its open/closed state and skip behavior. There are no large/mixed responsibilities, no bloated interface, and the longest method (skip) is self-contained and narrowly scoped (buffer allocation and looped read). Therefore it does not exhibit insufficient modularization."
org_apache_commons_io_monitor_FileAlterationListener.txt,Insufficient Modularization,class,FileAlterationListener,0,"The analyzed type is a focused listener interface that exposes a small, cohesive set of callbacks related to file-system alteration events: six methods for file/directory create/change/delete (onDirectoryChange, onDirectoryCreate, onDirectoryDelete, onFileChange, onFileCreate, onFileDelete) and two lifecycle methods (onStart, onStop). Each method has a single, specific parameter (File or FileAlterationObserver). There is no evidence of unrelated responsibilities, excessive size, or a bloated API; the interface groups related concerns (file/directory events and observer lifecycle) and is intended to be used with FileAlterationObserver. Therefore it does not exhibit insufficient modularization."
org_apache_commons_io_output_AbstractByteArrayOutputStream_InputStreamConstructor.txt,Insufficient Modularization,class,AbstractByteArrayOutputStream,0,"The class encapsulates a single, cohesive abstraction: an expandable byte-array-backed OutputStream. Its fields (buffers, count, currentBuffer, currentBufferIndex, filledBufferSum, reuseBuffers) and core methods (needNewBuffer, writeImpl variants, toByteArrayImpl, toInputStream, writeToImpl) all relate directly to buffer management and providing multiple views/outputs of the stored bytes. Conversion and I/O helper methods (toString overloads, toInputStream, writeTo) are natural, limited APIs for consumers of a byte-array stream rather than unrelated responsibilities. The class is abstract and delegates specific behaviors to abstract methods (write, write(byte[],int,int), write(int), write(InputStream), reset, size, toByteArray, toInputStream) and provides protected implementation helpers for reuse by subclasses, which indicates intentional modularization and extension points rather than a monolithic, poorly decomposed design. The small nested functional interface (InputStreamConstructor) is a focused helper for toInputStream construction. Overall, responsibilities are closely related to the core abstraction and are not excessively bloated or mixed with unrelated concerns, so insufficient modularization is not detected."
org_apache_commons_io_output_FileWriterWithEncoding.txt,Insufficient Modularization,class,FileWriterWithEncoding,0,"The class is cohesive and focused on a single responsibility: creating/wrapping a file writer with a specified encoding. Encoding and initialization logic is centralized in the private initWriter(File,Object,boolean) helper (including cleanup on failure). Construction/configuration concerns are separated into the nested Builder (extends AbstractStreamBuilder) and the static builder() factory. The remaining public API consists largely of deprecated convenience constructors that forward to the same initialization logic rather than introducing unrelated responsibilities. The class delegates I/O details to FileUtils and IOUtils and does not contain unrelated functionality, so it is not insufficiently modularized."
org_apache_commons_io_output_FileWriterWithEncoding_Builder.txt,Insufficient Modularization,class,FileWriterWithEncoding.Builder,0,"['Builder is small and focused: it contains only two configurable fields (append, charsetEncoder) and simple setters for them.', ""Single responsibility: the class's sole purpose is to configure and build FileWriterWithEncoding instances (get() returns a new FileWriterWithEncoding(this))."", 'Delegation to other abstractions: it extends AbstractStreamBuilder and uses AbstractOrigin for file lookup (checkOriginFile), so file handling and stream initialization are delegated elsewhere.', 'No bloated interface or large methods: there are only a few short methods (constructor, checkOriginFile, get, getEncoder, setAppend, setCharsetEncoder) and no complex logic beyond a small validation in getEncoder().', 'IO and resource cleanup logic is implemented in FileWriterWithEncoding.initWriter rather than in the Builder, indicating proper separation of responsibilities.']"
org_apache_commons_io_output_NullWriter.txt,Insufficient Modularization,class,NullWriter,0,"NullWriter is a small, single-purpose class that cleanly implements the Writer contract by discarding all input. It contains no state (only a singleton INSTANCE and a deprecated alias), overrides Writer methods (write, append, flush, close) with trivial implementations, and delegates input validation to IOUtils. There is no sign of multiple responsibilities, bloated logic, or a large/unwieldy interface—the class is cohesive and minimal—so it does not exhibit insufficient modularization."
org_apache_commons_io_output_ProxyOutputStream.txt,Insufficient Modularization,class,ProxyOutputStream,0,"The class is cohesive and focuses on a single responsibility: proxying an OutputStream and providing extension hooks. It delegates all I/O operations to the protected 'out' stream (constructor and setReference/unwrap), offers small protected hook methods (beforeWrite, afterWrite, handleIOException) for subclasses, and includes a minimal Builder inner class for construction. The additional writeRepeat convenience methods are small, related helpers and do not add unrelated responsibilities. There is no evidence of a bloated interface, excessive size, or mixing of unrelated concerns—so it does not exhibit Insufficient Modularization."
org_apache_commons_lang3_ArrayFill.txt,Insufficient Modularization,class,ArrayFill,0,"ArrayFill is a small, focused utility class whose purpose is a single responsibility: provide fluent-style wrappers around array-filling operations. Although it contains multiple overloaded methods (one per primitive type and a generic variant), each method is tiny and delegates to java.util.Arrays.fill or a simple loop for the failable generator. The class has no state, a private constructor to prevent instantiation, low cyclomatic complexity, and cohesive API surface. There is no evidence of excessive size, mixed responsibilities, or a bloated interface that would indicate insufficient decomposition."
org_apache_commons_lang3_ArrayUtils.txt,Insufficient Modularization,class,org.apache.commons.lang3.ArrayUtils,1,"['Class is extremely large and monolithic: contains hundreds of static methods handling many responsibilities (creation, cloning, searching, inserting, removing, shifting, reversing, swapping, shuffling, conversion between primitive/object arrays, subarray, mapping, toMap, toString, etc.).', 'Heavy duplication of similar logic across primitive types: many nearly-identical method families repeated for boolean, byte, char, double, float, int, long, short and Object (e.g. add/addAll/insert/remove/removeAll/indexesOf/indexOf/lastIndexOf/reverse/shift/shuffle/swap/toObject/toPrimitive for each primitive type), indicating the class groups multiple concerns instead of modular components.', 'Concentration of unrelated responsibilities: ArrayUtils mixes low-level array copying/allocating helpers (arraycopy, copyArrayGrow1, newInstance), search utilities, mutation algorithms (shift, swap, reverse), randomization (shuffle with Random/SecureRandom), and conversion utilities (toPrimitive/toObject/toMap) in one class rather than separate focused modules.', 'Large public API surface (many public static methods and constants such as EMPTY_* arrays and INDEX_NOT_FOUND) increases coupling and makes the class hard to understand, maintain, test, and evolve.', 'Presence of deprecated methods and many overloads suggests evolutionary growth without decomposition (e.g. many @Deprecated add(...) insert variants), further evidence the class has accreted responsibilities over time.', 'Refactoring candidates: split by responsibility and/or element type (e.g. PrimitiveArrayUtils per primitive, ObjectArrayUtils, ArraySearchUtils, ArrayTransformUtils, ArrayMutationUtils, and small internal helpers for allocation/copying) to reduce size, remove duplication, and improve cohesion and maintainability.']"
org_apache_commons_lang3_CachedRandomBits.txt,Insufficient Modularization,class,CachedRandomBits,0,"The class is small and highly cohesive: it encapsulates a single responsibility (efficiently generating random integers of a requested bit length using a byte cache). It has one core public method (nextBits) plus a constructor, and state limited to cache, random, and bitIndex with supporting constants (MAX_CACHE_SIZE, MAX_BITS, BIT_INDEX_MASK, BITS_PER_BYTE). The bit-extraction and cache-replenishment logic belong to the same abstraction and are implemented together; there are no unrelated responsibilities, no large unrelated branches, and the class is package-private and final (used internally by RandomStringUtils). These facts indicate the abstraction is sufficiently modular and does not suffer from insufficient modularization."
org_apache_commons_lang3_Strings_CiStrings.txt,Insufficient Modularization,class,Strings,1,"The Strings class centralizes a large set of responsibilities and a bloated public API: many unrelated string operations (comparison: compare, eq, isNullIsLess; searching: indexOf, lastIndexOf, contains, containsAny, startsWith, endsWith, startsWithAny, endsWithAny; modification: replace, replaceOnce, remove, removeStart, removeEnd, appendIfMissing, prependIfMissing; equality helpers: equals/equalsAny for CharSequence and String) are implemented in a single class. It also contains nested subclasses (CiStrings, CsStrings) that duplicate variant logic for case sensitivity, a Builder, and private static helpers (containsAny, eq). The presence of long, distinct method groups and duplicated/variant implementations indicate multiple cohesive concerns (searching, comparing, mutating, equality) that could be decomposed into smaller, focused modules or strategy classes (e.g., Comparer, Searcher, Replacer, Prefix/Suffix utilities, case-sensitivity strategy). The class size, varied responsibilities and duplicated conditional logic (ignoreCase handling across many methods and parallel inner classes) justify that this class exhibits Insufficient Modularization."
org_apache_commons_lang3_Strings_CsStrings.txt,Insufficient Modularization,class,Strings.CsStrings,0,"CsStrings is a small, focused private static nested class that only implements case-sensitive behavior by overriding a limited set of methods (compare, contains, equals(CharSequence,CharSequence), equals(String,String), indexOf(CharSequence,CharSequence,int), lastIndexOf(CharSequence,CharSequence,int)). It delegates heavy lifting to utilities (CharSequenceUtils, StringUtils) and does not accumulate unrelated responsibilities or a bloated interface. Its scope is cohesive (case-sensitive string operations) and low in complexity and size, so it does not exhibit insufficient modularization."
org_apache_commons_lang3_ThreadUtils_AlwaysTruePredicate.txt,Insufficient Modularization,class,ThreadUtils,1,"['The class concentrates multiple distinct responsibilities: locating threads (findThreads*, findThreadById, findThreadsByName), locating thread groups (findThreadGroups*, findThreadGroupsByName), time-related helpers (sleep, sleepQuietly, join), and low-level utilities (getSystemThreadGroup, namePredicate).', 'Large, mixed public API surface and many overloads increase cohesion pressure: multiple overloads for findThreads/findThreadGroups (Predicate vs deprecated ThreadPredicate/ThreadGroupPredicate), findThreadById variants, and name-based helpers (predicateThread, predicateThreadGroup).', 'Contains several nested classes and interfaces (AlwaysTruePredicate, NamePredicate, ThreadIdPredicate, ThreadPredicate, ThreadGroupPredicate) — many marked @Deprecated — which bloat the class and mix legacy compatibility code with current implementations.', 'Helper implementation details (generic namePredicate, Duration-based join/sleep wrappers using DurationUtils) coexist with high-level query logic and deprecated compatibility shims, indicating mixed abstraction levels that would be better decomposed (e.g., separate Finder, Predicate-compatibility, and Timing utility components).', 'Because responsibilities are concentrated in a single utility class, it is harder to maintain, test, and evolve individual behaviors independently, matching the definition of Insufficient Modularization.']"
org_apache_commons_lang3_Validate.txt,Insufficient Modularization,class,Validate,1,"The Validate class aggregates a very large and diverse set of validation responsibilities into a single utility: numeric range checks (exclusiveBetween/inclusiveBetween for double/long/Comparable), numeric predicates (finite, notNaN), type checks (isAssignableFrom, isInstanceOf), boolean/state checks (isTrue, validState), pattern checks (matchesPattern), null/emptiness checks across arrays/collections/maps/CharSequence (noNullElements, notEmpty, notBlank), index validation for multiple containers (validIndex for array/Collection/CharSequence), message handling helpers (getMessage, toSupplier) and many default message constants. This results in a bloated interface and a long class that mixes multiple concerns (numbers, types, collections, strings, state, and message formatting). The presence of many grouped method variants for different types and many dedicated default message constants indicates the class could be decomposed into smaller, cohesive modules (e.g., NumberValidate, CollectionValidate, StringValidate, TypeValidate, MessageUtils). Such decomposition would improve cohesion, reduce class size/complexity, and make maintenance and evolution easier. Therefore the class exhibits Insufficient Modularization."
org_apache_commons_lang3_builder_HashCodeBuilder.txt,Insufficient Modularization,class,HashCodeBuilder,1,"The HashCodeBuilder class mixes multiple distinct responsibilities instead of delegating them to smaller, focused classes. In addition to the core builder behavior (iTotal/iConstant, append(...), appendSuper(...), toHashCode(), build()), it contains substantial reflection-based logic (reflectionAppend, many reflectionHashCode(...) overloads, use of AccessibleObject/Field, field exclusion logic), a thread-local cyclical-reference registry (REGISTRY, getRegistry(), isRegistered(), register(), unregister()), and array-type dispatching (appendArray and many primitive-array append overloads). This results in a large, bloated interface and class body that handles: (1) building hash codes, (2) reflection traversal and field access, (3) registry lifecycle for cycle detection, and (4) array type dispatch. These concerns could be modularized (e.g., separate ReflectionHashCode helper, Registry/IDKey manager, and array-handling utilities), improving cohesion and maintainability. The presence of many unrelated helper responsibilities and numerous overloads justifies flagging Insufficient Modularization."
org_apache_commons_lang3_compare_ComparableUtils.txt,Insufficient Modularization,class,ComparableUtils,0,"ComparableUtils is small and cohesive: it provides a focused responsibility (translating Comparable.compareTo results to boolean checks and producing Predicate factories). The nested static ComparableCheckBuilder encapsulates related comparison operations (between, betweenExclusive, equalTo, greaterThan, greaterThanOrEqualTo, lessThan, lessThanOrEqualTo) used by the factory methods (is, between, betweenExclusive, gt, ge, lt, le). The two additional methods (min, max) are thin delegations to ObjectUtils and are consistent with the class' concern for Comparable helpers. There is no evidence of a large, bloated interface or unrelated responsibilities that would justify decomposing this class further."
org_apache_commons_lang3_concurrent_CallableBackgroundInitializer.txt,Insufficient Modularization,class,CallableBackgroundInitializer,0,"The class is small and focused: it has a single final field (callable), two constructors, a private null-check helper (checkCallable), an override getTypedException that wraps an Exception for typing, and initialize() that simply delegates to callable.call(). It concentrates one clear responsibility (adapting a Callable to BackgroundInitializer) and delegates execution and lifecycle concerns to the BackgroundInitializer superclass and any provided ExecutorService. There is no evidence of excessive size, multiple unrelated responsibilities, or a bloated interface, so insufficient modularization is not present."
org_apache_commons_lang3_concurrent_EventCountCircuitBreaker_CheckIntervalData.txt,Insufficient Modularization,class,EventCountCircuitBreaker.CheckIntervalData,0,"['The class is a small, focused immutable data holder with only two fields (eventCount, checkIntervalStart), a constructor, simple getters, and a single increment(delta) helper. It encapsulates a single responsibility (holding interval data) and does not combine unrelated concerns.', 'It is private static and used internally by EventCountCircuitBreaker, limiting its scope and exposure, which reduces modularization concerns.', 'No large/complex methods, no bloated interface, and no evidence of mixed responsibilities or excessive size that would indicate insufficient modularization.']"
org_apache_commons_lang3_concurrent_LazyInitializer.txt,Insufficient Modularization,class,LazyInitializer,0,"The class is small and cohesive, focused solely on lazy initialization. It contains a single volatile state field (object), the core get() method implementing double-checked locking, simple lifecycle methods (isInitialized, getTypedException) and small constructors. Complexity and concurrency/error-handling responsibilities are delegated to the AbstractConcurrentInitializer base class and to the nested Builder for construction. There is no large or unrelated set of responsibilities, no bloated public API, and no excessive branching or numerous unrelated methods that would indicate insufficient decomposition."
org_apache_commons_lang3_event_EventListenerSupport.txt,Insufficient Modularization,class,EventListenerSupport,0,"The class is focused on a single cohesive abstraction: managing and dispatching to event listeners. Responsibilities (listener storage 'private List<L> listeners', proxy creation 'createProxy', invocation dispatch 'ProxyInvocationHandler' and the public API addListener/removeListener/fire/getListeners) are all directly related to that abstraction. The ProxyInvocationHandler is a small, encapsulated inner class and there is an extension point 'createInvocationHandler' for customization. Serialization concerns are isolated to readObject/writeObject helper methods and only handle filtering/rehydration of listeners, which is appropriate for a Serializable implementation. Methods are short and well-factored (initializeTransientFields, createProxy, getListeners), so there is no evidence of a bloated class mixing unrelated responsibilities that would indicate insufficient modularization."
org_apache_commons_lang3_exception_CloneFailedException.txt,Insufficient Modularization,class,CloneFailedException,0,"['The class is small and highly cohesive: it only extends RuntimeException and provides three constructors (message, message+cause, cause).', 'There are no large methods, complex logic, or multiple responsibilities concentrated in this class that would indicate it should be decomposed.', 'The public API is minimal and appropriate for an exception type (constructors and a serialVersionUID), and its placement in an exceptions package fits a single, focused responsibility.', 'Therefore there is no evidence of excessive size, bloated interface, or insufficient decomposition in this class.']"
org_apache_commons_lang3_exception_ContextedRuntimeException.txt,Insufficient Modularization,class,ContextedRuntimeException,0,"The class is small and cohesive, delegating contextual behavior to a separate ExceptionContext implementation (field: exceptionContext). Constructors only initialize exceptionContext (possibly with DefaultExceptionContext). Most methods (addContextValue, setContextValue, getContextEntries, getContextLabels, getContextValues, getFirstContextValue, getFormattedExceptionMessage) are thin delegations to exceptionContext, and getMessage simply calls getFormattedExceptionMessage(super.getMessage()). There is no large, complex logic or multiple unrelated responsibilities concentrated in this class, so it does not exhibit insufficient modularization."
org_apache_commons_lang3_function_FailableCallable.txt,Insufficient Modularization,class,FailableCallable,0,"The interface is minimal and cohesive: it declares a single abstract method call() and is annotated @FunctionalInterface. It has no fields, no large or bloated API surface, and a single, well-defined responsibility (a callable that may throw a checked exception). The use of simple generics (R, E extends Throwable) keeps it flexible without adding unrelated responsibilities. Therefore it does not exhibit insufficient modularization."
org_apache_commons_lang3_mutable_Mutable.txt,Insufficient Modularization,class,Mutable,0,"['The interface is minimal and cohesive: it defines a single abstraction (mutable access to a value) via get()/getValue() and setValue(T).', 'Only three API elements exist: default T get() (delegates to getValue()), deprecated T getValue(), and void setValue(T) — no bloated interface or unrelated responsibilities.', 'The default get() method is a small compatibility convenience and reduces duplication; extending Supplier<T> integrates with JDK functional types rather than adding unrelated functionality.', 'The generic type parameter <T> keeps the abstraction focused and reusable across types, indicating good modularization rather than a monolithic class.']"
org_apache_commons_lang3_mutable_MutableFloat.txt,Insufficient Modularization,class,MutableFloat,0,"The class encapsulates a single primitive field (private float value) and exposes a focused set of operations directly related to a mutable float abstraction: constructors, getters/setters (getValue/setValue/toFloat), arithmetic operations (add/subtract, increment/decrement and their get/and variants), numeric conversions (intValue, longValue, floatValue, doubleValue), comparisons and identity methods (compareTo, equals, hashCode), and float-specific checks (isNaN, isInfinite). All methods are cohesive and pertain to the single responsibility of providing a mutable wrapper for a float. The class is small and contains no unrelated responsibilities (no I/O, persistence, UI, or unrelated utilities), so there is no evidence of excessive size, complexity, or a bloated interface that would indicate insufficient modularization."
org_apache_commons_lang3_text_FormatFactory.txt,Insufficient Modularization,class,FormatFactory,0,"The FormatFactory type is a small, cohesive interface with a single responsibility: producing Format instances via one method (Format getFormat(String name, String arguments, Locale locale)). It has no fields, no long methods or bloated API surface, and encapsulates the factory abstraction appropriately. There is no evidence of excessive size, multiple unrelated responsibilities, or a bloated interface that would indicate insufficient modularization. (The class is deprecated, but that relates to library evolution, not a modularization smell in this type.)"
org_apache_commons_lang3_text_StrBuilder_StrBuilderTokenizer.txt,Insufficient Modularization,class,org.apache.commons.lang3.text.StrBuilder.StrBuilderTokenizer,0,"The inner class is very small and focused: it only overrides getContent() and tokenize(char[], int, int) to delegate to StrTokenizer and to the enclosing StrBuilder (calling StrBuilder.this.toString(), StrBuilder.this.buffer, and StrBuilder.this.size()). It has no fields, minimal behavior, and a single clear responsibility (adapting StrTokenizer to read from the enclosing StrBuilder). There is no evidence of excessive size, complexity, or a bloated interface, so Insufficient Modularization is not present."
org_apache_commons_lang3_text_WordUtils.txt,Insufficient Modularization,class,WordUtils,1,"WordUtils groups many distinct responsibilities into a single large utility class: capitalization (capitalize, capitalize(String,char...), capitalizeFully, uncapitalize, uncapitalize(String,char...)), case transformations (swapCase), token/initial extraction (initials, initials(String,char...)), searching (containsAllWords using per-word regex compilation), and complex line-wrapping logic (multiple overloads of wrap that build Patterns, use Matchers and substantial control flow). The wrap(...) method alone contains complex algorithmic logic that could be factored into a dedicated wrapping/TextFormatter class; containsAllWords performs regex compilation inside a loop (search responsibility) that is orthogonal to simple word utilities. The class exposes many public static methods covering multiple cohesive areas of behavior, and even provides a public constructor despite being a static utility. These indicate a bloated interface and multiple responsibilities that should be decomposed into smaller, more focused classes/modules."
org_apache_commons_lang3_time_FastDateFormat.txt,Insufficient Modularization,class,FastDateFormat,0,"[""The class is small and primarily delegates responsibilities: it holds two private final fields 'printer' (FastDatePrinter) and 'parser' (FastDateParser) which encapsulate the formatting and parsing logic respectively."", 'Constructors immediately create FastDatePrinter and FastDateParser (protected FastDateFormat(...)), indicating decomposition of behavior into separate classes rather than consolidating logic here.', 'Nearly all public methods are thin wrappers that delegate to printer or parser (e.g. format(Calendar), format(Date), format(long), parse(String), parse(String, ParsePosition), parse(String, ParsePosition, Calendar)), showing single-responsibility and modular design.', 'The class uses a dedicated cache (private static final AbstractFormatCache<FastDateFormat> CACHE) and static factory methods to obtain instances, keeping caching and creation concerns separated from formatting/parsing implementations.', 'There are no large monolithic methods or duplicated responsibilities inside FastDateFormat; it acts as a façade that composes smaller cohesive components (FastDatePrinter/FastDateParser), so insufficient modularization is not present.']"
org_apache_commons_lang3_time_FastDateParser_NumberStrategy.txt,Insufficient Modularization,class,org.apache.commons.lang3.time.FastDateParser.NumberStrategy,0,"['NumberStrategy is small and focused: it has a single field (field), a constructor, and a small set of behavior methods (isNumber, modify, parse, toString).', 'The parse method implements a single responsibility (parsing a numeric field from the input and setting the Calendar), with clear, limited logic for trimming whitespace, enforcing maxWidth, digit extraction and integer parsing.', 'Extensibility is provided via the protected modify(parser, iValue) hook which allows concise customization in anonymous subclasses (as used elsewhere in this class), showing modular design rather than monolithic functionality.', 'There are no large switch statements, multiple unrelated responsibilities, or bloated public API on NumberStrategy — it delegates locale/text handling to other Strategy subclasses (PatternStrategy, CaseInsensitiveTextStrategy, TimeZoneStrategy), indicating proper decomposition at the class hierarchy level.']"
org_apache_commons_lang3_time_FastDateParser_PatternStrategy.txt,Insufficient Modularization,class,FastDateParser.PatternStrategy,0,"['PatternStrategy is small and focused: it contains a single field (Pattern pattern) and a few related methods (createPattern, parse, isNumber, abstract setCalendar, toString).', 'The class has a single clear responsibility — matching a regex against the input and delegating value handling via setCalendar — which indicates good cohesion rather than a bloated interface.', 'No large methods, numerous unrelated fields, or mixed responsibilities are present within PatternStrategy; more complex behavior is delegated to subclasses and to surrounding classes (Strategy, StrategyAndWidth, StrategyParser), showing appropriate modularization.']"
org_apache_commons_lang3_time_FastDatePrinter_PaddedNumberField.txt,Insufficient Modularization,class,org.apache.commons.lang3.time.FastDatePrinter.PaddedNumberField,0,"PaddedNumberField is small and highly cohesive: it has only two private final fields (field, size), a constructor that validates size, and three public methods (appendTo(Appendable, Calendar), appendTo(Appendable, int), estimateLength) implementing NumberRule. Its sole responsibility is formatting a padded numeric calendar field and it delegates digit formatting to appendFullDigits. It does not accumulate unrelated responsibilities, has a minimal interface, and is already a focused decomposition of functionality within FastDatePrinter, so it does not exhibit insufficient modularization."
org_apache_commons_lang3_time_FastDatePrinter_TwoDigitYearField.txt,Insufficient Modularization,class,FastDatePrinter.TwoDigitYearField,0,"The inner class TwoDigitYearField is small and highly cohesive: it implements NumberRule and provides only three simple methods (appendTo(Appendable, Calendar), appendTo(Appendable, int), and estimateLength()) and a single static INSTANCE. Its responsibility is narrowly focused (formatting a two-digit year), it does not aggregate unrelated responsibilities, and it uses no large state or bloated interface. Therefore it does not exhibit insufficient modularization."
org_apache_commons_lang3_time_StopWatch_State.txt,Insufficient Modularization,class,StopWatch.State,0,"The State enum is small and cohesive: it only defines four constants (RUNNING, STOPPED, SUSPENDED, UNSTARTED) and three abstract query methods (isStarted, isStopped, isSuspended) with constant-specific implementations. It encapsulates a single, well-defined responsibility (representing the running state of StopWatch) and does not contain unrelated logic, large methods, or a bloated interface. The more complex timing behavior (start/stop/suspend/resume/split, time fields, Split/SplitState, Instants) resides in StopWatch itself, so the enum is appropriately modular and does not exhibit insufficient modularization."
org_apache_commons_lang3_tuple_ImmutablePair.txt,Insufficient Modularization,class,ImmutablePair,0,"The class is small and cohesive, representing a single, well-defined abstraction (an immutable pair). It only contains two final fields (public final L left; public final R right;), a constructor, simple accessors (getLeft(), getRight()), one unsupported mutator (setValue() throws UnsupportedOperationException), and a few related static factory/helpers (of(...), ofNonNull(...), nullPair(), left(), right(), emptyArray(), of(Map.Entry)). There is no evidence of multiple unrelated responsibilities, excessive size, or a bloated interface that would justify decomposition. The presence of related factory methods and constants is appropriate for this single responsibility, so Insufficient Modularization is not detected."
org_gradle_api_file_DirectoryProperty.txt,Insufficient Modularization,class,DirectoryProperty,0,"['The interface is small and focused: it declares a limited set of directory-related methods (getAsFile, getAsFileTree, dir, set) in addition to extending Provider<Directory>.', 'All methods are cohesive and pertain to the single abstraction of a directory property (accessing as file/fileTree, deriving subdirectories, setting the value).', 'There is no sign of a bloated API or mixed responsibilities; functionality is delegated to related types (Provider, FileTree, File), indicating appropriate decomposition.', 'Package context (org.gradle.api.file) matches the class responsibility, so no modularization boundaries appear violated.']"
org_gradle_api_tasks_PathSensitivity.txt,Insufficient Modularization,class,PathSensitivity,0,"['The class is an enum (org.gradle.api.tasks.PathSensitivity) with only four constants: ABSOLUTE, NAME_ONLY, NONE, RELATIVE.', 'There are no additional fields, methods, or responsibilities concentrated in this type—its sole responsibility is to represent path sensitivity values.', 'The size and interface are minimal and cohesive; there is no evidence of excessive complexity, bloated interface, or responsibilities that should be split into separate abstractions.']"
org_jsoup_Connection_KeyVal.txt,Insufficient Modularization,class,org.jsoup.Connection.KeyVal,0,"['The KeyVal interface is small and focused: it declares a concise set of methods (key, value, inputStream, hasInputStream, contentType and their setters) that all relate to a single responsibility — representing a form key/value pair (optionally with an uploaded stream and content type).', 'There is no evidence of a bloated interface or unrelated responsibilities: every method pertains to managing the key/value tuple and its associated stream/mimetype.', 'The surrounding package (Connection and its Request/Response APIs) uses KeyVal as a dedicated type for form data (e.g. Connection.data methods), indicating proper separation of concerns rather than accumulation of unrelated functionality in this type.', 'Given its small size, cohesive API, and single clearly defined role, the KeyVal interface does not exhibit insufficient modularization.']"
org_jsoup_helper_AuthenticationHandler_AuthShim.txt,Insufficient Modularization,class,AuthenticationHandler,0,"['The class is small and focused: it primarily implements authentication delegation (getPasswordAuthentication), holds minimal state (auth, attemptCount, handler), and defines a small AuthShim interface and a compact GlobalHandler fallback.', 'There is a clear modular boundary: AuthShim abstracts per-request vs global behavior, and the static initializer/reflection delegates loading of a RequestAuthHandler implementation when available, demonstrating separation of concerns rather than a bloated single class.', 'Nested GlobalHandler is concise (manages a ThreadLocal and installs the system Authenticator) and encapsulates Java 8 fallback behavior; it does not introduce an excessive interface or unrelated responsibilities.', 'No large number of unrelated methods or fields are present; the behavior and responsibilities are cohesive and appropriately decomposed for this purpose.']"
org_jsoup_helper_CookieUtil.txt,Insufficient Modularization,class,CookieUtil,0,"['All methods are small, static helpers focused on a single domain: cookie handling for HTTP connections (applying stored/request cookies to requests, storing response cookies, and parsing cookie strings).', 'Methods map to closely related responsibilities: applyCookiesToRequest (compose Cookie/Cookie2 headers), requestCookieSet (build request cookie set), storeCookies (store to CookieManager and extract Set-Cookie headers), parseCookie (parse single Set-Cookie value), and asUri (URL->URI conversion used for cookie store lookups).', 'The class has no instance state and a minimal, cohesive interface (only cookie-related constants and utilities), so responsibilities are not overly concentrated or unrelated.', 'Methods are small and focused; there is no excessive size, complexity, or a bloated API that would indicate the need to split into multiple abstractions.']"
org_jsoup_helper_HttpClientExecutor.txt,Insufficient Modularization,class,HttpClientExecutor,1,"['The class centralizes multiple distinct responsibilities in one place: HTTP client creation/reuse (client()), request building and sending (execute()), request body construction (requestBody()), response mapping (execute() sets Response fields, StatusMessage()), proxy selection management (static ThreadLocal perRequestProxy and nested ProxyWrap), and resource lifecycle (responseBody(), safeClose()).', 'Large methods combining concerns: execute() handles URI/timeout/cookies/headers, per-request proxy setup, sending the request, reading headers and mapping them into a Response object, and exception handling — mixing I/O, mapping, and control-flow concerns.', 'Client construction mixes configuration concerns (authenticator, sslContext, redirect policy) with reuse logic tied to connection state (req.connection.client, req.connection.lastAuth), indicating a separate ClientFactory or builder would be a clearer split.', 'Proxy handling is implemented as thread-local state plus an inner ProxyWrap selector, which is a distinct responsibility that could be extracted to a dedicated proxy strategy/selector class.', ""Utility-like functionality (StatusMessage mapping, requestBody byte array creation via writePost) resides alongside network execution logic, suggesting these helpers could be modularized to reduce the class's size and surface area."", 'Presence of mutable global-ish state (static ThreadLocal perRequestProxy) and the nested selector increases coupling and makes the class harder to test and evolve; separating concerns would improve cohesion and maintainability.']"
org_jsoup_helper_RequestDispatch.txt,Insufficient Modularization,class,RequestDispatch,0,"['The class is small and focused: one static field (clientConstructor), a static initialization block, and a single get(Request, Response) method.', 'It has a single responsibility (selecting/creating the appropriate RequestExecutor) and delegates actual request handling to HttpClientExecutor or UrlConnectionExecutor, so concerns are separated.', 'No large/bloated interface or many unrelated methods/fields are present; the reflection-based loading of HttpClientExecutor is a lightweight optional-integration mechanism, not evidence of poor decomposition.', 'There is clear modularization: concrete executors encapsulate transport-specific behavior and RequestDispatch acts only as a factory/dispatcher.']"
org_jsoup_nodes_Entities.txt,Insufficient Modularization,class,Entities,1,"The Entities class bundles many distinct responsibilities into one large class: entity data storage and loading (load(), EscapeMode inner enum with nameKeys/codeVals/codeKeys/nameVals, multipoints map, BaseCount/baseSorted), escaping and unescaping logic (escape, escapeString, doEscape, appendEscaped, appendEncoded, appendNbsp, appendApos), charset/encoder handling and caching (CoreCharset, encoderFor, LocalEncoder, canEncode), XML character validation (isValidXmlChar), and prefix matching/parsing utilities (findPrefix, CharacterReader use in load). It also defines multiple configuration flags and large methods (doEscape, appendEscaped, load) that mix parsing, encoding, and formatting logic. The concentration of parsing, data construction, escaping algorithms, and encoding utilities in a single class indicates it is not adequately decomposed and would benefit from splitting into focused modules (e.g., entity data loader/model, escaper, encoder utility, XML validator)."
org_jsoup_parser_ParseErrorList.txt,Insufficient Modularization,class,ParseErrorList,0,"['Class is small and focused: it only stores ParseError elements and enforces a maxSize + initialCapacity.', 'Fields are minimal and primitive (initialCapacity, maxSize); no large, mixed state indicating multiple responsibilities.', 'Public surface is limited: constructors, canAddError(), getMaxSize(), two simple static factories, and clone(). No large or bloated API.', 'Behavior is a thin specialization of ArrayList (size-limiting wrapper); responsibilities are cohesive (error collection/tracking) rather than scattered.', 'No sign of excessive size, complexity, or multiple unrelated responsibilities that would indicate the need to decompose into additional classes.']"
org_jsoup_safety_Cleaner.txt,Insufficient Modularization,class,Cleaner,0,"['The class has a single, well-defined responsibility: sanitize HTML using a Safelist. Public API methods (clean, isValid, isValidBodyHtml) are small and focused on orchestration.', 'Traversal and node-handling logic are factored into a private inner class (CleaningVisitor) that implements NodeVisitor, keeping traversal concerns separate from element creation and attribute filtering.', 'Element creation and attribute filtering are encapsulated in a dedicated private method (createSafeElement) and a small helper data holder (ElementMeta). Special-case logic (e.g. anchor rel=nofollow handling) is localized within that method.', 'The class delegates policy decisions to Safelist (safelist.isSafeTag, safelist.isSafeAttribute, safelist.getEnforcedAttributes), avoiding mixing policy and enforcement into the Cleaner itself.', 'Overall method sizes and responsibilities are limited and cohesive; there is no evidence of a single bloated method or a large set of unrelated responsibilities that would indicate insufficient modularization.']"
org_jsoup_select_Evaluator_IsFirstOfType.txt,Insufficient Modularization,class,Evaluator,1,"The Evaluator class file contains a very large number of distinct evaluator implementations as nested static classes, concentrating many responsibilities in one class. Examples include Tag, TagStartsWith, TagEndsWith, Id, Class, Attribute, AttributeStarting, AttributeWithValue, AttributeWithValueNot, AttributeWithValueStarting, AttributeWithValueEnding, AttributeWithValueContaining, AttributeWithValueMatching, AttributeKeyPair, AllElements, IndexLessThan, IndexGreaterThan, IndexEquals, IsLastChild, IsFirstOfType, IsLastOfType, CssNthEvaluator, IsNthChild, IsNthLastChild, IsNthOfType, IsNthLastOfType, IsFirstChild, IsRoot, IsOnlyChild, IsOnlyOfType, IsEmpty, IndexEvaluator, ContainsText, ContainsWholeText, ContainsWholeOwnText, ContainsData, ContainsOwnText, Matches, MatchesOwn, MatchesWholeText, MatchesWholeOwnText, and deprecated MatchText. These nested classes cover multiple orthogonal concerns (attribute matching, positional selectors, text/regex matching, node handling, deprecated DOM transformation) and many have their own state and behavior (e.g. AttributeKeyPair normalization/quoting logic, CssNthEvaluator position calculation, Regex-based matchers). The file is large and mixes factory/base behavior with many concrete implementations instead of modularizing them into separate, cohesive classes or files. This concentration increases size, cognitive complexity, and maintenance burden and indicates insufficient decomposition of the evaluator abstractions."
org_jsoup_select_Evaluator_IsLastOfType.txt,Insufficient Modularization,class,Evaluator.IsLastOfType,0,"Evaluator.IsLastOfType is a minimal, focused inner class: it only defines a constructor that calls the superclass (IsNthLastOfType) with fixed parameters and an overridden toString(). It delegates behavior to the superclass and does not contain large methods, multiple responsibilities, or a bloated interface. While the outer Evaluator class hosts many inner evaluator types, this specific class is small and cohesive, so it does not exhibit insufficient modularization."
org_jsoup_select_Evaluator_IsNthLastOfType.txt,Insufficient Modularization,class,Evaluator.IsNthLastOfType,0,"Evaluator.IsNthLastOfType is small and cohesive: it only defines a constructor, overrides calculatePosition(Element root, Element element) to count matching following-siblings, and getPseudoClass() returning ""nth-last-of-type"". It has no extraneous fields or responsibilities, inherits common behavior from CssNthEvaluator, and encapsulates a single, well-defined piece of logic. There is no evidence of a bloated interface, large size, or mixed responsibilities within this class."
org_tensorflow_op_Ops.txt,Insufficient Modularization,class,org.tensorflow.op.Ops,1,"['The Ops class provides a very large, monolithic API surface exposing hundreds of public factory methods for many unrelated operations (examples: constant(...), assign(...), reshape(...), gather(...), scatterNd(...), tensorArray..., resourceScatter..., etc.).', 'It imports and directly delegates to a huge number of operation classes (many org.tensorflow.op.core.* and other op packages) and centralizes creation logic via a single Scope instance, concentrating many responsibilities that span math, io, image, linalg, random, signal, train, quantization, and more.', 'Although it declares subgroup fields (nn, summary, image, data, io, ...), the class still contains an excessively large flat set of methods rather than cleanly partitioning functionality into cohesive modules. The size and breadth of the class (and its bloated public interface) make it hard to understand, maintain, and evolve — matching the Insufficient Modularization smell.']"
