smell,package,detection,justification
,,0,The class EnumInner has no explicit dependencies (incoming or outgoing) with other abstractions in the provided code snippet.
,,0,The class has only one outgoing dependency (Random) and no incoming dependencies. It does not have dependencies with a large number of other abstractions.
,,0,"The class has no explicit dependencies (incoming or outgoing) with other abstractions. It only contains nested class definitions without any import statements, method parameters, return types, or field declarations that would create dependencies."
,,0,The class has only 1 outgoing dependency (to InnerClassContainer) and 0 incoming dependencies. It does not have dependencies with a large number of other abstractions.
,,0,"The class has only one incoming dependency (from main method) and no outgoing dependencies to other abstractions. All methods are private and only interact with the internal data array, not with other classes or abstractions."
,,0,The class has only one incoming dependency (from PartialEscapeFail.run()) and no outgoing dependencies to other abstractions. It does not have dependencies with a large number of other abstractions.
,,0,The class has only one outgoing dependency (StringBuilder) and no incoming dependencies from other abstractions. It does not have dependencies with a large number of other abstractions.
,,0,"The class has only two fields (one static, one non-static) and no explicit method declarations or dependencies on other abstractions. There are no incoming or outgoing dependencies with a large number of other abstractions."
,,0,"The class has only two incoming dependencies (imports of NotNull and Nullable) and no outgoing dependencies to other abstractions, which does not constitute a large number of dependencies in either direction."
,,0,"The class has only 2 outgoing dependencies (Gson and GsonBuilder) and 0 incoming dependencies from other classes in the provided context. It contains 3 inner classes but they are part of the same abstraction. The total number of distinct external dependencies is small, not meeting the threshold for Hub-like Modularization."
,,1,"ParserConfiguration has dependencies with a large number of other abstractions. Incoming dependencies: ParseResult, Providers, UnicodeEscapeProcessingProvider, Validator, Node, PostProcessors, SymbolResolver, LineEndingProcessingProvider, JavaParser, StaticJavaParser, Processor, CommentsInserter, SourceRoot, CollectionStrategy, ProjectRoot, SourceZip, ParserCollectionStrategy, MetaModelGenerator, CoreGenerator. Outgoing dependencies: LanguageLevel enum (which depends on many validator and post-processor classes), ParseResult, Node, CompilationUnit, SymbolResolver, Validator, PostProcessors, Processor, Provider, UnicodeEscapeProcessingProvider, LineEndingProcessingProvider, CommentsInserter, ProblemReporter, and various language-level validators and post-processors. The class acts as a central configuration hub coordinating parsing behavior across the entire JavaParser system."
,,0,"The Position class has minimal dependencies: it only imports java.util.Objects and uses assertNotNull from utils. It has no outgoing dependencies to other abstractions in the provided context, and only Node and Range have incoming dependencies to Position. This limited number of dependencies does not meet the threshold for Hub-like Modularization."
,,0,"The interface has only one outgoing dependency (Expression) and one incoming dependency (Optional), which is far below the threshold for hub-like modularization. It defines a single method with minimal coupling."
,,0,"The interface has only 2 outgoing dependencies (Node and TypeParameter) and 1 incoming dependency (StaticJavaParser uses it). This small number of dependencies does not meet the criteria for Hub-like Modularization, which requires a large number of both incoming and outgoing dependencies."
,,0,The interface has only one incoming dependency (extends NodeWithModifiers) and one outgoing dependency (import of PROTECTED keyword). It does not have dependencies with a large number of other abstractions.
,,1,"AstObserver has incoming dependencies from Node (via register, unregister, isRegistered methods), NodeList (via register, unregister, isRegistered methods), and LexicalPreservingPrinter.Observer (extends PropagatingAstObserver which implements AstObserver). It has outgoing dependencies to Node (parameter type in propertyChange, parentChange, listChange, listReplacement), NodeList (parameter type in listChange, listReplacement), and ObservableProperty (parameter type in propertyChange). This constitutes a large number of both incoming and outgoing dependencies with other abstractions."
,,0,"AstObserverAdapter has only 4 outgoing dependencies (Node, NodeList, ObservableProperty, and AstObserver interface it implements) and no incoming dependencies from other classes in the provided context. This does not meet the threshold for a large number of dependencies in both directions."
,,0,The class has only 2 incoming dependencies (from Node and NodeList) and 2 outgoing dependencies (to Node and NodeList). This is a small number of dependencies that does not meet the threshold for Hub-like Modularization.
,,1,"ModifierValidator has dependencies with 12 other abstractions: ProblemReporter, ClassOrInterfaceDeclaration, ModuleRequiresDirective, SeparatedItemStringBuilder, MethodDeclaration, CatchClause, AnnotationDeclaration, Modifier, ConstructorDeclaration, LambdaExpr, VariableDeclarationExpr, FieldDeclaration, EnumDeclaration, TypeDeclaration, and AnnotationMemberDeclaration. It receives dependencies from VisitorValidator (inheritance) and provides dependencies to all these classes through its validation methods, making it a hub with both incoming and outgoing dependencies to a large number of other abstractions."
,,0,"The class has no explicit dependencies declared in the provided code. It only extends Java21PostProcessor, which constitutes a single outgoing dependency. There are no incoming dependencies visible in the given context."
,,0,The class has only one outgoing dependency (extends Java23PostProcessor) and no incoming dependencies are visible in the provided code. This does not meet the threshold of having dependencies with a large number of other abstractions.
,,0,"The class has only 2 incoming dependencies (NodeGenerator, SourceRoot) and 5 outgoing dependencies (BaseNodeMetaModel, CompilationUnit, ClassOrInterfaceDeclaration, MethodDeclaration, PropertyMetaModel). This is a small number of dependencies that does not indicate hub-like modularization."
,,1,"SourceRoot has incoming dependencies from BndGenerator (extends Generator which uses SourceRoot) and many outgoing dependencies: JavaParser, ParseProblemException, ParseResult, ParserConfiguration, CompilationUnit, DefaultPrettyPrinter, various java.nio and java.util classes, ForkJoinPool, RecursiveAction, and others. It acts as a central hub for file parsing operations with numerous dependencies."
,,1,"SourceRoot has numerous incoming dependencies (used by EqualsVisitorGenerator and other classes in the codebase) and outgoing dependencies (imports JavaParser, CompilationUnit, ParserConfiguration, ParseResult, Path, Files, List, Map, ConcurrentHashMap, ForkJoinPool, RecursiveAction, Function, Pattern, Charset, IOException, and many other classes). It acts as a central hub for file parsing operations with extensive coupling to multiple system and domain abstractions."
,,0,"The class has only 4 incoming dependencies (VisitorGenerator, BaseNodeMetaModel, MethodDeclaration, BlockStmt) and 0 outgoing dependencies, which is not a large number of dependencies in either direction."
,,0,"The class has no explicit dependencies (incoming or outgoing) with other abstractions. It only defines enum constants and static string fields, showing no hub-like coupling."
,,1,"BaseNodeMetaModel has incoming dependencies from multiple visitor generator classes (CloneVisitorGenerator, EqualsVisitorGenerator, HashCodeVisitorGenerator, etc.), NodeGenerator classes (AcceptGenerator, CloneGenerator, GetMetaModelGenerator, etc.), and other classes like JavaParserJsonSerializer and JavaParserJsonDeserializer. It also has outgoing dependencies to Node, NodeList, PropertyMetaModel, and other metamodel classes. The high number of both incoming and outgoing dependencies indicates hub-like modularization."
,,1,"JavaParserMetaModel has a large number of incoming dependencies (it is referenced by many other classes like BinaryExpr via getMetaModel() and JavaParserMetaModel.binaryExprMetaModel) and outgoing dependencies (it contains static references to over 100 other MetaModel classes, initializes them, and manages their relationships through lists and property configurations)."
,,0,CompilationUnitMetaModel has only 4 outgoing dependencies (PropertyMetaModel fields) and no incoming dependencies shown in the provided context. This does not constitute a large number of dependencies in either direction.
,,1,"JavaParserMetaModel has a large number of incoming dependencies (it is referenced by many other classes like JavadocComment via getMetaModel()) and outgoing dependencies (it contains static references to over 100 different MetaModel classes, initializes them, and manages their relationships through extensive initialization methods)."
,,1,"JavaParserMetaModel has a large number of incoming dependencies (it is referenced by all AST node classes via getMetaModel() method, as seen in RecordPatternExpr) and outgoing dependencies (it contains static fields for all node meta models, initializes property meta models for all node types, and manages constructor parameters for all meta models). The class centralizes dependencies for the entire metamodel system, acting as a hub."
,,1,"JavaParserMetaModel has dependencies with a large number of other abstractions. It contains static fields for 112 different MetaModel classes (e.g., nodeMetaModel, bodyDeclarationMetaModel, expressionMetaModel, etc.), initializes constructor parameters for numerous MetaModel classes in initializeConstructorParameters(), adds all node meta models to a list in initializeNodeMetaModels(), and creates property meta models for many classes in initializePropertyMetaModels(). This creates both incoming dependencies (other classes reference JavaParserMetaModel's static fields) and outgoing dependencies (JavaParserMetaModel references many other MetaModel classes)."
,,1,"JavaParserMetaModel has dependencies with a large number of other abstractions (over 100 meta model classes). It contains static fields referencing numerous meta model classes (e.g., stringLiteralExprMetaModel, nodeMetaModel, bodyDeclarationMetaModel, etc.), initializes them in static blocks, and maintains a list of all node meta models. Additionally, it has methods that operate on these many dependencies, making it a central hub in the metamodel package."
,,0,TypeParameterMetaModel has only 2 outgoing dependencies (PropertyMetaModel fields) and inherits from ReferenceTypeMetaModel. It does not have a large number of incoming or outgoing dependencies compared to other classes in the system like JavaParserMetaModel or PropertyMetaModel.
,,1,"JavaParserMetaModel has dependencies with a large number of other abstractions. It contains static fields for 112 different MetaModel classes (e.g., nodeMetaModel, bodyDeclarationMetaModel, callableDeclarationMetaModel, etc.), initializes property meta models for all these classes in initializePropertyMetaModels() method, and maintains a list of all node meta models in nodeMetaModels. This makes it a central hub with both incoming and outgoing dependencies to virtually all other meta model classes in the system."
,,1,"JavaParserMetaModel has dependencies with a large number of other abstractions. It contains static references to 134 different meta-model classes (e.g., nodeMetaModel, bodyDeclarationMetaModel, expressionMetaModel, etc.), imports 3 classes, and is referenced by VariableDeclarationExpr and other AST node classes. The class acts as a central hub that aggregates and initializes all meta-model components in the system."
,,0,CsmComment has only 2 incoming dependencies (from CsmOrphanCommentsEnding and itself) and 2 outgoing dependencies (to Comment and SourcePrinter). This small number of dependencies does not meet the threshold for Hub-like Modularization.
,,1,"The class has dependencies with 6 other abstractions: Indentation, ConfigurationOption, DefaultPrinterConfiguration, PrinterConfiguration, PrettyPrintVisitor, and PrettyPrinter. It has incoming dependencies from PrettyPrintVisitor and PrettyPrinter, and outgoing dependencies to Indentation, ConfigurationOption, DefaultPrinterConfiguration, and PrinterConfiguration. This large number of both incoming and outgoing dependencies indicates hub-like modularization."
,,0,"ChildTextElement has only 2 incoming dependencies (from NodeText and LexicalPreservingPrinter) and 2 outgoing dependencies (to Node and LexicalPreservingVisitor), which does not constitute a large number of dependencies in either direction."
,,1,"The class has dependencies with a large number of other abstractions: incoming dependencies (DifferenceElement, Reshuffled, Added, Kept, Removed, NodeText, TextElement, DifferenceElementCalculator, PeekingIterator, ArrayIterator) and outgoing dependencies (CsmElement, CsmMix, CsmToken, List, Map, HashMap, LinkedList, ArrayList, EnumMap, Iterator, Comparator, Optional). The total number of distinct dependency abstractions exceeds typical thresholds for hub-like modularization."
,,0,"TextElementMatchers has only 2 outgoing dependencies (TextElementMatcher and Node) and no incoming dependencies, which does not constitute a large number of dependencies. It serves as a simple factory utility class with minimal coupling."
,,1,"The Solver interface has 14 method declarations with incoming dependencies from JavaParserFacade, TypeExtractor, and Context, and outgoing dependencies to SymbolReference, ResolvedValueDeclaration, ResolvedTypeDeclaration, Value, MethodUsage, ResolvedType, Node, Context, and Type. This large number of both incoming and outgoing dependencies indicates it acts as a central hub in the resolution system."
,,1,"ResolvedDeclaration has incoming dependencies from 6 other abstractions (ResolvedMethodDeclaration, ResolvedTypeDeclaration, ResolvedTypePatternDeclaration, ResolvedParameterDeclaration, ResolvedFieldDeclaration, ResolvedEnumConstantDeclaration) that extend it, and outgoing dependencies to 6 other abstractions (ResolvedFieldDeclaration, ResolvedParameterDeclaration, ResolvedTypeDeclaration, ResolvedMethodDeclaration, ResolvedEnumConstantDeclaration, ResolvedTypePatternDeclaration) through its asX() methods and return types, making it a hub with both high incoming and outgoing dependencies."
,,0,"ResolvedRecordDeclaration has only 3 incoming dependencies (extends ResolvedReferenceTypeDeclaration, ResolvedTypeParametrizable, HasAccessSpecifier) and 2 outgoing dependencies (ResolvedReferenceType, ResolvedConstructorDeclaration), which does not constitute a large number of dependencies in either direction."
,,1,"ResolvedTypeParametrizable has incoming dependencies from multiple classes (ReflectionTypeParameter, JavaParserTypeParameter, JavassistUtils, JavassistTypeParameter, ResolvedTypeParameterDeclaration) and outgoing dependencies to ResolvedTypeParameterDeclaration. It serves as a central hub connecting type parameter containers with type parameter declarations across the codebase."
,,1,"ConstructorResolutionLogic has dependencies with 6 other abstractions: SymbolReference, ResolvedConstructorDeclaration, TypeSolver, ResolvedType, ResolvedArrayType, and MethodResolutionLogic. It also has incoming dependencies from JavaParserFacade and JavaParserTypeDeclarationAdapter. This high number of both incoming and outgoing dependencies indicates hub-like modularization."
,,1,"The class has dependencies with a large number of other abstractions: ResolvedMethodDeclaration, ResolvedType, TypeSolver, MethodUsage, ResolvedReferenceType, ResolvedArrayType, ResolvedWildcard, ResolvedTypeParameterDeclaration, LambdaArgumentTypePlaceholder, SymbolReference, FunctionalInterfaceLogic, MethodAmbiguityException, ResolvedMethodLikeDeclaration, ResolvedParameterDeclaration, ResolvedReferenceTypeDeclaration, ResolvedTypeVariable, ResolvedPrimitiveType, and various context classes (MethodCallExprContext, LambdaExprContext, etc.). It acts as a central hub for method resolution logic, coordinating interactions between many different type and declaration abstractions."
,,0,"ResolvedArrayType has only 2 outgoing dependencies (ResolvedType and ResolvedTypeParameterDeclaration) and 1 incoming dependency (from ArrayType). This is far below the threshold for hub-like modularization, which requires a large number of both incoming and outgoing dependencies."
,,0,ResolvedWildcard has only 2 incoming dependencies (ResolvedType and Context) and 2 outgoing dependencies (ResolvedTypeParameterDeclaration and Map). This limited number of dependencies does not meet the threshold for Hub-like Modularization.
,,0,"The interface has only 2 outgoing dependencies (ResolvedTypeParameterDeclaration and ResolvedType) and 0 incoming dependencies shown in the provided context, which does not constitute a large number of dependencies."
,,1,"JavaParserMetaModel has dependencies with a large number of other abstractions. It contains static references to 134 different meta-model classes (e.g., nodeMetaModel, bodyDeclarationMetaModel, annotationExprMetaModel, etc.), initializes them in static blocks, and provides access methods. This creates both incoming dependencies (other classes depend on it for meta-model retrieval) and outgoing dependencies (it depends on all meta-model classes), making it a central hub in the metamodel package."
,,0,DefaultCacheStats has only one incoming dependency (implements CacheStats interface) and no outgoing dependencies to other abstractions besides the CacheStats interface. It does not have dependencies with a large number of other abstractions.
,,0,"InMemoryCache has only 2 dependencies: Cache interface (incoming) and DefaultCacheStats (internal). It has no outgoing dependencies to many abstractions, and the total number of dependent abstractions is small."
,,0,"The class has only 2 incoming dependencies (VariableDeclarator, TypeSolver) and 1 outgoing dependency (VariableDeclarator), which is far below the threshold for hub-like modularization. It's a simple context class with minimal coupling."
,,0,"The class has only 2 incoming dependencies (from AbstractSymbolDeclarator and JavaParserSymbolDeclaration) and 2 outgoing dependencies (to TypeSolver and JavaParserSymbolDeclaration), which is not a large number of dependencies in either direction."
,,1,"The class has numerous incoming dependencies (it implements ResolvedEnumDeclaration, MethodResolutionCapability, MethodUsageResolutionCapability, SymbolResolutionCapability, and extends AbstractTypeDeclaration) and outgoing dependencies (it imports and uses many other abstractions including TypeSolver, Context, MethodUsage, ResolvedReferenceType, ResolvedType, SymbolReference, JavassistUtils, JavassistTypeDeclarationAdapter, JavassistFactory, and various Resolved*Declaration interfaces). It acts as a central hub connecting multiple abstractions in the system."
,,0,"JavassistParameterDeclaration has only 3 incoming dependencies (ResolvedParameterDeclaration, ResolvedType, TypeSolver) and 0 outgoing dependencies to other abstractions, which does not constitute a large number of dependencies that would indicate Hub-like Modularization."
,,0,The class has only 2 outgoing dependencies (ReflectionEnumDeclaration and TypeSolver) and 1 incoming dependency (from ReflectionEnumDeclaration). This small number of dependencies does not meet the criteria for Hub-like Modularization.
,,1,"ReflectionInterfaceDeclaration has dependencies with 15 other abstractions: Context, TypeSolver, ReferenceTypeImpl, ReflectionFactory, MethodUsage, ResolvedInterfaceDeclaration, ResolvedReferenceTypeDeclaration, SymbolReference, ReflectionMethodResolutionLogic, AccessSpecifier, ResolvedFieldDeclaration, InferenceContext, Node, ResolvedType, and ReflectionClassAdapter. It also implements 4 interfaces: ResolvedInterfaceDeclaration, MethodResolutionCapability, MethodUsageResolutionCapability, and SymbolResolutionCapability."
,,0,"The class has only 2 incoming dependencies (ResolvedType and ConditionalExprHandler) and no outgoing dependencies to other abstractions, which does not constitute a large number of dependencies in either direction."
,,0,"The class has only 2 outgoing dependencies (ConditionalExprHandler, ResolvedType) and 1 incoming dependency (from TypeExtractor). This does not constitute a large number of dependencies in either direction."
,,0,"SubtypeOfBound has limited dependencies: it extends Bound, uses ResolvedType, and interacts with TypeHelper and InferenceVariable. It has only 2 outgoing dependencies (ResolvedType, TypeHelper) and 1 incoming dependency (BoundSet). This does not constitute a large number of dependencies in both directions."
,,0,The Log class has only one outgoing dependency (to CodeGenerationUtils.f) and no incoming dependencies from other classes shown in the input. It provides a simple logging facade with minimal coupling.
,,1,"SourceRoot has dependencies with a large number of other abstractions: incoming dependencies from ParseResult, JavaParser, ParserConfiguration, CompilationUnit, Log, CodeGenerationUtils, Utils, and multiple demo classes; outgoing dependencies to JavaParser, ParseResult, CompilationUnit, ParserConfiguration, Path, Files, ConcurrentHashMap, ForkJoinPool, RecursiveAction, Function, Pattern, and many other Java and JavaParser classes. It acts as a central hub for parsing operations, coordinating between file system access, parsing configuration, result caching, and parallel processing."
,,1,"The SourceRoot class has dependencies with a large number of other abstractions. Incoming dependencies include usage by its inner classes (Callback, ParallelParse) and potentially external callers. Outgoing dependencies include imports of JavaParser, ParseProblemException, ParseResult, ParserConfiguration, CompilationUnit, DefaultPrettyPrinter, and numerous java.nio and java.util classes (Files, Path, ConcurrentHashMap, ForkJoinPool, etc.). It also depends on utility classes like Log and CodeGenerationUtils. The class acts as a central hub for file parsing operations, coordinating between file system access, parsing logic, configuration, caching, and parallel execution."
,,0,"SourceZip has only 4 direct dependencies (JavaParser, ParserConfiguration, ParseResult, and its own Callback interface). It has 2 incoming dependencies (from itself via Callback and from unspecified callers). This small number of dependencies does not meet the threshold for Hub-like Modularization."
,,1,"The class AbstractWatchService has incoming dependencies from its inner classes Event and Key, and outgoing dependencies to numerous external classes (e.g., WatchService, WatchKey, WatchEvent, Watchable, BlockingQueue, AtomicBoolean, AtomicInteger, AtomicReference, ImmutableSet, ImmutableList, IOException, ClosedWatchServiceException, TimeUnit). It also manages and interacts with many abstractions, acting as a central hub for watch service operations."
,,1,"The class has dependencies with a large number of other abstractions: it implements WatchService interface, depends on WatchKey, WatchEvent, Watchable from java.nio.file, uses multiple concurrency classes (BlockingQueue, AtomicBoolean, AtomicInteger, AtomicReference), imports utility classes from com.google.common (Preconditions, MoreObjects, ImmutableList, ImmutableSet), and contains two inner classes (Event and Key) that further increase dependency connections."
,,0,"The class has dependencies on a limited number of abstractions: HeapDisk, FileTimeSource, Directory, RegularFile, SymbolicLink, JimfsPath, and Supplier. It does not exhibit a large number of both incoming and outgoing dependencies; it primarily creates and supplies file objects, acting as a focused factory rather than a hub."
,,0,"The Handler class has minimal dependencies: it extends URLStreamHandler, uses PathURLConnection, and interacts with basic Java classes (URL, URLConnection, InetAddress, System). It has only one outgoing dependency (PathURLConnection) and no incoming dependencies from other abstractions in the provided context, which does not meet the criteria of having dependencies with a large number of other abstractions."
,,0,The View class has only 2 incoming dependencies (OwnerAttributeProvider and AbstractAttributeView) and 2 outgoing dependencies (FileOwnerAttributeView and FileLookup). It does not have dependencies with a large number of other abstractions.
,,1,"The class has incoming dependencies from URLConnection and outgoing dependencies to numerous abstractions including java.nio.file.Files, java.nio.file.Paths, java.net.URL, java.net.URI, java.io.InputStream, com.google.common.base.Ascii, com.google.common.base.MoreObjects, com.google.common.collect.ImmutableListMultimap, com.google.common.collect.Iterables, java.text.DateFormat, java.nio.file.DirectoryStream, and multiple other Java standard library classes."
,,1,"DocBuilder has dependencies with 7 other abstractions: Doc, Doc.Level, Indent, Op, OpenOp, CloseOp, and Doc.Break. It receives incoming dependencies from Op implementations (Token, Space, Break, Tok, OpenOp, CloseOp) and has outgoing dependencies to Doc, Doc.Level, and Indent. This high number of both incoming and outgoing dependencies indicates hub-like modularization."
,,0,The class has only one outgoing dependency (to FormatterDiagnostic) and no incoming dependencies are shown in the provided context. This does not meet the criteria of having dependencies with a large number of other abstractions.
,,1,"The Indent class has dependencies with a large number of other abstractions. It has incoming dependencies from JavaInputAstVisitor (which imports and uses Indent, Indent.Const, Indent.If), Doc (which uses Indent), Doc.Level (which uses Indent), Doc.Token (which uses Indent), Doc.Break (which uses Indent), OpenOp (which uses Indent), and OpsBuilder (which uses Indent.Const). It also has outgoing dependencies to Doc.Level and Doc.Break through its abstract definition and usage in conditional indentation logic. This high number of both incoming and outgoing dependencies indicates hub-like modularization."
,,0,"UiFormatterStyle has only 2 dependencies: incoming from GoogleJavaFormatConfigurable (via styleComboBox usage) and outgoing to JavaFormatterOptions (via Style enum). This is a small number of dependencies in both directions, not meeting the threshold for Hub-like Modularization."
,,0,The class has only 2 incoming dependencies (AutoService annotation and Tool interface) and 2 outgoing dependencies (Main class and PrintStream). This low number of dependencies does not meet the threshold for Hub-like Modularization.
,,1,"The class has dependencies with a large number of other abstractions. It imports 85 classes/packages (including static imports) from various packages (com.google.common.*, com.google.googlejavaformat.*, com.sun.source.tree.*, com.sun.tools.javac.*, java.util.*, javax.lang.model.element, org.jspecify.annotations). It also defines 10 inner enum types and 2 inner static classes (AnnotationOrModifier and DeclarationModifiersAndTypeAnnotations). The class implements 78 visit methods for different AST node types, showing extensive incoming dependencies from the TreePathScanner base class and outgoing dependencies to numerous tree types and utility classes."
,,1,"The class has dependencies with a large number of other abstractions: it imports 78 classes/packages (including com.google.googlejavaformat.*, com.google.common.*, com.sun.source.tree.*, com.sun.tools.javac.*, java.util.*, javax.lang.model.element.Name, org.jspecify.annotations.Nullable), extends TreePathScanner, and contains multiple inner enum classes and static nested classes (AnnotationOrModifier, DeclarationModifiersAndTypeAnnotations). It also references numerous AST node types from com.sun.source.tree package and interacts with multiple utility classes from the google-java-format framework."
,,1,"The class JavacTokens has dependencies with a large number of other abstractions: incoming dependencies from imports (com.google.common.base.Preconditions, com.google.common.collect.ImmutableList, com.google.common.collect.toImmutableList, com.sun.tools.javac.parser.JavaTokenizer, com.sun.tools.javac.parser.Scanner, com.sun.tools.javac.parser.ScannerFactory, com.sun.tools.javac.parser.Tokens.Comment, com.sun.tools.javac.parser.Tokens.Comment.CommentStyle, com.sun.tools.javac.parser.Tokens.Token, com.sun.tools.javac.parser.Tokens.TokenKind, com.sun.tools.javac.util.Context, java.util.HashMap, java.util.Map, java.util.Set) and outgoing dependencies through its inner classes (RawTok, CommentSavingTokenizer, CommentWithTextAndPosition, AccessibleScanner) and their method signatures."
,,1,"Main has incoming dependencies from UsageException (via super constructor call), CommandLineOptionsParser (via parse method), and FormatFileCallable (via constructor and Result class). It has outgoing dependencies to CommandLineOptions, JavaFormatterOptions, FormatFileCallable, ExecutorService, ExecutorCompletionService, PrintWriter, InputStream, Path, Files, and multiple Java standard library classes. This large number of both incoming and outgoing dependencies indicates it acts as a central hub coordinating many other abstractions."
,,0,"The ModifierTokens class has only one incoming dependency (from ModifierOrderer) and no outgoing dependencies to other abstractions. It only depends on standard Java types (ImmutableList, Modifier) and its own parent class, not a large number of other abstractions."
,,1,"The class RemoveUnusedImports has dependencies with a large number of other abstractions. It imports 28 different classes/packages (including static imports) from various libraries (com.google.common, com.sun.source, com.sun.tools.javac, javax.tools, java.lang.reflect, java.util, org.jspecify). Additionally, it contains inner classes (UnusedImportScanner, DocTreeScanner, ReferenceScanner) that further increase its coupling. The class acts as a central hub coordinating parsing, scanning, and replacement operations for import removal."
,,0,"The LongStringsAndTextBlockScanner inner class has minimal dependencies: it only depends on its enclosing class Reflower (for input, columnLimit, lineMap, and unit fields) and standard Java/Sun compiler APIs (TreePathScanner, Tree, LiteralTree, Kind). It does not have a large number of incoming or outgoing dependencies with other abstractions."
,,1,"JavadocWriter has dependencies with a large number of other abstractions: it imports and uses Token, Token.Type, JavadocFormatter, NestingCounter, and its own inner enums RequestedWhitespace and AutoIndent. It also has numerous outgoing dependencies through its many write methods that handle different Token types, and incoming dependencies from JavadocFormatter which calls its methods extensively."
,,1,"JsonArray has dependencies with a large number of other abstractions: incoming dependencies from JsonElement (parent), JsonTreeReader, JsonTreeWriter, ProtoTypeAdapter, and RawCollectionsExample; outgoing dependencies to JsonElement, JsonNull, JsonPrimitive, NonNullElementWrapperList, ArrayList, List, Iterator, Number, String, Boolean, Character, BigDecimal, BigInteger, and various primitive types. This high number of both incoming and outgoing dependencies indicates hub-like modularization."
,,1,"JsonParser has incoming dependencies from JsonSyntaxException, JsonIOException, Strictness, JsonReader, Streams, JsonToken, JsonElement, and RawCollectionsExample. It has outgoing dependencies to JsonElement, StringReader, JsonReader, JsonIOException, JsonSyntaxException, MalformedJsonException, JsonToken, Strictness, Streams, and JsonParseException. This large number of both incoming and outgoing dependencies indicates it acts as a central hub for JSON parsing operations."
,,1,"GraphAdapterBuilder has dependencies with a large number of other abstractions. Incoming dependencies: GsonBuilder (via registerOn method), InstanceCreator (via addType method), Type (parameter). Outgoing dependencies: Gson, GsonBuilder, InstanceCreator, TypeAdapter, TypeAdapterFactory, JsonElement, JsonReader, JsonWriter, JsonToken, TypeToken, ConstructorConstructor, ObjectConstructor, Map, Queue, ArrayDeque, HashMap, IdentityHashMap, Collections, ThreadLocal, IOException, Type (java.lang.reflect). The class acts as a central hub connecting many different components of the Gson serialization system."
,,0,"The class has only 2 incoming dependencies (from ReflectionAccessFilter and ConstructorConstructor) and 2 outgoing dependencies (to ReflectionAccessFilter and JavaVersion). This small number of dependencies does not meet the criteria for Hub-like Modularization, which requires a large number of both incoming and outgoing dependencies."
,,0,"The class has only 3 outgoing dependencies (ConstructorConstructor, GsonTypes, ObjectConstructor) and 1 incoming dependency (TypeAdapterFactory interface). This does not constitute a large number of dependencies that would indicate Hub-like Modularization."
,,0,"NumberTypeAdapter has only 2 incoming dependencies (Gson and ToNumberStrategy) and 2 outgoing dependencies (ToNumberStrategy and JsonReader). This does not constitute a large number of dependencies in either direction, so it does not meet the criteria for Hub-like Modularization."
,,1,"The class has dependencies with a large number of other abstractions: it imports 25 classes from various packages (com.google.gson, com.google.gson.internal, com.google.gson.internal.reflect, com.google.gson.reflect, com.google.gson.stream, java.io, java.lang.reflect, java.util), and its inner classes (Adapter, BoundField, FieldReflectionAdapter, RecordAdapter) have extensive interactions with these dependencies for serialization/deserialization operations."
,,0,"RecordAdapter has limited dependencies: it extends ReflectiveTypeAdapterFactory.Adapter, uses standard Java classes (Constructor, Map, Object[], etc.), and only interacts with a few Gson internal classes (ReflectionHelper, BoundField). It does not have a large number of incoming or outgoing dependencies with many other abstractions."
,,1,"FormatException has incoming dependencies from 12 different classes (Reader, DecodedBitStreamParser, Decoder, ECIStringBuilder, CharacterSetECI, Code39Reader, Code93Reader, UPCAReader, ITFReader, Code128Reader, UPCEANReader, GeneralAppIdDecoder) and outgoing dependencies to 0 classes, indicating it serves as a central hub for format-related exceptions across multiple barcode decoding modules."
,,1,"LuminanceSource has incoming dependencies from DecodeWorker, GUIRunner, DecodeServlet, PlanarYUVLuminanceSource, GrayscaleLuminanceSource, BinaryBitmap, Binarizer, InvertedLuminanceSource, HybridBinarizer, and GlobalHistogramBinarizer. It has outgoing dependencies to InvertedLuminanceSource. This large number of both incoming and outgoing dependencies indicates it acts as a central hub in the architecture."
,,1,"MultiFormatWriter has outgoing dependencies to 13 different writer implementations (AztecWriter, DataMatrixWriter, CodaBarWriter, Code128Writer, Code39Writer, Code93Writer, EAN13Writer, EAN8Writer, ITFWriter, UPCAWriter, UPCEWriter, PDF417Writer, QRCodeWriter) and incoming dependency from the Writer interface, making it a central hub that connects to many other abstractions."
,,1,"The Encoder class has dependencies with a large number of other abstractions: incoming dependencies from AztecWriter (calls encode methods), HighLevelEncoder (used in encode method), and outgoing dependencies to BitArray, BitMatrix, GenericGF, ReedSolomonEncoder, AztecCode, and HighLevelEncoder. It acts as a central hub coordinating the entire Aztec encoding process."
,,0,"AmbientLightManager has only 2 outgoing dependencies (CameraManager and FrontLightMode) and 1 incoming dependency (CaptureActivity), which does not constitute a large number of dependencies in either direction."
,,1,"The class has 27 incoming dependencies (imports from other packages) and 15 outgoing dependencies (other classes that depend on it, such as CameraManager, CaptureActivityHandler, ViewfinderView, HistoryManager, BeepManager, AmbientLightManager, InactivityTimer, ScanFromWebPageManager, DecodeFormatManager, DecodeHintManager, IntentSource, Intents, DecodeThread, DecodeHandler, and ResultHandlerFactory). This large number of both incoming and outgoing dependencies indicates it acts as a central hub coordinating many different components of the barcode scanning system."
,,0,"AutoFocusManager has limited dependencies: incoming from CameraManager (creates it), outgoing to Camera (Android API), AsyncTask (Android API), PreferencesActivity (constant only), and its inner class AutoFocusTask. The number of distinct abstractions is small (5-6), not constituting a large number of incoming and outgoing dependencies typical of a hub."
,,1,"CameraManager has dependencies with many other abstractions: incoming dependencies from CaptureActivity, CaptureActivityHandler, ViewfinderView, and AmbientLightManager; outgoing dependencies to CameraConfigurationManager, PreviewCallback, AutoFocusManager, OpenCameraInterface, OpenCamera, and PlanarYUVLuminanceSource. This high number of both incoming and outgoing dependencies indicates it acts as a central hub in the camera subsystem."
,,0,"The class has only 3 incoming dependencies (from SupplementalInfoRetriever.maybeInvokeRetrieval) and 4 outgoing dependencies (to HttpHelper, LocaleManager, JSON classes, and parent class SupplementalInfoRetriever). This small number of dependencies (7 total) does not meet the threshold for Hub-like Modularization."
,,0,"The class has only 2 incoming dependencies (ListActivity, Intents) and 2 outgoing dependencies (BookmarkAdapter, String[]), which is not a large number of dependencies. It does not act as a central hub connecting many abstractions."
,,0,"The class has only 2 incoming dependencies (ResultParser and Result) and 2 outgoing dependencies (SMSParsedResult and String operations), which is a small number of dependencies and does not meet the threshold for Hub-like Modularization."
,,0,TextParsedResult has only one incoming dependency (inherits from ParsedResult) and one outgoing dependency (uses ParsedResultType enum). This does not meet the threshold of having dependencies with a large number of other abstractions.
,,0,"WifiParsedResult has only 2 incoming dependencies (WifiResultParser and WifiResultHandler) and 1 outgoing dependency (ParsedResult), which does not constitute a large number of dependencies in either direction."
,,0,"DetectorResult has only 2 outgoing dependencies (BitMatrix and ResultPoint) and is used by only 3 incoming dependencies (MultiDetector, QRCodeReader, DataMatrixReader). This does not constitute a large number of dependencies in either direction."
,,0,"HybridBinarizer has limited dependencies: it extends GlobalHistogramBinarizer, uses LuminanceSource (incoming dependency via constructor), BitMatrix (outgoing dependency), and NotFoundException. The total number of distinct incoming/outgoing dependencies is small (approximately 4), which does not indicate a hub-like structure with a large number of connections."
,,1,"GenericGF has incoming dependencies from ReedSolomonEncoder, ReedSolomonDecoder, Decoder classes (QR, DataMatrix, MaxiCode, Aztec), Encoder classes (QR, Aztec), and Detector (Aztec). It has outgoing dependencies to GenericGFPoly. It serves as a central hub for Galois Field operations across multiple barcode formats, with a large number of both incoming and outgoing dependencies."
,,0,ReedSolomonEncoder has only 2 outgoing dependencies (GenericGF and GenericGFPoly) and 1 incoming dependency (from Encoder). This does not constitute a large number of dependencies in either direction.
,,0,"The Decoder class has only 3 outgoing dependencies (BitMatrixParser, DataBlock, DecodedBitStreamParser) and 2 incoming dependencies (DataMatrixReader and its own constructor). This does not constitute a large number of dependencies in either direction, so it does not meet the criteria for Hub-like Modularization."
,,1,"The Version class has dependencies with a large number of other abstractions: it contains two inner classes (ECBlocks and ECB), depends on FormatException from another package, and is instantiated 48 times within its own buildVersions() method. Additionally, it has incoming dependencies from external callers through getVersionForDimensions() and outgoing dependencies through its constructor parameters and field types."
,,0,"The class has only one incoming dependency (extends SymbolInfo) and no outgoing dependencies to other abstractions, which does not meet the criteria of having dependencies with a large number of other abstractions."
,,1,"The MinimalEncoder class has dependencies with a large number of other abstractions including: MinimalEncoder.Mode enum, MinimalEncoder.Edge inner class, MinimalEncoder.Result inner class, MinimalEncoder.Input inner class, HighLevelEncoder, SymbolShapeHint, MinimalECIInput, Charset, StandardCharsets, ArrayList, List, and various primitive types. It serves as a central hub coordinating encoding logic across multiple modes (ASCII, C40, TEXT, X12, EDF, B256) and managing complex interactions between Edge, Result, and Input classes."
,,0,"The class has only outgoing dependencies to standard Java types (String, Integer, byte[]) and no incoming dependencies from other classes in the provided context. It does not have a large number of dependencies with other abstractions."
,,1,"The Decoder class has incoming dependencies from MaxiCodeReader (uses it for decoding) and outgoing dependencies to BitMatrixParser, ReedSolomonDecoder, GenericGF, DecodedBitStreamParser, DecoderResult, ChecksumException, FormatException, BitMatrix, and DecodeHintType. It acts as a central hub coordinating multiple components: parsing bit matrices, error correction via Reed-Solomon, and result parsing, with dependencies to 9+ other abstractions."
,,0,"ByQuadrantReader has only one outgoing dependency (to Reader interface via delegate) and one incoming dependency (from its constructor parameter). It uses BinaryBitmap, Result, and ResultPoint but these are parameter/return types, not direct dependencies. The class has a low number of dependencies and acts as a simple wrapper, not a hub."
,,1,"The class has incoming dependencies from Code128Writer (which references its CODE_PATTERNS array) and outgoing dependencies to 8 other abstractions: BarcodeFormat, ChecksumException, DecodeHintType, FormatException, NotFoundException, Result, ResultMetadataType, ResultPoint, and BitArray. This high number of both incoming and outgoing dependencies qualifies it as a hub-like modularization."
,,0,"The class has limited dependencies: it extends OneDimensionalCodeWriter, uses Code128Reader.CODE_PATTERNS array, and imports standard Java collections and ZXing types. It does not exhibit a large number of incoming or outgoing dependencies with many other abstractions. The internal MinimalEncoder class is self-contained within Code128Writer."
,,0,"ITFWriter has only 2 dependencies: BarcodeFormat (incoming) and OneDimensionalCodeWriter (outgoing). This is a small number of dependencies, far below the threshold for Hub-like Modularization."
,,0,"The class has only 4 incoming dependencies (OneDReader, UPCEANReader, BarcodeFormat, DecodeHintType) and 4 outgoing dependencies (UPCEANReader, BarcodeFormat, DecodeHintType, Result), which does not constitute a large number of dependencies in either direction to qualify as Hub-like Modularization."
,,0,FinderPattern has only one outgoing dependency (ResultPoint) and no incoming dependencies shown in the provided context. It does not have dependencies with a large number of other abstractions.
,,0,"BlockParsedResult has only 2 dependencies: it depends on DecodedInformation (outgoing dependency in constructor and field type) and is depended upon by GeneralAppIdDecoder (incoming dependencies in parseBlocks(), parseNumericBlock(), parseIsoIec646Block(), and parseAlphaBlock() methods). This small number of dependencies (2 total) does not meet the threshold for Hub-like Modularization."
,,1,"PDF417Common has dependencies with a large number of other abstractions. It is imported by PDF417Reader, BarcodeValue, DetectionResultRowIndicatorColumn, PDF417ScanningDecoder, PDF417CodewordDecoder, DetectionResult, and ModulusGF (incoming dependencies). It also depends on MathUtils (outgoing dependency). The class contains public static constants and methods that are used extensively throughout the PDF417 decoding subsystem, making it a central hub."
,,0,"BoundingBox has only 3 incoming dependencies (PDF417ScanningDecoder, DetectionResultRowIndicatorColumn, DetectionResultColumn) and 2 outgoing dependencies (BitMatrix, ResultPoint). This does not constitute a large number of dependencies in either direction."
,,0,"The ErrorCorrection class has only 2 outgoing dependencies (ModulusGF and ModulusPoly) and 1 incoming dependency (PDF417ScanningDecoder), which does not constitute a large number of dependencies in either direction. It serves a focused error correction purpose without being a central hub."
,,0,"The Detector class has only 2 outgoing dependencies (BinaryBitmap, PDF417DetectorResult) and 1 incoming dependency (PDF417Reader), which is a small number of dependencies in both directions. It does not act as a central hub with a large number of incoming and outgoing dependencies."
,,0,"Compaction is a simple enum with only 4 values (AUTO, TEXT, BYTE, NUMERIC). It has no dependencies on other classes and is only referenced by other classes (PDF417 and PDF417Writer). It does not have both incoming and outgoing dependencies with a large number of other abstractions."
,,1,"The Decoder class has high incoming dependencies (used by QRCodeReader) and high outgoing dependencies (depends on BitMatrix, DecoderResult, ReedSolomonDecoder, GenericGF, ChecksumException, FormatException, BitMatrixParser, Version, ErrorCorrectionLevel, DataBlock, DecodedBitStreamParser, QRCodeDecoderMetaData). It acts as a central hub coordinating multiple components of the QR code decoding process, including parsing, error correction, and data extraction."
,,1,"DecodeServlet has incoming dependencies from HttpServlet and outgoing dependencies to 28 other classes/interfaces (including BarcodeFormat, BinaryBitmap, ChecksumException, DecodeHintType, FormatException, LuminanceSource, MultiFormatReader, NotFoundException, Reader, ReaderException, Result, BufferedImageLuminanceSource, ImageReader, GlobalHistogramBinarizer, HybridBinarizer, GenericMultipleBarcodeReader, MultipleBarcodeReader, Resources, HttpHeaders, MediaType, Timer, DoSTracker, ImageIO, RequestDispatcher, ServletConfig, ServletContext, Part, and ResourceBundle), making it a central hub with a large number of dependencies."
,,0,The TrackerTask inner class has only 2 incoming dependencies (from DoSTracker constructor and run method) and 2 outgoing dependencies (to java.lang.management.OperatingSystemMXBean and java.util.logging.Logger). This limited number of dependencies in both directions does not meet the threshold for Hub-like Modularization.
,,1,"ClassInPackage has incoming dependencies from PackageDotExpressions via multiple static method calls (staticMethod(), methodCall(), innerMethodCall(), innerInnerMethodCall(), firstContainerMethod(), secondContainerMethod(), thirdContainerMethod()) and is referenced through package-qualified names in various contexts, indicating it serves as a central hub with numerous incoming connections."
,,0,"The class has only one outgoing dependency (to its own inner classes) and no incoming dependencies from other classes in the provided context, which does not constitute a large number of dependencies."
,,0,The interface has only one outgoing dependency (String) and no incoming dependencies are visible in the provided context. It does not have dependencies with a large number of other abstractions.
,,0,"The class has only one incoming dependency (implements ServiceDefinition) and no outgoing dependencies visible in the provided code, which does not constitute a large number of dependencies in either direction."
,,0,"The class Foo has only 1 incoming dependency (from Main) and 0 outgoing dependencies, which does not constitute a large number of dependencies in either direction."
,,0,The nested enum ListChangeType has no explicit dependencies (incoming or outgoing) with other abstractions. It is a simple enum with two constants and exists solely within its parent interface.
,,0,Class A has only one incoming dependency (from inner class DuplicateTypeName) and one outgoing dependency (to interface DuplicateTypeName). This does not constitute a large number of dependencies in either direction.
,,0,The class has only one incoming dependency (implements DuplicateTypeName) and one outgoing dependency (inner class DuplicateTypeName extends A). This does not meet the threshold of dependencies with a large number of other abstractions.
,,0,"The MemberInterface has no incoming or outgoing dependencies with other abstractions. It is defined as a nested interface with no members, imports, or references to other types, and no other types reference it in the provided code."
,,1,"The class has incoming dependencies from Base, QWE, and A, and outgoing dependencies to List, ArrayList, LinkedList, Map, Comparator, String, Integer, Number, File, InputStream, ByteArrayInputStream, IOException, ParseException, RuntimeException, NullPointerException, Exception, Error, Serializable, Cloneable, and XXX. It also extends Base and implements Serializable, and contains inner classes/enums that depend on various types. The total number of distinct incoming and outgoing dependencies is large, indicating hub-like modularization."
,,0,"The class has no dependencies with other abstractions. It only defines an enum and has one static import of its own enum, which is a self-reference."
,,0,"The enum has no explicit dependencies (imports or references) to other abstractions, and no other abstractions are shown to depend on it, beyond its containing class. It does not exhibit a large number of incoming or outgoing dependencies."
,,1,"The ByteBuddy class has dependencies with a large number of other abstractions. It imports 58 different classes from various packages (net.bytebuddy.*, net.bytebuddy.description.*, net.bytebuddy.dynamic.*, net.bytebuddy.implementation.*, net.bytebuddy.matcher.*, net.bytebuddy.utility.*, org.objectweb.asm.*, java.*). It also has outgoing dependencies to numerous classes through its method parameters and return types, including TypeDescription, DynamicType.Builder, ClassFileVersion, NamingStrategy, AuxiliaryType.NamingStrategy, AnnotationValueFilter.Factory, AnnotationRetention, Implementation.Context.Factory, MethodGraph.Compiler, InstrumentedType.Factory, TypeValidation, VisibilityBridgeStrategy, AsmClassReader.Factory, AsmClassWriter.Factory, LatentMatcher, ConstructorStrategy, ClassFileLocator, MethodNameTransformer, and many others. The class serves as a central configuration point and entry point for code generation, making it a hub-like modularization."
,,0,"The class has dependencies on only a few external abstractions (Comparable, Serializable, Opcodes, TypeDescription, ClassFileLocator, AccessControllerPlugin, HashCodeAndEqualsPlugin, MaybeNull, SuppressFBWarnings) and defines its own internal abstractions (VersionLocator interface and its implementations). It does not have a large number of both incoming and outgoing dependencies with many other abstractions."
,,0,"The NamingStrategy.AbstractBase class has limited dependencies: it depends on TypeDescription and TypeDescription.Generic (incoming dependencies from subclasses), and defines a simple inheritance hierarchy with only a few direct dependencies. It does not exhibit a large number of incoming and outgoing dependencies with many other abstractions."
,,1,"The ByteBuddyAgent class acts as a central hub with dependencies to numerous other abstractions. It contains multiple nested interfaces (AttachmentProvider, ProcessProvider, AgentProvider, AttachmentTypeEvaluator) and enums that are tightly coupled to the main class. The class has 20+ public static methods that orchestrate interactions between these abstractions, and it imports 25+ external classes from various packages (java.io, java.lang.instrument, java.lang.reflect, java.net, java.security, java.util.jar, etc.), indicating high incoming and outgoing dependencies."
,,1,"The VirtualMachine interface has 2 incoming dependencies (ForHotSpot and ForOpenJ9 classes that implement it) and 12 outgoing dependencies (import statements for com.sun.jna.*, com.sun.jna.platform.win32.*, java.io.*, java.net.*, java.nio.*, java.security.*, java.util.*, java.util.regex.*, edu.umd.cs.findbugs.annotations.*, net.bytebuddy.agent.utility.nullability.*). Additionally, it contains nested classes (ForHotSpot, ForOpenJ9, AbstractBase, Resolver) that collectively depend on numerous other abstractions, making it a central hub with many dependencies."
,,0,"The analyzed class is an interface (ResettableClassFileTransformer.Factory) that is not defined in the provided input. The provided input shows the interface ResettableClassFileTransformer and its nested classes, but not a class named Factory. Therefore, the Hub-like Modularization smell cannot be assessed for the specified class."
,,1,"The class has numerous incoming dependencies (imports from android, com.android.dx, dalvik, net.bytebuddy, java.io, java.lang.reflect, java.util) and outgoing dependencies (abstract methods, inner classes, interfaces like DexProcessor and FileProcessor, and concrete implementations like Wrapping and Injecting). It acts as a central hub coordinating Android class loading, dex file processing, and multiple strategies."
,,0,"The Injecting class has dependencies on its parent class AndroidClassLoadingStrategy, DexProcessor, File, Set, Map, TypeDescription, and a few Android-specific classes (BaseDexClassLoader, DexFile). The total number of distinct incoming/outgoing dependencies is limited and does not indicate a hub-like structure with a large number of connections to many other abstractions."
,,0,"The Wrapping class has limited dependencies: it extends AndroidClassLoadingStrategy, uses DexProcessor, File, RandomString, TypeDescription, Map, Set, DexClassLoader, and HashMap. It does not have a large number of incoming or outgoing dependencies with many other abstractions."
,,1,"The interface has incoming dependencies from multiple classes (FieldDescription, HashCodeAndEqualsPlugin, Implementation, ElementMatcher) and outgoing dependencies to numerous abstractions including ClassVisitor, FieldVisitor, MethodVisitor, TypeDescription, Implementation.Context, TypePool, FieldList, MethodList, and various nested classes (NoOp, AbstractBase, ForDeclaredFields, ForDeclaredMethods, Compound). It acts as a central hub coordinating ASM visitor functionality across the ByteBuddy framework."
,,1,"The class has dependencies with a large number of other abstractions: it imports 70+ classes from various packages (net.bytebuddy.description, net.bytebuddy.implementation, net.bytebuddy.matcher, net.bytebuddy.utility, org.objectweb.asm, java.lang, java.util), implements complex interfaces (Substitution.Factory), and contains nested classes with extensive dependencies on other Byte Buddy components like MethodResolver, MethodDescription, TypeDescription, and TypePool."
,,1,"The class has dependencies with a large number of other abstractions: it imports 58 classes from 15 different packages, extends/implements 2 interfaces (AsmVisitorWrapper.ForDeclaredMethods.MethodVisitorWrapper, MemberSubstitution.Write), contains 15 inner classes/interfaces (WithoutSpecification, TypePoolResolver, Target, Substitution, Replacement, etc.), and references numerous external types throughout its implementation including TypeDescription, MethodDescription, FieldDescription, ElementMatcher, StackManipulation, TypePool, JavaConstant, and many bytecode manipulation classes."
,,1,"The class has dependencies with a large number of other abstractions: incoming dependencies from TypeReferenceAdjustment, OpenedClassReader, TypePool, ElementMatcher, and multiple ASM classes (ClassVisitor, AnnotationVisitor, FieldVisitor, MethodVisitor, RecordComponentVisitor, Type, Handle, ConstantDynamic, Label, TypePath); outgoing dependencies to TypeReferenceAdjustment, OpenedClassReader, TypePool, ElementMatcher, and ASM classes. It acts as a central hub for type reference collection and adjustment."
,,0,"The TypeReferenceMethodVisitor class has limited dependencies: it extends MethodVisitor, uses Type and Handle classes for type resolution, and delegates to AnnotationVisitor. It does not have a large number of incoming or outgoing dependencies with other abstractions."
,,1,"The class has incoming dependencies from multiple JMH infrastructure classes (InfraControl, ThreadParams, BenchmarkParams, IterationParams, Blackhole, Control, RawResults, BenchmarkTaskResult, ThroughputResult, AverageTimeResult, SampleTimeResult, SingleShotResult, SampleBuffer) and outgoing dependencies to ClassByExtensionBenchmark_jmhType, Blackhole, and multiple JMH result types, creating a hub-like structure with numerous connections."
,,1,"The class has dependencies with a large number of other abstractions: it imports 28 classes from various packages (java.util, java.util.concurrent, java.util.concurrent.atomic, org.openjdk.jmh.annotations, org.openjdk.jmh.infra, org.openjdk.jmh.results, org.openjdk.jmh.util), uses 14 different types in method signatures and field declarations (InfraControl, ThreadParams, Blackhole, Control, BenchmarkParams, IterationParams, RawResults, BenchmarkTaskResult, ThroughputResult, AverageTimeResult, SampleTimeResult, SingleShotResult, SampleBuffer, ClassByExtensionBenchmark_jmhType), and interacts with multiple JMH framework components for benchmarking operations."
,,1,"The class has dependencies with a large number of other abstractions: it imports 25 different types from various packages (java.util, java.util.concurrent, org.openjdk.jmh.annotations, org.openjdk.jmh.results, org.openjdk.jmh.infra, org.openjdk.jmh.util, java.lang.reflect) and also depends on ClassByImplementationBenchmark_jmhType. It has both incoming dependencies (being used by JMH framework) and outgoing dependencies (using many JMH components and utility classes)."
,,1,"The class has dependencies with a large number of other abstractions: it imports 28 different types from various packages (java.util, org.openjdk.jmh.annotations, org.openjdk.jmh.results, org.openjdk.jmh.infra, etc.), extends Object (implicitly), and collaborates with multiple JMH framework classes (InfraControl, ThreadParams, Blackhole, Control, RawResults, BenchmarkTaskResult, etc.) across its methods. It acts as a central hub connecting to numerous JMH components for benchmarking functionality."
,,1,"The class has dependencies with a large number of other abstractions: it imports 25 different classes from multiple packages (java.util, java.util.concurrent, org.openjdk.jmh.annotations, org.openjdk.jmh.results, org.openjdk.jmh.infra, org.openjdk.jmh.util) and depends on ClassByImplementationBenchmark_jmhType. It also has outgoing dependencies through method calls to numerous JMH framework classes (Blackhole, InfraControl, RawResults, BenchmarkTaskResult, ThroughputResult, etc.) and incoming dependencies as it's a generated benchmark class likely called by JMH runners."
,,0,"The class has only one incoming dependency (implements AndroidDescriptor) and no outgoing dependencies to other abstractions, which does not constitute a large number of dependencies in either direction."
,,1,"The class inherits from HashCodeAndEqualsPlugin which has dependencies with numerous other abstractions including Plugin, Plugin.Factory, MethodAttributeAppender.Factory, MethodAttributeAppender, DynamicType.Builder, TypeDescription, ClassFileLocator, AnnotationDescription, EqualsMethod, HashCodeMethod, ElementMatcher, MethodVisitor, AnnotationVisitor, and multiple annotation types (Enhance, ValueHandling, Sorted, Identity). The parent class also contains inner classes and enums (Enhance.InvokeSuper, ValueHandling.Sort, AnnotationOrderComparator, ValueMatcher) that further increase dependency connections."
,,1,"The Plugin interface has dependencies with a large number of other abstractions. It directly depends on 28 types from the net.bytebuddy package (ByteBuddy, ClassFileVersion, TypeDescription, ClassFileLocator, DynamicType, TypeResolutionStrategy, MethodNameTransformer, LoadedTypeInitializer, ElementMatcher, TypePool, CompoundList, QueueFactory, StreamDrainer, AlwaysNull, MaybeNull, HashCodeAndEqualsPlugin, EntryPoint) and 45 types from Java standard library (Closeable, IOException, InputStream, OutputStream, File, JarFile, Manifest, List, Map, Set, Iterator, Executor, Future, etc.). It also defines 12 nested interfaces/classes (WithPreprocessor, WithInitialization, Factory, Engine, NoOp, ForElementMatcher) that further increase its coupling. The interface serves as a central hub for the Byte Buddy build plugin system, coordinating transformations, error handling, source/target management, and plugin discovery."
,,1,"The Plugin interface has dependencies with a large number of other abstractions. It has incoming dependencies from Plugin.Factory, Plugin.Engine, Plugin.WithPreprocessor, Plugin.WithInitialization, and their nested types. It has outgoing dependencies to ElementMatcher, TypeDescription, DynamicType.Builder, ClassFileLocator, ByteBuddy, TypeStrategy, PoolStrategy, ErrorHandler, Listener, Dispatcher, Source, Target, and many other types from the net.bytebuddy package and Java standard library. The interface serves as a central hub in the build plugin system, connecting numerous components."
,,0,The class has minimal dependencies: it depends only on Source.Element and implements Materializable. It has no incoming dependencies from other abstractions and only outgoing dependencies to Source.Element and its parent interface Materializable.
,,1,"The class has incoming dependencies from AsmVisitorWrapper.AbstractBase, Plugin, and Plugin.Factory interfaces. It has outgoing dependencies to Renaming interface, ElementMatcher, TypeDescription, DynamicType.Builder, ClassFileLocator, ClassVisitor, Implementation.Context, TypePool, FieldList, MethodList, and multiple ASM and utility classes. This high number of both incoming and outgoing dependencies indicates Hub-like Modularization."
,,1,"The class has dependencies with a large number of other abstractions: it implements Plugin, Plugin.Factory, and AsmVisitorWrapper.AbstractBase; uses TypeDescription, ElementMatcher, DynamicType, ClassFileLocator, TypePool, FieldList, MethodList, Implementation.Context, FieldDescription, ClassVisitor, Remapper, ClassRemapper, OpenedClassReader, Pattern, Matcher, StringBuffer, Map, List, ArrayList, HashMap, Arrays; and contains inner classes Renaming (interface), Renaming.NoOp (enum), Renaming.ForPattern, Renaming.Compound, and RenamingRemapper."
,,1,"The class ByteBuddyAndroidPlugin has dependencies with a large number of other abstractions. Incoming dependencies include: Project, Plugin, AndroidComponentsExtension, Variant, Configuration, FileCollection, Provider, TaskProvider, BaseExtension, ByteBuddyAndroidService, ByteBuddyInstrumentationParameters, ByteBuddyAndroidTaskExtension, LegacyByteBuddyLocalClassesEnhancerTask, ByteBuddyLocalClassesEnhancerTask, Artifact, Artifacts, MultipleArtifact, InstrumentationScope, ByteBuddyAsmClassVisitorFactory, ArtifactView, AttributeContainer, AttributeMatchingStrategy, AttributeCompatibilityRule, CompatibilityCheckDetails, Category, Usage, TargetJvmEnvironment, BuildTypeAttr, Directory, DirectoryProperty, RegularFile, RegularFileProperty, ListProperty, FileSystemLocation, Action, Function1, Unit, ConcurrentMap, ConcurrentHashMap, GradleException, IllegalStateException, InvocationTargetException, Method, AndroidPluginVersion, AndroidArtifacts, ComponentCreationConfig, RuntimeClassPathResolver, TransformationDispatcher, ByteBuddyViewConfiguration, ByteBuddyTransformationConfiguration, VariantAction, VariantConfigurationConfigurationAction, AttributeContainerConfigurationAction, AttributeMatchingStrategyConfigurationAction, ConfigurationConfigurationAction, ByteBuddyDependencyRule. Outgoing dependencies include all the same types through its nested classes and method parameters."
,,1,"The class has dependencies with a large number of other abstractions: incoming dependencies include Project, AndroidComponentsExtension, Variant, Configuration, FileCollection, Provider, TaskProvider, BaseExtension, ByteBuddyAndroidService, ByteBuddyInstrumentationParameters, ByteBuddyAsmClassVisitorFactory, ByteBuddyAndroidTaskExtension, LegacyByteBuddyLocalClassesEnhancerTask, ByteBuddyLocalClassesEnhancerTask, and multiple Gradle API classes (Action, Attribute, AttributeContainer, etc.). Outgoing dependencies include all nested classes (VariantAction, RuntimeClassPathResolver, ByteBuddyTransformationConfiguration, VariantConfigurationConfigurationAction, AttributeContainerConfigurationAction, AttributeMatchingStrategyConfigurationAction, ConfigurationConfigurationAction, ByteBuddyDependencyRule, TransformationDispatcher, ByteBuddyViewConfiguration) and external classes from Android Gradle Plugin, Gradle, and ByteBuddy libraries."
,,1,"The VariantAction class has dependencies with a large number of other abstractions: it depends on Project, Configuration, ConcurrentMap, Variant, GradleException, ConfigurationConfigurationAction, TransformationDispatcher, ByteBuddyAndroidService, RuntimeClassPathResolver, ByteBuddyTransformationConfiguration, VariantConfigurationConfigurationAction, and interacts with multiple Gradle APIs (Artifacts, Instrumentation, TaskProvider, FileCollection). It also orchestrates dependencies between these components, acting as a central hub."
,,1,"The class has a high number of incoming and outgoing dependencies. It depends on numerous external abstractions (ByteBuddy, ClassFileVersion, ClassVisitorFactory, AndroidDescriptor, BuildLogger, EntryPoint, Plugin, TypeDescription, ClassFileLocator, DynamicType, TypePool, Logger, BuildService, BuildServiceParameters, BuildServiceSpec, Action, GradleException, JavaVersion, Property, Closeable, ClassVisitor, File, URL, URLClassLoader, List, Collection, ArrayList) and is also depended upon by its nested classes (State, ConfigurationAction, Parameters). This creates a hub-like structure with many connections."
,,1,"The class has dependencies with a large number of other abstractions: it imports and uses classes from multiple packages (net.bytebuddy.*, org.gradle.api.*, java.io, java.net, java.util, etc.), collaborates with numerous external types (ByteBuddy, ClassFileVersion, AndroidDescriptor, Plugin, EntryPoint, ClassFileLocator, Logger, GradleException, File, URLClassLoader, etc.), and contains nested classes (ConfigurationAction, DefaultAndroidDescriptor, TargetForAndroidAppJarFile) that further increase its coupling. The execute() method demonstrates extensive interaction with many different abstractions through reflection and API calls."
,,1,"ClassFileLocator has dependencies with a large number of other abstractions. It imports 45 classes from various packages (net.bytebuddy, net.bytebuddy.build, net.bytebuddy.description, net.bytebuddy.dynamic, net.bytebuddy.matcher, net.bytebuddy.utility, java.io, java.lang, java.net, java.security, java.util, java.util.jar, java.util.zip, java.lang.instrument). It also defines 12 inner classes/interfaces (Resolution, NoOp, MultiReleaseAware, Simple, ForClassLoader, ForModule, ForJarFile, ForModuleFile, ForFolder, ForUrl, ForInstrumentation, PackageDiscriminating, Filtering, Compound) and has multiple nested classes within those inner classes, creating a complex dependency web."
,,1,"The ByteBuddyMojo class has dependencies with a large number of other abstractions. Incoming dependencies include multiple Maven components (MavenProject, MojoExecution, RepositorySystem, BuildContext), Byte Buddy abstractions (Plugin, EntryPoint, ClassFileVersion, ClassFileLocator, MethodNameTransformer, ElementMatcher), and various utility classes. Outgoing dependencies include numerous inner classes (ForLifecycleTypes, ForExplicitLocations, ForDependencyFolder, Transformer, Coordinate, StalenessFilter, MavenBuildLogger, TransformationLogger) and external dependencies from Maven, Aether, and Byte Buddy libraries. The class acts as a central hub coordinating transformations across many different components."
,,0,The class 'ByteBuddyMojo.ForProductionTypes' is a nested static class with minimal dependencies. It only depends on its parent class ByteBuddyMojo and overrides two simple methods. It does not have a large number of incoming or outgoing dependencies with other abstractions.
,,1,"The interface AnnotationValue has a large number of dependencies with other abstractions. It contains 7 inner classes (ForConstant, ForAnnotationDescription, ForEnumerationDescription, ForTypeDescription, ForDescriptionArray, ForMissingType, ForMismatchedType, ForMissingValue, ForIncompatibleType), 2 inner enums (RenderingDispatcher, State, Sort), and 1 inner interface (Loaded). Additionally, it imports and depends on numerous external classes including ClassFileVersion, EnumerationDescription, MethodDescription, TypeDefinition, TypeDescription, ClassFileLocator, and various Java reflection and annotation types. This high number of both incoming and outgoing dependencies qualifies as Hub-like Modularization."
,,0,"The class has dependencies with only 3 other classes (AnnotationList, TypeDescription, CachedReturnPlugin) which is not a large number. It does not exhibit hub-like characteristics with extensive incoming and outgoing dependencies."
,,1,"The ParameterList interface has incoming dependencies from multiple classes (ParameterDescription, TypeList, ByteCodeElement, FilterableList) and outgoing dependencies to numerous abstractions (ParameterDescription, TypeList.Generic, ByteCodeElement.Token.TokenList, ElementMatcher, TypeDescription, FilterableList). It serves as a central hub with many nested classes (AbstractBase, ForLoadedExecutable, Explicit, ForTokens, TypeSubstituting, Empty) that further increase its coupling with the system."
,,0,"The class has only 3 incoming dependencies (ParameterDescription, MethodDescription.InGenericShape, TypeDescription.Generic.Visitor) and 2 outgoing dependencies (ParameterDescription.InGenericShape, ParameterDescription.TypeSubstituting). This is a small number of dependencies, far below the threshold for Hub-like Modularization."
,,0,"MethodStrictness has only 2 incoming dependencies (implements ModifierContributor.ForMethod and ModifierContributor.ForType) and 1 outgoing dependency (uses Opcodes.ACC_STRICT). This is a small number of dependencies, not meeting the threshold for Hub-like Modularization."
,,1,"The interface RecordComponentDescription has dependencies with a large number of other abstractions: it extends DeclaredByType.WithMandatoryDeclaration, NamedElement.WithDescriptor, AnnotationSource, and ByteCodeElement.TypeDependant; it uses TypeDescription.Generic, MethodDescription, ElementMatcher, TypeDescription, AnnotationDescription, AnnotationList, ByteCodeElement.Token, and multiple nested classes and interfaces within its hierarchy."
,,1,"The TypeDescription interface has dependencies with a large number of other abstractions. It directly depends on 35 imported classes/interfaces from its own package and 45 imported classes/interfaces from external packages. It also defines multiple nested interfaces (Generic, Visitor, AnnotationReader, etc.) that themselves have extensive dependencies. The interface serves as a central hub for type description functionality with both incoming and outgoing dependencies across the Byte Buddy framework."
,,0,"The LazyInterfaceList class is a small, focused inner class that serves as a lazy projection for interface types. It has minimal dependencies (only depends on its enclosing TypeDescription class and a few utility classes) and does not act as a central hub with numerous incoming and outgoing dependencies."
,,1,"The TypeDescription interface has a large number of incoming and outgoing dependencies. It extends TypeDefinition, ByteCodeElement, and TypeVariableSource, and contains numerous nested interfaces (Generic, Visitor, AnnotationReader, etc.) and inner classes (AbstractBase, ForLoadedType, ArrayProjection, etc.). It imports 58 other classes/packages and declares 5 static fields, 58 methods, and multiple nested types, making it a central hub in the type description system with extensive coupling."
,,1,"The TypeDescription interface has dependencies with a large number of other abstractions including TypeDefinition, ByteCodeElement, TypeVariableSource, FieldDescription, MethodDescription, RecordComponentDescription, AnnotationDescription, EnumerationDescription, PackageDescription, ModuleDescription, ClassFileVersion, and numerous nested interfaces and classes within its own hierarchy (Generic, AbstractBase, ForLoadedType, ArrayProjection, etc.). It also imports and references many external classes from java.lang.reflect, org.objectweb.asm, and other packages, demonstrating extensive incoming and outgoing dependencies."
,,1,"The TypeDescription interface has dependencies with a large number of other abstractions including TypeDefinition, ByteCodeElement, TypeVariableSource, AnnotationDescription, AnnotationList, AnnotationSource, EnumerationDescription, FieldDescription, FieldList, MethodDescription, MethodList, ParameterDescription, ModuleDescription, ClassFileVersion, ElementMatcher, JavaType, and many more from the java.lang.reflect package. It defines numerous nested interfaces and classes (Generic, AbstractBase, ForLoadedType, ArrayProjection, etc.) that further increase its coupling. The extensive import list and the complex hierarchy demonstrate hub-like modularization where this central abstraction mediates between many different components of the ByteBuddy library."
,,0,"The TypeList.Explicit class has limited dependencies: it extends TypeList.AbstractBase and uses basic Java types (List, Arrays, ArrayList). It does not have a large number of incoming or outgoing dependencies with other abstractions. The main complexity and dependencies are in the containing TypeList interface and its nested interfaces, not in the Explicit class itself."
,,1,"The class has dependencies with a large number of other abstractions: TypeDescription, TypeVariableSource, TypeVariableToken, FieldDescription, MethodDescription, ParameterDescription, TypeList.Generic, ByteCodeElement.Token.TokenList, ElementMatcher, TypeDescription.Generic.Visitor, and multiple inner classes (OfTypeVariables, WithResolvedErasure, AttachedTypeVariable). It also has incoming dependencies from TypeList.Generic and outgoing dependencies to many other classes."
,,1,"The interface has a large number of incoming dependencies (implementations: NoOp, Simple, ForClassLoader, ForModule, ForJarFile, ForModuleFile, ForFolder, ForUrl, ForInstrumentation, PackageDiscriminating, Filtering, Compound) and outgoing dependencies (imports: net.bytebuddy.ClassFileVersion, net.bytebuddy.agent.builder.AgentBuilder, net.bytebuddy.build.AccessControllerPlugin, net.bytebuddy.build.HashCodeAndEqualsPlugin, net.bytebuddy.description.NamedElement, net.bytebuddy.description.type.TypeDescription, net.bytebuddy.dynamic.loading.ClassLoadingStrategy, net.bytebuddy.matcher.ElementMatcher, net.bytebuddy.utility.JavaModule, net.bytebuddy.utility.JavaType, net.bytebuddy.utility.StreamDrainer, net.bytebuddy.utility.dispatcher.JavaDispatcher, net.bytebuddy.utility.nullability.AlwaysNull, net.bytebuddy.utility.nullability.MaybeNull, and numerous Java standard library classes). It acts as a central hub with many dependent abstractions."
,,0,The Filtering class has only two dependencies: it depends on ElementMatcher (incoming) and ClassFileLocator (outgoing). This is a small number of dependencies and does not meet the threshold for Hub-like Modularization.
,,1,"The interface ClassFileLocator has a large number of incoming and outgoing dependencies. It is implemented by 10+ inner classes (NoOp, MultiReleaseAware, Simple, ForClassLoader, ForModule, ForJarFile, ForModuleFile, ForFolder, ForUrl, ForInstrumentation, PackageDiscriminating, Filtering, Compound) and has dependencies on numerous other abstractions including ClassFileVersion, DynamicType, TypeDescription, JavaModule, StreamDrainer, HashCodeAndEqualsPlugin, AccessControllerPlugin, and many Java standard library classes. The interface serves as a central hub for class file location functionality with extensive coupling."
,,1,"The class has dependencies with a large number of other abstractions: it imports 70+ classes from various packages (net.bytebuddy.description, net.bytebuddy.dynamic, net.bytebuddy.implementation, net.bytebuddy.matcher, net.bytebuddy.utility, org.objectweb.asm, java.io, java.lang, java.util, etc.), implements multiple nested interfaces (Builder, ModuleDefinition, InnerTypeDefinition, TypeVariableDefinition, FieldDefinition, MethodDefinition, RecordComponentDefinition), and contains inner classes (ModuleDefinitionAdapter, InnerTypeDefinitionForTypeAdapter, InnerTypeDefinitionForMethodAdapter, TypeVariableDefinitionAdapter, FieldDefinitionAdapter, FieldMatchAdapter, MethodDefinitionAdapter, MethodMatchAdapter, OptionalMethodMatchAdapter, RecordComponentDefinitionAdapter, RecordComponentMatchAdapter) that further increase coupling. The class acts as a central hub in the ByteBuddy library for building dynamic types, coordinating interactions between type descriptions, field registries, method registries, attribute appenders, transformers, and ASM visitors."
,,1,"The DynamicType interface has dependencies with a large number of other abstractions. It imports 71 classes from various packages (net.bytebuddy.*, org.objectweb.asm, java.*, etc.), defines 5 nested interfaces (Builder, Unloaded, Loaded, ModuleDefinition, InnerTypeDefinition) with extensive method signatures referencing many types, and serves as a central hub for dynamic type creation with numerous incoming and outgoing dependencies across the Byte Buddy framework."
,,1,"The DynamicType interface has a large number of incoming and outgoing dependencies. It imports 72 classes from various packages (net.bytebuddy.*, org.objectweb.asm, java.*, etc.) and defines numerous nested interfaces (Builder, Unloaded, Loaded) with extensive method signatures that reference many other abstractions. The interface serves as a central hub for dynamic type creation with dependencies across the entire Byte Buddy framework including type descriptions, method definitions, field definitions, annotations, bytecode manipulation, and class loading strategies."
,,1,"The interface TypeResolutionStrategy has incoming dependencies from multiple implementing classes (Passive, Active, Lazy, Disabled) and outgoing dependencies to several other abstractions including Resolved, DynamicType, TypeDescription, Class, ClassLoader, ClassLoadingStrategy, Map, TypeInitializer, LoadedTypeInitializer, and NexusAccessor, indicating it serves as a central hub with numerous connections."
,,1,"The class has a large number of incoming and outgoing dependencies. It depends on numerous external classes (ClassFileVersion, TypeDescription, JavaModule, GraalImageCode, JavaDispatcher, various Java standard library classes) and has multiple inner classes/interfaces (SynchronizationStrategy, PackageLookupStrategy, PersistenceHandler, ChildFirst, etc.) that depend on it. It also has many constructor overloads and static factory methods that create dependencies with other components, making it a central hub in the dependency graph."
,,1,"The class has numerous incoming dependencies (imports from 25 different packages) and outgoing dependencies (it defines 8 inner classes/interfaces, extends InjectionClassLoader, implements multiple methods with complex parameter/return types, and interacts with many external types like ConcurrentMap, Enumeration, URL, ProtectionDomain, etc.). This high coupling with many other abstractions indicates Hub-like Modularization."
,,0,"The class has only 2 incoming dependencies (from ClassFilePostProcessor interface and HashCodeAndEqualsPlugin annotation) and 2 outgoing dependencies (to ClassFileTransformer and AllPermissionsCollection), which is not a large number of dependencies in either direction."
,,1,"The ClassInjector interface has a large number of incoming and outgoing dependencies. It contains multiple inner classes (AbstractBase, UsingReflection, UsingLookup, UsingUnsafe, UsingInstrumentation, UsingJna) that implement or extend it, creating incoming dependencies. It also has outgoing dependencies to numerous other abstractions including ClassLoader, ProtectionDomain, PackageDefinitionStrategy, TypeDescription, ClassFileLocator, JavaDispatcher, ByteBuddy, DynamicType, and many utility classes from the net.bytebuddy package. The interface serves as a central hub for class injection functionality with many implementation variants."
,,1,"The ClassInjector interface has a large number of dependencies with other abstractions. It has incoming dependencies from multiple nested classes (AbstractBase, UsingReflection, UsingLookup, UsingUnsafe, UsingInstrumentation, UsingJna) and their inner classes. It also has outgoing dependencies to numerous external classes including ClassLoader, ProtectionDomain, TypeDescription, ClassFileLocator, PackageDefinitionStrategy, JavaModule, ByteBuddy, DynamicType, and many others from the Java standard library and ByteBuddy framework. The interface serves as a central hub coordinating multiple class injection strategies, resulting in high coupling with many other abstractions."
,,1,"The ClassInjector interface has a large number of dependencies with other abstractions. It has incoming dependencies from multiple classes (AccessControllerPlugin, JavaDispatcher, RandomString, ClassFileVersion, HashCodeAndEqualsPlugin) that import and use it. It also has outgoing dependencies to numerous other abstractions through its inner classes (UsingReflection, UsingLookup, UsingUnsafe, UsingInstrumentation, UsingJna) and their extensive use of external types from various packages including java.lang, java.lang.instrument, java.lang.reflect, java.security, sun.misc, jdk.internal.misc, com.sun.jna, and multiple Byte Buddy internal packages. The interface serves as a central hub with many incoming and outgoing connections."
,,1,"The ClassInjector interface and its inner classes have dependencies with a large number of other abstractions. It imports 45 classes from various packages (net.bytebuddy.*, com.sun.jna.*, java.lang.reflect.*, java.security.*, java.util.*, etc.), defines 5 major inner classes (AbstractBase, UsingReflection, UsingLookup, UsingUnsafe, UsingInstrumentation, UsingJna) each with their own complex internal structures, and interacts with multiple external systems (reflection, unsafe, instrumentation, JNA). The class acts as a central hub for class injection strategies, coordinating between diverse implementation approaches and numerous dependent types."
,,0,"The class has only 2 incoming dependencies (ClassLoadingStrategy interface and ClassInjector.UsingInstrumentation) and 1 outgoing dependency (ClassInjector.UsingReflection), which does not constitute a large number of dependencies in either direction."
,,1,"The ClassLoadingStrategy interface has a large number of dependencies with other abstractions. It has incoming dependencies from multiple inner classes (Default, Configurable, UsingLookup, ForBootstrapInjection, ForUnsafeInjection, ForJnaInjection) and outgoing dependencies to numerous other classes including ClassInjector, ByteArrayClassLoader, PackageDefinitionStrategy, ClassLoaderDecorator, TypeDescription, ProtectionDomain, Instrumentation, File, Map, and various Java standard library classes. The interface serves as a central hub coordinating different class loading strategies and their configurations."
,,1,"The class has dependencies with a large number of other abstractions: incoming dependencies from imports (net.bytebuddy.agent.builder.AgentBuilder, net.bytebuddy.build.AccessControllerPlugin, net.bytebuddy.build.HashCodeAndEqualsPlugin, net.bytebuddy.description.type.TypeDescription, net.bytebuddy.dynamic.ClassFileLocator, net.bytebuddy.utility.JavaModule, net.bytebuddy.utility.dispatcher.JavaDispatcher, net.bytebuddy.utility.nullability.AlwaysNull, net.bytebuddy.utility.nullability.MaybeNull) and Java standard library classes (java.io.File, java.io.IOException, java.lang.instrument.*, java.security.*, java.util.*); outgoing dependencies to multiple internal abstractions (Strategy enum with REDEFINITION and RETRANSFORMATION, Dispatcher interface, BootstrapInjection interface with Disabled and Enabled implementations, ClassRedefinitionTransformer, ClassResettingTransformer) and external classes (ClassInjector.UsingReflection, ClassInjector.UsingInstrumentation)."
,,1,"The class has incoming dependencies from its parent class InjectionClassLoader and potentially from many client classes that use it. It has outgoing dependencies to numerous other abstractions: java.lang.ClassLoader, java.net.URL, java.util.Enumeration, java.io.IOException, java.util.List, java.util.ArrayList, java.util.Map, java.util.HashMap, java.util.Set, java.util.HashSet, java.util.Iterator, java.util.Collection, java.util.Arrays, java.util.Collections, java.lang.reflect.Method, net.bytebuddy.build.HashCodeAndEqualsPlugin, net.bytebuddy.matcher.ElementMatcher, net.bytebuddy.utility.nullability.MaybeNull, net.bytebuddy.utility.nullability.UnknownNull, and the inner class CompoundEnumeration and Builder, which themselves have dependencies. This large number of both incoming and outgoing dependencies qualifies as Hub-like Modularization."
,,1,"The interface has dependencies with a large number of other abstractions: it extends InstrumentedType (which extends TypeDescription), and its methods reference numerous types including ModuleDescription, FieldDescription.Token, MethodDescription.Token, RecordComponentDescription.Token, TypeList.Generic, TypeVariableToken, List<AnnotationDescription>, TypeDescription, MethodDescription.InDefinedShape, LoadedTypeInitializer, ByteCodeAppender, ElementMatcher, Transformer, and others. The analyzed class shows extensive incoming and outgoing dependencies across multiple packages."
,,1,"The MethodGraph interface has dependencies with a large number of other abstractions including: MethodDescription, MethodList, TypeDefinition, TypeDescription, ElementMatcher, FilterableList, Visibility, Node, NodeList, Linked, Compiler, Default, Harmonizer, Merger, Key, Store, Entry, Graph, Simple, and Empty. It also contains multiple nested interfaces and classes that depend on each other, creating a hub-like structure with both incoming and outgoing dependencies across the entire method graph hierarchy."
,,1,"The class TypeWriter.ForClassFileVersion (inner class of TypeWriter) has dependencies with a large number of other abstractions. It imports 58 classes from various packages (net.bytebuddy.*, org.objectweb.asm.*, java.*, javax.*) and defines multiple nested interfaces and classes (FieldPool, MethodPool, RecordComponentPool, Default, ForInlining, ForCreation, etc.) that themselves have extensive dependencies. The class acts as a central hub for class file writing operations, coordinating field pools, method pools, record component pools, type validation, ASM visitors, and implementation contexts, resulting in high incoming and outgoing dependencies."
,,1,"The TypeWriter interface and its inner classes (FieldPool, MethodPool, RecordComponentPool, Default, ForInlining, ForCreation) have dependencies with a large number of other abstractions. The class imports 58 different types from various packages (net.bytebuddy.description, net.bytebuddy.implementation, net.bytebuddy.dynamic, org.objectweb.asm, etc.) and defines multiple nested interfaces and classes that interact with these dependencies. The abstraction serves as a central hub for class file generation, coordinating field, method, and record component handling, type validation, annotation processing, and ASM visitor wrapping, resulting in extensive incoming and outgoing dependencies."
,,0,"The SignatureKey class is a simple inner class with only two fields (internalName and descriptor) and basic equals/hashCode methods. It has no dependencies on other abstractions, neither incoming nor outgoing, and serves only as a data holder for field/method signatures within the TypeWriter context."
,,1,"The class TypeWriter.WithActiveRecord has dependencies with a large number of other abstractions. It imports 68 classes from various packages, including net.bytebuddy.description.*, net.bytebuddy.dynamic.*, net.bytebuddy.implementation.*, net.bytebuddy.utility.*, org.objectweb.asm.*, and others. It also defines multiple nested interfaces (FieldPool, MethodPool, RecordComponentPool) and classes (Default, ForInlining, ForCreation) that further increase its coupling. The class is central to the Byte Buddy library's type generation, coordinating field, method, and record component writing, annotation handling, and ASM integration, making it a hub with extensive incoming and outgoing dependencies."
,,1,"The class has dependencies with a large number of other abstractions: it imports 68 classes from various packages, implements multiple nested interfaces (FieldPool, MethodPool, RecordComponentPool), contains inner classes (UnresolvedType, ValidatingClassVisitor, ForInlining, ForCreation), and collaborates with numerous external types (TypeDescription, ClassFileVersion, DynamicType, Implementation, AnnotationValueFilter, etc.). This central role in coordinating class file generation makes it a hub-like modularization."
,,0,"The class has limited dependencies: it depends on its parent enum Default, MethodAttributeAppender.Factory, and basic types like List and TypeDescription. It does not have a large number of incoming or outgoing dependencies with other abstractions."
,,1,"The FieldAccessor class has dependencies with a large number of other abstractions including: FieldDescription, MethodDescription, TypeDescription, FieldLocator, InstrumentedType, ByteCodeAppender, StackManipulation, Assigner, FieldAccess, MethodReturn, MethodVariableAccess, ConstantValue, JavaConstant, RandomString, and multiple nested interfaces and classes (FieldLocation, FieldNameExtractor, PropertyConfigurable, AssignerConfigurable, OwnerTypeLocatable, ForImplicitProperty, ForSetter). It acts as a central hub coordinating field access operations across the bytecode generation framework."
,,1,"The class has a large number of incoming dependencies (being used by many other classes) and outgoing dependencies (importing and using many other classes). It imports 21 classes from various packages (net.bytebuddy.description, net.bytebuddy.dynamic.scaffold, net.bytebuddy.implementation.bytecode, net.bytebuddy.utility, org.objectweb.asm, java.lang.reflect, java.util), defines multiple nested interfaces and classes (FieldLocation, FieldNameExtractor, PropertyConfigurable, AssignerConfigurable, OwnerTypeLocatable, ForImplicitProperty, ForSetter), and has dependencies with numerous other abstractions throughout the codebase."
,,1,"The FixedValue class has dependencies with a large number of other abstractions: incoming dependencies from ByteCodeAppender, NullConstant, MethodReturn, and its own inner classes; outgoing dependencies to ByteCodeAppender, StackManipulation, Assigner, TypeDescription, MethodDescription, InstrumentedType, FieldDescription, ConstantValue, JavaConstant, RandomString, and multiple bytecode manipulation classes (ClassConstant, NullConstant, FieldAccess, MethodReturn, MethodVariableAccess). It serves as a central hub coordinating various fixed value implementations."
,,0,"The class has only 2 incoming dependencies (FixedValue, Assigner) and 2 outgoing dependencies (TypeDescription, ByteCodeAppender). This is a small number of dependencies, far below the threshold for Hub-like Modularization."
,,0,"The class has dependencies with only a few other abstractions: it depends on MethodDescription, Label, Opcodes, and StackManipulation. It does not have a large number of incoming or outgoing dependencies."
,,1,"The Implementation interface has a large number of incoming and outgoing dependencies. It depends on 28 other classes (ByteCodeAppender, StackManipulation, MethodDescription, TypeDescription, etc.) and is depended upon by 2 other classes (ByteCodeAppender and HashCodeAndEqualsPlugin). The interface contains 5 nested interfaces (Composable, SpecialMethodInvocation, Target, Context, ExtractableView) and 4 nested classes (Compound, Simple, Illegal, AbstractBase) with extensive functionality, making it a central hub in the codebase."
,,1,"The Implementation interface has dependencies with a large number of other abstractions. Incoming dependencies include: ClassFileVersion, CachedReturnPlugin, HashCodeAndEqualsPlugin, AnnotationList, AnnotationValue, FieldDescription, MethodDescription, ParameterDescription, ParameterList, Visibility, TypeDefinition, TypeDescription, TypeList, DynamicType, InstrumentedType, MethodGraph, TypeInitializer, TypeWriter, AnnotationValueFilter, AuxiliaryType, ByteCodeAppender, StackManipulation, FieldAccess, MethodInvocation, MethodReturn, MethodVariableAccess, CompoundList, JavaConstant, RandomString, MaybeNull, ClassVisitor, FieldVisitor, MethodVisitor, Opcodes, Nonnull, ArrayList, Arrays, Collections, HashMap, HashSet, List, Map, Set. Outgoing dependencies include: Target, Context, SpecialMethodInvocation, Composable, Compound, Simple, and their nested types. The interface acts as a central hub with numerous incoming and outgoing dependencies across multiple packages."
,,1,"The class has dependencies with a large number of other abstractions: incoming dependencies from Implementation.Composable, Implementation, ByteCodeAppender, Target, Context, MethodDescription, TypeDescription, FieldDescription, StackManipulation, Assigner, MethodConstant, FieldAccess, MethodInvocation, MethodVariableAccess, ArrayFactory, NullConstant, Removal, MethodReturn, FieldLocator, InstrumentedType, and outgoing dependencies to all these types plus InvocationHandler, List, ArrayList, MethodVisitor, Opcodes, RandomString, and various matchers. It acts as a central hub connecting many different components of the bytecode generation system."
,,1,"The class has dependencies with a large number of other abstractions: it imports 45 classes from various packages (net.bytebuddy.description, net.bytebuddy.dynamic, net.bytebuddy.implementation.bytecode, net.bytebuddy.utility, org.objectweb.asm, java.lang.reflect, java.util), defines multiple inner classes and interfaces (InvocationProvider, TerminationHandler, AbstractDelegator, WithImplicitArguments, WithImplicitTarget, WithImplicitType, Appender), and interacts with numerous external types (MethodDescription, TypeDescription, JavaConstant, Assigner, StackManipulation, etc.). Its methods return and accept many different types, making it a central hub in the codebase."
,,1,"The class has dependencies with a large number of other abstractions: it imports 45 classes from various packages (net.bytebuddy.description, net.bytebuddy.dynamic, net.bytebuddy.implementation.bytecode, net.bytebuddy.utility, org.objectweb.asm, java.lang.reflect, java.util), defines multiple inner classes and interfaces (InvocationProvider, TerminationHandler, WithImplicitArguments, WithImplicitTarget, WithImplicitType, Appender), and references numerous external types (MethodDescription, TypeDescription, JavaConstant, Assigner, StackManipulation, etc.) throughout its implementation."
,,0,"The analyzed class has only 3 outgoing dependencies (registerAccessorFor, registerGetterFor, registerSetterFor) and no incoming dependencies visible in the provided context. It does not have dependencies with a large number of other abstractions."
,,1,"The class has dependencies with a large number of other abstractions including: Implementation.Composable, MethodLocator, TargetHandler, ArgumentLoader, MethodInvoker, TerminationHandler, Assigner, ByteCodeAppender, StackManipulation, TypeDescription, MethodDescription, FieldDescription, ParameterDescription, ElementMatcher, FieldLocator, InstrumentedType, MethodGraph, and numerous bytecode manipulation classes. It contains multiple nested interfaces and classes (MethodLocator, ArgumentLoader, TargetHandler, MethodInvoker, TerminationHandler) that further increase dependency complexity. The class imports 35+ different types and defines 5+ major internal component interfaces, making it a central hub in the bytecode generation system."
,,1,"The class has dependencies with a large number of other abstractions including: Implementation, Implementation.Composable, ByteCodeAppender, Target, InstrumentedType, MethodDescription, TypeDescription, FieldDescription, ParameterDescription, Assigner, StackManipulation, MethodLocator, TargetHandler, ArgumentLoader, MethodInvoker, TerminationHandler, FieldLocator, MethodGraph, ElementMatcher, ConstantValue, JavaConstant, EnumerationDescription, and numerous bytecode manipulation classes (Duplication, Removal, TypeCreation, ArrayAccess, ArrayFactory, ClassConstant, IntegerConstant, NullConstant, FieldAccess, MethodInvocation, MethodReturn, MethodVariableAccess). It also depends on external types like Callable, Runnable, Constructor, Method, Field, and Type. The class acts as a central hub for method invocation functionality with extensive incoming and outgoing dependencies."
,,1,"The SuperMethodCall class has dependencies with a large number of other abstractions: it implements Implementation.Composable, uses Target, InstrumentedType, ByteCodeAppender, MethodDescription, StackManipulation, MethodVisitor, Implementation.Context, MethodReturn, MethodVariableAccess, Removal, and contains inner classes WithoutReturn and Appender (which itself depends on TerminationHandler). This high number of both incoming (implemented interfaces) and outgoing dependencies qualifies as Hub-like Modularization."
,,1,"The class has dependencies with a large number of other abstractions. It depends on: AnnotationAppender, AnnotationValueFilter, TypeDescription.Generic.Visitor, TypeDescription.Generic, TypeList.Generic, AnnotationDescription, TypeReference, TypePath, and multiple ASM classes (AnnotationVisitor, ClassVisitor, FieldVisitor, MethodVisitor, RecordComponentVisitor). It also has incoming dependencies from AnnotationAppender.Default and multiple static factory methods that create instances of ForTypeAnnotations, indicating it acts as a central hub for type annotation appending."
,,0,The class has minimal dependencies: it only depends on FieldVisitor from ASM and implements the Target interface. It has no outgoing dependencies to many other abstractions and only receives dependencies from its parent interface.
,,0,"The FieldAttributeAppender.Compound class has limited dependencies: it depends on FieldAttributeAppender interface, FieldDescription, FieldVisitor, AnnotationValueFilter, and standard Java collections. It has only 2-3 incoming dependencies from other FieldAttributeAppender implementations and 2-3 outgoing dependencies to other classes. This does not constitute a large number of dependencies in either direction."
,,1,"The interface MethodAttributeAppender has dependencies with a large number of other abstractions: incoming dependencies from AnnotationAppender, AnnotationValueFilter, MethodDescription, TypeDescription, MethodVisitor, and outgoing dependencies to its inner classes (NoOp, Factory, ForInstrumentedMethod, Explicit, ForReceiverType, Compound) and their dependencies including AnnotationAppender.Target, TypeDescription.Generic, ParameterDescription, etc."
,,0,"The InvocationFactory interface has only 2 incoming dependencies (from TypeProxy and TypeProxy.Default) and 2 outgoing dependencies (to Implementation.Target and Implementation.SpecialMethodInvocation). This limited number of dependencies does not meet the criteria for Hub-like Modularization, which requires a 'large number' of dependencies in both directions."
,,1,"The interface MethodDelegationBinder has a large number of dependencies with other abstractions. It contains multiple nested interfaces (Record, MethodInvoker, ParameterBinding, MethodBinding, BindingResolver, AmbiguityResolver, TerminationHandler) and classes (Processor, Builder.Build, Virtual, Anonymous, Unique, StreamWriting, Compound) that depend on it. Additionally, it has outgoing dependencies to numerous other classes such as MethodDescription, TypeDescription, Implementation.Target, StackManipulation, Assigner, MethodInvocation, and various annotation classes. The interface acts as a central hub coordinating method delegation binding with many interconnected components."
,,1,"The interface has 8 incoming dependencies (used by MethodDelegationBinder, MethodDelegationBinder.Record, MethodDelegationBinder.MethodBinding.Builder, MethodDelegationBinder.Processor, MethodDelegationBinder.ParameterBinding.Illegal, MethodDelegationBinder.ParameterBinding.Anonymous, MethodDelegationBinder.ParameterBinding.Unique, and MethodDelegationBinder.MethodBinding.Build) and 3 outgoing dependencies (depends on StackManipulation, MethodVisitor, and Implementation.Context). This high number of dependencies in both directions qualifies it as a hub-like modularization."
,,0,MethodNameEqualityResolver has only 1 incoming dependency (from MethodDelegationBinder.AmbiguityResolver) and 1 outgoing dependency (to MethodDescription). This does not constitute a large number of dependencies in either direction.
,,1,"The class has dependencies with a large number of other abstractions: it imports 21 classes from various packages, contains inner classes (Record, ParameterBinder, DelegationProcessor) that themselves have dependencies, and the ParameterBinder interface defines DEFAULTS list with 20 different binder instances, indicating extensive incoming and outgoing dependencies."
,,0,"ShiftRight has only 2 incoming dependencies (StackManipulation, Implementation) and 2 outgoing dependencies (StackSize, Opcodes). It does not have dependencies with a large number of other abstractions."
,,1,"The StackManipulation interface has numerous incoming dependencies (implementations like Illegal, Trivial, AbstractBase, Compound, Simple, Size) and outgoing dependencies (uses Implementation.Context, MethodVisitor, Size class). It serves as a central hub for bytecode manipulation operations with many dependent classes."
,,1,"The StackManipulation interface has numerous incoming dependencies (implementations: Illegal, Trivial, AbstractBase, Compound, Simple, Size) and outgoing dependencies (MethodVisitor, Implementation.Context, StackSize, HashCodeAndEqualsPlugin). It serves as a central hub for stack manipulation operations with multiple inner classes and interfaces depending on it, while it also depends on several external types."
,,1,"The StackManipulation interface has numerous incoming dependencies (implementations: Illegal, Trivial, Size, AbstractBase, Compound, Simple) and outgoing dependencies (uses: Implementation.Context, MethodVisitor, StackSize). It serves as a central hub for bytecode manipulation operations with multiple implementations and dependencies across the codebase."
,,0,"The DefaultValue class has only 2 incoming dependencies (from StubMethod and VoidAwareAssigner) and 6 outgoing dependencies (to IntegerConstant, LongConstant, FloatConstant, DoubleConstant, Trivial, and NullConstant). This does not constitute a large number of dependencies in either direction, and the class serves a specific, focused purpose of providing default values for different types."
,,0,LongConstant has only 2 incoming dependencies (StackSize and Implementation) and 1 outgoing dependency (StackManipulation). It does not have dependencies with a large number of other abstractions.
,,0,"The CachedConstructor class has limited dependencies: it depends on TypeDescription, StackManipulation, Implementation.Context, MethodVisitor, and FieldAccess. It does not exhibit a large number of incoming or outgoing dependencies with other abstractions. The class is a simple wrapper that delegates to FieldAccess for reading a cached field value."
,,1,"FieldAccess has incoming dependencies from 7 classes (Implementation, StackManipulation, TypeDefinition, EnumerationDescription, FieldList, FieldDescription, StackSize) and outgoing dependencies to 8 classes (EnumerationDescription, FieldDescription, FieldList, Implementation, StackManipulation, StackSize, TypeDefinition, HashCodeAndEqualsPlugin). The total number of distinct dependency relationships (15) indicates hub-like modularization where this abstraction serves as a central connector between many other abstractions."
,,0,"The FieldAccess enum has dependencies with only 8 other abstractions (EnumerationDescription, FieldDescription, FieldList, TypeDefinition, Implementation, StackManipulation, StackSize, TypeCasting) plus standard library imports. This is not a large number of dependencies that would indicate hub-like modularization. The class has a focused responsibility of representing field access operations."
,,1,"The class has dependencies with a large number of other abstractions: it imports and uses TypeDescription, MethodDescription, Implementation, StackManipulation, JavaConstant, JavaType, TypeCasting, and interacts with multiple classes from the net.bytebuddy package. It also defines inner classes (OfGenericMethod, Invocation, HandleInvocation, HandleType) and interfaces (WithImplicitInvocationTargetType) that further increase coupling. The class serves as a central hub for method invocation logic, coordinating between various bytecode manipulation components."
,,1,ElementMatchers has 85 incoming dependencies (used by 85 other classes/methods) and 2 outgoing dependencies (depends on BooleanMatcher and ElementMatcher). This high number of incoming dependencies (85) combined with outgoing dependencies qualifies it as a hub-like modularization smell.
,,0,"The class has only 2 incoming dependencies (from ElementMatcher and HashCodeAndEqualsPlugin) and 2 outgoing dependencies (to ElementMatcher and TypeDescription), which is not a large number of dependencies in either direction."
,,0,DefinedShapeMatcher has only one incoming dependency (from ByteCodeElement) and one outgoing dependency (to ElementMatcher). It does not have dependencies with a large number of other abstractions.
,,0,ErasureMatcher has only one incoming dependency (HashCodeAndEqualsPlugin annotation) and one outgoing dependency (ElementMatcher interface). It does not have dependencies with a large number of other abstractions.
,,0,The class has only one incoming dependency (HashCodeAndEqualsPlugin) and one outgoing dependency (TypeDescription.Generic). It does not have a large number of dependencies with other abstractions.
,,0,"The LazyInterface class is a small inner class with limited dependencies. It only depends on its enclosing class (TypePool.Default.WithLazyResolution.ExtendedLazyTypeDescription.LazyInterfaceList) and a few core types (Generic.LazyProjection.WithLazyNavigation, AnnotationList, TypeDescription). It does not exhibit a large number of incoming or outgoing dependencies that would indicate hub-like modularization."
,,1,"The class has dependencies with a large number of other abstractions: it imports 58 classes from 15 different packages, extends TypeDescription.AbstractBase.OfSimpleType.WithDelegation, implements ParameterDescription.InDefinedShape, and references numerous types from net.bytebuddy.description, net.bytebuddy.description.method, net.bytebuddy.description.type, net.bytebuddy.description.annotation, net.bytebuddy.utility, and org.objectweb.asm packages."
,,0,"The LazySuperClass class is a small inner class with limited dependencies. It only depends on Generic.LazyProjection.WithLazyNavigation (parent), TypeDescription (via asErasure), and AnnotationList (via getDeclaredAnnotations). It does not have a large number of incoming or outgoing dependencies with other abstractions."
,,1,"The class has dependencies with a large number of other abstractions including TypeDescription, TypeList, FieldList, MethodList, RecordComponentList, AnnotationDescription, EnumerationDescription, ModuleDescription, PackageDescription, Generic, TypeVariableSource, and multiple nested classes (LazyFieldDescription, LazyMethodDescription, LazyRecordComponentDescription, LazyModuleDescription, LazyPackageDescription, LazyTypeList, LazyNestMemberList, TokenizedGenericType, etc.). It also depends on numerous external classes from packages like org.objectweb.asm, net.bytebuddy.description, net.bytebuddy.dynamic, and net.bytebuddy.utility."
,,1,"The class TypePool.MethodTokenList (inner class of TypePool.Default.LazyTypeDescription) has dependencies with a large number of other abstractions. It directly references TypePool, TypeDescription, LazyTypeDescription, AnnotationToken, MethodDescription, ParameterDescription, and many other types from packages net.bytebuddy.description, net.bytebuddy.description.method, net.bytebuddy.description.type, net.bytebuddy.description.annotation, net.bytebuddy.description.field, net.bytebuddy.description.module, net.bytebuddy.description.enumeration, net.bytebuddy.utility, net.bytebuddy.dynamic, net.bytebuddy.matcher, net.bytebuddy.implementation, org.objectweb.asm, and java.util. The extensive import list and the class's role as a central data structure for method token representation indicate it acts as a hub with both incoming and outgoing dependencies to numerous other abstractions."
,,1,"The AsmClassReader interface has dependencies with a large number of other abstractions: incoming dependencies from AsmClassReader.Default, AsmClassReader.ForAsm, AsmClassReader.ForClassFileApi, OpenedClassReader, and outgoing dependencies to ClassFileVersion, AccessControllerPlugin, HashCodeAndEqualsPlugin, JavaDispatcher, MaybeNull, GetSystemPropertyAction, Attribute, ClassReader, ClassVisitor, PrivilegedAction, Arrays, Collections, List, and Object. It serves as a central hub connecting multiple implementations and external dependencies."
,,1,"The Dispatcher interface has dependencies with a large number of other abstractions: it declares nested interfaces OfClassDesc, OfMethodTypeDesc, OfMethodHandleDesc, OfDirectMethodHandleDesc, and OfDynamicConstantDesc, each of which further declares methods that depend on various Java constant types (java.lang.constant.ClassDesc, java.lang.constant.MethodTypeDesc, java.lang.constant.MethodHandleDesc, java.lang.constant.DirectMethodHandleDesc, java.lang.constant.DynamicConstantDesc). This creates a hub-like structure where Dispatcher serves as a central point connecting to multiple constant-related abstractions."
,,1,"The JavaConstant interface and its nested classes (Simple, MethodType, MethodHandle, Dynamic) have dependencies with a large number of other abstractions. Incoming dependencies include: ConstantValue, TypeDescription, TypeList, ClassFileLocator, TypePool, StackManipulation, ClassConstant, DoubleConstant, FloatConstant, IntegerConstant, JavaConstantValue, LongConstant, TextConstant, JavaDispatcher, JavaType, ConstantDynamic, Handle, Opcodes, Type, Constructor, Field, Method, EnumerationDescription, FieldDescription, MethodDescription, and various utility classes. Outgoing dependencies are similarly extensive, covering all the types used in method parameters, return types, and field declarations throughout the large class structure."
,,1,"The JavaConstant interface and its inner classes (Simple, MethodType, MethodHandle, Dynamic) have dependencies with a large number of other abstractions. Incoming dependencies include: TypeDescription, TypeList, MethodDescription, FieldDescription, EnumerationDescription, TypePool, ClassFileLocator, StackManipulation, JavaDispatcher, ConstantValue, JavaType, and various ASM classes (ConstantDynamic, Handle, Type, Opcodes). Outgoing dependencies include: all the above plus IntegerConstant, LongConstant, FloatConstant, DoubleConstant, TextConstant, ClassConstant, JavaConstantValue, and numerous Java reflection types (Method, Constructor, Field). The abstraction acts as a central hub for constant representation with extensive bidirectional coupling."
,,1,"The JavaModule class has dependencies with a large number of other abstractions: incoming dependencies from JavaDispatcher, ClassFileVersion, AccessControllerPlugin, NamedElement, AnnotationList, AnnotationSource, ModuleDescription, PackageDescription, AlwaysNull, MaybeNull, and outgoing dependencies to JavaDispatcher, ClassFileVersion, AccessControllerPlugin, NamedElement, AnnotationList, AnnotationSource, ModuleDescription, PackageDescription, AlwaysNull, MaybeNull, AnnotatedElement, PrivilegedAction, Set, InputStream, IOException, ClassLoader, Object, PackageDescription, JavaModule, AnnotationList.ForLoadedAnnotations, ModuleDescription.ForLoadedModule, and its own inner interfaces Resolver and Module."
,,0,"The class has only 1 incoming dependency (from JavaDispatcher) and 0 outgoing dependencies, which does not meet the criteria of having dependencies with a large number of other abstractions."
,,1,"CompileNode has incoming dependencies from CompileChainWalker and CompileChainStage, and outgoing dependencies to Compilation, IParseDictionary, IReadOnlyJITDataModel, IMetaMember, and ParseUtil. It acts as a central hub connecting multiple abstractions across different packages (chain, model, util, ui.compilechain)."
,,1,"CompilationUtil has dependencies with a large number of other abstractions. Incoming dependencies: ICompilationVisitable, InliningFailReasonTopListVisitable, StaleTaskToplistVisitable, InlineSizeHistoVisitable, BytecodeAnnotationBuilder, SuggestionWalker, IntrinsicFinder, HotThrowFinder, HeadlessInlineVisitor, CompileChainWalker, CompilationTableRow. Outgoing dependencies: Tag, IParseDictionary, LogParseException, Compilation, IMetaMember, Task, StringUtil, ParseUtil, ICompilationVisitable, AbstractCompilationVisitable, and multiple constants from JITWatchConstants."
,,1,"The class has numerous incoming dependencies (imports from 8 different packages including java.io, java.util, org.adoptopenjdk.jitwatch.model, org.adoptopenjdk.jitwatch.util, com.chrisnewland.freelogj) and outgoing dependencies (provides configuration data to many other components through its 50+ public getter/setter methods). It acts as a central configuration hub managing properties for source locations, class locations, compilation modes, UI settings, and sandbox configurations."
,,0,The class has only two dependencies: incoming from AbstractHistoVisitable (via inheritance) and outgoing to IMetaMember and IReadOnlyJITDataModel. This small number of dependencies does not meet the threshold for Hub-like Modularization.
,,1,"The class has dependencies with 8 other abstractions: IMetaMember, IReadOnlyJITDataModel, Compilation, CompilationUtil, Tag, IParseDictionary, LogParseException, and ITreeVisitable. Additionally, its inner class InlineJournalVisitor depends on AbstractCompilationVisitable and ICompilationVisitable. This high number of both incoming and outgoing dependencies indicates hub-like modularization."
,,0,"The class has only 3 outgoing dependencies (InvokeMethodCountMap, Opcode, ParseUtil) and 1 incoming dependency (IJarScanOperation). This does not constitute a large number of dependencies in either direction."
,,1,"LanguageManager has incoming dependencies from Sandbox and SandboxStage, and outgoing dependencies to 14 different compiler and runtime classes (CompilerGroovy, CompilerJRuby, CompilerJava, CompilerJavaScript, CompilerKotlin, CompilerScala, RuntimeGroovy, RuntimeJRuby, RuntimeJava, RuntimeJavaScript, RuntimeKotlin, RuntimeScala), plus JITWatchConfig, ILogListener, and various constants. It acts as a central hub that connects to numerous abstractions for language-specific compilation and execution."
,,0,"The enum has only two constants and no explicit dependencies. It has no incoming or outgoing dependencies with other abstractions, which does not meet the criteria of having dependencies with a large number of other abstractions."
,,1,"PackageManager has incoming dependencies from MetaClass, ParseUtil, JITDataModel, AssemblyProcessor, BytecodeAnnotationBuilder, ClassSearch, and JITWatchUI. It has outgoing dependencies to MetaClass and MetaPackage. This large number of both incoming and outgoing dependencies indicates it acts as a central hub for managing package and class metadata across the system."
,,1,"AssemblyInstruction has incoming dependencies from AssemblyLabels, AbstractAssemblyParser, AssemblyParserX86, AssemblyParserARM, AssemblyBlock, ViewerAssembly, and AssemblyLabel. It has outgoing dependencies to StringUtil, AssemblyLabels, and uses multiple static imports from JITWatchConstants. This high number of both incoming and outgoing dependencies qualifies as Hub-like Modularization."
,,0,"BCParamConstant has only 2 incoming dependencies (from BytecodeLoader and BytecodeInstruction) and 1 outgoing dependency (to IBytecodeParam). This is a small number of dependencies, far below the threshold for Hub-like Modularization."
,,0,"LineTable has only 2 dependencies: incoming from MemberBytecode (constructor parameter and getMemberBytecode() method) and outgoing to LineTableEntry (uses as collection element type). This is a small number of dependencies, not meeting the threshold for Hub-like Modularization."
,,0,The UncommonTrap class has only one incoming dependency (from BytecodeAnnotationBuilder) and one outgoing dependency (to Tag). It does not have dependencies with a large number of other abstractions.
,,1,"HotSpotLogParser has numerous incoming dependencies (imports from 11 different packages including org.adoptopenjdk.jitwatch.core, org.adoptopenjdk.jitwatch.model, org.adoptopenjdk.jitwatch.util, org.adoptopenjdk.jitwatch.model.assembly) and outgoing dependencies (calls to 15+ different classes including Tag, NumberedLine, AssemblyProcessor, StringUtil, ParseUtil, VmVersionDetector, Architecture). It acts as a central hub coordinating parsing logic, handling multiple tag types, processing assembly lines, and managing class model building."
,,1,"J9Line has incoming dependencies from J9Util and J9LogParser, and outgoing dependencies to MemberSignatureParts, LogParseException, Tag, Task, StringUtil, J9Util, and multiple static imports from JITWatchConstants. It acts as a central hub that is both created by and transforms data for numerous other abstractions."
,,0,"The class has only 2 incoming dependencies (from LanguageManager and ICompiler interface) and 2 outgoing dependencies (to AbstractProcess and ILogListener), which does not constitute a large number of dependencies in either direction."
,,1,"The Report class has incoming dependencies from 8 other classes (AbstractEscapeAnalysisWalker, MemberComparator, ScoreComparator, SuggestionWalker, InliningWalker, ViewerBytecode, EliminatedAllocationRowBean, OptimisedLockRowBean, SuggestionRowBean, InliningRowBean, LinkedBCICell, MemberTableCell) and outgoing dependencies to 2 other classes (IMetaMember and ReportType). This large number of incoming and outgoing dependencies indicates it acts as a central hub in the system."
,,0,"CompilationChooser has only 2 dependencies: outgoing to IMemberSelectedListener and incoming from TriView and CompileChainStage. This is a small number of dependencies, not meeting the threshold for Hub-like Modularization."
,,1,"The class has 12 incoming dependencies (imports from other packages) and 2 outgoing dependencies (interfaces it implements: ICompilationChangeListener, IRedrawable). It acts as a central hub connecting UI components, data models, compilation logic, and visualization elements, coordinating between multiple subsystems."
,,1,"JITWatchUI has numerous incoming dependencies (it is instantiated by CodeCacheStage, HistoStage, TimeLineStage, etc.) and outgoing dependencies (it imports and uses many classes like CodeCacheEvent, Tag, UserInterfaceUtil, various UI stages, parsers, walkers, and model classes). It acts as a central hub coordinating UI components, data models, and various subsystems."
,,0,"The interface has only one outgoing dependency (to ParserType) and is used by only one class (ParserChooser) as an incoming dependency, which does not constitute a large number of dependencies in either direction."
,,0,"VMLanguageConfigStage has only 2 incoming dependencies (from VMLanguageList and StageManager) and 2 outgoing dependencies (to IStageClosedListener and JITWatchConfig), which does not constitute a large number of dependencies in either direction."
,,1,"JITWatchUI has incoming dependencies from AbstractTextViewerStage, Viewer, UserInterfaceUtil, and many other UI components. It also has outgoing dependencies to numerous abstractions including IStageAccessProxy, IJITListener, ILogParseErrorListener, IStageClosedListener, IMemberSelectedListener, IParserSelectedListener, and concrete classes like MainConfigStage, TimeLineStage, StatsStage, HistoStage, TopListStage, CodeCacheStage, CodeCacheLayoutStage, CompilerThreadStage, TriView, BrowserStage, ReportStage, SandboxStage, TextViewerStage, JournalViewerStage, CompileChainStage, and many model classes. This large number of both incoming and outgoing dependencies indicates hub-like modularization."
,,0,"TooltipUtil has only one static method that depends on ParseUtil and StringUtil (2 outgoing dependencies) and is called by BytecodeAnnotationBuilder and CompileChainWalker (2 incoming dependencies). This small number of dependencies (2 incoming, 2 outgoing) does not meet the threshold for Hub-like Modularization."
,,1,"CopyUtils has dependencies with a large number of other abstractions: incoming dependencies from IOUtils (static import of EOF, ScratchChars), ByteArrayInputStream, StringReader, InputStreamReader, OutputStreamWriter, and outgoing dependencies to InputStream, OutputStream, Reader, Writer, String, byte[], Charset, IOException, and IOUtils. It acts as a central hub for copying operations between various source and destination types."
,,1,"RandomAccessFileMode has dependencies with a large number of other abstractions: incoming dependencies from PathUtils, AbstractOrigin.FileOrigin, AbstractOrigin.PathOrigin, and MagicNumberFileFilter; outgoing dependencies to IOConsumer, IOFunction, IORandomAccessFile, RandomAccessFile, File, Path, OpenOption, StandardOpenOption, and IOException. It acts as a central hub for file access mode operations across multiple packages."
,,1,"The class has dependencies with a large number of other abstractions: it imports 28 different types (including java.io.*, java.nio.*, java.net.*, and org.apache.commons.io.* packages), defines 11 inner classes that each handle different origin types, and provides conversion methods between 12 different data types (byte[], CharSequence, File, Path, RandomAccessFile, InputStream, Reader, ReadableByteChannel, OutputStream, Writer, WritableByteChannel, URI). This central hub orchestrates conversions between numerous I/O abstractions."
,,1,"AbstractOrigin has dependencies with a large number of other abstractions: it imports 28 different types (including InputStream, OutputStream, Reader, Writer, Channel, File, Path, URI, etc.), contains 12 inner classes (ByteArrayOrigin, CharSequenceOrigin, FileOrigin, etc.) that each handle specific origin types, and provides conversion methods between all these different abstractions, making it a central hub for I/O type conversions."
,,1,"IOUtils has dependencies with a large number of other abstractions: it imports 45 classes from various packages (java.io, java.nio, java.net, java.util, etc.), uses multiple internal classes (ScratchBytes, ScratchChars), and interacts with numerous external classes through its method parameters and return types (InputStream, OutputStream, Reader, Writer, URL, etc.). This extensive coupling makes it a central hub in the commons-io library."
,,0,"The class has only 2 outgoing dependencies (java.util.Arrays, java.util.List) and no incoming dependencies shown in the provided context. This does not constitute a large number of dependencies in either direction."
,,0,The class has only one explicit outgoing dependency (java.util.Comparator) and one incoming dependency (AbstractFileComparator). It does not have dependencies with a large number of other abstractions.
,,0,ExtensionFileComparator has only 2 outgoing dependencies (IOCase and FilenameUtils) and 0 incoming dependencies from the provided context. This does not meet the threshold for Hub-like Modularization which requires a large number of both incoming and outgoing dependencies.
,,1,"AbstractBuilder has dependencies with a large number of other abstractions: incoming dependencies from CountingPathVisitor.Builder (extends it), CountingPathVisitor (uses it in constructor), and outgoing dependencies to SimplePathVisitor.AbstractBuilder (extends), PathCounters, PathFilter (two fields), UnaryOperator<Path>, IOFileFilter, SymbolicLinkFileFilter, TrueFileFilter, FileVisitResult, and Counters (through defaultPathCounters)."
,,0,"SimplePathVisitor has limited dependencies: it extends SimpleFileVisitor<Path> and implements PathVisitor, uses IOBiFunction, and contains an inner AbstractBuilder class. It has only 2-3 incoming dependencies (from CountingPathVisitor) and 2-3 outgoing dependencies (to SimpleFileVisitor, PathVisitor, IOBiFunction), which does not constitute a large number of dependencies typical of Hub-like Modularization."
,,0,IOBiConsumer has only 2 outgoing dependencies (Uncheck and Constants) and 1 incoming dependency (BoundedInputStream). This does not constitute a 'large number' of dependencies in both directions as required by the Hub-like Modularization definition.
,,1,"IOStream has dependencies with a large number of other abstractions: incoming dependencies from IOStreams, IOStreamAdapter, Erase, and multiple IO functional interfaces (IOPredicate, IOConsumer, IOFunction, IOBinaryOperator, IOComparator, IOSupplier, IOBiConsumer, IOBiFunction, IOUnaryOperator). It also has outgoing dependencies to Stream, Optional, DoubleStream, IntStream, LongStream, Collector, and various java.util.function interfaces. This high number of both incoming and outgoing dependencies indicates hub-like modularization."
,,1,"The Uncheck class has dependencies with a large number of other abstractions. It has outgoing dependencies to IOBiConsumer, IOConsumer, IOIntConsumer, IOTriConsumer, IOBiFunction, IOFunction, IOQuadFunction, IOTriFunction, IOComparator, IOSupplier, IOBooleanSupplier, IOIntSupplier, IOLongSupplier, IORunnable, IOPredicate, and UncheckedIOException. Additionally, it has incoming dependencies from IOBiConsumer, IORunnable, IOLongSupplier, IOSupplier, IOIntSupplier, IOBooleanSupplier, IOConsumer, IOIntConsumer, IOFunction, IOPredicate, IOComparator, IOTriConsumer, IOBiFunction, UncheckedIOIterator, UncheckedFilterReader, UncheckedBufferedReader, UncheckedFilterInputStream, UncheckedFilterWriter, UncheckedFilterOutputStream, and FileUtils. This high number of both incoming and outgoing dependencies indicates hub-like modularization."
,,1,"CharSequenceInputStream has dependencies with a large number of other abstractions: incoming dependencies from IOUtils, Charsets, ReaderInputStream, and its own Builder class; outgoing dependencies to java.io.InputStream, java.nio.ByteBuffer, java.nio.CharBuffer, java.nio.charset.CharsetEncoder, java.nio.charset.CoderResult, java.nio.charset.CodingErrorAction, org.apache.commons.io.Charsets, org.apache.commons.io.IOUtils, org.apache.commons.io.build.AbstractStreamBuilder, org.apache.commons.io.charset.CharsetEncoders, org.apache.commons.io.function.Uncheck, and org.apache.commons.io.input.ReaderInputStream."
,,0,The class has only one incoming dependency (extends ObjectInputStream) and one outgoing dependency (ClassLoader field). It does not have dependencies with a large number of other abstractions.
,,0,"The Builder class has limited dependencies: it extends AbstractBuilder<Builder>, uses MessageDigest, NoSuchAlgorithmException, IllegalStateException, Arrays, and Objects. It has only 6 distinct dependency types, which is not a large number of dependencies that would characterize Hub-like Modularization."
,,1,"The Uncheck class has dependencies with a large number of other abstractions: it imports and uses multiple functional interfaces (IOBiConsumer, IOConsumer, IOIntConsumer, IOTriConsumer, IOBiFunction, IOFunction, IOQuadFunction, IOTriFunction, IOComparator, IOSupplier, IOBooleanSupplier, IOIntSupplier, IOLongSupplier, IORunnable, IOPredicate), IOException, UncheckedIOException, and Supplier. It also has outgoing dependencies to all these types through its method parameters and return types, making it a central hub for unchecked IO operations."
,,1,"The Builder class has incoming dependencies from DeferredFileOutputStream (via builder() method and constructor) and outgoing dependencies to AbstractStreamBuilder (parent class), AbstractByteArrayOutputStream (uses DEFAULT_SIZE), File, Path, String, and int types. It acts as a central hub connecting configuration parameters to the main DeferredFileOutputStream class."
,,0,"TaggedWriter has only two direct dependencies: its parent class ProxyWriter (incoming/outgoing) and TaggedIOException (outgoing). This is a small number of dependencies, far below the threshold for a hub-like modularization smell."
,,1,"The Functions class acts as a central hub with numerous dependencies. It defines 9 functional interfaces (FailableBiConsumer, FailableBiFunction, FailableBiPredicate, FailableCallable, FailableConsumer, FailableFunction, FailablePredicate, FailableRunnable, FailableSupplier) and provides 28 static methods that interact with these interfaces and standard Java functional types (BiConsumer, BiFunction, BiPredicate, Callable, Consumer, Function, Predicate, Runnable, Supplier). It also depends on external classes like ExceptionUtils, Failable, FailableBooleanSupplier, and FailableStream, creating a high number of both incoming and outgoing dependencies."
,,1,"The ThreadUtils class acts as a central hub with numerous incoming and outgoing dependencies. It contains multiple inner classes/interfaces (ThreadPredicate, ThreadGroupPredicate, AlwaysTruePredicate, NamePredicate, ThreadIdPredicate) that all depend on ThreadUtils. Additionally, ThreadUtils has outgoing dependencies to many external classes including Thread, ThreadGroup, Collection, Stream, Predicate, Function, Objects, DurationUtils, and Predicates. The class provides utility methods that serve as a central point for thread-related operations, connecting various thread-related abstractions."
,,0,"The class has minimal dependencies: only one external class (ObjectUtils) and one standard library interface (Predicate). It has a single inner class (ComparableCheckBuilder) with which it has a natural parent-child relationship. The number of distinct dependencies is small, and the class serves a focused purpose of providing comparison utilities without acting as a hub connecting many unrelated abstractions."
,,0,The class has only one incoming dependency (implements Comparator<Object>) and no outgoing dependencies to other abstractions beyond standard Java types. It does not have dependencies with a large number of other abstractions.
,,0,The Builder class has only 2 outgoing dependencies (AtomicInitializer and AbstractBuilder) and 1 incoming dependency (from AtomicInitializer.builder() method). It does not have dependencies with a large number of other abstractions.
,,0,ConstantInitializer has only one outgoing dependency (ConcurrentInitializer interface it implements) and one incoming dependency (ConcurrentException in the throws clause of get() method). This does not constitute a large number of dependencies in either direction.
,,1,"The class has incoming dependencies from BackgroundInitializer (as a subclass) and outgoing dependencies to BackgroundInitializer (manages multiple instances), ConcurrentException, ExecutorService, Map, Set, Collections, and other utility classes. It acts as a central hub coordinating multiple BackgroundInitializer instances, collecting their results, and managing their lifecycle."
,,0,The class has only one incoming dependency (extends UncheckedException) and one outgoing dependency (imports java.util.concurrent.ExecutionException). This does not constitute a large number of dependencies in either direction.
,,0,"The class has only 2 incoming dependencies (extends AbstractFutureProxy, implements UncheckedFuture) and 4 outgoing dependencies (UncheckedInterruptedException, UncheckedExecutionException, UncheckedTimeoutException, and the superclass method calls). This does not constitute a large number of dependencies in either direction."
,,1,"The LockingVisitors class acts as a central hub with numerous dependencies. It has incoming dependencies from three specialized visitor classes (ReentrantLockVisitor, ReadWriteLockVisitor, StampedLockVisitor) that extend its inner LockVisitor class. It also has outgoing dependencies to multiple Java concurrency classes (Lock, ReadWriteLock, ReentrantLock, ReentrantReadWriteLock, StampedLock) and Apache Commons utility classes (AbstractSupplier, Failable, FailableConsumer, FailableFunction, Suppliers). The class serves as a factory creating instances of all three visitor types and contains the core LockVisitor abstraction that all specialized visitors depend on."
,,1,"The LockVisitor class has incoming dependencies from multiple concrete visitor classes (ReadWriteLockVisitor, ReentrantLockVisitor, StampedLockVisitor) and their builders, and outgoing dependencies to numerous external types including Lock, ReadWriteLock, ReentrantLock, StampedLock, Supplier, AbstractSupplier, Failable, FailableConsumer, FailableFunction, and Suppliers. It serves as a central hub connecting various locking mechanisms with functional interfaces."
,,0,"The EventUtils class has only 2 outgoing dependencies (MethodUtils and java.lang.reflect.Proxy) and 0 incoming dependencies from other classes in the provided context. This low number of dependencies does not meet the threshold for Hub-like Modularization, which requires a large number of both incoming and outgoing dependencies with other abstractions."
,,1,"The interface ExceptionContext has incoming dependencies from ContextedRuntimeException and ContextedException (both implement it), and outgoing dependencies to List, Set, and Pair (from method signatures). It serves as a central hub connecting multiple exception classes to data structures, with both incoming and outgoing dependencies to several other abstractions."
,,1,"The Failable class has dependencies with a large number of other abstractions: it imports 15+ classes from java.util.function and other packages, defines methods that accept/return 10+ different Failable functional interface types (FailableBiConsumer, FailableBiFunction, FailableBiPredicate, FailableCallable, FailableConsumer, FailableDoubleConsumer, FailableIntConsumer, FailableLongConsumer, FailableFunction, FailablePredicate, FailableRunnable, FailableSupplier, FailableBooleanSupplier, FailableDoubleSupplier, FailableIntSupplier, FailableLongSupplier, FailableShortSupplier, FailableDoubleBinaryOperator), and provides conversion methods to standard Java functional interfaces. This centralizes dependencies with numerous other abstractions."
,,1,"The Failable class has dependencies with a large number of other abstractions. It has incoming dependencies from multiple Failable* functional interfaces (FailableDoubleConsumer, FailableIntConsumer, FailableLongConsumer, FailableBiConsumer, FailableConsumer, FailableBiFunction, FailableFunction, FailableDoubleBinaryOperator, FailableBiPredicate, FailablePredicate, FailableCallable, FailableRunnable, FailableSupplier, FailableBooleanSupplier, FailableDoubleSupplier, FailableIntSupplier, FailableLongSupplier, FailableShortSupplier) and outgoing dependencies to numerous standard Java functional interfaces (BiConsumer, BiFunction, BiPredicate, Callable, Consumer, Function, Predicate, Runnable, Supplier) as well as other utility classes (Objects, ExceptionUtils, Streams). This high number of both incoming and outgoing dependencies qualifies as Hub-like Modularization."
,,0,"The interface has only two static dependencies (java.util.Objects, java.util.function.DoublePredicate) and defines simple default methods (and, negate, or) and a single abstract method (test). It does not exhibit a large number of incoming or outgoing dependencies with other abstractions."
,,0,"The interface has only one incoming dependency (DoubleToLongFunction from java.util.function) and no outgoing dependencies to other abstractions within the analyzed context. It defines a single method and a static factory method, showing minimal coupling."
,,0,The interface has only one incoming dependency (IntUnaryOperator) and no outgoing dependencies to other abstractions within the provided context. It defines only its own methods and uses standard Java classes (Objects).
,,0,"The interface has only one incoming dependency (import of java.util.Objects and java.util.function.LongUnaryOperator) and no outgoing dependencies to other abstractions within the analyzed code. It defines only its own methods and constants, without depending on or being depended upon by a large number of other abstractions."
,,0,"The interface has only one outgoing dependency (java.util.function.ObjIntConsumer) and no incoming dependencies shown in the provided context. It defines a single abstract method, a static factory method, and a singleton constant, which does not constitute a large number of dependencies with other abstractions."
,,0,"The interface has only one outgoing dependency (java.util.function.ObjLongConsumer) and no incoming dependencies shown in the provided context. It defines a single abstract method, a static factory method, and a singleton constant, with minimal coupling to other abstractions."
,,0,FailableRunnable has only one outgoing dependency (Throwable) and no incoming dependencies shown in the provided context. It does not have dependencies with a large number of other abstractions.
,,1,"AbstractFormatCache has dependencies with a large number of other abstractions: incoming dependencies from FastDateFormat (which uses it as a cache), TimeZones (via toTimeZone method), LocaleUtils (via toLocale method), and java.text.Format/DateFormat/SimpleDateFormat; outgoing dependencies to TimeZones, LocaleUtils, ConcurrentMap, ArrayKey, Format, and various Java standard library classes. It acts as a central hub for formatting operations with both incoming and outgoing connections to multiple abstractions."
,,0,"StrategyParser is a private inner class with limited dependencies. It only depends on its enclosing class FastDateParser (for pattern field), Calendar, CharUtils, Objects, and StringBuilder. It has few incoming dependencies (only used by FastDateParser.init()) and few outgoing dependencies, not meeting the criteria for Hub-like Modularization."
,,1,"The FastDatePrinter class acts as a central hub with dependencies to numerous other abstractions. It has incoming dependencies from external classes like FastDateFormat (factory), DatePrinter (interface), and various callers. It has outgoing dependencies to many internal nested classes (CharacterLiteral, StringLiteral, TextField, Iso8601_Rule, TimeZoneNameRule, TimeZoneNumberRule, PaddedNumberField, UnpaddedNumberField, TwoDigitNumberField, TwoDigitMonthField, TwoDigitYearField, UnpaddedMonthField, TwelveHourField, TwentyFourHourField, DayInWeekField, WeekYear, TimeZoneDisplayKey, Rule, NumberRule) and external classes (Calendar, Date, TimeZone, Locale, DateFormatSymbols, Appendable, StringBuilder, StringBuffer, IOException, ConcurrentMap, CharUtils, ClassUtils, LocaleUtils, ExceptionUtils, CalendarUtils). The large number of both incoming and outgoing dependencies indicates it serves as a central coordination point, fitting the definition of Hub-like Modularization."
,,0,GmtTimeZone has only one incoming dependency (from TimeZones via GMT_ID constant) and one outgoing dependency (to TimeZones.GMT_ID). It does not have dependencies with a large number of other abstractions.
,,1,"DirectoryProperty has incoming dependencies from ByteBuddyTaskConfiguration (which imports and uses it) and outgoing dependencies to Provider (which it extends) and Directory (its generic type). It also has outgoing dependencies to File (via getAsFile return type) and FileTree (via getAsFileTree return type). This interface acts as a central hub connecting multiple abstractions across different packages (org.gradle.api.file, org.gradle.api.provider, net.bytebuddy.build.gradle)."
,,0,"The class has only one incoming dependency (extends IOException) and no outgoing dependencies to other abstractions. It defines only two private fields with getters and a simple toString method, showing minimal coupling."
,,1,"Document has incoming dependencies from ListLinks, Jsoup, and Elements, and outgoing dependencies to Element, Connection, Jsoup, Validate, DataUtil, StringUtil, Parser, Tag, Elements, Evaluator, Selector, Charset, OutputSettings, QuirksMode, DocumentType, FormElement, XmlDeclaration, and Entities.EscapeMode. This large number of both incoming and outgoing dependencies indicates hub-like modularization."
,,1,"The HttpConnection class has a large number of incoming and outgoing dependencies. It implements the Connection interface and contains inner classes Request, Response, Base, and KeyVal. It imports numerous classes from various packages (org.jsoup.*, org.jsoup.internal.*, org.jsoup.nodes.*, org.jsoup.parser.*, java.io.*, java.net.*, java.nio.*, java.util.*, javax.net.ssl.*, etc.) and is referenced by other classes like RequestExecutor, AuthenticationHandler, and DataUtil. This high coupling with many abstractions indicates Hub-like Modularization."
,,1,"The Regex class has incoming dependencies from Re2jRegex (via static method call) and potentially many other classes that use regex functionality. It has outgoing dependencies to java.util.regex.Pattern, java.lang.reflect classes, System, SharedConstants, Re2jRegex, and ValidationException. This large number of both incoming and outgoing dependencies indicates it acts as a central hub."
,,0,"The class has only one incoming dependency (from Validate class via the Validator constant) and no outgoing dependencies to other abstractions besides standard Java library classes (ArrayList, List, StackTraceElement). It does not have dependencies with a large number of other abstractions."
,,1,"The Attributes class has dependencies with a large number of other abstractions. It imports and uses classes from multiple packages including org.jsoup.helper.Validate, org.jsoup.internal.QuietAppendable, org.jsoup.internal.SharedConstants, org.jsoup.internal.StringUtil, org.jsoup.parser.ParseSettings, and org.jsoup.nodes.Document.OutputSettings. It also has bidirectional relationships with the Attribute class, creates and returns Dataset inner class instances, and interacts with various Java collections and utility classes. This high number of incoming and outgoing dependencies qualifies it as a hub-like modularization."
,,0,"The DocumentType class has only 2 incoming dependencies (from TokeniserState and HtmlTreeBuilderState) and 0 outgoing dependencies to other abstractions, which is not a large number of dependencies in either direction."
,,1,"NodeUtils has incoming dependencies from Node, Element, and Document classes (via method calls like NodeUtils.parser(), NodeUtils.outputSettings(), NodeUtils.stream(), NodeUtils.selectXpath()). It also has outgoing dependencies to Validate, W3CDom, Parser, HtmlTreeBuilder, Document, Node, NodeIterator, Spliterator, Stream, and StreamSupport classes. This large number of both incoming and outgoing dependencies indicates it acts as a central hub connecting many abstractions."
,,1,"The Token class acts as a central hub with dependencies to many other abstractions. It has incoming dependencies from its inner classes (Doctype, Tag, StartTag, EndTag, Comment, Character, CData, XmlDecl, EOF) and outgoing dependencies to multiple external classes (TokenData, TreeBuilder, CharacterReader, Attributes, Range, Normalizer, Validate, ParseSettings, TokeniserState, Tokeniser). The class serves as a container for numerous token types and coordinates interactions between many different parser components."
,,1,"TreeBuilder has incoming dependencies from classes like Parser, Tokeniser, CharacterReader, ParseErrorList, TagSet, and NodeVisitor. It has outgoing dependencies to classes like Document, Element, Node, Attributes, Tag, Token, ParseSettings, Range, and SharedConstants. This high number of both incoming and outgoing dependencies indicates it acts as a central hub in the parsing module."
,,1,"The Safelist class has dependencies with a large number of other abstractions. It imports and uses: org.jsoup.helper.Validate, org.jsoup.internal.Normalizer, org.jsoup.nodes.Attribute, org.jsoup.nodes.Attributes, org.jsoup.nodes.Element. Additionally, it contains four inner classes (TagName, AttributeKey, AttributeValue, Protocol) that extend TypedValue, and it interacts with multiple Java standard library classes including HashMap, HashSet, Iterator, Map, Objects, and Set. This high number of both incoming and outgoing dependencies qualifies as Hub-like Modularization."
,,1,"The Safelist class has dependencies with a large number of other abstractions: it imports org.jsoup.helper.Validate, org.jsoup.internal.Normalizer, org.jsoup.nodes.Attribute, org.jsoup.nodes.Attributes, org.jsoup.nodes.Element, and uses java.util.HashMap, HashSet, Iterator, Map, Objects, Set. Additionally, it defines four inner classes (TagName, AttributeKey, AttributeValue, Protocol) that extend TypedValue, and interacts with these types throughout its methods. The class serves as a central configuration hub for HTML cleaning rules, managing multiple collections of these types and coordinating their interactions."
,,0,The class is a simple concrete evaluator that extends AttributeKeyPair. It has minimal dependencies: only depends on its parent class AttributeKeyPair and uses standard library methods. It does not have a large number of incoming or outgoing dependencies with other abstractions.
,,1,"The Evaluator class has dependencies with a large number of other abstractions. It imports 11 classes from other packages (org.jsoup.helper.Validate, org.jsoup.nodes.Comment, org.jsoup.nodes.Document, org.jsoup.nodes.DocumentType, org.jsoup.nodes.Element, org.jsoup.nodes.LeafNode, org.jsoup.nodes.Node, org.jsoup.nodes.PseudoTextElement, org.jsoup.nodes.TextNode, org.jsoup.nodes.XmlDeclaration, org.jsoup.parser.ParseSettings, org.jsoup.helper.Regex) and 3 static imports. Additionally, it contains 38 inner classes that depend on the parent Evaluator abstraction, creating a hub-like structure with extensive incoming and outgoing dependencies."
,,0,"The class ContainsWholeOwnText is a simple, focused evaluator with only one field and overrides a single method. It has minimal dependencies, inheriting only from Evaluator and using basic Java types. It does not exhibit a large number of incoming or outgoing dependencies with other abstractions."
,,0,The IndexEquals class is a simple static nested class with minimal dependencies. It extends IndexEvaluator and only interacts with Element to get its sibling index. It does not have a large number of incoming or outgoing dependencies with other abstractions.
,,1,"The Nodes class has incoming dependencies from Element (via selectNodes methods) and outgoing dependencies to Node (via generic type T extends Node), Element, Validate, StringUtil, and multiple Java standard library classes (ArrayList, Collection, List, Iterator, Predicate, UnaryOperator). It acts as a central hub connecting DOM nodes, utility classes, and collection operations."
,,0,The Not class has only one incoming dependency (from StructuralEvaluator) and one outgoing dependency (to Evaluator via superclass). It does not have dependencies with a large number of other abstractions.
,,0,"The class has no dependencies (incoming or outgoing) with any other abstractions, so it cannot be considered a hub."
,,0,"The class has no incoming or outgoing dependencies with other abstractions, as it contains no code or references."
