file_name,smell,entity_type,entity,detection,justification
(default package)_ElisionTest.txt,Insufficient Modularization,class,ElisionTest,0,"The class ElisionTest is a simple test class with a single responsibility - to demonstrate vector operations and synchronization elision. It contains only a constructor with straightforward logic and a main method for execution. The class is small, focused, and does not exhibit excessive size, complexity, or a bloated interface that would indicate insufficient modularization."
(default package)_InnerClassDotExpressions_InnerClass.txt,Insufficient Modularization,class,InnerClassContainer,0,"The InnerClassContainer class and its nested classes are simple data structures with minimal functionality. Each class has a single responsibility and contains only static methods with straightforward implementations. The nesting hierarchy reflects a logical organization rather than excessive complexity. The classes are small, cohesive, and do not exhibit the size, complexity, or bloated interface characteristics that define insufficient modularization."
(default package)_MegamorphicBypass_Quarter.txt,Insufficient Modularization,class,MegamorphicBypass,0,"The class has a single, well-defined responsibility of demonstrating megamorphic dispatch behavior through a simple simulation. While it contains nested classes (Nickel, Dime, Quarter) and a main execution loop, the overall complexity remains low as all components directly serve the core purpose. The class does not exhibit excessive size, complexity, or a bloated interface that would warrant decomposition into separate modules."
(default package)_PolymorphismTest_Quarter.txt,Insufficient Modularization,class,PolymorphismTest,0,"The class PolymorphismTest, while containing multiple nested classes and a main method, maintains a clear and focused responsibility centered around demonstrating polymorphism behavior. The nested classes (Nickel, Dime, Quarter) are simple implementations of the Coin interface, each with a single responsibility. The constructor contains a test loop that exercises polymorphic behavior, which aligns with the class's purpose. The class does not exhibit excessive size, complexity, or a bloated interface that would warrant decomposition into smaller abstractions."
(default package)_TestInner.txt,Insufficient Modularization,class,TestInner,0,"The class TestInner is relatively small and simple, with only 32 lines of code. It has a clear single responsibility of demonstrating inner class behavior. The nested inner classes (Inner1, Inner2) are logically related and serve to demonstrate the hierarchical relationship. The class does not exhibit excessive size, complexity, or bloated interface - it has only one public method (a()) and a straightforward constructor chain. The nested classes each have single responsibilities and minimal interfaces."
a_b_c_ExampleClass.txt,Insufficient Modularization,class,ExampleClass,0,"The class is small and focused, containing only a constructor and a single method that delegates to a factory. It has a clear single responsibility of providing data objects through a factory pattern. The class does not exhibit excessive size, complexity, or bloated interface that would indicate insufficient modularization."
com_github_javaparser_GeneratedJavaParserBase.txt,Insufficient Modularization,class,GeneratedJavaParserBase,1,"['The class has a high number of methods (over 30), indicating excessive functionality within a single abstraction.', 'Multiple responsibilities are observed such as token management, error recovery, node list operations, lambda expression generation, and array type handling.', 'Several methods deal with low-level parsing details and token manipulations that could be separated into dedicated classes or modules.', 'The class serves as a base for generated parser code but accumulates numerous utility and helper methods that violate the single responsibility principle.', ""Complexity is increased by conditional logic based on 'storeTokens' flag scattered across multiple methods, suggesting a lack of cohesive design.""]"
com_github_javaparser_GeneratedJavaParserTokenManager.txt,Insufficient Modularization,class,GeneratedJavaParserTokenManager,1,"['The class has excessive size with numerous methods and fields, making it difficult to understand and maintain.', 'It contains multiple responsibilities including token management, lexical analysis, and comment handling, which could be separated into smaller, more cohesive abstractions.', 'The presence of large switch statements and complex state management logic indicates a lack of decomposition.', 'The class includes many private helper methods and static arrays that contribute to its bloated interface and overall complexity.']"
com_github_javaparser_JavaToken_Kind.txt,Insufficient Modularization,class,JavaToken.Kind,0,"['The JavaToken.Kind enum is a well-encapsulated component responsible for representing token kinds in the JavaParser library.', 'It contains a reasonable number of constants (152) that correspond to different token types in the Java language, which is appropriate for its purpose.', 'The class provides essential methods such as valueOf(int kind), isPrimitive(), and getKind(), which are cohesive and directly related to token kind management.', 'The switch statement in valueOf(int kind) is a standard and efficient way to map integer values to enum constants, and its size is justified by the number of token types.', 'There is no evidence of excessive complexity, bloated interface, or mixing of responsibilities that would indicate insufficient modularization.', 'The class is focused solely on representing and managing token kinds, adhering to the single responsibility principle.']"
com_github_javaparser_Range.txt,Insufficient Modularization,class,Range,0,"['The class has a single, well-defined responsibility: representing a range of characters in a source file.', 'The class is relatively small, with only 22 methods and 2 fields, which is manageable.', 'All methods are cohesive and related to the core abstraction of a character range (e.g., creation, comparison, containment checks, and string representation).', 'There are no signs of bloated interface or excessive complexity in the method signatures or implementations.', 'The class does not expose an overly complex public API; it provides essential operations for range manipulation and querying.', ""While there are several 'with*' methods for creating modified copies, these are consistent with the immutable value object pattern and do not indicate poor modularization.""]"
com_github_javaparser_ast_Node_DirectChildrenIterator.txt,Insufficient Modularization,class,Node.DirectChildrenIterator,0,"The class Node.DirectChildrenIterator is a nested static class with a very focused responsibility - it simply iterates over the direct children of a node. It has only one field (childrenIterator) and implements a standard Iterator interface with hasNext() and next() methods. The class is small, cohesive, and well-encapsulated, representing a single, well-defined abstraction. It does not exhibit excessive size, complexity, or a bloated interface that would indicate insufficient modularization."
com_github_javaparser_ast_body_AnnotationMemberDeclaration.txt,Insufficient Modularization,class,AnnotationMemberDeclaration,0,"The class AnnotationMemberDeclaration is well-focused, representing a single responsibility related to annotation member declarations in Java. It has a manageable size with clear fields (modifiers, type, name, defaultValue) and methods that handle properties, visitor patterns, cloning, and resolution logic. The class leverages multiple interfaces to provide specific behaviors (e.g., NodeWithJavadoc, NodeWithType), which promotes modular design rather than bloating the class. There is no evidence of excessive complexity, duplicated logic, or intertwined responsibilities that would indicate insufficient decomposition."
com_github_javaparser_ast_body_ConstructorDeclaration.txt,Insufficient Modularization,class,ConstructorDeclaration,0,"The ConstructorDeclaration class is well-factored and maintains a clear, cohesive responsibility related to representing and manipulating constructor declarations in Java code. It encapsulates constructor-specific properties such as body, parameters, modifiers, and type parameters, while inheriting general callable declaration features from its superclass. The class implements relevant interfaces for structured access to its properties and provides necessary methods for AST node operations like cloning, visiting, and resolving. Its size and complexity are appropriate for its role in the JavaParser library, and there is no evidence of bloated interfaces or concentrated responsibilities that would suggest a need for further decomposition."
com_github_javaparser_ast_expr_CastExpr.txt,Insufficient Modularization,class,CastExpr,0,"The class CastExpr is a well-defined, cohesive class representing a typecast expression in JavaParser. It has a clear responsibility of modeling a cast expression with a type and an expression. The class is relatively small, with only essential fields (type and expression), and implements necessary interfaces and methods for its purpose. It does not exhibit excessive size, complexity, or a bloated interface. The class leverages appropriate abstractions and follows standard patterns for node representation in an AST, including visitor pattern acceptance, cloning, and property management. Therefore, it does not represent Insufficient Modularization."
com_github_javaparser_ast_modules_ModuleOpensDirective.txt,Insufficient Modularization,class,ModuleOpensDirective,0,"The class ModuleOpensDirective is a well-defined, cohesive class representing a specific AST node for module opens directives. It has a clear single responsibility, encapsulating the name and module names associated with an opens directive. The class is of moderate size, with fields, constructors, and methods that are all directly related to its purpose. There is no evidence of excessive complexity, bloated interface, or concentration of unrelated responsibilities that would indicate insufficient modularization."
com_github_javaparser_ast_stmt_AssertStmt.txt,Insufficient Modularization,class,AssertStmt,0,"The class AssertStmt is a well-defined, cohesive representation of an assert statement in Java. It has a clear responsibility of modeling an assert statement with a check expression and an optional message. The class is small in size, contains only essential fields (check and message), and provides straightforward getter, setter, and visitor methods. There is no excessive complexity, bloated interface, or concentration of unrelated responsibilities that would indicate insufficient modularization."
com_github_javaparser_ast_type_PrimitiveType.txt,Insufficient Modularization,class,PrimitiveType,0,"The class PrimitiveType is well-focused on representing a primitive type in the JavaParser AST. It encapsulates the type information through the nested Primitive enum, which handles boxing, descriptors, and type mappings. The class is of moderate size, has a clear single responsibility, and does not exhibit excessive complexity or a bloated interface. Helper methods and factory methods are appropriately grouped, and the use of annotations and generated code indicates automated maintenance of boilerplate, supporting modularization rather than hindering it."
com_github_javaparser_ast_type_Type.txt,Insufficient Modularization,class,Type,0,"The Type class, while abstract and serving as a base for various type representations, maintains a reasonable size and clear purpose. It provides common functionality for all types such as handling annotations, and includes type-checking and conversion methods. The class does not exhibit excessive size, complexity, or a bloated interface. Instead, it appropriately encapsulates shared behavior for its subclasses, promoting code reuse and maintaining a cohesive abstraction for type-related operations in the JavaParser AST. The numerous generated methods for type checking and conversion are necessary for the class's role as a base type in a complex type hierarchy and do not indicate insufficient modularization."
com_github_javaparser_ast_validator_language_level_validations_Java16Validator.txt,Insufficient Modularization,class,Java16Validator,0,"The class Java16Validator is a small, focused class that extends Java15Validator and only adds or removes specific validations related to Java 16 features. It has a single constructor that performs a limited set of operations, and its responsibilities are well-defined and cohesive. The class does not exhibit excessive size, complexity, or a bloated interface, and it properly delegates validation logic to its parent class and other components."
com_github_javaparser_ast_validator_language_level_validations_chunks_NoBinaryIntegerLiteralsValidator.txt,Insufficient Modularization,class,NoBinaryIntegerLiteralsValidator,0,"The class NoBinaryIntegerLiteralsValidator is small and focused, with only two overridden visitor methods and a single private validation method. It has a single responsibility of validating that binary integer literals are not present, and its interface is not bloated. The class is well-decomposed and does not exhibit excessive size, complexity, or a bloated interface."
com_github_javaparser_ast_validator_postprocessors_Java17PostProcessor.txt,Insufficient Modularization,class,Java17PostProcessor,0,"The class Java17PostProcessor is a minimal extension of Java16PostProcessor with no additional methods, fields, or complex logic. It serves as a simple inheritance-based version marker for Java 17 processing, which does not indicate excessive size, complexity, or bloated interface. The class adheres to the single responsibility principle by focusing solely on version-specific processing without introducing additional responsibilities."
com_github_javaparser_ast_visitor_HashCodeVisitor.txt,Insufficient Modularization,class,HashCodeVisitor,1,"['The class has an excessive number of methods (over 150 visit methods), indicating it handles too many responsibilities.', 'Each visit method corresponds to a specific node type in the AST, making the class a monolithic visitor for all possible node types.', 'The class violates the Single Responsibility Principle by being responsible for calculating hash codes for every type of AST node.', 'The large size and high complexity make the class difficult to understand, maintain, and evolve.', 'Responsibilities could be separated into smaller, more cohesive classes, such as grouping related node types or using a strategy pattern.']"
com_github_javaparser_ast_visitor_NodeFinderVisitor.txt,Insufficient Modularization,class,NodeFinderVisitor,1,"['The class has an excessive number of methods (over 150 visit methods), indicating it handles too many responsibilities.', 'Each visit method corresponds to a specific node type in the AST, making the class tightly coupled to the entire JavaParser AST structure.', 'The class violates the Single Responsibility Principle by being responsible for visiting and processing every possible AST node type.', 'The large size and high complexity make the class difficult to understand, maintain, and extend.']"
com_github_javaparser_ast_visitor_VoidVisitor.txt,Insufficient Modularization,class,VoidVisitor,0,"The VoidVisitor interface, while large, represents a single cohesive abstraction - a visitor for AST nodes. All methods are related to the visitor pattern implementation and serve a unified purpose of visiting different types of AST nodes. The interface does not contain implementation code, and the large number of methods is inherent to the visitor pattern design for a comprehensive AST. The interface maintains good cohesion as all methods contribute to the same abstraction."
com_github_javaparser_ast_visitor_VoidVisitorAdapter.txt,Insufficient Modularization,class,VoidVisitorAdapter,1,"['The class has an excessive number of methods (over 100 visit methods), each handling a specific node type in the AST, leading to a bloated interface.', 'The class violates the Single Responsibility Principle by consolidating visiting logic for all node types into one class, making it difficult to understand and maintain.', 'The repetitive structure of the visit methods indicates a lack of decomposition that could be addressed by modularizing the visiting logic into separate, cohesive classes or components.', ""The class size and complexity make it challenging to evolve and extend, as changes to one node type's visiting logic may impact the overall class structure.""]"
com_github_javaparser_javadoc_JavadocBlockTag_Type.txt,Insufficient Modularization,class,JavadocBlockTag,0,"The class JavadocBlockTag is well-focused on representing a Javadoc block tag with clear responsibilities. It encapsulates the tag's type, content, and optional name, providing constructors, getters, and utility methods like toText(), equals(), hashCode(), and toString(). The inner enum Type is also appropriately scoped and manages tag types effectively. The class does not exhibit excessive size, complexity, or a bloated interface. Therefore, it does not demonstrate the characteristics of Insufficient Modularization."
com_github_javaparser_javasymbolsolver_javassist_symbols_main_jar_InterfaceUserOwnJar.txt,Insufficient Modularization,class,InterfaceUserOwnJar,0,"The class InterfaceUserOwnJar is extremely simple, containing only a single public static final field and implementing one interface. It has minimal size and complexity, with no methods or additional responsibilities that would indicate inadequate decomposition. The class represents a clear, focused abstraction with a single responsibility."
com_github_javaparser_metamodel_BaseNodeMetaModel.txt,Insufficient Modularization,class,BaseNodeMetaModel,0,"The class BaseNodeMetaModel is well-structured and maintains a clear single responsibility of managing meta-model information for AST nodes. It has a cohesive set of fields and methods that are closely related to representing and operating on meta-model data. The class is of moderate size (approximately 200 lines), and its methods are focused, with no excessively long or complex methods. There is no evidence of excessive complexity, bloated interface, or concentration of unrelated responsibilities that would indicate insufficient modularization."
com_github_javaparser_metamodel_EmptyStmtMetaModel.txt,Insufficient Modularization,class,EmptyStmtMetaModel,0,"The class EmptyStmtMetaModel is a small, focused class with a single constructor and no additional methods or fields. It represents a specific and well-defined abstraction for metadata modeling of EmptyStmt nodes. The class does not exhibit excessive size, complexity, or a bloated interface. It adheres to the single responsibility principle and is appropriately decomposed, thus does not present the smell of Insufficient Modularization."
com_github_javaparser_metamodel_JavadocCommentMetaModel.txt,Insufficient Modularization,class,JavadocCommentMetaModel,0,"The class JavadocCommentMetaModel is a generated meta-model class with minimal functionality. It only contains a constructor and a protected constructor, inheriting from CommentMetaModel. The class is small, focused, and serves a single purpose of representing metadata for JavadocComment nodes. It does not exhibit excessive size, complexity, or a bloated interface that would indicate insufficient modularization."
com_github_javaparser_metamodel_LineCommentMetaModel.txt,Insufficient Modularization,class,LineCommentMetaModel,0,"The class LineCommentMetaModel is a small, focused class with a single constructor and no additional methods or fields. It extends CommentMetaModel and is generated automatically by a meta-model generator, indicating it is designed to be a simple data holder for meta-model information. Its size and complexity are minimal, and it does not concentrate multiple responsibilities, thus it does not exhibit signs of insufficient modularization."
com_github_javaparser_metamodel_MethodReferenceExprMetaModel.txt,Insufficient Modularization,class,MethodReferenceExprMetaModel,0,"The class MethodReferenceExprMetaModel is a generated meta-model class with a very limited and focused responsibility. It contains only a constructor that initializes meta-model information and four public fields representing property meta-models. The class is small, simple, and cohesive, adhering to a single abstraction related to method reference expression meta-data. There is no evidence of excessive size, complexity, or bloated interface that would indicate insufficient modularization."
com_github_javaparser_metamodel_StringLiteralExprMetaModel.txt,Insufficient Modularization,class,StringLiteralExprMetaModel,0,"The class StringLiteralExprMetaModel is a small, focused class with a single constructor and no additional methods or fields. It properly extends LiteralStringValueExprMetaModel and is designed for a specific purpose within the metamodel generation framework. The class does not exhibit excessive size, complexity, or a bloated interface. It represents a well-defined abstraction with clear responsibility, adhering to the single responsibility principle."
com_github_javaparser_metamodel_TypeParameterMetaModel.txt,Insufficient Modularization,class,TypeParameterMetaModel,0,"The class TypeParameterMetaModel is a small, focused class with only a constructor and two public fields. It represents a simple abstraction for metadata about type parameters and does not exhibit excessive size, complexity, or a bloated interface. The class has a single responsibility of defining the metamodel for TypeParameter nodes, and its minimal implementation suggests adequate modularization."
com_github_javaparser_metamodel_YieldStmtMetaModel.txt,Insufficient Modularization,class,YieldStmtMetaModel,0,"The class YieldStmtMetaModel is a small, focused class with minimal responsibilities. It extends StatementMetaModel and only contains a constructor and one field, indicating proper decomposition and adherence to single responsibility principle. The class is also auto-generated, which implies it follows a predefined structural pattern rather than manual design flaws."
com_github_javaparser_printer_XmlPrinter.txt,insufficient_modularization,class,XmlPrinter,,
com_github_javaparser_printer_concretesyntaxmodel_CsmList.txt,Insufficient Modularization,class,CsmList,0,"The class CsmList is well-factored with a single responsibility of handling list printing in the concrete syntax model. It has a clear interface with appropriate constructors and getter methods. The prettyPrint method, while somewhat complex due to handling different node types and separator logic, is cohesive and directly related to the class's core responsibility. The class size is reasonable (approximately 100 lines) and does not exhibit excessive complexity or bloated interface. The design follows good separation of concerns by delegating printing operations to other CsmElement instances and ConcreteSyntaxModel."
com_github_javaparser_printer_lexicalpreservation_ReshuffledDiffElementExtractor_MatchClassification.txt,Insufficient Modularization,class,ReshuffledDiffElementExtractor,0,"The class ReshuffledDiffElementExtractor, while containing complex logic for handling reshuffled elements and their correspondence mapping, remains within reasonable size and complexity boundaries. It encapsulates a single cohesive responsibility of extracting and processing reshuffled difference elements. The methods are meaningfully organized, and the inner enum MatchClassification supports the class's functionality without indicating bloating. There is no evidence of excessive size, complexity, or a bloated interface that would suggest the need for further decomposition."
com_github_javaparser_printer_lexicalpreservation_TextElementIteratorsFactory_EmptyIterator.txt,Insufficient Modularization,class,TextElementIteratorsFactory,1,"['The class TextElementIteratorsFactory contains multiple nested classes (CascadingIterator, EmptyIterator, SingleElementIterator, ComposedIterator) that implement different iterator behaviors, indicating a concentration of responsibilities.', 'The class has multiple public static methods (reverseIterator, partialReverseIterator) that deal with different aspects of iterator creation and composition, adding to its complexity.', 'The class serves as a factory for various iterator types while also containing complex logic for iterator composition and management, making it large and multifaceted.', 'The presence of nested classes and multiple utility methods suggests that the abstraction has not been adequately decomposed into smaller, more cohesive units.']"
com_github_javaparser_resolution_Navigator.txt,Insufficient Modularization,class,Navigator,0,"['The class has a single, well-defined responsibility: providing utility methods for navigating and retrieving nodes from a JavaParser AST.', 'All methods are cohesive and related to the core purpose of the class.', 'The class is appropriately sized with 35 methods, which is reasonable for a utility class of this nature.', 'There is no evidence of excessive complexity or bloated interfaces.', ""Methods are logically grouped and consistently named, following a clear pattern (e.g., 'demand*' and 'find*' prefixes).""]"
com_github_javaparser_resolution_Resolvable.txt,Insufficient Modularization,class,Resolvable,0,"The Resolvable interface is a minimal, well-defined abstraction with a single method 'resolve()'. It adheres to the Single Responsibility Principle and does not exhibit excessive size, complexity, or a bloated interface. The interface is properly focused on its core responsibility of resolving a type T, making it sufficiently modular."
com_github_javaparser_resolution_logic_ConstructorResolutionLogic.txt,Insufficient Modularization,class,ConstructorResolutionLogic,0,"['The class has a clear and focused responsibility: resolving constructor applicability and finding the most applicable constructor.', 'The class is of moderate size with only 150 lines of code, which is manageable.', 'It has a well-defined interface with only 3 public methods, all closely related to constructor resolution logic.', 'The class properly uses helper methods (isApplicable, findMostApplicable) to decompose complex logic.', 'There is no evidence of excessive complexity or bloated interface.', 'The class follows single responsibility principle by focusing solely on constructor resolution logic without mixing unrelated concerns.']"
com_github_javaparser_resolution_logic_MethodResolutionLogic.txt,Insufficient Modularization,class,MethodResolutionLogic,1,"['The class has excessive size with many methods (more than 50), indicating high complexity.', 'Multiple responsibilities are mixed within the class, including method applicability checking, type inference, lambda conflict resolution, and method specificity determination.', 'Large methods with complex logic, such as `isApplicable` and `findMostApplicable`, suggest insufficient decomposition of responsibilities.', 'Helper methods like `substituteDeclaringTypeParameters` and `inferTypes` indicate tightly coupled logic that could be modularized into separate classes or components.', 'Lack of clear separation of concerns makes the class difficult to understand, maintain, and evolve.']"
com_github_javaparser_serialization_JavaParserJsonSerializer.txt,Insufficient Modularization,class,JavaParserJsonSerializer,0,"The class JavaParserJsonSerializer is focused on a single responsibility: serializing JavaParser AST nodes to JSON. While it contains several methods, they are all cohesive and directly related to the serialization process. The class has a clear public interface with the main serialize method and protected methods that allow for customization. The presence of nested enums for JSON structure constants is appropriate for encapsulating related data. The class does not exhibit excessive size or complexity that would warrant decomposition into multiple classes. All methods serve the core purpose of serialization, maintaining a consistent level of abstraction."
com_github_javaparser_serialization_JavaParserJsonSerializer_JsonTokenRange.txt,Insufficient Modularization,class,JavaParserJsonSerializer,0,"The class JavaParserJsonSerializer is well-focused on its responsibility of serializing AST nodes to JSON. It has a clear separation of concerns with helper methods for writing different parts of the JSON structure (e.g., writeRange, writeTokens, writeToken). The class is of moderate size and does not exhibit excessive complexity or a bloated interface. The inner enums (JsonNode, JsonRange, JsonTokenRange, JsonToken) are used for organizing JSON property keys and are appropriately encapsulated within the class. Overall, the class demonstrates sufficient modularization."
com_github_javaparser_symbolsolver_SourceFileInfoExtractor.txt,Insufficient Modularization,class,SourceFileInfoExtractor,0,"['The class has a single, well-defined responsibility: extracting and reporting information from source files using JavaParser.', 'The class is of moderate size (~150 lines) and does not exhibit excessive complexity.', 'Methods are generally small and focused, each handling a specific aspect of the functionality (e.g., solving types, solving method calls, collecting nodes).', 'There is no evidence of a bloated interface; the public methods are limited and cohesive.', 'The internal logic is well-organized with appropriate helper methods, and there is no significant duplication or entanglement of concerns.']"
com_github_javaparser_symbolsolver_cache_NoCache.txt,Insufficient Modularization,class,NoCache,0,"The class NoCache is a minimal implementation of the Cache interface with only essential methods. It has a single responsibility of providing a no-op cache implementation. The class is small, simple, and well-cohesive, containing only the necessary methods to fulfill its contract as a cache that stores nothing. There is no evidence of excessive size, complexity, or bloated interface that would indicate insufficient modularization."
com_github_javaparser_symbolsolver_core_resolution_MethodUsageResolutionCapability.txt,Insufficient Modularization,class,MethodUsageResolutionCapability,0,"The class is a simple interface with only one method declaration. It has minimal size and complexity, representing a well-defined abstraction with a single responsibility. There is no evidence of inadequate decomposition or bloated interface."
com_github_javaparser_symbolsolver_javaparsermodel_contexts_AnonymousClassDeclarationContext.txt,Insufficient Modularization,class,AnonymousClassDeclarationContext,0,"The class has a clear and focused responsibility of providing a symbol resolution context for anonymous class declarations. It properly delegates to helper classes like JavaParserAnonymousClassDeclaration and MethodResolutionLogic, keeping its own methods concise and cohesive. The class does not exhibit excessive size, complexity, or a bloated interface that would indicate insufficient decomposition."
com_github_javaparser_symbolsolver_javaparsermodel_contexts_ArrayAccessExprContext.txt,Insufficient Modularization,class,ArrayAccessExprContext,0,"The class ArrayAccessExprContext is small and focused, containing only a constructor and one method. It properly delegates functionality to its parent class ExpressionContext and does not exhibit excessive size, complexity, or a bloated interface. The class represents a well-defined abstraction with clear responsibilities related to handling ArrayAccessExpr nodes in the context of symbol resolution."
com_github_javaparser_symbolsolver_javaparsermodel_contexts_ForEachStatementContext.txt,Insufficient Modularization,class,ForEachStatementContext,0,"The class ForEachStatementContext is small and focused, implementing only the necessary logic to handle the context of a for-each statement. It has a clear responsibility, a limited number of methods, and does not exhibit excessive size or complexity. The class adheres to the single responsibility principle and is well-decomposed, thus does not present the Insufficient Modularization smell."
com_github_javaparser_symbolsolver_javaparsermodel_declarations_JavaParserClassDeclaration.txt,Insufficient Modularization,class,JavaParserClassDeclaration,1,"['The class has a large number of methods (more than 30 public methods), indicating high complexity and multiple responsibilities.', 'It directly manages multiple concerns such as field resolution, method resolution, type solving, and ancestor traversal, which could be separated into distinct modules or helper classes.', 'The class has deep dependencies on various other classes (e.g., JavaParserTypeAdapter, SymbolSolver, AstResolutionUtils), suggesting it orchestrates too many functionalities itself rather than delegating appropriately.', 'Several methods are large and contain nested logic, especially around type resolution and ancestor computation, increasing cognitive load and maintenance difficulty.', 'Use of anonymous inner classes (e.g., in getAllFields) increases complexity and suggests potential for extraction into separate classes or named implementations.']"
com_github_javaparser_symbolsolver_javaparsermodel_declarations_JavaParserEnumDeclaration_ValuesMethod.txt,Insufficient Modularization,class,JavaParserEnumDeclaration,0,"The class JavaParserEnumDeclaration is of moderate size and encapsulates a single, well-defined abstraction for representing enum declarations in JavaParser. It implements necessary interfaces and delegates responsibilities appropriately, such as using JavaParserTypeAdapter for common type declaration logic. While it contains nested classes (ValuesMethod and ValueOfMethod), these are tightly related to the enum declaration concept and contribute to its completeness rather than indicating insufficient decomposition. The class maintains clear separation of concerns and does not exhibit excessive complexity or a bloated interface that would suggest inadequate modularization."
com_github_javaparser_symbolsolver_javassistmodel_JavassistMethodDeclaration.txt,Insufficient Modularization,class,JavassistMethodDeclaration,0,"The class JavassistMethodDeclaration has a clear and focused responsibility of representing a method declaration using Javassist. It delegates appropriately to JavassistMethodLikeDeclarationAdapter for parameter, type parameter, and exception handling, and to JavassistFactory for type and access level conversions. The class has a manageable number of methods, each serving a distinct purpose related to method declaration resolution. There is no evidence of excessive size, complexity, or a bloated interface that would indicate insufficient modularization."
com_github_javaparser_symbolsolver_resolution_typeinference_BoundSet.txt,Insufficient Modularization,class,BoundSet,1,"['The class has a large number of methods (more than 30), indicating high complexity and multiple responsibilities.', ""Several methods are excessively long and complex, such as 'deriveImpliedBounds' which spans over 300 lines and handles multiple responsibilities including constraint formula processing, bound incorporation, and type inference logic."", ""The class contains nested loops and deeply nested conditionals, particularly in methods like 'deriveImpliedBounds' and 'performResolution', increasing cognitive complexity."", 'The class mixes low-level type manipulation, constraint handling, and resolution logic, which could be separated into smaller, more cohesive classes.', ""Helper methods like 'forEachPairSameAs', 'forEachPairSameAndSubtype', and 'forEachPairSubtypeAndSubtype' suggest that the class is doing too much iteration and comparison logic that could be modularized."", 'The presence of multiple TODOs and UnsupportedOperationExceptions indicates incomplete decomposition and unimplemented responsibilities that should be separated.']"
com_github_javaparser_symbolsolver_resolution_typeinference_ControlFlowLogic.txt,Insufficient Modularization,class,ControlFlowLogic,1,"['The class has excessive size and complexity due to embedding a large anonymous GenericVisitor implementation within the canCompleteNormally method, which handles multiple control flow statement types.', 'The class violates the Single Responsibility Principle by combining control flow logic for various statement types (if, block, loop, switch, etc.) into a single class rather than decomposing them into separate, cohesive abstractions.', 'The isReachable method contains commented-out code covering multiple statement types, indicating incomplete decomposition of responsibilities.', 'Multiple methods like canCompleteNormally and isReachable contain complex visitor patterns with multiple nested conditional logic, increasing cognitive load and maintenance difficulty.', 'The class has a bloated interface with methods handling different aspects of control flow analysis (breakTarget, exitTheStatement, continueADoStatement) that could be separated into more focused classes.']"
com_github_javaparser_symbolsolver_resolution_typeinference_Instantiation.txt,Insufficient Modularization,class,Instantiation,0,"The class Instantiation is a simple data class with only two fields and their corresponding getters. It includes standard implementations of equals, hashCode, and toString methods. The class has a single responsibility of representing an instantiation mapping between an inference variable and a resolved type, and does not exhibit excessive size, complexity, or bloated interface that would indicate insufficient modularization."
com_github_javaparser_symbolsolver_utils_FileUtils.txt,Insufficient Modularization,class,FileUtils,0,"The class FileUtils is appropriately modularized. It contains only two static utility methods related to file operations, which are cohesive and focused on a single responsibility. The class is small, simple, and does not exhibit excessive size, complexity, or a bloated interface that would indicate insufficient modularization."
com_github_javaparser_utils_Log_StandardOutStandardErrorAdapter.txt,Insufficient Modularization,class,Log,0,"The class Log is well modularized. It defines a clear abstraction for a logging framework with a single responsibility. The inner classes StandardOutStandardErrorAdapter and SilentAdapter are cohesive implementations of the Adapter interface, and the main Log class coordinates logging through the adapter pattern. The class does not exhibit excessive size, complexity, or a bloated interface. Responsibilities are appropriately separated into small, focused methods and inner classes, making the class easy to understand and maintain."
com_github_javaparser_utils_ParserCollectionStrategy.txt,Insufficient Modularization,class,ParserCollectionStrategy,0,"The class ParserCollectionStrategy is focused on a single responsibility: collecting project roots by walking file trees and identifying Java source files. Its size is moderate, and it does not expose a bloated interface. The internal logic, while non-trivial, is cohesive and directly related to its core purpose. There is no evidence of multiple responsibilities or excessive complexity that would warrant decomposition into smaller classes."
com_github_javaparser_utils_VisitorList_EqualsHashcodeOverridingFacade.txt,Insufficient Modularization,class,VisitorList,0,"The class VisitorList is of reasonable size and implements a single, well-defined abstraction: a list that overrides equals and hashCode using provided visitors. While it implements many methods due to the List interface, these are standard delegating methods that wrap around the inner list implementation. The inner class EqualsHashcodeOverridingFacade is small and serves a clear purpose. The class does not exhibit excessive complexity, bloated interface, or concentrated responsibilities that would indicate insufficient modularization."
com_google_common_jimfs_BasicAttributeProvider_View.txt,Insufficient Modularization,class,BasicAttributeProvider.View,0,"The class BasicAttributeProvider.View is a private static nested class with a single responsibility: implementing the BasicFileAttributeView interface. It contains only methods directly related to its purpose (name, readAttributes, setTimes), has a clear constructor, and encapsulates behavior specific to attribute view operations. The class is small, cohesive, and does not exhibit excessive size, complexity, or a bloated interface. It properly delegates file operations to the File object and handles only the concerns of a file attribute view implementation."
com_google_common_jimfs_Configuration.txt,Insufficient Modularization,class,Configuration,0,"['The class has a single, well-defined responsibility: representing an immutable configuration for an in-memory file system.', 'The class is appropriately decomposed into a main class and a nested Builder class, separating concerns of configuration creation and usage.', 'All fields and methods are cohesive and relate directly to file system configuration parameters.', 'The class follows standard Java practices for builders and immutable objects.', 'While the class is large (6697 lines), its size is justified by the comprehensive nature of file system configuration it represents.', 'The nested Builder class handles all construction logic, keeping the main Configuration class focused on representation and access.']"
com_google_common_jimfs_Configuration_WindowsHolder.txt,Insufficient Modularization,class,Configuration,0,"['The class has a single, well-defined responsibility: representing an immutable configuration for an in-memory file system.', 'The class is appropriately decomposed into logical sections (path configuration, disk configuration, attribute configuration, etc.) using clear field grouping and documentation.', 'The builder pattern is properly implemented as a nested static class, separating construction logic from the immutable configuration object.', 'Helper classes like UnixHolder, OsxHolder, and WindowsHolder are used appropriately to encapsulate platform-specific configurations.', 'The class maintains good cohesion with all fields and methods relating to file system configuration.', 'Size and complexity are reasonable for the functionality provided (configuration object with multiple aspects to configure).', 'The class follows established patterns (builder pattern, immutable object) and maintains clear separation of concerns.']"
com_google_common_jimfs_FileFactory_SymbolicLinkSupplier.txt,Insufficient Modularization,class,FileFactory,0,"The class FileFactory is well-focused on its responsibility of creating and copying files. It has a clear abstraction with a cohesive set of methods related to file creation and management. The class is not excessively large or complex, and its interface is not bloated. Inner classes like DirectorySupplier, RegularFileSupplier, and SymbolicLinkSupplier are used to encapsulate specific creation logic, contributing to better organization rather than indicating insufficient modularization."
com_google_common_jimfs_FileSystemView.txt,Insufficient Modularization,class,FileSystemView,0,"['The class has a single, well-defined responsibility: providing a view of the file system with a specific working directory and implementing file system operations.', 'The class is cohesive, with all methods related to file system operations such as lookup, creation, deletion, copying, and attribute management.', ""While the class is large (6297 characters), it doesn't exhibit signs of bloated interface or excessive complexity."", 'The methods are well-organized and follow a consistent pattern of locking, performing operations, and unlocking.', ""There's no evidence of multiple unrelated responsibilities or abstractions that should be separated into different classes."", 'The class properly encapsulates its state (store, workingDirectory, workingDirectoryPath) and provides a clean interface for file system operations.']"
com_google_common_jimfs_JimfsFileStore.txt,Insufficient Modularization,class,JimfsFileStore,0,"['The class has a clear and focused responsibility as a FileStore implementation for jimfs.', 'It properly delegates responsibilities to other specialized classes: FileTree for lookup operations, FileFactory for file creation, HeapDisk for disk space management, and AttributeService for attribute handling as stated in the class documentation.', 'The class follows the Facade pattern by providing a single API to access functionality from multiple underlying services without exposing their complexity.', 'It maintains appropriate cohesion with all methods relating to file store operations such as file lookup, creation, attribute handling, and space management.', 'The class has reasonable size with well-defined methods that are not overly complex.', 'There is no evidence of bloated interface or excessive complexity that would indicate insufficient decomposition.']"
com_google_common_jimfs_JimfsInputStream.txt,Insufficient Modularization,class,JimfsInputStream,0,"The class JimfsInputStream is well-focused on its responsibility as an InputStream implementation for reading from a file. It has a clear, single purpose and encapsulates the necessary state (file, position, finished status, fileSystemState) to fulfill that purpose. The methods are cohesive and directly related to stream operations (read, skip, available, close). The class is not excessively large or complex, and the interface is appropriately minimal for an InputStream. There is no evidence of responsibilities that could be separated into smaller, more cohesive abstractions."
com_google_common_jimfs_RegularFile.txt,Insufficient Modularization,class,RegularFile,0,"['The class has a single, well-defined responsibility: managing a mutable, resizable store for bytes using fixed-sized blocks.', 'The class is of moderate size (5342 characters) and is focused on byte-level file operations, block management, and synchronization.', 'Methods are cohesive and related to file I/O operations, block allocation, and concurrency control.', 'The class properly encapsulates its state (blocks, size, locks) and provides a clear interface for file manipulation.', 'There is no evidence of excessive complexity, bloated interface, or mixing of unrelated responsibilities.', 'The use of helper methods and clear separation of concerns (e.g., locking, block operations, I/O operations) indicates sufficient modularization.']"
com_google_common_jimfs_UserLookupService.txt,Insufficient Modularization,class,UserLookupService,0,"The class UserLookupService is small and focused, implementing only the UserPrincipalLookupService interface. It has only two main public methods (lookupPrincipalByName and lookupPrincipalByGroupName) and delegates principal creation to simple static helper methods. The class contains two inner classes (JimfsUserPrincipal and JimfsGroupPrincipal) that are logically related and necessary for the implementation. The overall size is modest (approximately 957 characters), and the responsibilities are well-cohesive, centered around user and group principal lookup and creation. There is no evidence of excessive size, complexity, or bloated interface."
com_google_common_jimfs_UserLookupService_NamedPrincipal.txt,Insufficient Modularization,class,UserLookupService,0,"The class UserLookupService is well-designed with clear separation of concerns. It has a single responsibility of providing user and group principal lookup functionality. The class is not excessively large or complex, containing only 6 methods and proper encapsulation. It delegates specific responsibilities to inner classes JimfsUserPrincipal and JimfsGroupPrincipal through the NamedPrincipal abstraction. The interface is not bloated - it only exposes two public methods as required by the UserPrincipalLookupService specification. Inner classes are properly used to encapsulate related functionality while maintaining cohesion and minimizing complexity."
com_google_googlejavaformat_Newlines_LineIterator.txt,Insufficient Modularization,class,Newlines,0,"The class Newlines is a well-focused utility class that provides a cohesive set of static methods for newline handling. While it contains multiple methods, they all serve the single responsibility of platform-independent newline processing. The two private inner classes (LineOffsetIterator and LineIterator) are directly related to the core functionality and are appropriately encapsulated. The class maintains good cohesion with all methods relating to newline detection, counting, and iteration, without exposing a bloated public interface. The size and complexity are justified by the scope of responsibilities, which are adequately decomposed into related components."
com_google_googlejavaformat_java_DimensionHelpers_TypeWithDims.txt,Insufficient Modularization,class,DimensionHelpers,0,"The class DimensionHelpers is a utility class with a clear, single responsibility: handling array dimension extraction and reordering. It contains only 3 methods (extractDims, reorderBySourcePosition, and a helper extractDims), which are all closely related to its core purpose. The class is small (less than 100 lines), has low complexity, and maintains good cohesion. There is no evidence of excessive size, complexity, or bloated interface that would indicate insufficient modularization."
com_google_googlejavaformat_java_JavacTokens_AccessibleScanner.txt,Insufficient Modularization,class,JavacTokens,0,"The class JavacTokens is well-structured and maintains a single responsibility of lexing Java source code and handling tokens. It contains nested static classes (RawTok, CommentSavingTokenizer, CommentWithTextAndPosition, AccessibleScanner) that are closely related to its core functionality and contribute to a cohesive design. The class has a moderate size (~150 lines), clear purpose as indicated by its documentation ('A wrapper around javac's lexer'), and does not exhibit excessive complexity or a bloated interface. Each nested class has a distinct role supporting the main functionality without unnecessary entanglement, indicating sufficient modularization."
com_google_googlejavaformat_java_Main.txt,Insufficient Modularization,class,Main,0,"The class Main, while handling multiple responsibilities such as command-line argument processing, file formatting, and output management, maintains a cohesive purpose as the entry point for the Java formatter CLI. Its size and complexity are justified by its role in coordinating the formatting process, managing input/output streams, and handling execution flow. The methods are well-organized around core functionalities (e.g., formatFiles, formatStdin, processArgs), and the class does not exhibit excessive complexity or a bloated interface that would warrant decomposition."
com_google_gson_FormattingStyle.txt,Insufficient Modularization,class,FormattingStyle,0,"The class FormattingStyle is well-designed with a single responsibility of controlling serialization output formatting. It has a clear and cohesive interface with only three core configuration attributes (newline, indent, spaceAfterSeparators) and corresponding methods. The class is relatively small (approximately 1526 characters), follows immutable design patterns, and maintains good separation of concerns. There is no evidence of excessive size, complexity, or bloated interface that would indicate insufficient modularization."
com_google_gson_Gson.txt,Insufficient Modularization,class,Gson,1,"The Gson class exhibits Insufficient Modularization due to its excessive size, complexity, and bloated interface. The class contains over 1600 lines of code with numerous methods handling serialization, deserialization, type adapter management, and configuration. It directly manages multiple responsibilities including JSON parsing, type conversion, adapter creation, and strictness handling. The class has 30+ fields and 50+ methods, making it difficult to understand and maintain. Many of these methods are tightly coupled and could be separated into smaller, more cohesive abstractions. The extensive use of inner classes and complex initialization logic in the constructor further indicates that the class has not been adequately decomposed into smaller, focused modules."
com_google_gson_JsonElement.txt,Insufficient Modularization,class,JsonElement,0,"The JsonElement class is an abstract class that defines a clear abstraction for JSON elements. It provides a cohesive set of methods for type checking (isJsonArray, isJsonObject, etc.) and type conversion (getAsJsonObject, getAsJsonArray, etc.). The class has a single responsibility of representing JSON elements and providing access to their values. The size and complexity are appropriate for its role as a base class in the JSON type hierarchy. The class does not contain excessive functionality or unrelated responsibilities that would indicate insufficient modularization."
com_google_gson_LongSerializationPolicy.txt,Insufficient Modularization,class,LongSerializationPolicy,0,"The class is a well-defined enum with only two enum constants (DEFAULT and STRING) and one abstract method (serialize). It has a single, clear responsibility of defining serialization policies for long values. The class is small, cohesive, and properly decomposed, with no excessive size, complexity, or bloated interface."
com_google_gson_TypeAdapterFactory.txt,Insufficient Modularization,class,TypeAdapterFactory,0,"The TypeAdapterFactory interface is properly modularized. It contains only one abstract method 'create' which defines the contract for creating type adapters. The interface has a single, well-defined responsibility - to serve as a factory for TypeAdapter instances. There are no excessive responsibilities, bloated interfaces, or complex implementations within this interface itself. The extensive JavaDoc documentation and examples do not contribute to the interface's complexity or size; they provide necessary usage guidance. The interface maintains high cohesion and low complexity, adhering to proper modularization principles."
com_google_gson_internal_Streams.txt,Insufficient Modularization,class,Streams,0,"The class Streams is a utility class with only static methods and a private constructor to prevent instantiation. It has a clear single responsibility of handling stream operations for JSON elements. The class is small (less than 100 lines), has low complexity, and a focused interface. The inner class AppendableWriter and its nested CurrentWrite class are tightly related to the stream writing functionality and appropriately encapsulated. No excessive size, complexity, or bloated interface is present."
com_google_gson_internal_TroubleshootingGuide.txt,Insufficient Modularization,class,TroubleshootingGuide,0,"The class is minimal with only one static method and a private constructor. It has a single, well-defined responsibility of creating URLs for troubleshooting sections. The class is small, simple, and cohesive, with no excessive size, complexity, or bloated interface that would indicate insufficient modularization."
com_google_gson_internal_bind_CollectionTypeAdapterFactory_Adapter.txt,Insufficient Modularization,class,CollectionTypeAdapterFactory.Adapter,0,"The class CollectionTypeAdapterFactory.Adapter is well-focused with a single responsibility of adapting collections for JSON serialization/deserialization. It contains only essential fields (elementTypeAdapter, constructor) and methods (read, write) directly related to its purpose. The class is small in size, has high cohesion, and does not expose a bloated interface. There is no evidence of excessive complexity or concentration of unrelated responsibilities that would warrant further decomposition."
com_google_gson_internal_sql_SqlTimeTypeAdapter.txt,Insufficient Modularization,class,SqlTimeTypeAdapter,0,"The class has a single, well-defined responsibility of adapting java.sql.Time to/from JSON. It is small in size (less than 100 lines), has a clear purpose, and does not expose a bloated interface. While it handles synchronization due to DateFormat not being thread-safe, this does not indicate insufficient modularization but rather a necessary design choice to ensure thread safety. The class is cohesive and focused."
com_google_zxing_EncodeHintType.txt,Insufficient Modularization,class,EncodeHintType,0,"The EncodeHintType enum is a well-encapsulated enumeration that defines a fixed set of encoding hints. It has a single responsibility of representing different encoding options and their documentation. The class is not excessively large or complex, and each enum constant is clearly defined with appropriate Javadoc comments. The enum does not contain any methods or additional logic that would indicate bloated functionality or inadequate decomposition. This is a proper use of an enum to represent a closed set of options, and it adheres to good modularization principles."
com_google_zxing_ResultPointCallback.txt,insufficient_modularization,class,ResultPointCallback,,
com_google_zxing_aztec_encoder_SimpleToken.txt,Insufficient Modularization,class,SimpleToken,0,"The class SimpleToken is small and focused, with only two fields (value and bitCount) and three methods (constructor, appendTo, and toString). It has a single responsibility of representing a simple token in the Aztec encoder and properly encapsulates its behavior. The class does not exhibit excessive size, complexity, or a bloated interface that would indicate insufficient modularization."
com_google_zxing_client_android_HttpHelper_ContentType.txt,Insufficient Modularization,class,HttpHelper,0,"The class HttpHelper is a utility class with a clear, single responsibility: providing HTTP-related helper methods. It has a moderate size (approximately 1888 characters), well-defined methods, and cohesive functionality. The class handles HTTP content downloading, redirection, and connection management, all closely related tasks. It does not exhibit excessive complexity, and its interface is not bloated. The methods are appropriately sized and focused, and the class is well-organized with clear separation of concerns. Therefore, it does not qualify as insufficiently modularized."
com_google_zxing_client_android_Intents.txt,Insufficient Modularization,class,Intents,0,"['The class is a utility class containing only public static final nested classes and constants, with no executable code outside of private constructors', 'Each nested class (Scan, History, Encode, SearchBookContents, WifiConnect, Share) represents a distinct conceptual grouping of related constants', 'The class has a clear single responsibility: providing intent constants for different barcode scanning operations', 'The size is appropriate for its purpose (under 200 lines of actual code)', 'The interface is not bloated - it provides a clean, organized structure with logical groupings', 'The class follows good design principles by using nested classes to namespace related constants', 'There is no excessive complexity or mixing of responsibilities that would indicate insufficient decomposition']"
com_google_zxing_client_android_PreferencesActivity.txt,Insufficient Modularization,class,PreferencesActivity,0,"The class is minimal and well-focused, serving only as an entry point for preferences UI. It contains only essential constants for preference keys and a simple onCreate method that delegates to a PreferencesFragment. The class properly separates concerns by delegating UI management to the fragment, maintaining good cohesion and single responsibility."
com_google_zxing_client_android_encode_Formatter.txt,Insufficient Modularization,class,Formatter,0,"The Formatter interface is properly modularized with a single, well-defined responsibility. It contains only one method (format) that performs a specific formatting task, adhering to the Single Responsibility Principle. The interface is small, focused, and cohesive, representing a clear abstraction for formatting operations. There is no evidence of excessive size, complexity, or bloated interface that would indicate insufficient modularization."
com_google_zxing_client_android_encode_MECARDContactEncoder_MECARDTelDisplayFormatter.txt,Insufficient Modularization,class,MECARDContactEncoder.MECARDTelDisplayFormatter,0,"The class MECARDTelDisplayFormatter is a private static nested class with a single responsibility: formatting telephone numbers for display in MECARD format. It contains only a constant pattern and a single method implementation, making it highly cohesive and appropriately sized. The class does not exhibit excessive size, complexity, or a bloated interface, and its functionality is well-decomposed from the outer class responsibilities."
com_google_zxing_client_android_history_HistoryActivity.txt,Insufficient Modularization,class,HistoryActivity,0,"['The class has a single, well-defined responsibility: managing the UI and interactions for displaying and manipulating scan history.', 'The class is of moderate size and does not contain excessive methods or lines of code.', 'Complexity is managed through appropriate separation of concerns, with helper methods like reloadHistoryItems() and proper use of HistoryManager for data operations.', 'The class follows standard Android patterns for ListActivity, context menus, and options menus without unnecessary entanglement of responsibilities.', 'No bloated interface or excessive public methods are present that would indicate insufficient decomposition.']"
com_google_zxing_client_android_history_HistoryItemAdapter.txt,Insufficient Modularization,class,HistoryItemAdapter,0,"The class has a single, well-defined responsibility of adapting HistoryItem objects for display in a list view. It contains only essential methods related to view creation and data binding, with minimal complexity. The class is small in size and does not exhibit excessive responsibilities or a bloated interface that would warrant decomposition."
com_google_zxing_client_j2se_EncoderConfig.txt,insufficient_modularization,class,EncoderConfig,,
com_google_zxing_client_j2se_MatrixToImageConfig.txt,Insufficient Modularization,class,MatrixToImageConfig,0,"The class MatrixToImageConfig is a small, cohesive configuration class with only 42 lines of code. It has a single responsibility of encapsulating configuration for matrix to image conversion, with clear and focused methods. The class contains only essential fields (onColor, offColor) and methods directly related to configuration management and color model determination. There is no excessive complexity, bloated interface, or concentrated responsibilities that would indicate insufficient modularization."
com_google_zxing_client_result_AddressBookDoCoMoResultParser.txt,Insufficient Modularization,class,AddressBookDoCoMoResultParser,0,"The class has a single, well-defined responsibility of parsing MECARD format address book entries. It contains only essential methods for parsing and processing the specific data format, with a clear and focused purpose. The class is not excessively large or complex, and its interface is not bloated. It properly extends a parent class and encapsulates its parsing logic without unnecessary complexity or scattered responsibilities."
com_google_zxing_client_result_VINResultParser.txt,Insufficient Modularization,class,VINResultParser,0,"The class VINResultParser is appropriately focused on parsing VIN codes and contains a cohesive set of methods related to VIN validation and parsing. While it has several private helper methods, they all serve the single responsibility of parsing and validating VINs. The class is of moderate size and does not exhibit excessive complexity or a bloated interface. The methods are well-organized and each serves a specific purpose in the VIN parsing process, maintaining good cohesion and reasonable decomposition."
com_google_zxing_common_BitMatrix.txt,Insufficient Modularization,class,BitMatrix,0,"The BitMatrix class, while large in terms of lines of code, represents a single cohesive abstraction: a 2D matrix of bits. All methods are directly related to bit manipulation, matrix operations, and data representation. The class has a single responsibility of managing a 2D bit matrix with efficient internal storage. The methods are well-organized around this central abstraction, including constructors, bit manipulation (get/set/unset/flip), region operations, rotation, parsing, and utility methods. The internal representation using a 1D array of ints is consistently used throughout all operations. While the class has many methods, they all serve the same core purpose and are appropriately grouped together. The class does not mix unrelated responsibilities and maintains good cohesion around its central abstraction."
com_google_zxing_common_ECIEncoderSet.txt,Insufficient Modularization,class,ECIEncoderSet,0,"['The class has a single, well-defined responsibility: managing a set of CharsetEncoders for encoding strings according to ECI standards.', 'The class adheres to the Single Responsibility Principle by focusing solely on encoder management and encoding operations.', 'While the class has moderate complexity due to the encoding logic, it maintains clear invariants and well-documented behavior.', ""The methods are cohesive and directly related to the class's core purpose of handling multiple encoders for barcode encoding."", 'The class does not exhibit excessive size or a bloated interface - it provides a focused set of operations for encoder set management.']"
com_google_zxing_common_reedsolomon_ReedSolomonEncoder.txt,Insufficient Modularization,class,ReedSolomonEncoder,0,"The class has a single, well-defined responsibility of performing Reed-Solomon encoding. It encapsulates the encoding logic and manages generator polynomials caching. The class is relatively small (less than 50 lines), has low complexity, and a focused interface with only three public methods (constructor, buildGenerator, encode). There is no evidence of bloated interface or concentrated responsibilities that could be separated into smaller abstractions."
com_google_zxing_datamatrix_decoder_DataBlock.txt,Insufficient Modularization,class,DataBlock,0,"The class has a clear single responsibility of encapsulating data blocks and providing a factory method to de-interleave raw codewords into data blocks. While the getDataBlocks method is complex, it represents a cohesive algorithm for data block reconstruction that logically belongs together. The class has only 3 methods (constructor, getDataBlocks, and 2 simple getters) and 2 fields, which is not excessive. The complexity is inherent to the data matrix decoding process rather than due to poor modularization."
com_google_zxing_datamatrix_decoder_Version_ECBlocks.txt,Insufficient Modularization,class,Version,0,"The class Version is well-focused on representing a Data Matrix Code version with clear responsibilities. It encapsulates version-specific data and provides a method to deduce version from dimensions. The nested classes ECBlocks and ECB are logically related and kept within the same file for cohesion, which is acceptable given their tight coupling to Version. The class does not exhibit excessive size, complexity, or a bloated interface. The total line count is reasonable for its functionality, and the methods are cohesive and well-named, supporting maintainability and understandability."
com_google_zxing_datamatrix_encoder_HighLevelEncoder.txt,Insufficient Modularization,class,HighLevelEncoder,1,"['The class has a large number of lines of code and contains multiple responsibilities such as encoding logic for different modes (C40, Text, X12, EDIFACT, Base256), lookahead testing, character type checking, and macro handling.', 'It directly manages encoding context and control flow for various encoding strategies instead of delegating to specialized classes.', 'The class includes many static methods and constants related to different encoding modes, which indicates a lack of decomposition into separate, cohesive abstractions.', 'Complex conditional logic is present in methods like `lookAheadTestIntern`, increasing the complexity and making the class harder to understand and maintain.']"
com_google_zxing_oned_CodaBarReader.txt,Insufficient Modularization,class,CodaBarReader,0,"The class CodaBarReader is well-focused on decoding Codabar barcodes and encapsulates related functionality without excessive complexity. While it contains several methods and responsibilities, they are all cohesive and directly related to the barcode decoding process. The class does not exhibit signs of being bloated or having responsibilities that could be separated into smaller abstractions. It maintains a clear purpose and reasonable size, with methods that support its core responsibility of decoding."
com_google_zxing_oned_rss_expanded_decoders_AI013103decoder.txt,Insufficient Modularization,class,AI013103decoder,0,"The class AI013103decoder is a small, focused class with only two overridden methods and a constructor. It extends AI013x0xDecoder and implements specific behavior for adding weight codes and checking weight values. The class has a single responsibility, is not excessively large, and does not exhibit complexity that would warrant further decomposition."
com_google_zxing_oned_rss_expanded_decoders_FieldParser_DataLength.txt,Insufficient Modularization,class,FieldParser,0,"The class FieldParser is a well-focused utility class responsible for parsing fields in a specific data format (RSS expanded decoder). While it contains several static initialization blocks for mapping data lengths, these are cohesive and directly related to its core responsibility of field parsing. The class has a clear single purpose, with all methods and fields tightly related to parsing logic. The inner class DataLength is also minimal and serves only to encapsulate data length information. The class does not exhibit excessive size, complexity, or a bloated interface that would indicate insufficient modularization."
com_google_zxing_oned_rss_expanded_decoders_GeneralAppIdDecoder.txt,Insufficient Modularization,class,GeneralAppIdDecoder,0,"The class GeneralAppIdDecoder is focused on a single responsibility: decoding application identifiers from a bit array. It contains well-defined private methods that handle specific aspects of the decoding process (e.g., numeric, alphanumeric, ISO/IEC 646 decoding). The class does not exhibit excessive size or complexity, and its interface is not bloated. The methods are cohesive and serve the central purpose of the class, indicating sufficient modularization."
com_google_zxing_pdf417_decoder_BarcodeMetadata.txt,Insufficient Modularization,class,BarcodeMetadata,0,"The class BarcodeMetadata is a simple data class with only five private final fields and corresponding getter methods. It has a single constructor that initializes all fields and computes one derived value (rowCount). The class has a clear single responsibility of holding barcode metadata information, with no complex logic or multiple responsibilities. The size and complexity are minimal, making it well-modularized."
com_google_zxing_pdf417_decoder_DetectionResultColumn.txt,Insufficient Modularization,class,DetectionResultColumn,0,"The class has a clear and focused responsibility of representing a detection result column with methods for codeword management and retrieval. The class is relatively small (approximately 944 characters), has a cohesive set of methods related to codeword handling, and does not exhibit excessive complexity or a bloated interface. The functionality is well-contained within its defined abstraction."
com_google_zxing_qrcode_decoder_BitMatrixParser.txt,Insufficient Modularization,class,BitMatrixParser,0,"The class BitMatrixParser is well-focused on parsing QR code bit matrices and has a clear set of responsibilities: reading format information, reading version information, reading codewords, and handling mirroring and masking operations. The methods are cohesive and directly related to QR code parsing. The class does not exhibit excessive size or complexity, and its interface is not bloated. Therefore, it does not represent an insufficiently modularized abstraction."
com_google_zxing_qrcode_decoder_ErrorCorrectionLevel.txt,Insufficient Modularization,class,ErrorCorrectionLevel,0,"The class is a well-defined enum with only four constants and minimal functionality. It has a clear single responsibility of representing QR code error correction levels and providing a mapping between bits and error correction levels. The class is small, cohesive, and does not exhibit excessive size, complexity, or a bloated interface."
com_google_zxing_web_OutputUtils.txt,Insufficient Modularization,class,OutputUtils,0,"The class OutputUtils is a utility class with only two methods (arrayToString and hexChar) and two private static fields. The class has a single responsibility of converting byte arrays to hex string representation, which is well encapsulated. The size and complexity are minimal, and the interface is not bloated. The class is properly cohesive and does not require further decomposition."
com_packageName_ClassInPackage.txt,Insufficient Modularization,class,ClassInPackage,0,"The class is extremely simple with only one static method and no complex responsibilities. It does not exhibit excessive size, complexity, or a bloated interface. The single method represents a clear, cohesive abstraction that is well-decomposed and easy to understand and maintain."
demo_Main_Callback.txt,Insufficient Modularization,class,Main,0,"The class Main has a single responsibility of processing directories and parsing Java files using a callback. It contains only essential methods: main, process, and a nested Callback class that implements a specific interface. The size and complexity are minimal, and responsibilities are adequately separated. There is no evidence of excessive size, complexity, or bloated interface that would indicate insufficient modularization."
foo_B.txt,Insufficient Modularization,class,B,0,"The class B is an abstract class that only implements interface A without any additional methods, fields, or complex logic. It has minimal size and complexity, representing a simple abstraction without any bloated interface or concentrated responsibilities that would indicate insufficient modularization."
foo_OtherClass.txt,insufficient_modularization,class,OtherClass,,
issue241_TypeWithMemberType_MemberInterface.txt,Insufficient Modularization,class,TypeWithMemberType.MemberInterface,0,"The MemberInterface is an empty interface with no methods, fields, or complex functionality. It does not exhibit excessive size, complexity, or bloated interface. The interface is minimal and does not concentrate multiple responsibilities that could be separated."
main_Clazz_MyEnum.txt,Insufficient Modularization,class,Clazz,0,"The class Clazz is extremely simple, containing only a basic enum MyEnum with two values (A, B) and minimal constructor logic. The class has very low complexity, small size, and a simple interface. There are no signs of inadequate decomposition or concentration of multiple responsibilities that would indicate insufficient modularization."
net_bytebuddy_NamingStrategy.txt,Insufficient Modularization,class,NamingStrategy,0,"The class NamingStrategy is an interface that defines a clear abstraction for naming strategies. It includes several well-defined nested classes (Suffixing, SuffixingRandom, PrefixingRandom) and an abstract base class (AbstractBase), each with distinct responsibilities. The structure demonstrates good decomposition with separate classes handling different naming logic (suffixing, random suffixing, prefixing). The interface and its nested classes maintain clear separation of concerns, appropriate cohesion, and reasonable size for their respective responsibilities. The class properly delegates specific naming behaviors to specialized implementations rather than concentrating too many responsibilities in a single class."
net_bytebuddy_NamingStrategy_PrefixingRandom.txt,Insufficient Modularization,class,NamingStrategy.PrefixingRandom,0,"The class PrefixingRandom is small and focused, implementing only the name method from the abstract base class AbstractBase. It has a single responsibility of generating names with a prefix and random suffix. The class does not exhibit excessive size, complexity, or a bloated interface. All fields (prefix and randomString) are directly related to its single responsibility, and the logic in the name method is straightforward. Therefore, it does not represent an abstraction that has not been adequately decomposed."
net_bytebuddy_agent_ByteBuddyAgent_AgentProvider.txt,Insufficient Modularization,class,ByteBuddyAgent,1,"['The class has excessive size with numerous methods and nested classes, making it complex and difficult to understand.', 'It concentrates multiple responsibilities including agent installation, attachment handling, process identification, and agent provisioning.', 'The class contains several nested interfaces and enums (AttachmentProvider, ProcessProvider, AgentProvider, AttachmentTypeEvaluator) that could be separated into their own cohesive abstractions.', 'The presence of multiple overloaded methods for attach and install operations increases the interface complexity.', 'The class handles both Java agent JAR creation and native agent attachment, mixing different concerns.']"
net_bytebuddy_agent_ByteBuddyAgent_Compound.txt,Insufficient Modularization,class,ByteBuddyAgent,1,"[""The class 'ByteBuddyAgent' is excessively large, containing over 13,962 lines of code, which indicates high complexity and lack of decomposition."", 'It encompasses multiple responsibilities including agent installation, attachment handling, process identification, and instrumentation retrieval, which should be separated into distinct classes or modules.', 'The class contains several nested interfaces and enums (e.g., AttachmentProvider, ProcessProvider, AgentProvider, AttachmentTypeEvaluator) that further contribute to its bloated interface and complexity.', ""The presence of numerous private static methods and overloaded public methods for similar operations (e.g., multiple 'attach' and 'install' variants) suggests that the class is doing too much and lacks proper modularization."", 'The class violates the Single Responsibility Principle by managing various aspects of agent management, making it difficult to understand, maintain, and evolve.']"
net_bytebuddy_agent_ByteBuddyAgent_ExternalAttachment.txt,Insufficient Modularization,class,ByteBuddyAgent,1,"['The class has excessive size with numerous methods and nested classes, making it difficult to understand and maintain.', 'It concentrates multiple responsibilities including agent installation, attachment handling, process management, and instrumentation lookup.', 'The class contains several nested interfaces and enums (AttachmentProvider, ProcessProvider, AgentProvider, AttachmentTypeEvaluator) that could be separated into their own cohesive abstractions.', 'Complexity is increased by the presence of multiple attachment strategies, platform-specific logic, and fallback mechanisms all within a single class.', 'The bloated interface makes it hard to evolve specific parts without affecting the entire class structure.']"
net_bytebuddy_agent_VirtualMachine_AbstractBase.txt,Insufficient Modularization,class,VirtualMachine.AbstractBase,0,"The class VirtualMachine.AbstractBase is an abstract class with only three simple method implementations that delegate to other methods with default parameters. It does not exhibit excessive size, complexity, or a bloated interface. The class has a single, well-defined responsibility of providing default implementations for the loadAgent, loadAgentPath, and loadAgentLibrary methods, making it a properly modularized component within the larger VirtualMachine interface hierarchy."
net_bytebuddy_agent_VirtualMachine_Dispatcher.txt,Insufficient Modularization,class,VirtualMachine,1,"['The VirtualMachine class has excessive size with multiple nested classes (ForHotSpot, ForOpenJ9, AbstractBase) and interfaces (Connection, Dispatcher) that could be separated into distinct modules.', 'The class contains multiple responsibilities including virtual machine abstraction, platform-specific implementations for HotSpot and OpenJ9, various connection mechanisms (POSIX sockets, Windows named pipes, Solaris doors), and native library interactions.', 'The ForHotSpot nested class alone contains extensive platform-specific code for different operating systems (Windows, Solaris, POSIX) with complex connection logic that should be decomposed.', 'The class has a bloated interface with numerous methods for different agent loading operations (loadAgent, loadAgentPath, loadAgentLibrary) and management operations (startManagementAgent, startLocalManagementAgent).', 'Platform-specific implementations are tightly coupled within the class hierarchy rather than being properly modularized into separate, cohesive abstractions.']"
net_bytebuddy_agent_VirtualMachine_SecurityAttributes.txt,Insufficient Modularization,class,VirtualMachine,1,"['The VirtualMachine class is excessively large with 21485 lines, containing multiple nested classes (ForHotSpot, ForOpenJ9, Connection hierarchy, Dispatcher hierarchy) that implement different platform-specific attachment mechanisms', 'The class violates the Single Responsibility Principle by combining interface definitions, multiple platform-specific implementations, abstract base classes, and utility classes all within a single file', 'The class has a bloated interface with numerous methods (getSystemProperties, getAgentProperties, loadAgent, loadAgentPath, loadAgentLibrary, startManagementAgent, startLocalManagementAgent, detach) that are implemented differently across nested classes', 'Platform-specific logic for Windows, POSIX, Solaris, and OpenJ9 is all contained within the same class structure rather than being properly decomposed into separate modules', 'The nested class hierarchy creates excessive complexity with multiple levels of abstraction (Connection -> ForJnaPosixSocket -> PosixLibrary, etc.) making the class difficult to understand and maintain', 'The class concentrates too many responsibilities including VM attachment, property management, socket communication, security attributes handling, and platform-specific process management']"
net_bytebuddy_agent_VirtualMachine_UsingStat.txt,Insufficient Modularization,class,VirtualMachine,1,"['The VirtualMachine class is excessively large with 21486 lines of code, making it difficult to understand and maintain.', 'The class contains multiple nested classes (ForHotSpot, ForOpenJ9, AbstractBase) and interfaces (Connection, Dispatcher) that implement different functionalities, indicating a lack of proper decomposition.', 'The class handles various responsibilities including VM attachment for different platforms (Windows, Solaris, POSIX), connection management, property handling, and agent loading, violating the Single Responsibility Principle.', 'Complexity is increased by platform-specific implementations scattered throughout the class rather than being properly modularized.', 'The class exposes a bloated interface with numerous methods for different VM operations, contributing to its insufficent modularization.']"
net_bytebuddy_asm_AsmVisitorWrapper_NoOp.txt,Insufficient Modularization,class,AsmVisitorWrapper,0,"['The class AsmVisitorWrapper is an interface that defines a clear abstraction for ASM visitor wrappers with a well-defined purpose.', 'It contains several nested classes (NoOp, AbstractBase, ForDeclaredFields, ForDeclaredMethods, Compound) that are logically related and contribute to the overall functionality of ASM visitor wrapping.', 'Each nested class has a distinct responsibility: NoOp provides a no-operation implementation, AbstractBase offers a base implementation, ForDeclaredFields handles field visitor wrapping, ForDeclaredMethods manages method visitor wrapping, and Compound allows chaining of wrappers.', 'The class structure follows the Interface Segregation Principle and Single Responsibility Principle, with each component having a clear and specific role.', 'The size and complexity of the class are justified by the comprehensive functionality it provides for ASM visitor wrapping, and the nested classes are appropriately cohesive and decoupled.', 'There is no evidence of excessive size, complexity, or bloated interface that would indicate insufficient modularization.']"
net_bytebuddy_asm_MemberRemoval_MemberRemovingClassVisitor.txt,Insufficient Modularization,class,MemberRemoval.MemberRemovingClassVisitor,0,"['The class MemberRemoval.MemberRemovingClassVisitor is well-focused with a single responsibility: visiting class members and removing them based on matchers.', 'It contains only essential fields directly related to its purpose: fieldMatcher, methodMatcher, fields map, and methods map.', 'The class has a reasonable number of methods (one constructor and two overridden methods from ClassVisitor).', 'Complexity is low as each method performs a straightforward task: matching and conditionally delegating to the superclass.', 'There are no signs of bloated interfaces or excessive functionality bundled together.', 'The design follows the Single Responsibility Principle, making it easy to understand and maintain.']"
net_bytebuddy_asm_MemberSubstitution_Dispatcher.txt,Insufficient Modularization,class,MemberSubstitution,1,"[""The class 'MemberSubstitution' is extremely large with a size of 73356 bytes, indicating high complexity and likely violation of the single responsibility principle."", 'The class contains numerous nested classes (e.g., WithoutSpecification and its nested classes, TypePoolResolver and its implementations, Target and its implementations, Substitution and its numerous nested classes, Replacement and its nested classes, etc.) that suggest it is handling multiple responsibilities.', 'The class handles various concerns including member substitution logic, type pool resolution, target representation, substitution strategies, replacement mechanisms, method visitor implementation, and annotation definitions, which should ideally be separated into distinct modules.', 'The presence of deeply nested generic types and complex method signatures indicates high cognitive complexity and lack of clear abstraction boundaries.', 'The class includes multiple factory interfaces and complex delegation mechanisms (e.g., ForDelegation with extensive offset mapping configurations) that increase its internal complexity and make it difficult to understand and maintain.', 'The extensive use of inner classes for different substitution strategies (ForFieldAccess, ForMethodInvocation, Chain, etc.) indicates that the class is trying to encapsulate too many variations of behavior rather than delegating to separate, focused classes.']"
net_bytebuddy_asm_MemberSubstitution_Factory.txt,Insufficient Modularization,class,MemberSubstitution,1,"['The class has excessive size with over 73,000 lines of code, making it difficult to understand and maintain', 'The class contains multiple nested classes (WithoutSpecification, ForMatchedDynamicInvocation, ForMatchedByteCodeElement, ForMatchedField, ForMatchedMethod, etc.) that increase complexity', 'The class handles multiple responsibilities including member substitution logic, field access replacement, method invocation replacement, constructor call replacement, and dynamic invocation handling', 'The class contains numerous inner interfaces and classes for substitutions (Substitution, Replacement, Target, TypePoolResolver) that could be separated into their own modules', 'The class includes complex logic for handling different types of byte code manipulations, making it overly complex and violating the single responsibility principle', 'The class has a bloated interface with many public methods and nested types that serve different purposes, making it hard to comprehend and use correctly']"
net_bytebuddy_asm_MemberSubstitution_ForElementMatcher.txt,Insufficient Modularization,class,MemberSubstitution,1,"[""The class 'MemberSubstitution' is excessively large with numerous nested classes and interfaces, leading to high complexity and making it difficult to understand and maintain."", ""It contains multiple levels of nested classes (e.g., 'WithoutSpecification' and its nested classes, 'TypePoolResolver' and its nested classes, 'Target' and its nested classes, 'Substitution' and its extensive nested structure, 'Replacement' and its nested classes, 'SubstitutingMethodVisitor' and its nested classes, and various annotation interfaces), which indicates a lack of proper decomposition."", 'The class handles multiple responsibilities including member substitution logic, type pool resolution, target representation, substitution strategies, replacement binding, and visitor pattern implementation for bytecode manipulation, which violates the Single Responsibility Principle.', 'The extensive use of generic types and complex type hierarchies within the class increases its cognitive complexity and makes it harder to decompose and understand.', 'The class has a large number of methods and fields, contributing to its bloated interface and making it challenging to navigate and modify.']"
net_bytebuddy_asm_MemberSubstitution_ForMatchedByteCodeElement.txt,Insufficient Modularization,class,MemberSubstitution.ForMatchedByteCodeElement,0,"['The class MemberSubstitution.ForMatchedByteCodeElement is a nested class within the larger MemberSubstitution class, which itself is highly complex and large (73359 lines context size).', 'However, ForMatchedByteCodeElement specifically is relatively small and focused, implementing only the logic required for handling matched bytecode elements within the substitution framework.', 'It has a single responsibility: to represent a member substitution that requires a specification for how to replace a bytecode element, and it correctly implements this responsibility without excessive complexity.', 'Its size is modest, with only one field (matcher) and a few methods, primarily focused on construction and the replaceWith method which integrates with the broader MemberSubstitution framework.', ""The class does not exhibit signs of bloated interface or excessive complexity; it's a well-scoped component within the larger design."", 'Therefore, while the outer MemberSubstitution class may exhibit Insufficient Modularization, the inner class ForMatchedByteCodeElement does not meet the criteria for this smell.']"
net_bytebuddy_asm_MemberSubstitution_ForThisReference.txt,Insufficient Modularization,class,MemberSubstitution,1,"[""The class 'MemberSubstitution' is excessively large, containing over 73,000 lines of code, which indicates a high level of complexity and responsibility."", ""The class encompasses multiple nested classes and interfaces (e.g., 'WithoutSpecification', 'TypePoolResolver', 'Target', 'Substitution', 'Replacement') that handle various aspects of member substitution, field access, method invocation, and dynamic invocation, suggesting a lack of clear separation of concerns."", 'The class implements numerous functionalities including method/field matching, substitution logic, bytecode manipulation, and delegation mechanisms, which could be separated into smaller, more cohesive abstractions.', ""The presence of deeply nested generic types and complex conditional logic further contributes to the class's complexity, making it difficult to understand and maintain."", 'The class violates the Single Responsibility Principle by managing too many responsibilities related to bytecode transformation and member substitution, rather than delegating them to specialized components.']"
net_bytebuddy_asm_MemberSubstitution_OfOriginalExpression.txt,Insufficient Modularization,class,MemberSubstitution,1,"[""The class 'MemberSubstitution' has excessive size with a large number of nested classes and extensive functionality related to member substitution, making it difficult to understand and maintain."", 'The class encompasses multiple responsibilities including member matching, replacement logic, substitution chaining, and bytecode manipulation, violating the single responsibility principle.', ""Complexity is increased due to numerous inner classes such as 'WithoutSpecification', 'ForMatchedDynamicInvocation', 'ForMatchedByteCodeElement', 'ForMatchedField', 'ForMatchedMethod', 'Substitution', 'Chain', 'Step', 'ForDelegation', etc., each handling different aspects of member substitution."", 'The class contains deeply nested hierarchies and complex control flow logic for handling various bytecode elements like fields, methods, constructors, and invokedynamic instructions.', 'Large number of methods and fields indicating bloated interface and implementation, suggesting the need for decomposition into smaller, more cohesive abstractions.']"
net_bytebuddy_asm_MemberSubstitution_Resolved.txt,Insufficient Modularization,class,MemberSubstitution.Resolved,1,"[""The class 'MemberSubstitution.Resolved' is a nested class within 'MemberSubstitution' and contributes to the overall complexity and size of the outer class structure."", ""The outer class 'MemberSubstitution' is extremely large (over 7000 lines) and contains numerous nested classes, interfaces, and complex logic for bytecode manipulation, indicating a violation of the single responsibility principle."", ""The class 'MemberSubstitution.Resolved' itself is not explicitly defined in the provided code snippet, but given the structure and the extensive responsibilities of 'MemberSubstitution', it is part of a bloated design that does not adequately decompose functionality."", ""The presence of multiple levels of nested classes and interfaces (e.g., 'WithoutSpecification', 'Target', 'Substitution', 'Replacement', 'Chain', 'Step', 'OffsetMapping', 'Dispatcher', 'BootstrapArgumentResolver') indicates that the class takes on too many responsibilities and lacks proper modularization."", 'The class handles various concerns such as method/field matching, substitution logic, delegation, dynamic invocation, and bytecode manipulation, which should ideally be separated into distinct, cohesive modules.']"
net_bytebuddy_asm_MemberSubstitution_Sort.txt,Insufficient Modularization,class,MemberSubstitution,1,"[""The class 'MemberSubstitution' is excessively large with numerous nested classes and interfaces, indicating a lack of proper decomposition."", 'It encompasses multiple responsibilities including member substitution logic, handling different types of substitutions (fields, methods, constructors, dynamic invocations), replacement mechanisms, and bytecode manipulation.', ""The class contains deeply nested hierarchies like 'WithoutSpecification' with multiple inner classes ('ForMatchedDynamicInvocation', 'ForMatchedByteCodeElement', etc.) which increases complexity and reduces cohesion."", 'The presence of extensive inline documentation and numerous methods suggests the class is doing too much and could benefit from being split into smaller, more focused classes.']"
net_bytebuddy_asm_MemberSubstitution_Source.txt,Insufficient Modularization,class,MemberSubstitution,1,"[""The class 'MemberSubstitution' is excessively large with a size of 73355 bytes, indicating high complexity and potential difficulty in understanding and maintaining the code."", ""The class contains multiple nested classes and interfaces (e.g., 'WithoutSpecification', 'TypePoolResolver', 'Target', 'Substitution', 'Replacement', 'SubstitutingMethodVisitor') which increases its complexity and suggests that it might be handling too many responsibilities."", ""The class implements multiple interfaces ('AsmVisitorWrapper.ForDeclaredMethods.MethodVisitorWrapper') and contains numerous methods, fields, and nested types, indicating a high degree of coupling and a bloated interface."", ""The presence of multiple levels of nested classes and interfaces within 'MemberSubstitution' (e.g., 'Substitution.Chain.Step.ForDelegation.OffsetMapping.ForFieldHandle.Unresolved.WithExplicitType') suggests that the class has not been adequately decomposed into smaller, more cohesive abstractions.""]"
net_bytebuddy_asm_MemberSubstitution_Step.txt,Insufficient Modularization,class,MemberSubstitution,1,"[""The class 'MemberSubstitution' is extremely large with a size of 73355 characters, indicating high complexity and excessive responsibilities."", 'The class contains multiple nested classes (WithoutSpecification, ForMatchedDynamicInvocation, ForMatchedByteCodeElement, ForMatchedField, ForMatchedMethod, etc.) that could be extracted into separate files or modules.', 'The class handles various responsibilities including member substitution logic, field access replacement, method invocation replacement, constructor call replacement, and dynamic invocation handling, which suggests a lack of clear separation of concerns.', 'The presence of numerous inner classes and interfaces (Target, Substitution, Replacement, etc.) with their own nested structures indicates that the class has not been adequately decomposed into smaller, more cohesive abstractions.', 'The class includes complex logic for handling different types of substitutions (field, method, constructor, dynamic) and multiple configuration options, contributing to its bloated interface and making it difficult to understand and maintain.']"
net_bytebuddy_benchmark_ClassByExtensionBenchmark_ByteBuddyPrefixInterceptor.txt,Insufficient Modularization,class,ClassByExtensionBenchmark,0,"The class ClassByExtensionBenchmark is a JMH benchmark class that follows a well-defined structure for performance testing. While it contains multiple benchmark methods and setup logic, these are all cohesive and related to the single responsibility of benchmarking different approaches to class extension. The class does not exhibit excessive size or complexity beyond what is reasonable for its purpose. The inner classes (ByteBuddyProxyInterceptor, ByteBuddyAccessInterceptor, ByteBuddyPrefixInterceptor) are simple, focused interceptors that serve specific benchmark scenarios. The class maintains good organization with clear separation of concerns between setup, baseline, and various benchmark methods, each following a consistent pattern. The interface is not bloated as each method serves a distinct benchmarking purpose within the same domain."
net_bytebuddy_benchmark_jmh_generated_ClassByExtensionBenchmark_benchmarkByteBuddyWithProxyAndReusedDelegatorWithTypePool_jmhTest.txt,Insufficient Modularization,class,ClassByExtensionBenchmark_benchmarkByteBuddyWithProxyAndReusedDelegatorWithTypePool_jmhTest,0,"['The class is auto-generated by JMH (Java Microbenchmark Harness), which typically produces large, monolithic classes as part of its code generation process.', 'Despite its size, the class follows a consistent structural pattern with repeated benchmark method structures, indicating intentional design rather than poor decomposition.', 'Each benchmark method (e.g., throughput, average time, sample time, single shot) is self-contained and handles a specific concern, showing logical separation within the generated structure.', 'There is no evidence of mixed responsibilities or lack of cohesion beyond what is expected from a code-generated benchmarking artifact.']"
net_bytebuddy_benchmark_jmh_generated_ClassByImplementationBenchmark_baseline_jmhTest.txt,insufficient_modularization,class,jmhTest,,
net_bytebuddy_benchmark_jmh_generated_ClassByImplementationBenchmark_benchmarkJavassist_jmhTest.txt,Insufficient Modularization,class,ClassByImplementationBenchmark_benchmarkJavassist_jmhTest,0,"['The class is auto-generated by JMH (Java Microbenchmark Harness), which typically produces large, monolithic classes as part of its benchmarking infrastructure.', 'The class contains multiple benchmark methods (e.g., benchmarkJavassist_Throughput, benchmarkJavassist_AverageTime, etc.) and their corresponding stubs, which is expected behavior for JMH-generated test classes.', 'Despite its size, the class follows a consistent structural pattern where each benchmark mode (Throughput, AverageTime, SampleTime, SingleShotTime) has dedicated methods with similar logic, indicating intentional design rather than poor modularization.', 'There is no evidence of unrelated responsibilities being mixed within the class; all methods are related to executing and measuring benchmarks.', ""The presence of numerous padding fields (p000 to p255) and boilerplate code is characteristic of JMH's approach to prevent false sharing and ensure accurate benchmarking, not a sign of insufficient modularization.""]"
net_bytebuddy_benchmark_jmh_generated_SuperClassInvocationBenchmark_benchmarkByteBuddyWithPrefix_jmhTest.txt,Insufficient Modularization,class,SuperClassInvocationBenchmark_benchmarkByteBuddyWithPrefix_jmhTest,0,"['The class is a JMH-generated benchmark test class, which typically contains boilerplate code for performance testing.', ""The class has a single, well-defined responsibility: to benchmark the 'benchmarkByteBuddyWithPrefix' method."", ""While the class is large due to JMH's code generation patterns, it doesn't exhibit excessive complexity or bloated interfaces."", 'The methods follow a consistent pattern for different benchmark modes (Throughput, AverageTime, SampleTime, SingleShotTime).', ""The class doesn't accumulate unrelated responsibilities that could be separated into smaller abstractions."", ""The padding fields (p000-p255) and other instance variables are purposefully added for JMH's memory layout optimization."", ""The repetitive code structure is inherent to JMH's benchmark generation and doesn't indicate poor modularization.""]"
net_bytebuddy_benchmark_jmh_generated_SuperClassInvocationBenchmark_benchmarkByteBuddyWithProxy_jmhTest.txt,Insufficient Modularization,class,SuperClassInvocationBenchmark_benchmarkByteBuddyWithProxy_jmhTest,0,"['The class is auto-generated by JMH (Java Microbenchmark Harness), which typically produces large, monolithic classes as part of its code generation process.', 'The class serves a single, well-defined purpose: to execute and measure benchmarks for ByteBuddy proxy invocation performance.', 'While the class is large (~450 lines), it does not exhibit excessive complexity or a bloated interface. Its methods are repetitive but follow a consistent pattern required for benchmark execution across different measurement modes (Throughput, AverageTime, SampleTime, SingleShotTime).', 'There is no evidence of multiple unrelated responsibilities being handled within the class; all logic pertains directly to setting up, running, and reporting on specific benchmark scenarios.', 'Given that this is machine-generated code with a narrow focus, standard modularization principles do not necessarily apply.']"
net_bytebuddy_build_AccessControllerPlugin_Initializer.txt,Insufficient Modularization,class,AccessControllerPlugin.Initializer,0,"The class 'AccessControllerPlugin.Initializer' is abstract and serves a single, well-defined purpose: to initialize a field based on the availability of java.security.AccessController. It has a clear hierarchy with two inner static classes (WithProperty and WithoutProperty) that handle specific variations of the initialization logic. The class is cohesive, with all methods and fields directly related to its core responsibility. It does not exhibit excessive size, complexity, or a bloated interface. The abstraction is appropriately decomposed, and responsibilities are well-separated between the base class and its subclasses."
net_bytebuddy_build_AccessControllerPlugin_WithProperty.txt,Insufficient Modularization,class,AccessControllerPlugin.WithProperty,0,"The class AccessControllerPlugin.WithProperty is a well-defined inner class with a single responsibility: initializing a field based on the availability of the AccessController and a system property. It contains only the necessary logic for this specific task, does not exhibit excessive size or complexity, and maintains a cohesive abstraction. The class properly delegates responsibilities and does not mix concerns, thus avoiding the Insufficient Modularization smell."
net_bytebuddy_build_AccessControllerPlugin_WithoutProperty.txt,Insufficient Modularization,class,AccessControllerPlugin,0,"['The class has a clear and focused responsibility: instrumenting methods to dispatch to java.security.AccessController.', 'The class is well-structured with nested classes (Initializer, AccessControlWrapper) that handle specific aspects of the functionality.', 'The static initialization block, while large, is necessary for mapping signatures and is logically cohesive.', 'The class does not exhibit excessive size or complexity that would hinder understanding or maintenance.', 'Responsibilities are appropriately separated into smaller, cohesive abstractions through inner classes and methods.']"
net_bytebuddy_build_CachedReturnPlugin_AdviceResolver.txt,Insufficient Modularization,class,CachedReturnPlugin.AdviceResolver,1,"[""The class 'CachedReturnPlugin.AdviceResolver' is an enum with a large amount of functionality embedded within it, including defining dynamic types, creating bytecode appenders, and handling advice resolution logic."", ""It contains complex nested classes such as 'ExitAdviceByteCodeAppender' and 'CacheFieldOffsetMapping', which are defined within the enum, increasing its size and complexity."", 'The constructor of the enum performs significant initialization work, including building dynamic types using ByteBuddy, which contributes to the class being large and doing too much.', 'The class handles multiple responsibilities: resolving advice based on type, generating bytecode for method exit advice, and managing field offset mappings.', 'Such concentration of responsibilities and the substantial amount of code within a single enum type indicate that the abstraction has not been adequately decomposed, making it harder to understand and maintain.']"
net_bytebuddy_build_HashCodeAndEqualsPlugin_Sort.txt,Insufficient Modularization,class,HashCodeAndEqualsPlugin,0,"The class HashCodeAndEqualsPlugin is well modularized. It has a single responsibility of generating hashCode and equals methods for annotated classes. The class is not excessively large or complex, and its interface is not bloated. It properly uses inner classes (WithNonNullableFields, Enhance, ValueHandling, Sorted, Identity, AnnotationOrderComparator, ValueMatcher) to encapsulate related functionality, demonstrating good decomposition. The class adheres to the single responsibility principle and maintains clear separation of concerns."
net_bytebuddy_build_Plugin_Ambiguous.txt,Insufficient Modularization,class,Plugin.Ambiguous,0,"The class Plugin.Ambiguous is a nested class within the Plugin interface and serves a single, well-defined purpose: to represent an ambiguously resolved instantiator for plugin constructors. It has a clear responsibility, encapsulated state (left and right constructors, priority, parameters), and focused behavior (replaceBy, instantiate methods). The class is small in size and complexity, adhering to the single responsibility principle. There is no evidence of excessive size, complexity, or a bloated interface that would indicate insufficient modularization."
net_bytebuddy_build_Plugin_CompoundIterator.txt,Insufficient Modularization,class,Plugin.CompoundIterator,0,"['The class Plugin.CompoundIterator is a nested class within the Plugin interface and has a very focused responsibility - it implements an iterator that combines several iterables.', 'The class has a small size with only a few methods and fields, making it easy to understand and maintain.', 'It follows the Single Responsibility Principle by having only one reason to change - changes to how compound iteration is performed.', 'The class properly encapsulates its internal state (current iterator and backlog queue) and exposes only the necessary iterator methods.', 'There are no signs of excessive complexity, bloated interface, or concentrated responsibilities that would indicate insufficient modularization.', 'The class is well-decomposed and serves a single, specific purpose within the larger Plugin ecosystem.']"
net_bytebuddy_build_Plugin_Source.txt,Insufficient Modularization,class,Plugin.Source,1,"[""The class 'Plugin.Source' is excessively large with a size of 34078 lines, indicating it encompasses too many responsibilities."", ""It contains multiple nested interfaces and classes (e.g., 'Origin', 'Element', 'ForJarFile', 'ForFolder') that could be separated into their own files or packages for better organization."", 'The class handles various functionalities including file I/O operations, class file locating, jar file manipulation, and element filtering, which suggests a lack of clear separation of concerns.', ""Several inner classes like 'ForJarFile', 'ForFolder', 'InMemory', and 'Filtering' under 'Source' indicate that the class is trying to manage different types of sources rather than delegating to specialized modules."", 'The presence of complex logic within iterators and compound structures further increases the complexity and reduces maintainability.']"
net_bytebuddy_build_Plugin_WithPreprocessor.txt,Insufficient Modularization,class,Plugin.WithPreprocessor,0,"['The class Plugin.WithPreprocessor is a simple interface with a single method onPreprocess.', 'It does not contain excessive size, complexity, or a bloated interface.', 'It represents a well-defined abstraction with a single responsibility.', 'The interface is properly decomposed and cohesive.']"
net_bytebuddy_build_gradle_AbstractByteBuddyTask_TransformationLogger.txt,Insufficient Modularization,class,AbstractByteBuddyTask,0,"The class AbstractByteBuddyTask, while large and complex, represents a cohesive abstraction for a Gradle task that applies Byte Buddy transformations. It encapsulates configuration properties, transformation logic, and plugin discovery mechanisms related to Byte Buddy processing. The class is well-organized with clear method responsibilities, proper separation of concerns through inner classes (TransformationLogger, ByteBuddySkippingUrlClassLoader), and maintains a single responsibility for Byte Buddy task execution. The complexity arises from the inherent functionality of integrating Byte Buddy with Gradle rather than poor modularization. The inner classes are appropriately scoped and the class does not expose a bloated interface - it provides necessary configuration points for a complex build task."
net_bytebuddy_build_gradle_ByteBuddySimpleTaskExtension.txt,Insufficient Modularization,class,ByteBuddySimpleTaskExtension,0,"The class ByteBuddySimpleTaskExtension is small and focused, containing only 7 methods and 1 field. It has a single responsibility of managing the discovery set for ByteBuddy tasks. The class properly extends AbstractByteBuddyTaskExtension and implements required configuration methods without excessive complexity or bloated interface. No signs of inadequate decomposition or concentration of unrelated responsibilities were found."
net_bytebuddy_build_gradle_ObjectFactory_ForApi4CapableGradle.txt,Insufficient Modularization,class,ObjectFactory,0,"The class ObjectFactory is well-structured with a clear single responsibility of creating objects using Gradle's ObjectFactory API. It uses a nested interface Dispatcher with two implementations (ForLegacyGradle and ForApi4CapableGradle) to handle different Gradle versions, which demonstrates good separation of concerns. The class is relatively small (approximately 100 lines), has a focused purpose, and does not exhibit excessive complexity or bloated interface. The design follows the factory pattern appropriately and maintains good cohesion."
net_bytebuddy_build_gradle_android_ByteBuddyAndroidPlugin.txt,Insufficient Modularization,class,ByteBuddyAndroidPlugin,1,"['The class has a high number of lines (CONTEXT_SIZE=5606), indicating excessive size.', 'It contains multiple nested classes (VariantAction, RuntimeClassPathResolver, ByteBuddyTransformationConfiguration, etc.) that handle distinct responsibilities, suggesting a lack of proper decomposition.', 'The class handles various concerns such as plugin application, variant processing, configuration management, dependency resolution, and transformation dispatching, violating the Single Responsibility Principle.', 'Complex conditional logic and reflection-based API usage increase the overall complexity and reduce maintainability.', 'The presence of multiple inner classes and interfaces (TransformationDispatcher, ByteBuddyViewConfiguration, etc.) further indicates that the class is managing too many abstractions at once.']"
net_bytebuddy_build_gradle_android_ByteBuddyAndroidPlugin_AttributeMatchingStrategyConfigurationAction.txt,Insufficient Modularization,class,ByteBuddyAndroidPlugin,1,"['The class has excessive size with multiple nested static classes and complex logic for handling Android Gradle plugin transformations.', 'It concentrates multiple responsibilities including plugin application, variant handling, configuration actions, attribute matching, dependency resolution, and transformation dispatching.', 'The class contains deeply nested conditional logic and reflection-based API usage that increases complexity.', 'Multiple abstraction levels are mixed within the same class, including configuration actions, runtime classpath resolution, transformation dispatching, and dependency rules.', 'The class has a bloated interface with numerous inner classes that could be separated into smaller, more cohesive abstractions.']"
net_bytebuddy_build_gradle_android_ByteBuddyAndroidPlugin_GetProjectJarsFunction.txt,Insufficient Modularization,class,ByteBuddyAndroidPlugin,1,"['The class has excessive size with multiple nested static classes and complex logic for handling Android Gradle plugin transformations.', 'It concentrates multiple responsibilities including plugin application, variant handling, runtime classpath resolution, transformation dispatching, and configuration actions.', 'The class contains deeply nested conditional logic and reflection-based API usage that increases complexity.', 'Multiple abstraction levels are mixed within the same class, including plugin lifecycle management, Android variant processing, and dependency resolution strategies.', 'The class serves as a monolithic component rather than delegating responsibilities to smaller, more cohesive abstractions.']"
net_bytebuddy_build_gradle_android_ByteBuddyAndroidTaskExtension.txt,Insufficient Modularization,class,ByteBuddyAndroidTaskExtension,0,"The class has a single responsibility of managing configuration for ByteBuddy Android tasks. It contains 11 fields related to configuration properties and provides corresponding getters/setters. The class follows standard patterns for Gradle task extensions with configuration methods and a configure method to apply settings to a task. While it has multiple methods, they are all cohesive and related to the single responsibility of configuration management. The class does not exhibit excessive size or complexity that would warrant decomposition."
net_bytebuddy_build_maven_ByteBuddyMojo_FromClassLoader.txt,Insufficient Modularization,class,ByteBuddyMojo,1,"['The class has excessive size with numerous nested classes and extensive functionality spanning dependency resolution, plugin management, transformation logic, and Maven integration.', 'The class contains multiple responsibilities including lifecycle management, classpath resolution, plugin discovery, transformation execution, and logging.', 'The class has a bloated interface with many public fields and methods related to different concerns such as discovery, transformation, classpath handling, and Maven build lifecycle integration.', 'Complexity is high due to multiple nested classes (ForLifecycleTypes, ForExplicitLocations, ForDependencyFolder, etc.) each with their own subclasses, creating a deeply nested structure.', 'The class combines concerns of build tool integration (Maven), plugin architecture, class file transformation, dependency management, and incremental build support in a single abstraction.']"
net_bytebuddy_build_maven_Initialization.txt,Insufficient Modularization,class,Initialization,0,"The class Initialization is small and focused, containing only three fields (entryPoint, validated, and inherited fields from CoordinateConfiguration), a simple constructor, and a single method (getEntryPoint) that handles entry point resolution. The class has a clear and cohesive responsibility of managing Maven build initialization configuration and entry point resolution. There is no evidence of excessive size, complexity, or bloated interface that would indicate insufficient modularization."
net_bytebuddy_description_ByteCodeElement_TokenList.txt,Insufficient Modularization,class,ByteCodeElement,0,"The class ByteCodeElement is an interface that defines a clear abstraction for byte code elements. While it contains several nested interfaces (TypeDependant, Member, Token) and the Token interface includes a nested TokenList class, the overall structure maintains good cohesion around the concept of byte code elements. The class does not exhibit excessive size or complexity that would indicate insufficient decomposition. Each nested component serves a distinct purpose related to byte code element representation and manipulation, suggesting adequate modularization rather than bloated or overly complex design."
net_bytebuddy_description_ModifierReviewable_ForParameterDescription.txt,Insufficient Modularization,class,ModifierReviewable.AbstractBase,1,"['The class implements multiple interfaces (ForTypeDefinition, ForFieldDescription, ForMethodDescription, ForParameterDescription, ForModuleDescription, ForModuleRequirement) which represent distinct abstraction responsibilities.', 'The class contains a large number of methods (30+ public methods) that handle different types of modifiers for various Java elements (types, fields, methods, parameters, modules).', 'The class has multiple reasons to change - it needs modification when any of the different modifier types or Java elements it handles are changed.', 'The class violates the Single Responsibility Principle by consolidating logic for handling modifiers across different domains (types, fields, methods, parameters, modules) rather than decomposing them into specialized classes.', 'The high number of implemented interfaces and methods indicates excessive complexity and a bloated interface that makes the class difficult to understand and maintain.']"
net_bytebuddy_description_ModifierReviewable_OfByteCodeElement.txt,Insufficient Modularization,class,ModifierReviewable,1,"['The class ModifierReviewable contains multiple nested interfaces and an abstract base class, each representing different aspects of modifier reviewable elements (e.g., ForTypeDefinition, ForFieldDescription, ForMethodDescription, etc.).', 'The AbstractBase class implements numerous interfaces and contains over 50 methods that handle various modifier checks and state retrievals, leading to excessive size and complexity.', 'Responsibilities span across different abstraction levels including type, field, method, parameter, and module descriptions, which could be separated into smaller, more cohesive classes.', 'The class exposes a bloated interface with many public methods catering to different types of bytecode elements, making it difficult to understand and maintain.', 'The single AbstractBase class tries to fulfill the contract for all modifier reviewable elements, violating the Interface Segregation Principle and increasing cognitive load on developers.']"
net_bytebuddy_description_TypeVariableSource_AbstractBase.txt,Insufficient Modularization,class,TypeVariableSource.AbstractBase,0,"The class TypeVariableSource.AbstractBase is a small, well-defined abstract base implementation with only three methods (findVariable, findExpectedVariable, and toSafeString). It properly delegates responsibilities and does not exhibit excessive size, complexity, or a bloated interface. The class focuses on a single responsibility of providing basic functionality for type variable sources, making it sufficiently modularized."
net_bytebuddy_description_TypeVariableSource_Visitor.txt,Insufficient Modularization,class,TypeVariableSource,0,"The class TypeVariableSource is an interface that defines a clear and cohesive abstraction for representing code elements that can declare type variables. It has a well-defined set of responsibilities including type variable management, visitor pattern implementation, and generic declaration checks. The class is not excessively large or complex, and its interface is not bloated. The inclusion of nested interfaces and abstract base classes is appropriate for supporting the main abstraction without indicating insufficient decomposition. The class maintains good cohesion and reasonable size, thus does not exhibit the Insufficient Modularization smell."
net_bytebuddy_description_annotation_AnnotationValue_Loaded.txt,Insufficient Modularization,class,AnnotationValue,1,"['The class has excessive size with numerous nested classes, enums, and complex logic encapsulated within a single file, making it difficult to understand and maintain.', 'The class contains multiple responsibilities including handling different types of annotation values (constants, annotations, enumerations, types, arrays), loading mechanisms, filtering, and state management.', 'Complexity is increased by the presence of multiple enums (RenderingDispatcher, State, Sort) and several abstract and concrete inner classes that handle specific cases like missing types, mismatched types, and loaded representations.', 'The interface and its nested components concentrate too many responsibilities that could be separated into smaller, more cohesive abstractions, violating the principle of single responsibility.']"
net_bytebuddy_description_annotation_AnnotationValue_PropertyDelegate.txt,Insufficient Modularization,class,AnnotationValue,1,"['The class has excessive size with over 2000 lines of code, containing multiple nested classes, enums and complex logic', 'The class concentrates multiple responsibilities including handling different annotation value types (constants, annotations, enumerations, types, arrays), loading logic, filtering, and rendering', 'The class contains multiple large nested enums (RenderingDispatcher with 5 variants, State, Sort) and numerous inner classes (ForConstant, ForAnnotationDescription, ForEnumerationDescription, ForTypeDescription, ForDescriptionArray, etc.) that could be separated into their own cohesive units', 'Complex conditional logic is spread throughout the class for handling different value types and states rather than being decomposed into specialized components', 'The single class handles both the unloaded and loaded representations of annotation values along with their various edge cases and error conditions']"
net_bytebuddy_description_field_FieldDescription_SignatureToken.txt,Insufficient Modularization,class,FieldDescription,0,"The FieldDescription interface and its nested classes are well-factored and maintain clear separation of concerns. The interface defines a cohesive abstraction for field descriptions with several specialized implementations (ForLoadedField, Latent, TypeSubstituting) and supporting classes (Token, SignatureToken) that handle distinct responsibilities. Each class has a clear, single purpose - representing different forms of field descriptions (loaded, latent, substituted) or supporting data structures (tokens). The complexity is appropriately distributed across these specialized types rather than concentrated in one large class. The interface hierarchy properly separates generic and defined shape concerns through its nested interfaces. There is no evidence of excessive size, complexity, or bloated interfaces that would indicate insufficient modularization."
net_bytebuddy_description_method_MethodDescription_ForLoadedExecutable.txt,Insufficient Modularization,class,MethodDescription.ForLoadedExecutable,0,"['The class MethodDescription.ForLoadedExecutable is an abstract static class that serves a specific and well-defined purpose: to provide a base implementation for loaded executable representations (methods and constructors).', 'It contains a reasonable number of methods (less than 20 public/protected methods) that are all closely related to handling loaded executables, such as getting declaring types, return types, parameters, exception types, and various method properties.', 'The class follows the Single Responsibility Principle by focusing solely on representing loaded executables and providing access to their metadata.', 'While the class does have some complexity due to the nature of reflection handling, the methods are cohesive and serve the same abstraction - representing loaded executable elements.', 'The class properly delegates specific concerns to subclasses (ForLoadedMethod and ForLoadedConstructor) which handle method-specific and constructor-specific logic respectively.', 'The code is well-organized with clear method names and appropriate use of inheritance and abstraction to avoid code duplication while maintaining clear responsibilities.']"
net_bytebuddy_description_method_MethodDescription_Latent.txt,Insufficient Modularization,class,MethodDescription.Latent,0,"['The class MethodDescription.Latent is a well-defined data class that encapsulates the state of a method description.', 'It has a single responsibility: to represent a method description in a latent (not yet loaded) form.', ""The class has a reasonable number of fields (9) that are all directly related to describing a method's metadata."", ""All methods in the class are simple getters or constructors that initialize the object's state."", 'The class does not contain complex business logic or multiple responsibilities.', 'The complexity of the class is low as it mainly consists of data storage and retrieval.', 'There are no signs of excessive size, complexity, or bloated interface in this class.', 'The class follows the single responsibility principle and is appropriately cohesive.']"
net_bytebuddy_description_method_MethodDescription_TypeToken.txt,Insufficient Modularization,class,MethodDescription,0,"['The class is an interface which inherently promotes modularization by defining a contract.', 'The class is well-factored into multiple nested interfaces and classes (InGenericShape, InDefinedShape, AbstractBase, ForLoadedConstructor, ForLoadedMethod, Latent, TypeSubstituting, Token, SignatureToken, TypeToken) each with distinct responsibilities.', 'Each nested class and interface has a clear, single responsibility related to different aspects of method descriptions (loaded methods, latent methods, type substitution, tokens).', 'The large number of methods is justified by the comprehensive nature of describing Java methods, including all their possible attributes and behaviors.', 'The class follows the Interface Segregation Principle by providing specific nested interfaces for different shapes of method descriptions (InGenericShape, InDefinedShape).', 'Complexity is managed through proper abstraction and encapsulation rather than being concentrated in a single class.']"
net_bytebuddy_description_method_ParameterList_OfLegacyVmMethod.txt,Insufficient Modularization,class,ParameterList,0,"The class ParameterList is an interface that defines a clear abstraction for handling lists of parameters. It is well-decomposed into several inner classes and interfaces, each with distinct responsibilities: AbstractBase provides common functionality, ForLoadedExecutable handles parameters for loaded executables (with further specializations like OfConstructor and OfMethod), Explicit handles explicit parameter descriptions, ForTokens deals with detached tokens, TypeSubstituting manages type substitution, and Empty represents an empty list. Each inner class is focused on a specific aspect of parameter handling, demonstrating good modularization. The class does not exhibit excessive size, complexity, or a bloated interface, and responsibilities are appropriately separated into smaller, cohesive abstractions."
net_bytebuddy_description_method_ParameterList_OfMethod.txt,Insufficient Modularization,class,ParameterList,0,"['The class is an interface that defines a clear abstraction for a list of parameters.', 'It is properly decomposed into several cohesive inner classes, each handling specific concerns:', '- AbstractBase provides common functionality for all parameter lists.', '- ForLoadedExecutable and its subclasses handle parameters from reflection objects.', '- Explicit and its nested classes manage explicitly provided parameter descriptions.', '- ForTokens handles parameter lists built from tokens.', '- TypeSubstituting deals with generic type substitution.', '- Empty provides a null object implementation.', 'Each inner class has a well-defined responsibility and encapsulates related behavior.', 'The interface and its implementations follow the Single Responsibility Principle.', 'Complexity is appropriately distributed across multiple specialized classes rather than concentrated in one.', 'The class structure supports extensibility and maintainability through clear separation of concerns.']"
net_bytebuddy_description_modifier_FieldManifestation.txt,Insufficient Modularization,class,FieldManifestation,0,"The class is a well-designed enum with a clear and limited responsibility of representing field manifestations (PLAIN, FINAL, VOLATILE). It contains only essential methods directly related to its purpose: getting mask values, checking field properties (final, volatile, plain), and implementing the ModifierContributor interface. The class is small, cohesive, and does not exhibit excessive size, complexity, or a bloated interface. All methods are focused on the core abstraction of field manifestation states."
net_bytebuddy_description_modifier_ModifierContributor_ForType.txt,Insufficient Modularization,class,ModifierContributor,0,"The class ModifierContributor is appropriately modularized. It defines a clear abstraction for modifier contributors and separates concerns through nested interfaces (ForType, ForModule, ForField, etc.) that represent distinct categories of modifiers. The Resolver class is generic and handles resolution for all modifier types without duplicating logic. The class has a single responsibility of representing modifier contributors and resolving them, with well-defined interfaces and minimal complexity. The size and structure support maintainability and understandability rather than hindering it."
net_bytebuddy_description_modifier_Ownership.txt,Insufficient Modularization,class,Ownership,0,"The class Ownership is a well-decomposed enum with only two instances (MEMBER and STATIC) and a minimal set of cohesive methods. It has a single responsibility of representing ownership modifiers for fields, methods, and types. The class is small in size, has low complexity, and does not expose a bloated interface. All methods are directly related to the core abstraction of ownership representation, and there are no signs of inadequate decomposition or concentrated responsibilities that would warrant further modularization."
net_bytebuddy_description_modifier_ParameterManifestation.txt,Insufficient Modularization,class,ParameterManifestation,0,"The class ParameterManifestation is a well-designed enum with only two instances (PLAIN and FINAL) and a small, focused set of methods. It has a single responsibility of representing parameter manifestation states and their associated masks. The class is concise, easy to understand, and does not exhibit excessive size, complexity, or a bloated interface. All methods are cohesive and directly related to the parameter manifestation abstraction."
net_bytebuddy_description_type_PackageDescription.txt,Insufficient Modularization,class,PackageDescription,0,"The class PackageDescription is an interface that defines a clear abstraction for representing Java packages. It has a cohesive set of responsibilities including package naming, containment checks, and annotation handling. The class is reasonably sized with well-defined methods and nested classes (AbstractBase, Simple, ForLoadedPackage) that each have single responsibilities. The interface and its implementations follow the single responsibility principle, with each component having a distinct role in package representation and manipulation. There is no evidence of excessive size, complexity, or bloated interface that would indicate insufficient modularization."
net_bytebuddy_description_type_PackageDescription_AbstractBase.txt,Insufficient Modularization,class,PackageDescription.AbstractBase,0,"The class PackageDescription.AbstractBase is a well-defined abstract base implementation with only 5 methods (getInternalName, getActualName, contains, isDefault, hashCode, equals, toString) and clear responsibilities. It properly delegates concrete implementations to subclasses (Simple and ForLoadedPackage) and maintains a cohesive interface. The class is small, focused, and does not exhibit excessive size, complexity, or a bloated interface."
net_bytebuddy_description_type_RecordComponentDescription_InDefinedShape.txt,Insufficient Modularization,class,RecordComponentDescription.InDefinedShape,0,"The class RecordComponentDescription.InDefinedShape is an interface that defines a clear and cohesive abstraction for record component descriptions in their defined shape. It has a well-defined responsibility, a small and focused set of methods, and does not exhibit excessive size or complexity. The class delegates implementation details to inner classes (e.g., AbstractBase) and maintains a clean separation of concerns. There is no evidence of bloated interfaces or concentrated responsibilities that would indicate insufficient modularization."
net_bytebuddy_description_type_TypeDescription_ForErasure.txt,Insufficient Modularization,class,TypeDescription,1,"['The TypeDescription interface is extremely large, containing over 66,000 lines of code, which indicates excessive size and complexity', 'The class encompasses numerous nested interfaces and classes (Generic, ForLoadedType, AbstractBase, etc.) that handle diverse responsibilities including type representation, generic type handling, annotation processing, and type relationship calculations', 'The interface defines a bloated API with dozens of methods covering type inspection, comparison, conversion, and navigation, making it difficult to understand and maintain', 'Responsibilities are not adequately separated - the class handles both simple type descriptions and complex generic type manipulations, as well as annotation processing and type variable management', 'The extensive nesting of classes and interfaces within the main TypeDescription interface indicates a lack of proper decomposition into smaller, more cohesive abstractions']"
net_bytebuddy_description_type_TypeDescription_ForLoadedReturnType.txt,Insufficient Modularization,class,TypeDescription,1,"['The TypeDescription interface is extremely large, containing over 66,000 lines of code when including all nested classes and interfaces', 'It encompasses numerous responsibilities including type representation, generic type handling, annotation processing, module system support, and reflection utilities', 'The class contains multiple nested interfaces (Generic, AnnotationReader) and numerous nested classes that handle different aspects of type description', 'Functionality spans across basic type operations, generic type manipulation, annotation handling, module descriptions, and lazy loading mechanisms', 'The interface mixes core type description responsibilities with complex generic type visitor patterns, annotation readers, and type projection mechanisms', 'Contains deeply nested class hierarchies with multiple levels of abstraction (Generic.Visitor implementations, LazyProjection subclasses, Builder patterns)', 'The single interface attempts to represent all possible type scenarios (arrays, primitives, parameterized types, wildcards, type variables) rather than delegating to specialized components']"
net_bytebuddy_description_type_TypeDescription_ForTypeVariable.txt,Insufficient Modularization,class,TypeDescription.ForTypeVariable,0,"The class TypeDescription.ForTypeVariable is a nested interface within TypeDescription and represents a specific abstraction for type variables. It is well-focused on its responsibility of describing type variables and does not exhibit excessive size, complexity, or a bloated interface. The class maintains a cohesive set of methods and properties directly related to type variable descriptions, adhering to the Single Responsibility Principle. There is no indication of inadequate decomposition or concentration of unrelated responsibilities that would suggest insufficient modularization."
net_bytebuddy_description_type_TypeDescription_LazyInterfaceList.txt,Insufficient Modularization,class,TypeDescription.LazyInterfaceList,0,"The class TypeDescription.LazyInterfaceList is a nested static class with a very focused responsibility - it represents a lazy projection of a type's interfaces. It has a clear single purpose, with only essential fields (delegate and rawInterfaces) and methods (get, size) needed for its function. The class is small in size and complexity, properly encapsulated within the larger TypeDescription hierarchy, and does not expose a bloated interface. It follows the single responsibility principle and maintains appropriate cohesion, making it a well-modularized component rather than exhibiting insufficient modularization."
net_bytebuddy_description_type_TypeDescription_OfMethodParameter.txt,Insufficient Modularization,class,TypeDescription,1,"['The TypeDescription interface is extremely large, containing over 66,000 lines of code according to the context size, which indicates excessive size and complexity', 'The class encompasses numerous nested interfaces and implementations (Generic, OfNonGenericType, OfGenericArray, OfWildcardType, OfParameterizedType, OfTypeVariable, etc.) that could be separated into distinct, cohesive modules', 'The interface defines a bloated API with dozens of methods covering various aspects of type description (field access, method access, generic type handling, annotation processing, etc.) that violate the single responsibility principle', 'Complex nested class hierarchies exist within the class (e.g., Visitor patterns, Builder patterns, LazyProjection hierarchies) that increase cognitive complexity and make the class difficult to understand and maintain', 'The class attempts to handle multiple concerns simultaneously: type representation, generic type handling, annotation processing, type variable management, and bytecode-level type operations, indicating inadequate decomposition of responsibilities']"
net_bytebuddy_description_type_TypeList_Empty.txt,Insufficient Modularization,class,TypeList,0,"The TypeList interface and its nested classes are well-factored into multiple cohesive abstractions. Each class has a clear, single responsibility: TypeList.Empty handles empty lists, ForLoadedTypes handles loaded types, Explicit wraps explicit type descriptions, and Generic handles generic type lists with further specializations. The interface and its implementations maintain good separation of concerns, with appropriate delegation and inheritance hierarchies. The complexity is managed through proper decomposition rather than concentrated in large, unwieldy classes."
net_bytebuddy_description_type_TypeVariableToken.txt,Insufficient Modularization,class,TypeVariableToken,0,"['The class has a single, well-defined responsibility: representing a tokenized type variable with symbol, bounds, and annotations.', 'The class has a reasonable number of fields (3) and methods (9), which is not excessive.', 'All methods are cohesive and directly related to the type variable token abstraction.', 'The class properly encapsulates its data and provides appropriate constructors and factory methods.', 'No bloated interface or excessive complexity is observed.', 'The class follows good design principles with clear separation of concerns.']"
net_bytebuddy_dynamic_ClassFileLocator_ExtractionClassFileTransformer.txt,Insufficient Modularization,class,ClassFileLocator,0,"['The ClassFileLocator interface is well-designed with a single responsibility of locating class files.', 'It contains several nested classes and interfaces, but each serves a distinct purpose and is appropriately cohesive.', 'The nested classes (Simple, ForClassLoader, ForJarFile, etc.) are logically grouped under the ClassFileLocator interface, following a factory pattern.', 'Each nested class has a clear, single responsibility (e.g., ForClassLoader handles class loader-based lookups, ForJarFile handles JAR file lookups).', 'The interface and its implementations follow good object-oriented design principles with proper encapsulation.', 'While the interface contains many nested classes, they represent different strategies for class file location rather than unrelated responsibilities.', 'The code exhibits high cohesion within each nested class and proper separation of concerns across different implementations.', 'The size and complexity are justified by the comprehensive nature of supporting multiple class file location strategies.']"
net_bytebuddy_dynamic_ClassFileLocator_Illegal.txt,Insufficient Modularization,class,ClassFileLocator,0,"['The ClassFileLocator interface is well-decomposed into multiple cohesive nested classes and interfaces, each handling specific concerns:', '- Resolution interface with Illegal and Explicit implementations for handling class file resolution states', '- NoOp enum for null object pattern implementation', '- MultiReleaseAware abstract class for multi-release JAR handling', '- Simple class for in-memory class file mapping', '- ForClassLoader with WeaklyReferenced nested class for class loader-based location', '- ForModule with WeaklyReferenced nested class for module-based location', '- ForJarFile for JAR file-based location', '- ForModuleFile for jmod file-based location', '- ForFolder for folder-based location', '- ForUrl for URL-based location', '- ForInstrumentation with ClassLoadingDelegate implementations for agent-based location', '- PackageDiscriminating for package-based routing', '- Filtering for name-based filtering', '- Compound for chaining multiple locators', 'Each nested class has clear, single responsibilities and the interface follows the interface segregation principle. The decomposition is appropriate for the complexity of class file location strategies.']"
net_bytebuddy_dynamic_ClassFileLocator_Initializable.txt,Insufficient Modularization,class,ClassFileLocator,0,"['The ClassFileLocator interface is well-designed with a single responsibility of locating class files.', 'The interface defines a clear contract with the locate() method and Resolution interface.', 'Inner interfaces and classes are logically grouped and serve specific purposes:', 'Resolution interface and its implementations (Illegal, Explicit) handle binary representation concerns.', 'Concrete implementations like ForClassLoader, ForJarFile, ForModule, etc. each handle specific locating strategies.', 'Each nested class has a clear, single responsibility:', 'ForClassLoader - handles class loader based locating', 'ForJarFile - handles JAR file based locating', 'ForModule - handles module based locating', 'Simple - handles simple map-based locating', 'The class follows the interface segregation principle with focused inner classes.', 'Complexity is appropriately distributed across specialized implementations rather than concentrated in one place.', 'The design promotes extensibility through the interface and various implementation strategies.', 'Cohesion is maintained within each implementation class while keeping the overall interface focused.']"
net_bytebuddy_dynamic_ClassFileLocator_NoOp.txt,Insufficient Modularization,class,ClassFileLocator,0,"['The ClassFileLocator interface is well-decomposed into multiple cohesive nested classes and interfaces, each handling specific concerns:', '- Resolution interface with Illegal and Explicit implementations for handling class file resolution states', '- NoOp enum for null object pattern implementation', '- MultiReleaseAware abstract class for multi-release JAR handling', '- Simple class for in-memory class file mapping', '- ForClassLoader with WeaklyReferenced nested class for class loader-based location', '- ForModule with WeaklyReferenced nested class for module-based location', '- ForJarFile for JAR file-based location', '- ForModuleFile for jmod file-based location', '- ForFolder for folder-based location', '- ForUrl for URL-based location', '- ForInstrumentation with nested classes for agent-based location', '- PackageDiscriminating for package-based routing', '- Filtering for name-based filtering', '- Compound for chaining multiple locators', 'Each nested class has clear, single responsibilities and the interface maintains a clean separation of concerns. The decomposition is appropriate for the complexity of class file location strategies.']"
net_bytebuddy_dynamic_DynamicType_Initial.txt,Insufficient Modularization,class,net.bytebuddy.dynamic.DynamicType,1,"['The DynamicType interface contains 63017 lines of code, indicating excessive size.', 'The class encompasses multiple responsibilities including type definition, bytecode manipulation, module definitions, field and method definitions, and loading strategies.', ""Nested interfaces and builders (e.g., Builder, ModuleDefinition, FieldDefinition, MethodDefinition) contribute to the class's complexity and size."", 'The class combines concerns of type representation, type building, and type loading which could be separated into distinct modules.', 'Large number of methods (getBytes, saveIn, inject, toJar, etc.) and nested types indicate a bloated interface.', 'Complexity is increased by extensive use of generics, transformers, and attribute appenders throughout the class structure.']"
net_bytebuddy_dynamic_DynamicType_MethodDefinition.txt,Insufficient Modularization,class,DynamicType.MethodDefinition,1,"[""The class 'DynamicType.MethodDefinition' is an interface with an extremely large number of methods (over 100), indicating it has too many responsibilities."", 'The interface contains multiple nested interfaces (ReceiverTypeDefinition, ImplementationDefinition, TypeVariableDefinition, ExceptionDefinition, ParameterDefinition, etc.) that further increase its complexity.', 'The interface combines multiple concerns: method definition, field definition, record component definition, type variable handling, module definition, and builder patterns all within one interface structure.', 'Many of the nested interfaces have deep inheritance hierarchies and multiple levels of abstraction, making the overall structure overly complex.', 'The interface serves as both a builder and a definition container for various aspects of dynamic type creation, violating the single responsibility principle.', 'The extensive use of generic types and complex type hierarchies within the interface makes it difficult to understand and maintain.']"
net_bytebuddy_dynamic_DynamicType_Unloaded.txt,Insufficient Modularization,class,DynamicType.Unloaded,1,"[""The class 'DynamicType.Unloaded' is an interface with 14 methods, which indicates a high level of responsibility and complexity."", 'It defines multiple methods related to saving, injecting, and manipulating dynamic types, suggesting that it handles various aspects of dynamic type management.', ""The class also includes nested interfaces and classes such as 'Builder', 'ModuleDefinition', 'InnerTypeDefinition', etc., which further increases its complexity and size."", 'Given the number of methods and nested types, the class represents an abstraction that has not been adequately decomposed, leading to excessive size and complexity, which are characteristics of Insufficient Modularization.']"
net_bytebuddy_dynamic_NexusAccessor_Available.txt,Insufficient Modularization,class,net.bytebuddy.dynamic.NexusAccessor,0,"The class NexusAccessor is well-factored with clear separation of concerns. It encapsulates the logic for accessing and managing the Nexus singleton, delegating implementation details to appropriate inner classes (InitializationAppender, Dispatcher implementations) and maintaining a reasonable size and complexity. The responsibilities are adequately decomposed across the class and its inner classes/interfaces, avoiding bloated interfaces or excessive complexity within any single abstraction."
net_bytebuddy_dynamic_TypeResolutionStrategy.txt,Insufficient Modularization,class,TypeResolutionStrategy,0,"['The class represents a well-defined abstraction for type resolution strategies with a clear purpose.', 'Responsibilities are properly separated into distinct nested types (Passive, Active, Lazy, Disabled) that implement the core logic.', 'The interface and its implementations follow the strategy pattern appropriately, with each variant encapsulating a specific behavior.', 'The class does not exhibit excessive size or complexity; the structure is clean and maintainable.', 'Each nested class or enum has a single responsibility and does not mix concerns.', 'The interface is not bloated; it exposes only essential methods related to type resolution and initialization.']"
net_bytebuddy_dynamic_loading_ClassInjector_UsingReflection.txt,Insufficient Modularization,class,ClassInjector.UsingReflection,1,"The class ClassInjector.UsingReflection has excessive size and complexity with 23483 characters, contains multiple nested classes (Dispatcher hierarchy with 10+ inner classes), and handles various responsibilities including reflection-based class loading, security checks, package definition strategies, and multiple injection mechanisms (Direct, UsingUnsafeInjection, UsingUnsafeOverride). The class combines too many abstraction layers and implementation details that could be separated into smaller, more cohesive components."
net_bytebuddy_dynamic_loading_ClassLoadingStrategy_WrappingDispatcher.txt,Insufficient Modularization,class,ClassLoadingStrategy.WrappingDispatcher,0,"['The class has a single, well-defined responsibility: handling the dispatching of class loading strategies with specific configurations like protection domains, persistence handlers, and class loader decorators.', 'It encapsulates a manageable set of attributes (protectionDomain, persistenceHandler, packageDefinitionStrategy, etc.) directly related to its core responsibility.', 'Its methods are cohesive and focused on configuring and executing the class loading process based on the provided settings.', 'Although it contains several configuration options, they are all tightly related to the wrapping dispatch mechanism and do not indicate a violation of modularity or excessive complexity.', 'There is no evidence of the class being excessively large or implementing multiple unrelated concerns that would suggest insufficient decomposition.']"
net_bytebuddy_dynamic_loading_InjectionClassLoader.txt,Insufficient Modularization,class,InjectionClassLoader,0,"['The class has a clear and focused responsibility of managing class loading with injection capabilities.', 'The class is of moderate size with well-defined methods that serve specific purposes related to class loading and injection.', 'It properly delegates complex operations to subclasses through the abstract method doDefineClasses.', 'The inner Strategy enum is appropriately scoped and serves a specific purpose related to class loading strategies.', 'Cohesion is maintained through consistent focus on class loading functionality.', 'No evidence of excessive complexity, bloated interface, or concentrated responsibilities that could be separated.']"
net_bytebuddy_dynamic_loading_ModuleLayerFromSingleClassLoaderDecorator_ModuleDescriptor.txt,Insufficient Modularization,class,ModuleLayerFromSingleClassLoaderDecorator,1,"['The class has excessive size with numerous nested interfaces, enums, and complex logic for handling module system integration.', 'It contains multiple responsibilities including module layer creation, class loading delegation, dynamic type generation, and proxy interface definitions.', 'The class implements complex module system operations through nested proxy interfaces (ModuleDescriptor, ModuleLayer, Configuration, etc.) that could be separated into distinct modules.', ""Contains deeply nested logic in the Factory enum's make method with complex error handling and module resolution logic."", 'Includes abstract classes (AbstractModuleReader, AbstractModuleFinder) that are tightly coupled to the main class rather than being properly separated.', 'The class handles both module system abstraction and class loading decoration, violating single responsibility principle.', 'Large number of imported dependencies and complex constructor logic indicate high complexity and inadequate decomposition.']"
net_bytebuddy_dynamic_loading_PackageDefinitionStrategy.txt,Insufficient Modularization,class,PackageDefinitionStrategy,1,"['The class PackageDefinitionStrategy is an interface that contains multiple nested classes and enums, including NoOp, Trivial, Definition (with nested Undefined, Trivial, Simple), and ManifestReading (with nested SealBaseLocator interface and its implementations NonSealing, ForFixedValue, ForTypeResourceUrl).', 'This results in a large and complex class structure with many responsibilities, violating the principle of single responsibility.', 'The class represents multiple abstractions (package definition strategies, package definitions, seal base locators) that are not adequately decomposed into separate, cohesive modules.', 'The ManifestReading class itself contains multiple nested classes that handle different strategies for locating seal bases, increasing its complexity and size.', 'The presence of numerous inner classes and enums within a single top-level class indicates that the abstraction has not been sufficiently modularized.']"
net_bytebuddy_dynamic_scaffold_FieldRegistry_Compiled.txt,Insufficient Modularization,class,FieldRegistry.Compiled,0,"['The class has a clear and focused responsibility: representing a compiled field registry and implementing the TypeWriter.FieldPool interface.', 'The class is relatively small in terms of lines of code and number of methods, with only one public method (target) and a straightforward constructor.', ""Complexity is low to moderate, with the target method containing a simple loop and conditional logic that is directly related to the class's core responsibility."", 'The class follows the interface segregation principle by only implementing what is necessary from TypeWriter.FieldPool.', 'Nested classes (Entry) are used appropriately to encapsulate related functionality without bloating the main class.', 'The class does not expose a bloated public interface; it has minimal and cohesive public methods.']"
net_bytebuddy_dynamic_scaffold_FieldRegistry_Default.txt,Insufficient Modularization,class,FieldRegistry.Default,0,"['The class has a clear and focused responsibility of managing field registry entries and compilation', 'The class is reasonably sized with only essential methods for prepend, compile, and supporting nested classes', ""The nested classes (Entry, Compiled) are logically related and support the main class's functionality"", 'The code follows single responsibility principle with well-defined interfaces and clear separation of concerns', 'The complexity is manageable and the class does not exhibit excessive size or bloated interface']"
net_bytebuddy_dynamic_scaffold_MethodGraph_Node.txt,Insufficient Modularization,class,MethodGraph,1,"['The MethodGraph interface contains multiple nested interfaces, enums, and classes (Node, Linked, Compiler, NodeList, Simple) which increases its complexity and size significantly.', 'The nested Default compiler class within Compiler is extremely large and complex, containing multiple inner classes (Harmonizer, Merger, Key, Store, Entry, etc.) and extensive logic for method graph compilation.', 'The class represents multiple abstractions (method graph representation, node management, compilation logic, harmonization, merging) that are not adequately separated into distinct, cohesive modules.', 'The extensive use of nested classes and interfaces within MethodGraph leads to a bloated interface and makes the class difficult to understand, maintain, and evolve.']"
net_bytebuddy_dynamic_scaffold_MethodGraph_NodeList.txt,Insufficient Modularization,class,MethodGraph,1,"['The MethodGraph interface is extremely large, containing 14349 lines of code and multiple nested classes, interfaces, and enums that handle various aspects of method graph compilation, node representation, and graph construction.', 'The class encompasses numerous responsibilities including method graph compilation logic (Compiler interface and its implementations), node representation (Node interface and its implementations), method resolution logic (Key, Store, Entry hierarchies), and graph representation (Graph class).', 'Nested classes like Compiler.Default and its inner classes (Harmonizer, Merger, Key hierarchy, Store, Entry hierarchy) create deep nesting levels and increase complexity, making the class difficult to understand and maintain.', 'The presence of multiple enums (Empty, Sort, ForDeclaredMethods, ForJavaMethod, ForJVMMethod, Directional) and their associated logic within the same file indicates a lack of proper decomposition.', 'The class contains deprecated methods and complex generic type hierarchies that further contribute to its bloated interface and implementation.', 'The extensive use of inner classes and interfaces within a single file suggests that responsibilities that could be separated into smaller, more cohesive abstractions have been concentrated in one place.']"
net_bytebuddy_dynamic_scaffold_TypeInitializer.txt,Insufficient Modularization,class,TypeInitializer,0,"The TypeInitializer interface is well-designed with clear separation of concerns. It defines a focused abstraction for type initialization with only essential methods (isDefined, expandWith, wrap, apply). The interface contains three well-encapsulated inner types (Drain, None, Simple) that each have single responsibilities. None represents the undefined state, Simple handles defined initializers, and Drain manages the writing process. Each inner class has a clear purpose with minimal complexity. The interface has a cohesive set of responsibilities related to type initialization and does not exhibit excessive size, complexity, or bloated interfaces. The design follows good modularization principles with proper encapsulation and separation of concerns."
net_bytebuddy_dynamic_scaffold_TypeWriter_BridgeTarget.txt,Insufficient Modularization,class,TypeWriter.BridgeTarget,0,"The class TypeWriter.BridgeTarget is a nested class within the large TypeWriter interface, but it is not excessively large or complex by itself. It serves a specific purpose of representing a bridge's target method in its defined shape, encapsulating the necessary logic for this specific functionality. While the outer TypeWriter interface is very large and complex (exhibiting Insufficient Modularization), the BridgeTarget class itself is reasonably sized and focused, thus does not exhibit the smell of Insufficient Modularization."
net_bytebuddy_dynamic_scaffold_TypeWriter_Default.txt,Insufficient Modularization,class,TypeWriter.Default,1,"[""The class 'TypeWriter.Default' is excessively large with numerous nested classes and interfaces, making it difficult to understand and maintain."", ""It contains multiple levels of nested classes (e.g., 'ForInlining', 'ForCreation', 'RedefinitionClassVisitor', etc.) that could be separated into their own files or modules."", 'The class handles various responsibilities including class file creation, redefinition, rebasing, and decoration, which could be separated into distinct classes or modules.', ""The presence of large inner classes like 'RedefinitionClassVisitor' with many nested classes (e.g., 'InitializationHandler', 'WithDrain', 'WithoutDrain') indicates a lack of proper decomposition."", 'The class has a high number of fields and methods, contributing to its complexity and making it harder to manage and evolve.']"
net_bytebuddy_dynamic_scaffold_TypeWriter_ForImplicitRecordComponent.txt,Insufficient Modularization,class,TypeWriter.ForImplicitRecordComponent,0,"The class TypeWriter.ForImplicitRecordComponent is a well-defined, cohesive unit responsible for representing implicit record components in the Byte Buddy library. It has a single responsibility of handling record component descriptions that are not explicitly defined in a record component pool. The class is small, focused, and does not exhibit excessive size, complexity, or a bloated interface. It contains only the necessary methods and fields to fulfill its specific role, making it adequately modularized."
net_bytebuddy_dynamic_scaffold_TypeWriter_ForInterface.txt,Insufficient Modularization,class,TypeWriter,1,"['The TypeWriter interface is extremely large with 48253 lines of code, containing multiple nested interfaces (FieldPool, MethodPool, RecordComponentPool) and numerous nested classes with complex implementations.', 'The class encompasses multiple responsibilities including field handling, method handling, record component handling, type validation, class file creation, inlining, and decoration.', 'Nested classes like ValidatingClassVisitor, ForInlining, ForCreation contain extensive logic with multiple inner classes, indicating a lack of proper decomposition.', 'The interface contains deeply nested hierarchies with multiple levels of inner classes (e.g., MethodPool.Record implementations with several nested classes).', 'The class handles various distinct concerns such as ASM visitor wrapping, type initialization, class file dumping, and different type writing strategies (creation, redefinition, rebasing, decoration) all within one structure.']"
net_bytebuddy_dynamic_scaffold_TypeWriter_MethodPool.txt,Insufficient Modularization,class,TypeWriter,1,"['The TypeWriter interface is excessively large, containing over 48,000 lines of code when considering its nested classes and implementations.', 'It encompasses multiple responsibilities including field pooling, method pooling, record component pooling, type validation, class file creation, inlining, and decoration.', 'The class contains deeply nested inner classes (e.g., MethodPool.Record implementations, ValidatingClassVisitor and its nested classes) that increase complexity.', 'There are numerous inner interfaces and their implementations (FieldPool, MethodPool, RecordComponentPool) all contained within the same top-level interface.', 'The class handles various type creation scenarios (creation, redefinition, rebasing, decoration) without adequate separation of concerns.', 'Complexity is increased by the extensive use of generics, multiple inheritance-like structures through interfaces, and numerous utility methods.', 'The single interface contains too many cohesive abstractions that could be separated into distinct, more focused modules.']"
net_bytebuddy_dynamic_scaffold_TypeWriter_WithDrain.txt,Insufficient Modularization,class,TypeWriter.WithDrain,0,"The class TypeWriter.WithDrain is an interface that defines a single method 'make' and a nested interface 'Record'. This is a very focused responsibility and does not exhibit the characteristics of insufficient modularization such as excessive size, complexity, or bloated interface. The class has a clear and concise purpose within the Byte Buddy library's type writing functionality."
net_bytebuddy_dynamic_scaffold_inline_MethodRebaseResolver.txt,Insufficient Modularization,class,MethodRebaseResolver,0,"The class MethodRebaseResolver is well-decomposed into multiple cohesive inner interfaces and classes, each with distinct responsibilities. The main interface defines core contract methods, while nested classes like Resolution.Preserved, Resolution.ForRebasedMethod, and Resolution.ForRebasedConstructor handle specific resolution cases. The Default implementation manages the resolution mapping and auxiliary types without excessive complexity. The class maintains clear separation of concerns, with each component having a single responsibility, and does not exhibit bloated interfaces or excessive size that would indicate insufficient modularization."
net_bytebuddy_dynamic_scaffold_inline_MethodRebaseResolver_Default.txt,Insufficient Modularization,class,MethodRebaseResolver.Default,0,"['The class MethodRebaseResolver.Default is focused on a single responsibility: resolving method rebasing for instrumentation.', 'It contains a reasonable amount of logic (less than 4016 characters as per context size) with clear methods such as make, resolve, getAuxiliaryTypes, and asTokenMap.', 'The class collaborates with well-defined types (e.g., MethodDescription, Resolution, DynamicType) without embedding multiple unrelated concerns.', 'Complexity is managed through delegation to specialized inner classes like Resolution.ForRebasedMethod and Resolution.ForRebasedConstructor.', 'There is no evidence of bloated interface or excessive size that would indicate inadequate decomposition.']"
net_bytebuddy_implementation_FieldAccessor_Prepared.txt,Insufficient Modularization,class,FieldAccessor,1,"['The class FieldAccessor is excessively large, containing 11289 lines of code, which indicates high complexity and lack of proper decomposition.', 'It encompasses multiple nested classes (Absolute, Relative, Prepared, ForImplicitProperty, ForSetter, etc.) that handle distinct responsibilities such as field location resolution, field name extraction, and various setter implementations.', 'The class implements multiple interfaces (PropertyConfigurable, AssignerConfigurable, OwnerTypeLocatable) and contains numerous methods that span different abstraction levels, from high-level configuration to low-level bytecode manipulation.', 'The presence of deeply nested classes like ForSetter.OfParameterValue, ForSetter.OfDefaultValue, ForSetter.OfConstantValue, ForSetter.OfReferenceValue, and ForSetter.OfFieldValue indicates that the class is managing too many specific behaviors without adequate separation of concerns.', 'The class handles various aspects of field access including bean property conventions, field resolution strategies, assignment logic, and bytecode generation, all within a single class hierarchy rather than delegating to specialized components.']"
net_bytebuddy_implementation_FieldAccessor_PropertyConfigurable.txt,Insufficient Modularization,class,FieldAccessor,1,"['The class FieldAccessor is excessively large with numerous nested classes and interfaces, leading to high complexity and making it difficult to understand and maintain.', 'It contains multiple levels of nested classes (e.g., ForImplicitProperty, ForSetter and its nested classes like OfParameterValue, OfDefaultValue, etc.) which increases the overall size and cognitive load.', 'The class handles multiple responsibilities including field access logic, different types of field setters, field location resolution, and bytecode manipulation, indicating a lack of proper decomposition.', 'The presence of many inner interfaces (PropertyConfigurable, AssignerConfigurable, OwnerTypeLocatable) and their implementations within the same class file suggests that the abstraction has not been adequately decomposed into smaller, more cohesive units.']"
net_bytebuddy_implementation_Implementation_Factory.txt,Insufficient Modularization,class,Implementation,1,"[""The class 'Implementation' is a large interface with multiple nested interfaces, enums, and classes, resulting in high complexity and size."", ""It contains several nested types such as 'Composable', 'SpecialMethodInvocation', 'Target', 'Context', and 'Compound', each with their own nested classes and interfaces, leading to a bloated structure."", 'The class represents multiple abstractions including method invocation handling, implementation targeting, context management, and compound implementations, which are not adequately separated into distinct, cohesive modules.', 'The extensive nesting and large number of inner classes and interfaces indicate that the class has not been sufficiently decomposed, making it difficult to understand and maintain.']"
net_bytebuddy_implementation_Implementation_FrameGeneration.txt,Insufficient Modularization,class,Implementation,1,"[""The class 'Implementation' is extremely large (over 1700 lines) and encompasses many nested interfaces, enums, and classes, making it difficult to understand and maintain."", 'It contains multiple abstraction levels and responsibilities, such as defining the core Implementation interface, handling special method invocations, managing implementation targets, and dealing with context and frame generation.', 'The class includes several nested complex types like SpecialMethodInvocation with its own hierarchy (Illegal, AbstractBase, Simple), Target with its own nested types, and Context with extensive nested implementations (Default, Disabled, etc.).', 'The FrameGeneration enum alone contains significant logic for frame management, which could be separated into its own class or package.', 'The Context interface has a deeply nested structure with ExtractableView, Default, Disabled, and numerous supporting classes (CacheValueField, FieldCacheEntry, AccessorMethod, etc.), indicating a lack of proper decomposition.', 'The Compound and Simple implementations, while smaller, are still part of the main class structure rather than being separated into distinct, focused classes.', 'The class violates the Single Responsibility Principle by managing too many concerns: interface definitions, method invocation handling, context management, frame generation, and auxiliary type handling.']"
net_bytebuddy_implementation_InvokeDynamic_ForClassConstant.txt,Insufficient Modularization,class,InvokeDynamic,1,"['The class has excessive size with numerous methods and nested classes, making it difficult to understand and maintain.', 'The class concentrates multiple responsibilities including bootstrap method handling, argument provisioning, invocation targeting, and bytecode manipulation.', 'Complexity is increased by deeply nested inner classes such as InvocationProvider and its multiple sub-interfaces and implementations.', 'The class contains many with* methods that add different types of arguments, indicating a bloated interface that could be better decomposed.', 'The presence of multiple enums and abstract classes within the class structure contributes to its overall complexity and size.']"
net_bytebuddy_implementation_InvokeDynamic_ForIntegerConstant.txt,Insufficient Modularization,class,InvokeDynamic,1,"['The class has excessive size with numerous methods (over 50 public/protected methods) handling various argument types and configurations', 'The class contains multiple nested interfaces and classes (InvocationProvider, ArgumentProvider, NameProvider, ReturnTypeProvider, TerminationHandler, etc.) that increase complexity', 'The class has a bloated interface with many public methods for different argument types (withBooleanValue, withByteValue, withShortValue, withCharacterValue, withIntegerValue, withLongValue, withFloatValue, withDoubleValue, withValue, withReference, withType, withEnumeration, withInstance, withNullValue, withArgument, withThis, withMethodArguments, withImplicitAndMethodArguments, withField)', 'The class concentrates too many responsibilities including bootstrap method handling, argument preparation, type conversion, and bytecode generation', 'Complex nested class structure with multiple levels of inheritance and inner classes makes the class difficult to understand and maintain', 'The class handles too many different concerns: dynamic method invocation setup, argument type handling, bytecode manipulation, and various provider patterns']"
net_bytebuddy_implementation_InvokeDynamic_ForInterceptedMethodParameters.txt,Insufficient Modularization,class,InvokeDynamic,1,"[""The class 'InvokeDynamic' is excessively large, containing over 2300 lines of code, which indicates high complexity and lack of decomposition."", 'It encompasses multiple responsibilities including bootstrap method handling, argument provisioning, type handling, and bytecode manipulation, which should be separated into distinct cohesive abstractions.', ""The class contains numerous inner interfaces and classes (e.g., 'InvocationProvider', 'ArgumentProvider', 'TerminationHandler') that increase its complexity and size, suggesting a need for decomposition into separate modules."", ""The presence of many 'with*' methods (e.g., 'withBooleanValue', 'withArgument', 'withField') indicates a bloated interface that could be better managed through modularization.""]"
net_bytebuddy_implementation_LoadedTypeInitializer_Compound.txt,Insufficient Modularization,class,LoadedTypeInitializer.Compound,0,"['The class has a clear and single responsibility: to compose multiple LoadedTypeInitializer instances and delegate calls to them.', 'The class has a reasonable size with only two main methods (onLoad and isAlive) and a constructor that handles composition logic.', 'The interface segregation is appropriate - it implements the LoadedTypeInitializer interface and fulfills its contract.', 'The class does not expose a bloated interface - it only has the methods required by the LoadedTypeInitializer interface.', 'Complexity is manageable with simple iteration logic over the composed initializers.', 'The class is focused on its specific concern of combining multiple initializers without taking on additional unrelated responsibilities.']"
net_bytebuddy_implementation_MethodAccessorFactory.txt,Insufficient Modularization,class,MethodAccessorFactory,0,"The class MethodAccessorFactory is an interface with a clear and focused responsibility of defining a factory for creating method proxies. It contains only four methods that are closely related to its core purpose, and an enum AccessType that defines access types for the factory methods. Additionally, it includes an Illegal enum implementation that serves as a specific implementation forbidding accessor registration. The class does not exhibit excessive size, complexity, or a bloated interface. The responsibilities are well-cohesive and adequately decomposed, with no indication that further decomposition would improve maintainability or understanding."
net_bytebuddy_implementation_MethodCall_ForConstructingInvocation.txt,Insufficient Modularization,class,MethodCall,1,"[""The class 'MethodCall' is excessively large with numerous nested classes and interfaces, making it difficult to understand and maintain."", 'It contains multiple responsibilities including method invocation, argument loading, target handling, method locating, and termination handling, which could be separated into smaller, more cohesive abstractions.', 'The class has a high number of methods and fields, indicating a high level of complexity.', ""Nested classes like 'MethodLocator', 'ArgumentLoader', 'TargetHandler', 'MethodInvoker', and 'TerminationHandler' with their multiple implementations increase the overall complexity and size of the class."", 'The extensive use of inner classes and interfaces within the main class indicates that the class is doing too much and could benefit from decomposition into separate modules.']"
net_bytebuddy_implementation_MethodCall_OfInvokedMethod.txt,Insufficient Modularization,class,MethodCall,1,"['The class has excessive size with over 25,000 lines of code, indicating it encompasses too many responsibilities', 'The class contains multiple nested interfaces, classes, and enums (MethodLocator, ArgumentLoader, TargetHandler, MethodInvoker, TerminationHandler) that could be separated into their own files', 'The class handles numerous concerns including method invocation, argument loading, target handling, method locating, and termination handling all within a single class structure', 'Complexity is increased by the extensive use of nested static classes and interfaces that are tightly coupled to the main MethodCall class', 'The class violates the Single Responsibility Principle by managing too many different aspects of method calling behavior']"
net_bytebuddy_implementation_MethodDelegation_ForStaticMethod.txt,Insufficient Modularization,class,MethodDelegation,1,"['The class has excessive size with numerous methods and nested classes, making it difficult to understand and maintain.', 'The class concentrates multiple responsibilities including method delegation configuration, binding resolution, and bytecode manipulation.', 'The class contains deeply nested inner classes (ImplementationDelegate and its nested classes, Appender, WithCustomProperties) that increase complexity.', 'The class has a bloated interface with many public static factory methods (to(), toConstructor(), toField(), etc.) that could be separated into specialized classes.', 'The class combines concerns of method delegation logic, implementation preparation, and bytecode generation, violating the single responsibility principle.', 'The extensive Javadoc documentation indicates the class is trying to explain too much functionality within a single abstraction.']"
net_bytebuddy_implementation_ToStringMethod_ForFixedValue.txt,Insufficient Modularization,class,ToStringMethod,0,"['The class has a single, well-defined responsibility: implementing a toString method with configurable formatting.', 'The class is of moderate size and complexity, with clear separation of concerns through inner classes (Appender, PrefixResolver, ValueConsumer).', 'Each inner class has a distinct responsibility: Appender handles bytecode generation, PrefixResolver manages prefix strings, and ValueConsumer deals with different data types.', 'The class follows good design principles with proper encapsulation and clear method responsibilities.', 'There is no evidence of excessive size, complexity, or bloated interface that would indicate insufficient modularization.']"
net_bytebuddy_implementation_attribute_AnnotationAppender_OnField.txt,Insufficient Modularization,class,AnnotationAppender,0,"[""The class 'AnnotationAppender' is an interface and serves as a well-defined abstraction for writing annotations."", ""It is properly decomposed into smaller, cohesive inner interfaces and classes such as 'Target', 'Default', and 'ForTypeAnnotations', each handling distinct responsibilities."", ""The inner classes like 'OnType', 'OnField', 'OnMethod', etc., under the 'Target' interface encapsulate specific annotation targets without overlapping concerns."", ""The 'Default' class handles the core logic of appending annotations while delegating visitor-specific operations to the 'Target' implementations, maintaining clear separation of concerns."", ""The 'ForTypeAnnotations' class manages type annotation visiting logic separately, adhering to single responsibility principle."", ""There is no evidence of excessive size, complexity, or bloated interface in the 'AnnotationAppender' class; it maintains a clean and modular structure.""]"
net_bytebuddy_implementation_attribute_AnnotationValueFilter.txt,Insufficient Modularization,class,AnnotationValueFilter,0,"The class AnnotationValueFilter is appropriately modularized. It defines a clear interface with a single responsibility: determining which annotation values should be written to a class file. The interface is concise, with only one core method (isRelevant) and a nested Factory interface that logically groups factory methods for different target types. The Default enum implementation provides two simple, well-defined strategies without unnecessary complexity. The class does not exhibit excessive size, complexity, or a bloated interface, and responsibilities are appropriately separated into cohesive abstractions."
net_bytebuddy_implementation_attribute_MethodAttributeAppender_Explicit.txt,Insufficient Modularization,class,MethodAttributeAppender.Explicit,0,"The class MethodAttributeAppender.Explicit is well-structured and maintains a clear separation of concerns. It encapsulates the logic for appending annotations to methods or method parameters, with distinct constructors for different targets (method or parameter), factory methods for creating appenders from method descriptions, and a clear apply method for executing the annotation appending logic. The class is of moderate size, with responsibilities focused solely on explicit annotation appending, and does not exhibit excessive complexity or a bloated interface. The nested Target interface and its implementations are appropriately contained and contribute to the class's modular design rather than detracting from it."
net_bytebuddy_implementation_attribute_MethodAttributeAppender_ForInstrumentedMethod.txt,Insufficient Modularization,class,MethodAttributeAppender,0,"The class MethodAttributeAppender is an interface that defines a single cohesive responsibility: applying method attributes via a MethodVisitor. While it contains several nested classes and enums, these are well-organized into distinct, single-responsibility components (NoOp, Factory, ForInstrumentedMethod, Explicit, ForReceiverType, Compound). Each nested type handles a specific aspect of method attribute appending without excessive complexity or size. The interface and its implementations maintain clear separation of concerns and do not exhibit bloated interfaces or concentrated responsibilities that would indicate insufficient decomposition."
net_bytebuddy_implementation_attribute_MethodAttributeAppender_OnMethodParameter.txt,Insufficient Modularization,class,MethodAttributeAppender,0,"['The class is an interface with a well-defined single responsibility of appending method attributes.', 'Complexity is managed through nested enums and classes (e.g., ForInstrumentedMethod, Explicit, Compound) that encapsulate specific behaviors.', 'Each nested component has a clear, distinct role contributing to the overall functionality without excessive intermingling of concerns.', 'The interface and its implementations follow cohesive design principles, separating different aspects of method attribute appending into specialized components.']"
net_bytebuddy_implementation_auxiliary_TypeProxy_AccessorMethodInvocation.txt,Insufficient Modularization,class,TypeProxy,1,"[""The class 'TypeProxy' is excessively large and complex, containing multiple nested classes (AbstractMethodErrorThrow, SilentConstruction, Appender, MethodCall, Appender, AccessorMethodInvocation) and enums (InvocationFactory.Default) that could be separated into their own files or modules."", 'It has too many responsibilities including proxy creation, method interception, bytecode manipulation, and handling different types of method invocations (super method, default method, reflection-based construction).', 'The class manages various concerns such as serialization logic, finalizer handling, constructor delegation, and stack manipulation operations, which are not cohesive and increase the overall complexity.', ""Several inner classes like 'SilentConstruction.Appender' and 'MethodCall.Appender' contain significant amounts of implementation details that contribute to the bloat and make the class harder to understand and maintain.""]"
net_bytebuddy_implementation_auxiliary_TypeProxy_ForSuperMethodByConstructor.txt,Insufficient Modularization,class,TypeProxy,1,"[""The class 'TypeProxy' is excessively large and complex, containing multiple nested classes (AbstractMethodErrorThrow, SilentConstruction, ForSuperMethodByConstructor, ForSuperMethodByReflectionFactory, ForDefaultMethod, MethodCall) and enums (InvocationFactory.Default) that could be separated into their own files or modules."", 'The class has multiple responsibilities including proxy creation, method interception, stack manipulation, and handling different invocation strategies, violating the Single Responsibility Principle.', 'The MethodCall inner class contains deeply nested classes (Appender, AccessorMethodInvocation) which further increases complexity and reduces maintainability.', 'The class implements various proxy creation mechanisms (constructor-based, reflection-based, default method-based) that are not cohesive and could be modularized into separate classes or components.', 'The presence of numerous static final fields, enums, and inner classes indicates a lack of proper decomposition and modularization.']"
net_bytebuddy_implementation_auxiliary_TypeProxy_MethodCall.txt,Insufficient Modularization,class,TypeProxy,1,"[""The class 'TypeProxy' is excessively large and complex, containing multiple nested classes (AbstractMethodErrorThrow, SilentConstruction, Appender, MethodCall, Appender, AccessorMethodInvocation) and interfaces (InvocationFactory) that could be separated into their own cohesive abstractions."", 'The class has multiple responsibilities including creating proxy types, handling different invocation strategies, managing bytecode manipulation, and defining various stack manipulations for proxy construction.', 'The MethodCall inner class itself contains multiple levels of nested classes (Appender, AccessorMethodInvocation) that add to the overall complexity and size of the outer class.', 'The class violates the Single Responsibility Principle by combining proxy creation logic, bytecode generation, serialization handling, and method invocation strategies all within a single class structure.', 'The extensive use of inner classes and enums for specific functionalities indicates that these could be extracted into separate, more maintainable classes.']"
net_bytebuddy_implementation_auxiliary_TypeProxy_SilentConstruction.txt,Insufficient Modularization,class,TypeProxy,1,"[""The class 'TypeProxy' is excessively large, containing 5778 lines of code, which indicates high complexity and lack of proper decomposition."", 'It encompasses multiple responsibilities including proxy creation, method interception, bytecode manipulation, and handling different invocation strategies (e.g., super method, default method, reflection-based construction).', ""Nested classes such as 'SilentConstruction', 'ForSuperMethodByConstructor', 'ForSuperMethodByReflectionFactory', 'ForDefaultMethod', and 'MethodCall' along with their inner classes increase the overall complexity and size of the class."", ""The 'MethodCall' class contains further nested classes like 'Appender' and 'AccessorMethodInvocation', contributing to deep nesting and increased cognitive load."", ""Several enum types ('AbstractMethodErrorThrow', 'SilentConstruction', 'InvocationFactory.Default') are defined within the class, adding to its bulk and responsibilities."", 'The class manages various aspects of type proxying from construction logic to bytecode generation, violating the Single Responsibility Principle.']"
net_bytebuddy_implementation_bind_MethodDelegationBinder_Compound.txt,insufficient_modularization,class,Compound,,
net_bytebuddy_implementation_bind_MethodDelegationBinder_MethodInvoker.txt,Insufficient Modularization,class,MethodDelegationBinder,1,"['The class MethodDelegationBinder is an interface that contains multiple nested interfaces, enums, and classes, resulting in excessive size and complexity.', 'It encompasses various responsibilities such as method binding, parameter binding, ambiguity resolution, and termination handling, which could be separated into smaller, more cohesive abstractions.', 'The class has a bloated interface with numerous nested components like MethodInvoker, ParameterBinding, MethodBinding, BindingResolver, AmbiguityResolver, and TerminationHandler, each with their own nested types and implementations.', 'The extensive nesting and the large number of methods and nested classes make the class difficult to understand, maintain, and evolve.']"
net_bytebuddy_implementation_bind_annotation_Binder_FieldSetter.txt,Insufficient Modularization,class,Binder,1,"['The Binder class is excessively large, containing over 7800 lines of code, which indicates high complexity and lack of decomposition.', 'It encompasses multiple responsibilities including annotation binding logic, field resolution strategies, bytecode manipulation implementations, and proxy type generation.', 'Nested classes such as FieldResolver and its inner classes (ForGetter, ForSetter, etc.) along with AccessorProxy and related implementations are tightly coupled within the same file, violating the principle of separation of concerns.', 'The class handles various aspects like constructor implementation for static and instance fields, getter and setter method implementations, and auxiliary type creation, all within a single class structure.']"
net_bytebuddy_implementation_bind_annotation_TargetMethodAnnotationDrivenBinder_Handler.txt,Insufficient Modularization,class,TargetMethodAnnotationDrivenBinder,0,"['The class has a clear and well-defined responsibility: binding method parameters based on annotations in the context of method delegation.', 'The class is decomposed into several inner classes (Record, DelegationProcessor, Handler, ParameterBinder and its subclasses) that encapsulate related functionality.', 'Each inner class has a distinct responsibility: Record handles binding records, DelegationProcessor manages parameter binding logic, Handler processes individual parameter bindings, and ParameterBinder defines the binding interface.', 'The class follows the Single Responsibility Principle by focusing on annotation-driven method binding without mixing unrelated concerns.', 'Complexity is managed through proper decomposition into smaller, cohesive components rather than having one large, monolithic class.', 'The class size (5612 characters) is reasonable for its functionality and complexity, and the code is well-organized with clear separation of concerns.']"
net_bytebuddy_implementation_bytecode_Addition.txt,Insufficient Modularization,class,Addition,0,"The class Addition is a well-designed enum with a single responsibility: representing stack manipulations for adding two numbers. It has only 4 fields, 1 constructor, and 2 methods (isValid and apply), all directly related to its core purpose. The class is small, cohesive, and does not exhibit excessive size, complexity, or a bloated interface. It properly encapsulates the different types of addition operations (INTEGER, LONG, FLOAT, DOUBLE) and their corresponding opcodes and stack sizes, making it a good example of sufficient modularization."
net_bytebuddy_implementation_bytecode_ByteCodeAppender_Compound.txt,Insufficient Modularization,class,ByteCodeAppender.Compound,0,"The class ByteCodeAppender.Compound is well-focused, implementing a single responsibility of combining multiple byte code appenders. Its size is reasonable with only essential fields and methods. The complexity is low as it primarily delegates operations to its contained appenders. The interface is minimal and cohesive, exposing only necessary functionality for its purpose."
net_bytebuddy_implementation_bytecode_Throw.txt,Insufficient Modularization,class,Throw,0,"The class 'Throw' is a minimal enum implementation with only two methods (isValid and apply) and a single constant. It represents a single, well-defined responsibility of throwing exceptions in bytecode manipulation. The class is small, simple, and cohesive, with no excessive size, complexity, or bloated interface that would indicate insufficient modularization."
net_bytebuddy_implementation_bytecode_TypeCreation.txt,Insufficient Modularization,class,TypeCreation,0,"The class TypeCreation is small and focused, encapsulating only the logic for creating a type instance via bytecode manipulation. It has a single responsibility: representing a stack manipulation for type creation. The class contains only essential methods (constructor, factory method 'of', and 'apply') directly related to its core purpose. There is no evidence of excessive size, complexity, or bloated interface that would indicate insufficient decomposition."
net_bytebuddy_implementation_bytecode_assign_primitive_PrimitiveUnboxingDelegate_UnboxingResponsible.txt,Insufficient Modularization,class,PrimitiveUnboxingDelegate,0,"The class PrimitiveUnboxingDelegate is well-decomposed and adheres to the single responsibility principle. It encapsulates the logic for unboxing primitive types through an enum structure, with clear separation of concerns. The class includes nested enums (ExplicitlyTypedUnboxingResponsible) and a static class (ImplicitlyTypedUnboxingResponsible) that handle specific unboxing responsibilities, promoting modularity. The interface UnboxingResponsible defines a clear contract for unboxing behavior. The class is not excessively large or complex, and its methods are focused on specific tasks related to unboxing primitives. Therefore, it does not exhibit the smell of Insufficient Modularization."
net_bytebuddy_implementation_bytecode_collection_CollectionFactory.txt,Insufficient Modularization,class,CollectionFactory,0,"The CollectionFactory interface is properly modularized with only two well-defined methods (getComponentType and withValues) that represent a single, cohesive abstraction for creating collections. The interface has a clear and focused responsibility, with no excessive size, complexity, or bloated interface. The implementation is concise and maintains high cohesion while representing a single abstraction for collection creation."
net_bytebuddy_implementation_bytecode_constant_MethodConstant_CanCacheIllegal.txt,Insufficient Modularization,class,MethodConstant.CanCacheIllegal,0,"The class MethodConstant.CanCacheIllegal is a nested enum with minimal responsibilities. It only implements the CanCache interface and provides implementations for three simple methods: cached(), isValid(), and apply(). The class is small, focused, and cohesive, representing a single abstraction (an illegal/unrepresentable method constant). There is no evidence of excessive size, complexity, or bloated interface that would indicate insufficient modularization."
net_bytebuddy_implementation_bytecode_constant_SerializedConstant.txt,Insufficient Modularization,class,SerializedConstant,0,"The class SerializedConstant is focused on a single responsibility: handling the serialization and deserialization of constant values for bytecode manipulation. It has a clear and cohesive abstraction with only essential methods (constructor, factory method 'of', and 'apply'). The class is relatively small in size and does not exhibit excessive complexity or a bloated interface. While it handles serialization logic, this is appropriately encapsulated within the class's core purpose and does not warrant decomposition into multiple classes."
net_bytebuddy_implementation_bytecode_member_FieldAccess_FieldGetInstruction.txt,Insufficient Modularization,class,FieldAccess,0,"The class FieldAccess is an enum with a well-defined purpose of representing field access operations (static and instance). It contains a reasonable number of nested classes (OfGenericField, AccessDispatcher, AbstractFieldInstruction, FieldGetInstruction, FieldPutInstruction) that are all closely related to field access functionality. The class does not exhibit excessive size, complexity, or a bloated interface. Each nested class has a clear responsibility: AccessDispatcher handles dispatching access operations, OfGenericField deals with generic type handling, and the instruction classes manage bytecode generation. The cohesion is high and responsibilities are appropriately separated."
net_bytebuddy_implementation_bytecode_member_HandleInvocation.txt,Insufficient Modularization,class,HandleInvocation,0,"The class HandleInvocation is small and focused, containing only a constructor and a single method (apply) that performs a specific task related to method handle invocation. It has a clear responsibility of representing an exact invocation of a method handle with a polymorphic signature, and does not exhibit excessive size, complexity, or a bloated interface that would indicate insufficient modularization."
net_bytebuddy_implementation_bytecode_member_Invokedynamic.txt,Insufficient Modularization,class,Invokedynamic,0,"The class Invokedynamic is a well-defined, cohesive abstraction representing a stack manipulation for invokedynamic invocation. It has a single responsibility, encapsulating the necessary data (name, type, bootstrap, arguments) and behavior (apply method) for this specific bytecode operation. The class is relatively small, with only one public method (apply) and a straightforward constructor. There is no evidence of excessive size, complexity, or bloated interface that would indicate insufficient modularization."
net_bytebuddy_matcher_CachingMatcher_WithInlineEviction.txt,Insufficient Modularization,class,CachingMatcher.WithInlineEviction,0,"The class CachingMatcher.WithInlineEviction is reasonably small and focused, implementing only cache eviction logic as an extension of CachingMatcher. It has a single responsibility of managing cache size by evicting entries when the limit is reached. The class does not exhibit excessive size, complexity, or a bloated interface. It encapsulates a specific behavior (inline eviction) without mixing unrelated concerns, thus does not represent an abstraction that has been inadequately decomposed."
net_bytebuddy_matcher_CollectionErasureMatcher.txt,Insufficient Modularization,class,CollectionErasureMatcher,0,"The class has a single, well-defined responsibility of matching collections of types by their erasures. It contains only essential methods (constructor, doMatch, toString) with clear purposes. The implementation is concise and focused, without excessive complexity or bloated interfaces. There are no signs of multiple responsibilities or inadequate decomposition."
net_bytebuddy_matcher_FieldTypeMatcher.txt,Insufficient Modularization,class,FieldTypeMatcher,0,"The class has a single, well-defined responsibility of matching a field's type. It contains only essential methods: constructor, doMatch, and toString. The class is small, focused, and does not exhibit excessive size, complexity, or a bloated interface. It properly delegates type matching to the provided matcher without taking on additional responsibilities."
net_bytebuddy_matcher_LatentMatcher_ForRecordComponentToken.txt,Insufficient Modularization,class,LatentMatcher,0,"['The LatentMatcher interface is well-decomposed into multiple nested classes and enums, each with distinct responsibilities.', 'Each nested class (ForSelfDeclaredMethod, Resolved, ForFieldToken, ForMethodToken, ForRecordComponentToken, Conjunction, Disjunction) handles a specific type of latent matching logic.', 'The interface and its implementations follow single responsibility principle with focused concerns.', 'Code size and complexity are appropriately distributed across the nested classes rather than being concentrated in one place.', 'The abstraction is adequately decomposed, making it easy to understand and maintain.']"
net_bytebuddy_pool_TypePool_FieldTokenList.txt,Insufficient Modularization,class,TypePool,1,"['The TypePool interface contains 12 nested classes/interfaces with varying responsibilities, including Resolution, CacheProvider, Default, LazyFacade, and ClassLoading, indicating a lack of clear separation of concerns.', 'The Default class, which is the primary implementation, contains over 20 nested classes with highly specialized responsibilities such as TypeExtractor, LazyTypeDescription, GenericTypeExtractor, and various annotation handling classes.', 'The LazyTypeDescription class alone contains 30+ nested classes for handling different aspects of type descriptions like FieldTokenList, MethodTokenList, GenericTypeToken, AnnotationToken, etc., making it extremely large and complex.', 'The class has multiple levels of nested classes (up to 4-5 levels deep in some cases), which indicates excessive complexity and insufficient decomposition of responsibilities.', 'The overall size of the file and the number of lines of code (over 4000 lines) suggest that the abstraction represented by TypePool has not been adequately decomposed into smaller, more cohesive modules.']"
net_bytebuddy_pool_TypePool_ForAnnotationProperty.txt,Insufficient Modularization,class,TypePool.ForAnnotationProperty,0,"['The class TypePool.ForAnnotationProperty is a nested class within the large TypePool interface, but it is relatively small and focused in scope.', 'It has a single responsibility: to implement a ComponentTypeLocator that analyzes annotations to resolve array component types.', 'The class has a clear and limited set of responsibilities with only a few methods and inner classes.', ""Its complexity is low to moderate, with a straightforward implementation that doesn't mix multiple concerns."", ""The class doesn't exhibit excessive size or a bloated interface that would indicate insufficient modularization."", ""It properly encapsulates its functionality and doesn't expose unnecessary implementation details."", 'The class follows good design principles with appropriate separation of concerns within its limited scope.']"
net_bytebuddy_pool_TypePool_ForAnnotationValue.txt,Insufficient Modularization,class,TypePool.ForAnnotationValue,0,"['The class TypePool.ForAnnotationValue does not exist in the provided code. The provided code shows the TypePool interface and its nested classes, but there is no class named TypePool.ForAnnotationValue.', 'The largest class in the file is TypePool.Default, which has 2988 lines. While large, it is a well-organized class with clear nested subclasses and interfaces that handle specific responsibilities like lazy resolution, type extraction, and generic type handling.', 'The nested classes and interfaces within TypePool.Default are logically grouped and serve distinct purposes, indicating proper decomposition of functionality.', 'There is no single class that is excessively large or complex without proper internal modularization.']"
net_bytebuddy_pool_TypePool_ForType.txt,Insufficient Modularization,class,TypePool.ForType,1,"[""The class 'TypePool.ForType' is excessively large with numerous nested classes and complex hierarchies, indicating a lack of proper decomposition."", 'It encompasses multiple responsibilities including type parsing, lazy type resolution, annotation handling, generic type token management, and bytecode extraction.', 'The class contains deeply nested inner classes (e.g., LazyTypeDescription and its many nested classes) which increases complexity and reduces maintainability.', 'The presence of multiple large enumerations and interface implementations within the class suggests that it handles too many concerns in a single abstraction.', 'The class implements complex logic for handling generic signatures, annotations, and type variables which could be separated into distinct, cohesive modules.']"
net_bytebuddy_pool_TypePool_LazyAnnotationDescription.txt,Insufficient Modularization,class,TypePool.LazyAnnotationDescription,1,"[""The class 'TypePool.LazyAnnotationDescription' is excessively large, containing over 67,000 lines of code, which indicates high complexity and lack of decomposition."", 'It encapsulates multiple responsibilities including lazy resolution of type descriptions, handling of generic types, annotation processing, and management of type variables, which should be separated into distinct, cohesive abstractions.', 'The class contains deeply nested inner classes and extensive method implementations, making it difficult to understand, maintain, and evolve.', 'The presence of numerous inner classes and large methods suggests that the class has not been adequately decomposed into smaller, more manageable components.']"
net_bytebuddy_pool_TypePool_LazyAnnotationValue.txt,Insufficient Modularization,class,TypePool.LazyAnnotationValue,0,"The class TypePool.LazyAnnotationValue is a well-focused, cohesive abstraction representing a lazy annotation value. It encapsulates the behavior of lazy resolution of annotation values, with subclasses handling specific cases (ForMismatchedType, ForTypeValue, ForAnnotationValue, ForEnumerationValue, ForArray). The class has a single responsibility: to act as a lazy proxy for annotation values. Its size (approximately 67KB) is due to necessary complexity in handling various annotation value types and lazy loading semantics, not due to inadequate decomposition. The class properly delegates to actual annotation value resolution only when needed, maintaining clear boundaries of responsibility."
net_bytebuddy_pool_TypePool_LazyNonGenericReceiverType.txt,Insufficient Modularization,class,TypePool.LazyNonGenericReceiverType,0,"The class TypePool.LazyNonGenericReceiverType is a nested class within the large TypePool interface, but it is relatively small and focused. It represents a specific abstraction for non-generic receiver types and does not exhibit excessive size, complexity, or a bloated interface. The class has a clear, single responsibility - to describe non-generic receiver types in the context of method declarations. It contains only a few fields and methods that are directly related to this responsibility, and its interface is not bloated. While it is part of a larger complex structure (the TypePool interface), the class itself is adequately decomposed and does not represent an abstraction that has not been adequately decomposed."
net_bytebuddy_pool_TypePool_LazyTypeVariable.txt,Insufficient Modularization,class,TypePool.LazyTypeVariable,0,"The class TypePool.LazyTypeVariable is a nested class within the TypePool interface and is designed to represent a single, well-defined abstraction - a lazy type variable in the context of generic type handling. The class has a clear and focused responsibility: to provide a lazy implementation of a generic type variable with bounds that are resolved on demand. It does not exhibit excessive size, complexity, or a bloated interface. The class has a cohesive set of methods and fields that are all related to its core responsibility. It properly delegates complex operations to other components and maintains a clear separation of concerns. The class is well-structured with appropriate inner classes that support its main functionality without creating unnecessary complexity. Therefore, it does not demonstrate the characteristics of insufficient modularization."
net_bytebuddy_pool_TypePool_TokenizedGenericType.txt,Insufficient Modularization,class,TypePool.TokenizedGenericType,1,"[""The class 'TypePool.TokenizedGenericType' is excessively large with numerous nested classes and complex generic type handling logic, indicating a lack of adequate decomposition."", 'It encompasses multiple responsibilities including generic type resolution, lazy type loading, annotation handling, and type variable management, which could be separated into more cohesive abstractions.', ""The class contains deeply nested inner classes such as 'LazyParameterizedType', 'LazyTypeVariable', and various 'For...' implementations, contributing to its bloated interface and complexity."", 'The extensive use of generic type tokens and their resolution mechanisms suggests that the class is trying to manage too much functionality related to type parsing and representation, rather than delegating to smaller, specialized components.']"
net_bytebuddy_utility_AsmClassWriter_Suppressing.txt,Insufficient Modularization,class,AsmClassWriter,0,"[""The class 'AsmClassWriter' is an interface that defines a clear abstraction for creating ClassVisitor instances and obtaining binary representations of class files."", ""It is properly decomposed into several cohesive inner classes and interfaces, each with distinct responsibilities: 'Factory', 'ForAsm', 'ForClassFileApi', 'FrameComputingClassWriter', and 'SuperClassResolvingJdkClassWriter'."", ""The 'Factory' interface and its 'Default' enum implementation provide a well-structured way to handle different class writer creation strategies without bloating the main interface."", 'Each inner class has a single responsibility and encapsulates specific functionality related to different class writing mechanisms (ASM-based, Class File API-based, frame computing, etc.).', 'The complexity of handling different class writing strategies is appropriately distributed across specialized components rather than being concentrated in a single class.', 'The interface and its implementations maintain a clean separation of concerns, with each component being reasonably sized and focused.']"
net_bytebuddy_utility_GraalImageCode_ImageCodeContextAction.txt,Insufficient Modularization,class,GraalImageCode,0,"The class GraalImageCode is an enum with a clear and focused responsibility of resolving Graal VM native image properties. It contains a reasonable number of fields (2), methods (5 public + 2 private = 7 total), and nested types (1 protected enum). The methods are cohesive and related to the core abstraction. The class does not exhibit excessive size, complexity, or a bloated interface. The nested enum ImageCodeContextAction is logically related and contributes to the main responsibility without overcomplicating the design. Therefore, it does not represent an insufficiently modularized abstraction."
net_bytebuddy_utility_StreamDrainer.txt,Insufficient Modularization,class,StreamDrainer,0,"The class StreamDrainer is a small, focused utility class with a single responsibility: draining an InputStream into a byte array. It has only one public method (drain) and minimal supporting fields and constructors. The class is well-scoped, easy to understand, and does not exhibit excessive size, complexity, or a bloated interface. All elements are cohesive and serve the single abstraction of stream draining."
net_bytebuddy_utility_dispatcher_JavaDispatcher_CreationAction.txt,Insufficient Modularization,class,JavaDispatcher,1,"['The class has excessive size with numerous nested classes and complex logic for handling proxy generation and method dispatching.', 'It concentrates multiple responsibilities including proxy creation, method invocation handling, class loading, and module system adjustments.', 'The class contains several nested classes (Dispatcher interface with multiple implementations, ProxiedInvocationHandler, DynamicClassLoader, etc.) that could be separated into their own cohesive abstractions.', 'The run() method is overly complex, handling security checks, method resolution, dispatcher creation, and proxy instantiation in a single method.', 'The class manages both reflection-based and bytecode-generated proxy mechanisms, mixing different abstraction levels within the same class.', 'Multiple concerns are intertwined such as security management, class loading, method dispatching, and bytecode generation without clear separation of concerns.']"
net_bytebuddy_utility_dispatcher_JavaDispatcher_ForInstanceCheck.txt,Insufficient Modularization,class,JavaDispatcher,1,"['The class has excessive size with numerous nested classes and complex logic for handling proxy generation and method dispatching.', 'It contains multiple responsibilities including proxy creation, method invocation handling, security checks, and bytecode generation.', 'The class implements both high-level dispatcher logic and low-level bytecode manipulation using ASM, violating the single responsibility principle.', 'Nested classes like Dispatcher implementations, ProxiedInvocationHandler, and DynamicClassLoader increase complexity and size.', 'The run() method is overly complex, handling security checks, class loading, method resolution, and dispatcher creation all in one place.']"
net_bytebuddy_utility_privilege_GetSystemPropertyAction.txt,Insufficient Modularization,class,GetSystemPropertyAction,0,"The class has a single responsibility - reading system properties as a privileged action. It has only one field (key) and two methods (constructor and run), with minimal complexity. The class is focused, cohesive, and appropriately sized for its functionality, demonstrating sufficient modularization."
org_adoptopenjdk_jitwatch_demo_MakeHotSpotLog.txt,Insufficient Modularization,class,MakeHotSpotLog,1,"The class has excessive size with 20+ methods, multiple responsibilities including demo execution, JIT testing, and utility functions, and lacks clear separation of concerns. The class handles initialization, performs various benchmark tests, contains utility methods for arithmetic operations, manages collection operations, and includes string manipulation - all within a single class rather than being decomposed into smaller, cohesive modules."
org_adoptopenjdk_jitwatch_model_PackageManager.txt,Insufficient Modularization,class,PackageManager,0,"The class has a clear and focused responsibility of managing packages and meta-classes. It has a reasonable number of methods and lines of code. The class is cohesive, with all methods relating to package and meta-class management. There is no evidence of excessive size, complexity, or a bloated interface that would indicate insufficient modularization."
org_adoptopenjdk_jitwatch_model_assembly_AssemblyInstruction.txt,Insufficient Modularization,class,AssemblyInstruction,0,"['The class has a single, well-defined responsibility of representing an assembly instruction with its components (annotation, address, prefixes, mnemonic, operands, comments).', 'The class encapsulates related data and behavior appropriately without excessive complexity.', 'The number of fields and methods is reasonable and cohesive to the assembly instruction abstraction.', 'There is no evidence of bloated interface or undue concentration of responsibilities that would warrant decomposition.', 'The two toString methods, while lengthy, are variations of the same functionality for different display purposes and do not indicate insufficient modularization.']"
org_adoptopenjdk_jitwatch_parser_ParserFactory.txt,Insufficient Modularization,class,ParserFactory,0,"The class ParserFactory is a simple factory class with a single responsibility - creating parser instances based on parser type. It has only one method (getParser) and a private constructor, making it small, focused, and well-cohesive. The class does not exhibit excessive size, complexity, or a bloated interface. It properly delegates the actual parsing responsibilities to specialized parser classes (HotSpotLogParser, J9LogParser, ZingLogParser) rather than implementing complex logic itself."
org_adoptopenjdk_jitwatch_parser_zing_ZingLine.txt,Insufficient Modularization,class,ZingLine,0,"The class ZingLine has a single responsibility of representing a parsed Zing JIT compilation log line and converting it to various tag/task representations. It contains 21 fields that are all related to JIT compilation metadata, and all methods are cohesive and directly related to accessing or transforming this data. The class does not exceed typical size thresholds for insufficient modularization, contains no duplicated functionality, and maintains clear separation of concerns with focused getter/setter methods, conversion methods (toTagQueued, toTagNMethod, toTagTask), and helper methods. The design follows standard data model patterns with encapsulation and transformation responsibilities appropriately contained within the class."
org_adoptopenjdk_jitwatch_process_compiler_CompilerJava.txt,Insufficient Modularization,class,CompilerJava,0,"['The class has a single, well-defined responsibility of compiling Java source files using javac.', 'The class is relatively small with only one method implementing the core compilation logic.', 'The class properly delegates process execution to its superclass AbstractProcess via runCommands().', ""The constructor handles compiler path resolution which is directly related to the class's primary responsibility."", 'No excessively complex methods or bloated interfaces are present.', 'The class maintains good cohesion around Java compilation functionality.']"
org_adoptopenjdk_jitwatch_toplist_AbstractTopListVisitable.txt,Insufficient Modularization,class,AbstractTopListVisitable,0,"The class has a clear single responsibility of building top lists from JIT compilation data. It contains minimal functionality with only essential methods for initialization, tag visiting, and top list construction. The class is abstract and serves as a base for extension, maintaining appropriate cohesion and limited complexity. No bloated interface or excessive responsibilities are present."
org_adoptopenjdk_jitwatch_ui_Dialogs_Dialog.txt,Insufficient Modularization,class,Dialogs,0,"['The class has a single responsibility of managing different types of dialogs (YES/NO, text input, OK) which is cohesive and well-defined.', 'The inner Dialog class is minimal and only handles basic dialog window setup and display.', 'Each public method is focused on creating a specific type of dialog with clear separation of concerns.', ""The class is not excessively large or complex - it contains just enough functionality to handle the different dialog types it's responsible for."", 'The methods are reasonably concise and follow a consistent pattern for dialog creation and management.', 'The class does not exhibit signs of bloated interface or concentrated responsibilities that could be separated.']"
org_adoptopenjdk_jitwatch_ui_Dialogs_Response.txt,Insufficient Modularization,class,Dialogs,0,"['The class has a single responsibility focused on displaying different types of dialogs in a UI.', 'While the class contains multiple methods for different dialog types (showYesNoDialog, showYesNoDialogNever, showTextInputDialog, showOKDialog), they all serve the same core purpose of UI dialog presentation.', 'The methods share common structural patterns and helper classes (Dialog, Response enum) that support the main responsibility.', 'The class is well-organized with clear method separation and consistent implementation patterns.', 'Size and complexity are reasonable for its functionality, with no excessive method count or overly complex logic within individual methods.']"
org_adoptopenjdk_jitwatch_ui_main_ClassMemberList.txt,insufficient_modularization,class,ClassMemberList,,
org_adoptopenjdk_jitwatch_ui_nmethod_NMethodInfo.txt,Insufficient Modularization,class,NMethodInfo,0,"['The class has a single, well-defined responsibility: displaying nmethod compilation information in a UI.', 'The class is of moderate size (approximately 200 lines) and does not contain excessive complexity.', 'The methods are reasonably small and focused, with good separation of concerns for UI construction and data display.', 'There are no signs of a bloated interface or excessive responsibilities that would warrant decomposition.', 'The class follows reasonable design patterns for JavaFX UI components, separating layout construction into logical methods.']"
org_adoptopenjdk_jitwatch_ui_report_ReportStageType.txt,Insufficient Modularization,class,ReportStageType,0,"The class is a simple enum with only 4 constants (SUGGESTION, ELIMINATED_ALLOCATION, ELIDED_LOCK, INLINING). It represents a straightforward enumeration of report stage types without any complex logic, methods, or excessive responsibilities. The class is appropriately sized and focused on a single abstraction - defining different types of report stages. There is no evidence of bloated interface, excessive complexity, or concentrated responsibilities that would require decomposition."
org_adoptopenjdk_jitwatch_ui_viewer_TextViewerStage.txt,Insufficient Modularization,class,TextViewerStage,0,The class TextViewerStage is reasonably small and focused on a single responsibility - creating and displaying a text viewer stage with optional line numbers and formatting. The constructor handles text processing and UI component creation but does not exhibit excessive complexity or bloated interface. The class extends AbstractTextViewerStage suggesting proper inheritance usage and does not contain multiple unrelated responsibilities that would warrant decomposition.
org_adoptopenjdk_jitwatch_util_StringUtil.txt,Insufficient Modularization,class,StringUtil,0,"The class StringUtil is a utility class containing only static methods related to string manipulation and formatting. It has a single responsibility of providing various string utility functions. The class is well-cohesive with all methods serving the same general purpose of string processing. The size is reasonable (3167 characters) and complexity is low to moderate with mostly straightforward string operations. There's no evidence of excessive size, complexity, or bloated interface that would indicate insufficient modularization."
org_apache_commons_io_ByteOrderParser.txt,Insufficient Modularization,class,ByteOrderParser,0,"The class ByteOrderParser is a small, focused utility class with a single responsibility: parsing strings to ByteOrder instances. It contains only one public method and a private constructor to prevent instantiation, which aligns with the principles of sufficient modularization. The class is not large or complex enough to warrant decomposition into smaller classes, and its interface is minimal and cohesive."
org_apache_commons_io_CloseableURLConnection.txt,Insufficient Modularization,class,CloseableURLConnection,0,"The class CloseableURLConnection is a well-defined, cohesive abstraction that wraps a URLConnection to provide AutoCloseable functionality. It has a single responsibility: delegating all URLConnection methods to the wrapped instance and implementing the close() method. The class is small (approximately 150 lines), has a clear purpose, and does not expose a bloated interface. All methods are simple delegations or directly related to the core responsibility of the class. There is no evidence of excessive size, complexity, or inadequate decomposition."
org_apache_commons_io_DirectoryWalker_CancelException.txt,Insufficient Modularization,class,DirectoryWalker,0,"The DirectoryWalker class, while large, represents a single cohesive abstraction for walking directory hierarchies. It has a clear purpose and well-defined responsibilities around directory traversal, filtering, and lifecycle event handling. The class follows the Template Method pattern with many protected callback methods that subclasses can override, which is an appropriate design for this type of framework class. The size is justified by the comprehensive functionality it provides, including various filtering options, depth limiting, cancellation support, and detailed lifecycle callbacks. The class is also marked as deprecated, suggesting it's maintained for legacy reasons rather than being actively developed, which explains some of its bulk. The internal CancelException class is appropriately nested since it's tightly coupled to the DirectoryWalker's cancellation mechanism."
org_apache_commons_io_FilenameUtils.txt,Insufficient Modularization,class,FilenameUtils,1,"The class FilenameUtils has excessive size (over 17000 characters) and contains numerous methods (more than 50 public static methods) that handle various file name manipulations. While all methods are related to file name operations, the class concentrates too many responsibilities that could be separated into smaller, more cohesive abstractions. The class handles path normalization, extension handling, wildcard matching, directory containment checks, and various utility functions, which indicates a bloated interface and high complexity. Although it operates on a single abstraction (file names/paths), the sheer number of operations and the complexity of some methods (like doNormalize with over 100 lines) suggest that responsibilities could be better distributed into more focused classes or modules."
org_apache_commons_io_comparator_LastModifiedFileComparator.txt,Insufficient Modularization,class,LastModifiedFileComparator,0,"The class has a single responsibility of comparing files based on last modified time. It is small in size, has a clear and focused interface with only one public method (compare), and does not exhibit excessive complexity. The class adheres to the Single Responsibility Principle and is adequately modularized."
org_apache_commons_io_file_Counters_BigIntegerCounter.txt,Insufficient Modularization,class,Counters,0,"The class Counters is well modularized. It contains multiple small, cohesive inner classes (BigIntegerCounter, LongCounter, NoopCounter, AbstractPathCounters and its subclasses) and interfaces (Counter, PathCounters) that each have a single responsibility. The outer class acts as a factory and namespace for these components. The class is not excessively large or complex, and responsibilities are appropriately separated into distinct abstractions."
org_apache_commons_io_file_CountingPathVisitor.txt,Insufficient Modularization,class,CountingPathVisitor,0,"The class CountingPathVisitor is well-factored and adheres to the Single Responsibility Principle. It focuses on a single abstraction: counting files, directories, and sizes during a file visit. The class is of moderate size and complexity, with clear separation of concerns. Supporting responsibilities such as filtering and counter management are delegated to other classes (e.g., PathFilter, PathCounters, Builder pattern). The use of a nested AbstractBuilder and Builder class further demonstrates proper modularization by encapsulating object construction. There is no evidence of excessive size, complexity, or a bloated interface that would indicate insufficient modularization."
org_apache_commons_io_file_CountingPathVisitor_Builder.txt,Insufficient Modularization,class,CountingPathVisitor,0,"The class CountingPathVisitor is well-factored into multiple cohesive units. It separates concerns by using an AbstractBuilder and a concrete Builder inner class, encapsulating construction logic. The class itself focuses on visiting paths and counting files/directories, with clear delegation of filtering and transformation responsibilities. The presence of a builder pattern, clear method separation, and manageable size indicate sufficient modularization."
org_apache_commons_io_file_SimplePathVisitor.txt,Insufficient Modularization,class,SimplePathVisitor,0,"The class SimplePathVisitor is of reasonable size and encapsulates a single responsibility as a Path visitor with customizable behavior for visitFileFailed. It includes a nested abstract builder class which is appropriately related to its construction and configuration, contributing to its modularity rather than detracting from it. The class does not exhibit excessive complexity, bloated interface, or concentration of unrelated responsibilities that would indicate insufficient modularization."
org_apache_commons_io_file_SimplePathVisitor_AbstractBuilder.txt,Insufficient Modularization,class,SimplePathVisitor.AbstractBuilder,0,"The class SimplePathVisitor.AbstractBuilder is of reasonable size and encapsulates a single responsibility: building instances of SimplePathVisitor with a configurable visitFileFailedFunction. It has a clear and limited interface with only three methods (constructor, getter, and setter), which directly relate to its single responsibility. The class does not exhibit excessive complexity or a bloated interface, and its abstraction is adequately decomposed."
org_apache_commons_io_filefilter_SymbolicLinkFileFilter.txt,Insufficient Modularization,class,SymbolicLinkFileFilter,0,"The class has a single, well-defined responsibility of filtering symbolic link files. It is small in size, with only a few methods, and maintains a clear and cohesive interface. The class properly delegates the symbolic link checking to the standard library method Files.isSymbolicLink(), and provides implementations for both classic IO and NIO file filtering mechanisms. There is no evidence of excessive complexity, bloated interface, or concentrated responsibilities that would warrant decomposition into smaller abstractions."
org_apache_commons_io_function_IORunnable.txt,insufficient_modularization,class,IORunnable,,
org_apache_commons_io_function_IOSupplier.txt,Insufficient Modularization,class,IOSupplier,0,"The class IOSupplier is a functional interface with only three methods, including two default methods and one abstract method. It has a clear and focused responsibility of representing a supplier that can throw IOException. The class is small, cohesive, and adheres to the Single Responsibility Principle. There is no evidence of excessive size, complexity, or bloated interface that would indicate insufficient modularization."
org_apache_commons_io_input_BoundedReader.txt,Insufficient Modularization,class,BoundedReader,0,"['The class has a single, well-defined responsibility: imposing a character read limit on an underlying Reader.', 'The class is relatively small, with only a few fields and methods, all directly related to its core purpose.', 'There is good cohesion among the methods and fields; they all contribute to managing the bounded reading behavior.', 'The class properly encapsulates its state (charsRead, markedAt, readAheadLimit, maxCharsFromTargetReader) and provides a clean interface.', 'Complexity is low to moderate, with straightforward control flow in the methods.', 'No bloated interface or excessive number of responsibilities are present.']"
org_apache_commons_io_input_BrokenReader.txt,Insufficient Modularization,class,BrokenReader,0,"The class BrokenReader is small and focused, implementing only the necessary methods from the Reader abstract class to fulfill its purpose of always throwing an exception. It has a clear single responsibility: to simulate a broken reader for testing purposes. The class does not exhibit excessive size, complexity, or a bloated interface. It contains only essential constructors, fields, and overridden methods required for its functionality, making it well-modularized."
org_apache_commons_io_input_ByteBufferCleaner.txt,Insufficient Modularization,class,ByteBufferCleaner,0,"The class ByteBufferCleaner is well-focused on a single responsibility: cleaning direct ByteBuffers across different JVM versions. It has a clear abstraction with appropriate decomposition into inner classes (Java8Cleaner, Java9Cleaner) that handle version-specific cleaning mechanisms. The class is relatively small (approximately 100 lines), has a cohesive interface with only two public methods (clean, isSupported), and effectively encapsulates the complexity of JVM-specific reflection code. The design follows the strategy pattern through the Cleaner interface, demonstrating good modularization rather than insufficient modularization."
org_apache_commons_io_input_CountingInputStream.txt,Insufficient Modularization,class,CountingInputStream,0,"The class has a single, well-defined responsibility of counting bytes passed through an InputStream. It is relatively small in size (approximately 150 lines including comments and whitespace), has low complexity, and maintains a cohesive interface. The methods are focused on byte counting operations (getting counts, resetting counts, handling reads and skips), which aligns with its purpose as a decorator pattern implementation. There is no evidence of bloated interfaces or concentrated responsibilities that could be separated into smaller abstractions."
org_apache_commons_io_input_NullReader.txt,Insufficient Modularization,class,NullReader,0,"The class NullReader is well-designed with a single responsibility of emulating a Reader of a specified size. It has a clear and focused purpose, with all methods directly related to the core functionality of simulating a Reader. The class is relatively small (approximately 200 lines), has a cohesive set of methods that work together to fulfill its purpose, and provides extension points through protected methods for customization. The class does not exhibit excessive size, complexity, or a bloated interface. It properly encapsulates its state and provides a clean, understandable API. Therefore, it does not demonstrate the characteristics of Insufficient Modularization."
org_apache_commons_io_input_ObservableInputStream_Builder.txt,Insufficient Modularization,class,ObservableInputStream,0,"['The class has a single, well-defined responsibility: to act as an observable wrapper around an InputStream, notifying registered observers of read and close events.', 'The class is of moderate size and does not contain excessive methods or fields.', ""Complexity is managed through clear method separation and use of helper methods like 'notify' and 'forEachObserver'."", 'The inner classes (AbstractBuilder, Builder, and Observer) are logically related and contribute to the extensibility and functionality of the main class without bloating it.', 'The class follows the Single Responsibility Principle and maintains good cohesion among its methods and inner classes.']"
org_apache_commons_io_input_QueueInputStream_Builder.txt,Insufficient Modularization,class,QueueInputStream.Builder,0,"['The class has a single, well-defined responsibility: building QueueInputStream instances.', 'The class has a reasonable size with only 4 main methods (constructor, get, setBlockingQueue, setTimeout) plus necessary fields.', 'The interface is cohesive and focused on configuration and construction.', 'Complexity is low to moderate with straightforward control flow.', 'No evidence of bloated interface or concentrated responsibilities that could be separated.', 'The class follows the Builder pattern appropriately and maintains good separation of concerns.']"
org_apache_commons_io_input_ReversedLinesFileReader.txt,Insufficient Modularization,class,ReversedLinesFileReader,0,"['The class has a single, well-defined responsibility: reading lines from a file in reverse order.', 'The class is of moderate size (~500 lines) and does not exhibit excessive complexity.', 'It follows the single responsibility principle with focused methods handling specific tasks like reading lines, managing file parts, and handling different character encodings.', ""Inner classes such as 'FilePart' and 'Builder' are appropriately used to encapsulate related functionality without bloating the main class interface."", 'The public interface is clean and minimal, exposing only necessary operations for reversed line reading.']"
org_apache_commons_io_input_TimestampedObserver.txt,Insufficient Modularization,class,TimestampedObserver,0,"The class TimestampedObserver is small and focused, containing only essential fields and methods related to timestamping functionality. It has a clear single responsibility of tracking open and close times and calculating durations. The class has only 9 methods and 2 fields, which is not excessive. The interface is simple and not bloated. There are no complex conditional logic or intertwined responsibilities that would indicate insufficient modularization."
org_apache_commons_io_input_UncheckedFilterReader.txt,Insufficient Modularization,class,UncheckedFilterReader,0,"The class has a single, well-defined responsibility of wrapping a FilterReader to convert IOExceptions to UncheckedIOExceptions. It contains only essential methods that directly relate to this core functionality. The class is small in size, has low complexity, and maintains a cohesive interface. While it does contain multiple read() method overloads and other I/O operations, these are all variations of the same fundamental behavior (unchecked I/O operations) rather than distinct responsibilities. The builder pattern implementation is also appropriately encapsulated within the class without introducing unrelated concerns."
org_apache_commons_io_input_UnsynchronizedReader.txt,Insufficient Modularization,class,UnsynchronizedReader,0,"The class UnsynchronizedReader is small and focused, containing only essential methods for managing a non-synchronized Reader. It has a clear abstraction representing an unsynchronized reader with minimal responsibilities: handling closure state, basic reading operations, and skipping characters. The class does not exhibit excessive size, complexity, or a bloated interface. All methods are cohesive and directly related to the core functionality of the class. Therefore, it does not demonstrate the characteristics of Insufficient Modularization."
org_apache_commons_io_monitor_FileAlterationListener.txt,Insufficient Modularization,class,FileAlterationListener,0,"The class is a well-defined interface with a single, clear responsibility: to receive file system modification events. It has only 8 methods, all closely related to file and directory change notifications. The interface is cohesive, focused, and appropriately sized, with no signs of bloating or excessive complexity. There is no evidence of responsibilities that could be separated into smaller abstractions."
org_apache_commons_io_output_AbstractByteArrayOutputStream_InputStreamConstructor.txt,Insufficient Modularization,class,AbstractByteArrayOutputStream,0,"['The class has a single, well-defined responsibility: managing a byte array output stream with extensible buffering.', 'The class is appropriately abstract and serves as a base for subclasses, promoting reuse without bloating the interface.', 'Methods are cohesive and focused on byte array operations, stream writing, and buffer management.', 'Complexity is managed through well-named helper methods and clear separation of concerns between public and protected/private methods.', 'The class does not expose a bloated interface; it provides essential operations for byte array output streaming.', ""Functionality is logically grouped, and there's no evidence of multiple unrelated responsibilities being handled within the class.""]"
org_apache_commons_io_output_FileWriterWithEncoding.txt,Insufficient Modularization,class,FileWriterWithEncoding,0,"The class exhibits good modularization by delegating construction logic to a dedicated Builder class, encapsulating initialization complexities within private methods like 'initWriter', and maintaining a clear separation of concerns. While it contains multiple constructors, these are managed through proper overloading and deprecation practices, and do not indicate bloating or lack of cohesion."
org_apache_commons_io_output_FileWriterWithEncoding_Builder.txt,Insufficient Modularization,class,FileWriterWithEncoding.Builder,0,"The class has a single, well-defined responsibility of building a FileWriterWithEncoding instance. It encapsulates the construction logic related to file writing with encoding, including setting append mode and managing charset encoders. The class is relatively small, with only a few methods and attributes, all closely related to its purpose. There is no evidence of excessive size, complexity, or a bloated interface that would indicate insufficient modularization."
org_apache_commons_io_output_NullWriter.txt,Insufficient Modularization,class,NullWriter,0,"The class NullWriter is a small, focused class with a single responsibility: to act as a Writer that discards all input. It has only 13 methods, most of which are simple overrides of Writer methods that perform minimal operations (often just validation or no operation at all). The class is well-cohesive, with all methods directly related to the null writer abstraction. There is no evidence of excessive size, complexity, or bloated interface that would indicate insufficient modularization."
org_apache_commons_io_output_ProxyOutputStream.txt,Insufficient Modularization,class,ProxyOutputStream,0,"The class ProxyOutputStream is well-designed with a single responsibility of acting as a proxy for OutputStream. It has a reasonable number of methods (approximately 15 public/protected methods), which is within acceptable limits for this type of utility class. The class follows the template method pattern effectively by providing protected methods like beforeWrite, afterWrite, and handleIOException that allow subclasses to customize behavior without overriding all write methods. The inclusion of a Builder subclass is appropriate and doesn't contribute to bloating since it serves a specific construction purpose. The class maintains good cohesion around its core responsibility of proxying OutputStream operations while providing extension points, and its complexity remains manageable."
org_apache_commons_lang3_ArrayFill.txt,Insufficient Modularization,class,ArrayFill,0,"The class ArrayFill is a utility class with a single responsibility: providing static methods to fill arrays. It has only 11 methods, all closely related to its core purpose. The class is small, cohesive, and well-focused. There is no evidence of excessive size, complexity, or bloated interface that would indicate insufficient modularization."
org_apache_commons_lang3_ArrayUtils.txt,Insufficient Modularization,class,ArrayUtils,1,"[""The class 'ArrayUtils' has an excessive number of methods (over 200), which indicates a high level of complexity and responsibility."", 'The class handles operations for various types (primitives and objects), which could be separated into type-specific utility classes.', 'The class contains multiple overloaded methods for similar operations (e.g., add, remove, indexOf, contains, etc.) for different array types, increasing its size and complexity.', 'There is a lack of clear separation of concerns as the class manages utilities for arrays of all primitive types and object arrays, making it difficult to maintain and evolve.']"
org_apache_commons_lang3_CachedRandomBits.txt,Insufficient Modularization,class,CachedRandomBits,0,"The class CachedRandomBits is well-focused on a single responsibility: generating random integers of specific bit length using a cached byte array for efficiency. It has a clear and cohesive design with only two public methods (constructor and nextBits) and a reasonable number of private fields and constants that directly support its core functionality. The class is relatively small in terms of lines of code and complexity, and there is no evidence of bloated interfaces or excessive complexity that would indicate insufficient decomposition. The implementation is straightforward and maintains a single, well-defined abstraction."
org_apache_commons_lang3_Strings_CiStrings.txt,Insufficient Modularization,class,Strings,0,"['The class has a clear and cohesive abstraction: providing case-sensitive and case-insensitive string operations through a unified interface.', 'Responsibilities are well-separated into abstract methods and implemented differently in the two inner subclasses (CiStrings and CsStrings).', 'The class is not excessively large; it contains a reasonable number of methods (approximately 30 public/protected methods) for its purpose.', 'The interface is not bloated; most methods are related to string operations and are logically grouped.', 'The use of inner classes (CiStrings, CsStrings) and a Builder class shows good decomposition of concerns.', 'Each method is focused and adheres to single responsibility principle, handling specific string operations.', 'The class leverages polymorphism effectively, allowing different behavior for case-sensitive and case-insensitive operations without bloating the main class.']"
org_apache_commons_lang3_Strings_CsStrings.txt,Insufficient Modularization,class,Strings,0,"['The class has a single, well-defined responsibility: providing case-sensitive and case-insensitive string operations through a strategy pattern.', 'The class is abstract and serves as a base for two concrete implementations (CsStrings and CiStrings) that handle the actual logic.', 'The class is of moderate size (approximately 1500 lines) but this is justified by the comprehensive set of string operations it provides.', 'The design follows the Template Method pattern, with abstract methods implemented differently in subclasses.', 'The class provides a fluent API through its Builder inner class, which is a reasonable design choice.', 'Methods are cohesive and related to string operations, with clear separation between case-sensitive and case-insensitive implementations.', 'The class properly delegates complex operations to utility classes like CharSequenceUtils and StringUtils.', 'The abstraction level is consistent throughout the class, focusing on string comparison and manipulation operations.']"
org_apache_commons_lang3_ThreadUtils_AlwaysTruePredicate.txt,Insufficient Modularization,class,ThreadUtils,0,"['The class ThreadUtils is well-focused on thread and thread group utilities, with cohesive responsibilities.', 'It contains a reasonable number of methods (approximately 30 public static methods) that are all related to thread management and querying.', 'Helper classes like AlwaysTruePredicate, NamePredicate, ThreadIdPredicate, and interfaces ThreadGroupPredicate and ThreadPredicate are logically related and kept as inner classes, which is acceptable for utility classes.', 'The class does not exhibit excessive size or complexity; the logic within each method is straightforward and well-encapsulated.', 'There is no bloated interface or mixing of unrelated concerns. All functionalities pertain to thread operations, predicates, and utility functions.']"
org_apache_commons_lang3_Validate.txt,Insufficient Modularization,class,Validate,0,"['The class has a single, well-defined responsibility: providing static validation methods for common argument checks.', 'All methods are cohesive and related to validation logic, following a consistent naming and behavioral pattern.', 'The class is not excessively large in terms of responsibilities; it serves as a utility class with focused functionality.', 'High cohesion is maintained as all methods contribute to the same abstraction of validating inputs and throwing appropriate exceptions.', 'The class does not expose a bloated interface; rather, it offers a comprehensive but coherent set of validation utilities.']"
org_apache_commons_lang3_builder_HashCodeBuilder.txt,Insufficient Modularization,class,HashCodeBuilder,0,"['The class has a single, well-defined responsibility: assisting in the implementation of hashCode methods.', 'The class follows the builder pattern appropriately, encapsulating the state and logic required for hash code computation.', 'While the class contains multiple methods, they are all cohesive and related to the core functionality of building hash codes.', 'The reflection-based methods are logically grouped and support the main purpose of the class.', 'The class does not expose a bloated interface; the public API is consistent and focused.', 'The internal state is minimal (iConstant and iTotal), and the behavior is clearly separated into append methods for different types.', 'There is no evidence of excessive complexity or mixing of concerns that would indicate insufficient decomposition.']"
org_apache_commons_lang3_compare_ComparableUtils.txt,Insufficient Modularization,class,ComparableUtils,0,"['The class has a single, well-defined responsibility: providing utility methods for comparing Comparable objects.', 'The class is relatively small and focused, with only 15 methods, most of which are simple factory methods or helpers.', ""The inner class ComparableCheckBuilder is appropriately scoped and logically related to the main class's purpose."", 'All methods are cohesive and serve the same abstraction - comparing Comparable objects in various ways.', 'There is no evidence of excessive complexity, bloated interface, or mixed responsibilities that would indicate insufficient modularization.']"
org_apache_commons_lang3_concurrent_CallableBackgroundInitializer.txt,Insufficient Modularization,class,CallableBackgroundInitializer,0,"The class has a clear and focused responsibility of wrapping a Callable for background execution. It has only 2 public methods (constructors) and 2 private methods, with a single private field. The class is small in size (less than 100 lines), has low complexity, and a clean interface. It properly delegates to the Callable interface and doesn't contain multiple responsibilities or excessive functionality that would require decomposition."
org_apache_commons_lang3_concurrent_EventCountCircuitBreaker_CheckIntervalData.txt,Insufficient Modularization,class,EventCountCircuitBreaker,0,"The class EventCountCircuitBreaker is well-factored into multiple cohesive inner classes (AbstractStateStrategy, CheckIntervalData, StateStrategyClosed, StateStrategyOpen) that encapsulate specific responsibilities. The core logic is appropriately decomposed, with clear separation of concerns between state management, interval tracking, and strategy-based state transitions. The class does not exhibit excessive size, complexity, or a bloated interface; rather, it maintains a focused abstraction around event-count-based circuit breaking."
org_apache_commons_lang3_concurrent_LazyInitializer.txt,Insufficient Modularization,class,LazyInitializer,0,"['The class has a single, well-defined responsibility: implementing the lazy initialization pattern with thread-safe double-checked locking.', 'The class is relatively small, with only a few methods and fields, all directly related to its core purpose.', 'It properly delegates initialization logic to subclasses via the abstract initialize() method, promoting separation of concerns.', 'The class follows established design patterns (lazy initialization, builder pattern) appropriately without unnecessary complexity.', 'There is no evidence of bloated interface or excessive complexity that would indicate insufficient decomposition.']"
org_apache_commons_lang3_event_EventListenerSupport.txt,Insufficient Modularization,class,EventListenerSupport,0,"The class has a single, well-defined responsibility of managing event listeners and firing events. It is of moderate size (~300 lines) and has a cohesive interface focused on listener management (addListener, removeListener, fire). While it contains an inner class ProxyInvocationHandler, this is a closely related component that handles the proxy invocation logic, which is integral to its core functionality. The class does not exhibit excessive complexity, bloated interface, or multiple unrelated responsibilities that would indicate insufficient modularization."
org_apache_commons_lang3_exception_CloneFailedException.txt,Insufficient Modularization,class,CloneFailedException,0,"The class CloneFailedException is a well-defined exception class with minimal responsibilities. It extends RuntimeException and provides three constructors for different scenarios, which is appropriate for its purpose. The class has a clear single responsibility of representing a clone failure exception, is not excessively large, and does not exhibit complexity that would require further decomposition. The interface is not bloated and the class is easy to understand and maintain."
org_apache_commons_lang3_exception_ContextedRuntimeException.txt,Insufficient Modularization,class,ContextedRuntimeException,0,"['The class has a single, well-defined responsibility: to provide a runtime exception with contextual information.', 'It properly delegates contextual operations to an ExceptionContext implementation, promoting separation of concerns.', 'The class follows the decorator pattern by extending RuntimeException and implementing ExceptionContext, maintaining clear boundaries.', 'Method count is reasonable and each serves a specific purpose related to exception handling and context management.', 'Complexity is low as methods are simple delegators or straightforward implementations.', 'The class does not expose a bloated interface; it provides a cohesive set of operations for contextual runtime exceptions.']"
org_apache_commons_lang3_function_FailableCallable.txt,insufficient_modularization,class,FailableCallable,,
org_apache_commons_lang3_mutable_Mutable.txt,Insufficient Modularization,class,Mutable,0,"The Mutable interface is appropriately sized and focused on a single responsibility: providing mutable access to a value. It defines a minimal and cohesive abstraction with only three methods (get, getValue, setValue), one of which is deprecated and properly delegating to the default get() method. The interface adheres to the Single Responsibility Principle and does not exhibit excessive complexity, size, or a bloated interface. It serves as a generic interface for mutable value holders, which is a clear and well-defined purpose."
org_apache_commons_lang3_mutable_MutableFloat.txt,Insufficient Modularization,class,MutableFloat,0,"The class MutableFloat is a well-defined, cohesive class that encapsulates a single responsibility: providing a mutable wrapper for a float value. It offers a reasonable set of methods for manipulating and accessing the mutable float value, including constructors, arithmetic operations, comparison, and conversion methods. The class is not excessively large or complex, and its interface is appropriately focused on the mutable float abstraction. The presence of multiple methods is justified by the class's purpose to support various operations on a mutable float, and the methods are logically grouped around this central responsibility. Therefore, it does not exhibit the characteristics of Insufficient Modularization."
org_apache_commons_lang3_text_FormatFactory.txt,Insufficient Modularization,class,FormatFactory,0,"The class is a simple interface with only one method, making it highly cohesive and well-decomposed. It represents a single, clear abstraction for creating format instances, and its minimal size and interface indicate proper modularization."
org_apache_commons_lang3_text_StrBuilder_StrBuilderTokenizer.txt,Insufficient Modularization,class,StrBuilder,1,"['The StrBuilder class has excessive size with over 2400 lines of code, making it difficult to understand and maintain.', 'It concentrates multiple responsibilities including string building, tokenization, reading, and writing operations that could be separated into smaller, more cohesive abstractions.', 'The class contains multiple inner classes (StrBuilderReader, StrBuilderTokenizer, StrBuilderWriter) that add to its complexity and size.', 'It has a bloated interface with numerous public methods covering appending, deleting, replacing, searching, and various utility operations.', 'The class violates the Single Responsibility Principle by handling too many different concerns in one class rather than delegating to specialized components.']"
org_apache_commons_lang3_text_WordUtils.txt,Insufficient Modularization,class,WordUtils,0,"['The class has a single, well-defined responsibility: providing utility methods for word-based string manipulation.', 'All methods are cohesive and related to word processing operations such as capitalization, wrapping, and initial extraction.', 'The class follows the utility class pattern with all static methods, which is appropriate for this type of functionality.', 'While the class contains multiple methods (12 public static methods), they all serve the same conceptual purpose of word manipulation utilities.', 'The class size (approximately 7335 characters) is reasonable for a utility class of this nature.', 'Methods are well-organized and maintain clear separation of concerns within the word processing domain.', 'No evidence of unrelated responsibilities or bloated interface - all methods follow a consistent naming and behavioral pattern.']"
org_apache_commons_lang3_time_FastDateFormat.txt,Insufficient Modularization,class,FastDateFormat,0,"['The class has a single, well-defined responsibility: providing a fast and thread-safe version of SimpleDateFormat.', 'It effectively delegates formatting and parsing responsibilities to FastDatePrinter and FastDateParser respectively, promoting good separation of concerns.', 'The class serves as a facade, offering a clean API while hiding the complexity of its internal components.', 'While the class contains numerous factory methods, these are logically grouped and necessary for providing multiple ways to instantiate the formatter, which aligns with its role as a central access point in the library.', 'The design follows the principle of delegation, avoiding the concentration of too many unrelated responsibilities within a single class.']"
org_apache_commons_lang3_time_FastDateParser_NumberStrategy.txt,Insufficient Modularization,class,FastDateParser,0,"['The class is well-decomposed into multiple cohesive inner classes (Strategy, PatternStrategy, NumberStrategy, CaseInsensitiveTextStrategy, TimeZoneStrategy, etc.) each handling specific parsing responsibilities.', 'Each inner class has a single responsibility and encapsulates related behavior (e.g., NumberStrategy handles numeric field parsing, TimeZoneStrategy handles time zone parsing).', 'The class follows the Strategy pattern appropriately, separating different parsing strategies into distinct classes.', 'Helper classes like StrategyParser and StrategyAndWidth are properly encapsulated and have clear responsibilities.', 'The main class coordinates these strategies without mixing their concerns, maintaining good separation of concerns.', 'Complexity is appropriately distributed among specialized components rather than concentrated in a few large methods or classes.']"
org_apache_commons_lang3_time_FastDateParser_PatternStrategy.txt,Insufficient Modularization,class,FastDateParser,1,"['The class has excessive size with multiple nested static classes (CaseInsensitiveTextStrategy, CopyQuotedStrategy, ISO8601TimeZoneStrategy, NumberStrategy, PatternStrategy, Strategy, StrategyAndWidth, StrategyParser, TimeZoneStrategy) that increase its complexity and make it difficult to understand and maintain.', 'The class concentrates too many responsibilities including pattern parsing, strategy management, calendar manipulation, and various parsing strategies for different field types, rather than delegating these to separate cohesive abstractions.', 'The class has a bloated interface with numerous private static final Strategy fields and complex initialization logic, making it hard to evolve and modify individual components independently.', 'The extensive use of inner classes for different parsing strategies indicates that these could be separated into their own modules or classes to improve cohesion and reduce the complexity of the main FastDateParser class.']"
org_apache_commons_lang3_time_FastDatePrinter_PaddedNumberField.txt,Insufficient Modularization,class,FastDatePrinter,0,"The class FastDatePrinter is large but well-structured with clear separation of concerns through inner classes and interfaces (e.g., Rule, NumberRule, PaddedNumberField). Each inner class has a single responsibility and encapsulates specific formatting logic. The class follows the factory method pattern for rule creation and maintains a clear public interface. While it contains many lines of code, the decomposition into smaller, cohesive inner classes prevents it from suffering insufficient modularization."
org_apache_commons_lang3_time_FastDatePrinter_TwoDigitYearField.txt,Insufficient Modularization,class,FastDatePrinter.TwoDigitYearField,0,"The class FastDatePrinter.TwoDigitYearField is a well-defined, cohesive inner class with a single responsibility: formatting a two-digit year. It implements the NumberRule interface and contains only the necessary methods (appendTo, estimateLength) to fulfill its purpose. The class is small, focused, and does not exhibit excessive size, complexity, or a bloated interface. It properly encapsulates its behavior and does not concentrate responsibilities that should be separated."
org_apache_commons_lang3_time_StopWatch_State.txt,Insufficient Modularization,class,StopWatch,0,"['The class has a single, well-defined responsibility: measuring elapsed time with various states (running, stopped, suspended, split).', 'The class is of moderate size (~600 lines) and encapsulates related functionality without unnecessary bloat.', 'It uses inner enums (State, SplitState) and a nested class (Split) appropriately to group closely related concepts.', 'Methods are cohesive and focused on stopwatch operations; no method exhibits excessive complexity or unrelated responsibilities.', 'The class properly delegates formatting concerns to DurationFormatUtils rather than handling them internally.', 'While the class has many public methods, they all serve the core purpose of providing a flexible API for time measurement and are logically grouped.']"
org_apache_commons_lang3_tuple_ImmutablePair.txt,Insufficient Modularization,class,ImmutablePair,0,"The class ImmutablePair is well-scoped to represent an immutable pair of objects. It has a clear and focused responsibility of providing an immutable implementation of a pair. The class is not excessively large, does not contain overly complex logic, and its interface is minimal and cohesive. All methods and fields are directly related to the core abstraction of an immutable pair. The presence of multiple static factory methods (e.g., of, ofNonNull, left, right, nullPair, emptyArray) supports usability without bloating the class's responsibilities. Therefore, it does not exhibit the smell of Insufficient Modularization."
org_gradle_api_file_DirectoryProperty.txt,Insufficient Modularization,class,DirectoryProperty,0,"The DirectoryProperty interface is well-focused with only 5 methods that are all closely related to directory property management. The interface maintains high cohesion by concentrating solely on directory-related operations (getAsFile, getAsFileTree, dir, set) and does not exhibit excessive size or complexity. The abstraction is appropriately decomposed and does not concentrate unrelated responsibilities that could be separated into smaller abstractions."
org_gradle_api_tasks_PathSensitivity.txt,Insufficient Modularization,class,PathSensitivity,0,"The class is a simple enum with only four constants and no methods or complex logic. It serves as a straightforward placeholder representation of Gradle's PathSensitivity type. The class is small, cohesive, and well-decomposed, representing a single abstraction without excessive size, complexity, or bloated interface."
org_jsoup_Connection_KeyVal.txt,Insufficient Modularization,class,Connection,1,"['The Connection interface contains 68 methods, which indicates a large interface that may be handling too many responsibilities.', 'The class encompasses multiple abstraction levels including HTTP methods, request/response handling, authentication, SSL configuration, data parameters, headers, cookies, and parsing logic.', 'Nested interfaces (Method, Base, Request, Response, KeyVal) within the same file suggest that the main Connection interface is acting as a container for multiple related but distinct abstractions.', 'The presence of numerous default methods (e.g., newRequest(String), sslContext(SSLContext), requestBodyStream(InputStream), onResponseProgress(Progress<Response>), readBody(), readFully(), streamParser()) indicates added complexity and potential bloating of the interface.', 'The extensive documentation and numerous configuration options suggest that the interface is trying to cover too broad a range of functionalities rather than being focused on a single responsibility.']"
org_jsoup_helper_AuthenticationHandler_AuthShim.txt,Insufficient Modularization,class,AuthenticationHandler,0,"The class has a single, well-defined responsibility of handling authentication logic. It is of moderate size and complexity, with clear separation of concerns through the use of the AuthShim interface and the GlobalHandler nested class. The class encapsulates authentication handling effectively without undue complexity or bloating."
org_jsoup_helper_CookieUtil.txt,Insufficient Modularization,class,CookieUtil,0,"['The class has a clear and cohesive responsibility focused on cookie-related utilities for HTTP connections.', 'It contains a small, well-defined set of methods (applyCookiesToRequest, storeCookies, parseCookie, requestCookieSet, asUri) that are closely related to its purpose.', 'The class is not excessively large in terms of lines of code or number of methods.', 'There is no evidence of bloated interface or excessive complexity in the method implementations.', 'The class demonstrates good separation of concerns with helper methods supporting the main cookie processing functionality.', 'Each method has a single responsibility and contributes to the overall cookie utility functionality without unnecessary coupling.']"
org_jsoup_helper_HttpClientExecutor.txt,Insufficient Modularization,class,HttpClientExecutor,0,"['The class has a single, well-defined responsibility: executing HTTP requests using HttpClient.', 'The class is of moderate size and complexity, with methods that are focused on HTTP execution logic.', 'It properly encapsulates related functionality such as client creation, request execution, response handling, and proxy management.', ""Inner class ProxyWrap is appropriately contained as it directly supports the main class's proxy handling mechanism."", 'The class follows good design principles with clear method separation and appropriate use of inheritance from RequestExecutor.', 'No evidence of bloated interface or excessive responsibilities that would warrant decomposition into multiple classes.']"
org_jsoup_helper_RequestDispatch.txt,Insufficient Modularization,class,RequestDispatch,0,"The class has a single, well-defined responsibility of dispatching requests using either HttpClient or HttpURLConnection. It is small in size (less than 619 characters as per CONTEXT_SIZE), has low complexity, and does not expose a bloated interface. The class encapsulates the logic for determining which executor to use and handles fallback behavior appropriately, without mixing concerns or duplicating responsibilities that could be separated into smaller abstractions."
org_jsoup_nodes_Entities.txt,Insufficient Modularization,class,Entities,0,"['The class has a single, well-defined responsibility: handling HTML entity encoding and decoding.', 'The class is organized into logical sections: entity data, escape modes, escaping logic, unescaping logic, and utility methods.', 'The use of inner enums (EscapeMode, CoreCharset) appropriately encapsulates related functionality.', 'Methods are generally small and focused, following single responsibility principle.', 'The class leverages static methods and data appropriately for a utility-like class.', 'Complexity is managed through helper methods and clear separation of concerns.', 'The class does not exhibit excessive size or a bloated interface for its domain.']"
org_jsoup_parser_ParseErrorList.txt,Insufficient Modularization,class,ParseErrorList,0,"The class has a clear single responsibility as a specialized container for ParseErrors with size limitations. It has appropriate cohesion with only 9 methods and 3 fields, all directly related to its purpose. The class is small in size (557 bytes) and has a focused interface with well-defined behaviors for error tracking and management. There is no evidence of excessive complexity, bloated interface, or concentrated responsibilities that would warrant decomposition into smaller abstractions."
org_jsoup_safety_Cleaner.txt,Insufficient Modularization,class,Cleaner,0,"The Cleaner class is well-focused on its core responsibility of sanitizing HTML documents based on a safelist. It has a clear public API with methods for cleaning documents and validating HTML content. The class encapsulates related functionality logically, uses appropriate helper classes (CleaningVisitor, ElementMeta) for internal operations, and maintains good cohesion. The size and complexity are reasonable for its functionality, and it doesn't expose a bloated interface. The internal classes CleaningVisitor and ElementMeta properly encapsulate their functionality, contributing to the overall modularization of the class."
org_jsoup_select_Evaluator_IsFirstOfType.txt,Insufficient Modularization,class,Evaluator,1,"['The Evaluator class is excessively large, containing 504 lines of code and housing 35 inner classes that represent distinct evaluation criteria.', 'It has a bloated interface with numerous public and protected methods such as matches(Element root, Element element), matches(Element root, Node node), asPredicate(Element root), cost(), reset(), and wantsNodes().', 'The class concentrates multiple responsibilities including various attribute evaluations, index-based selections, text matching, and pseudo-class handling, which could be separated into smaller, more cohesive abstractions.', 'The presence of a large number of static nested classes indicates that the class is trying to encapsulate too much functionality, violating the principle of single responsibility.']"
org_jsoup_select_Evaluator_IsLastOfType.txt,Insufficient Modularization,class,Evaluator,1,"['The Evaluator class is excessively large, containing 504 lines of code and multiple nested static classes that represent distinct responsibilities.', 'It encompasses a wide variety of evaluation logic (e.g., tag matching, attribute matching, index-based matching, text matching) within a single class, violating the Single Responsibility Principle.', 'The class contains 28 inner static classes, each implementing specific evaluation criteria, which indicates a lack of decomposition into separate, more cohesive abstractions.', 'The bloated interface makes it difficult to understand and maintain, as changes to one evaluation type may impact the overall class structure.', 'Despite being abstract, the class aggregates too many related but distinct functionalities that could be better separated into smaller modules or classes.']"
org_jsoup_select_Evaluator_IsNthLastOfType.txt,Insufficient Modularization,class,Evaluator,1,"['The Evaluator class is excessively large, containing 5047 lines of code and numerous nested static classes that represent distinct evaluation logic.', 'It has a bloated interface with 30+ public static nested classes, each implementing different CSS selector evaluation strategies.', 'The class violates the Single Responsibility Principle by encompassing multiple responsibilities such as tag matching, attribute matching, pseudo-class evaluation, text matching, and more.', 'Several nested classes like CssNthEvaluator and its subclasses (IsNthChild, IsNthLastChild, IsNthOfType, IsNthLastOfType) could be moved to their own files to improve cohesion and maintainability.', 'The class contains deprecated elements (e.g., MatchText) which indicates evolving responsibilities over time without proper decomposition.']"
org_tensorflow_op_Ops.txt,Insufficient Modularization,class,Ops,1,"[""The class 'Ops' has an excessive number of methods (over 300), indicating it承担 multiple responsibilities."", 'The class directly exposes a very large number of TensorFlow operations without sufficient abstraction or decomposition into smaller, more cohesive units.', 'The class has 13 public fields (nn, summary, image, data, io, dtypes, linalg, random, strings, sparse, bitwise, math, audio, signal, train, quantization) which indicates it is managing too many sub-components.', 'The class serves as a single entry point for almost all TensorFlow operations, violating the Single Responsibility Principle by acting as a god object.', 'There is a lack of clear separation of concerns as the class handles creation of constants, variables, gradients, control flow operations, and many domain-specific operations all within one class.']"
