approach;smell;element;context_size;gpt;deepseek;qwen;cont
raw code;God Component;org.apache.commons.lang3.concurrent.locks;56383;1;1;0;
raw code;God Component;org.apache.commons.io.channels;6061;0;0;0;
raw code;God Component;org.apache.commons.lang3.math;26660;1;1;0;
raw code;God Component;com.github.javaparser.printer.concretesyntaxmodel;10887;0;0;0;
raw code;God Component;com.google.zxing.maxicode;1227;0;0;0;
raw code;God Component;japa.bdd.samples;26884;1;1;1;
raw code;God Component;com.google.zxing.client.android.camera;11118;1;0;0;
raw code;God Component;com.github.javaparser.generator.core.visitor;9721;1;0;0;
raw code;God Component;com.google.zxing.qrcode;3439;0;0;0;
raw code;God Component;org.adoptopenjdk.jitwatch.ui.triview.bytecode;3744;1;0;0;
raw code;God Component;japa.parser.comments;311;0;0;0;
raw code;God Component;net.bytebuddy.implementation.bytecode.assign;6036;0;0;0;
raw code;God Component;org.adoptopenjdk.jitwatch.process.runtime;4052;0;0;0;
raw code;God Component;demo;2102;0;0;0;
raw code;God Component;com.github.javaparser.symbolsolver.declarations.common;1222;0;0;0;
raw code;God Component;com.github.javaparser.ast.type;29335;1;1;0;
raw code;God Component;com.google.zxing.multi.qrcode.detector;6355;1;0;0;
raw code;God Component;net.bytebuddy.implementation.bytecode;31273;1;1;0;
raw code;God Component;org.apache.commons.io.function;30697;1;0;0;
raw code;God Component;com.google.zxing.client.result;29411;1;0;0;
raw code;God Component;com.google.zxing;18747;1;0;0;
raw code;God Component;issue1945.interfaces;475;0;0;0;
raw code;God Component;com.example;14543;1;0;0;
raw code;God Component;org.adoptopenjdk.jitwatch.ui.nmethod.compilerthread;16042;1;1;1;
raw code;God Component;com.github.javaparser.printer.configuration;9104;0;0;0;
raw code;God Component;com.github.javaparser.symbolsolver.reflectionmodel;25972;1;1;0;
raw code;God Component;com.github.javaparser.generator.core.utils;715;0;0;0;
raw code;God Component;box;283;0;0;0;
raw code;God Component;org.apache.commons.io.output;86828;1;1;0;
raw code;God Component;org.apache.commons.lang3.mutable;19018;0;0;0;
raw code;God Component;com.github.javaparser.symbolsolver.resolution;1876;0;0;0;
raw code;God Component;another;328;0;0;0;
raw code;God Component;issue1945.main;558;0;0;0;
raw code;God Component;org.adoptopenjdk.jitwatch.process.javap;2056;0;0;0;
raw code;God Component;org.adoptopenjdk.jitwatch.jarscan.sequencecount;1858;0;0;0;
raw code;God Component;com.github.javaparser.symbolsolver.javaparsermodel.contexts;48871;1;1;0;
raw code;God Component;org.jsoup.examples;3757;0;0;0;
raw code;God Component;com.github.javaparser.symbolsolver.javassistmodel;23328;1;1;0;
raw code;God Component;com.google.googlejavaformat;82548;1;1;1;
raw code;God Component;org.adoptopenjdk.jitwatch.jvmlang;1825;0;0;0;
raw code;God Component;org.adoptopenjdk.jitwatch.hotthrow;2636;0;0;0;
raw code;God Component;com.google.gson.internal.reflect;10506;1;0;0;
raw code;God Component;com.github.javaparser.resolution.declarations;18107;1;1;0;
raw code;God Component;com.github.javaparser.ast.validator;4278;0;0;0;
raw code;God Component;com.google.zxing.client.android.wifi;3112;1;0;0;
raw code;God Component;com.google.zxing.client.android;47496;1;1;0;
raw code;God Component;com.google.zxing.oned.rss;6948;0;0;0;
raw code;God Component;main;1233;0;1;0;
raw code;God Component;org.adoptopenjdk.jitwatch.inline;5611;0;0;0;
raw code;God Component;com.github.javaparser.resolution.promotion;455;0;0;0;
raw code;God Component;com.google.zxing.aztec.decoder;12974;1;1;0;
raw code;God Component;org.apache.commons.lang3.tuple;9569;0;0;0;
raw code;God Component;org.apache.commons.io.monitor;14121;0;0;0;
raw code;God Component;org.adoptopenjdk.jitwatch.ui.parserchooser;624;0;0;0;
raw code;God Component;implements.duplicate;317;0;0;0;
raw code;God Component;com.google.zxing.common;31698;1;1;0;
raw code;God Component;com.github.javaparser.printer.lexicalpreservation;98414;1;1;1;
raw code;God Component;org.jsoup.safety;42308;1;1;0;
raw code;God Component;com.google.googlejavaformat.java.javadoc;26451;1;1;0;
raw code;God Component;com.github.javaparser.ast.stmt;43400;1;1;0;
raw code;God Component;org.gradle.work;1000;0;0;0;
raw code;God Component;net.bytebuddy.implementation.bytecode.assign.primitive;27967;1;0;0;
raw code;God Component;foo;804;1;1;0;
raw code;God Component;com.github.javaparser.printer;49767;1;1;0;
raw code;God Component;com.github.javaparser.symbolsolver;10226;1;1;0;
raw code;God Component;org.adoptopenjdk.jitwatch.core;37491;1;1;0;
raw code;God Component;org.apache.commons.io.charset;1094;0;0;0;
raw code;God Component;issue241;291;0;0;0;
raw code;God Component;com.github.javaparser.symbolsolver.resolution.typesolvers;17798;1;1;0;
raw code;God Component;(default package);15499;1;1;0;
raw code;God Component;net.bytebuddy.dynamic.scaffold.inline;53375;1;1;0;
raw code;God Component;com.google.gson.internal.sql;2732;0;0;0;
raw code;God Component;com.google.gson;81567;1;1;0;
raw code;God Component;com.google.gson.reflect;4014;0;0;0;
raw code;God Component;org.adoptopenjdk.jitwatch.parser.zing;4452;0;0;0;
raw code;God Component;com.google.zxing.oned;68316;1;1;0;
raw code;God Component;com.google.gson.stream;23606;1;1;0;
raw code;God Component;com.google.gson.internal.bind;83237;1;1;0;
raw code;God Component;org.adoptopenjdk.jitwatch.treevisitor;709;0;0;0;
raw code;God Component;org.adoptopenjdk.jitwatch.compilation;3875;0;0;0;
raw code;God Component;org.adoptopenjdk.jitwatch.report.locks;446;0;0;0;
raw code;God Component;org.adoptopenjdk.jitwatch.ui.browser;490;0;0;0;
raw code;God Component;com.github.javaparser.metamodel;90858;1;1;0;
raw code;God Component;com.github.javaparser.symbolsolver.cache;5207;0;0;0;
raw code;God Component;com.github.javaparser.quality;839;0;0;0;
raw code;God Component;com.github.javaparser.symbolsolver.reflectionmodel.comparators;1447;0;0;0;
raw code;God Component;com.google.gson.internal;71343;1;1;0;
raw code;God Component;com.github.javaparser.symbolsolver.resolution.naming;23188;1;1;0;
raw code;God Component;com.google.zxing.client.android.result.supplement;4081;1;0;0;
raw code;God Component;org.adoptopenjdk.jitwatch.model.assembly.x86;3305;0;0;0;
raw code;God Component;org.apache.commons.lang3.compare;5445;0;0;0;
raw code;God Component;com.google.zxing.client.j2se;14367;1;0;0;
raw code;God Component;com.github.javaparser.javadoc.description;3682;0;0;0;
raw code;God Component;net.bytebuddy.build.gradle;76713;1;1;0;
raw code;God Component;org.jsoup.helper;83259;1;1;1;
raw code;God Component;com.google.zxing.oned.rss.expanded;9480;1;1;0;
raw code;God Component;com.google.zxing.qrcode.encoder;53058;1;1;0;
raw code;God Component;com.google.zxing.pdf417;35141;1;0;0;
raw code;God Component;net.bytebuddy.description.modifier;30345;1;1;0;
raw code;God Component;com.github.javaparser.resolution.types;16704;1;1;0;
raw code;Insufficient Modularization;com.github.javaparser.symbolsolver.javaparsermodel.contexts;1965;0;0;0;
raw code;Insufficient Modularization;net.bytebuddy.dynamic.DynamicType;63017;1;1;1;
raw code;Insufficient Modularization;com.packageName;310;0;0;0;
raw code;Insufficient Modularization;net.bytebuddy.description.type.TypeList;7014;0;0;0;
raw code;Insufficient Modularization;net.bytebuddy.description.type.RecordComponentDescription;3789;0;0;0;
raw code;Insufficient Modularization;org.apache.commons.io;1768;0;0;0;
raw code;Insufficient Modularization;net.bytebuddy.implementation.bind.MethodDelegationBinder;7950;1;1;0;
raw code;Insufficient Modularization;com.google.zxing;478;0;0;0;
raw code;Insufficient Modularization;net.bytebuddy.dynamic.scaffold.inline;4015;1;0;0;
raw code;Insufficient Modularization;net.bytebuddy.implementation.bytecode.assign.primitive.PrimitiveUnboxingDelegate;2922;0;0;0;
raw code;Insufficient Modularization;(default package);408;0;0;0;
raw code;Insufficient Modularization;net.bytebuddy;4573;0;0;0;
raw code;Insufficient Modularization;net.bytebuddy.implementation.MethodCall;25997;0;1;1;
raw code;Insufficient Modularization;org.apache.commons.io.input;1095;0;0;0;
raw code;Insufficient Modularization;net.bytebuddy.dynamic.scaffold;1533;0;0;0;
raw code;Insufficient Modularization;org.apache.commons.io.input.ObservableInputStream;2786;0;1;0;
raw code;Insufficient Modularization;demo.Main;578;0;0;0;
raw code;Insufficient Modularization;com.google.zxing.oned;3414;1;1;0;
raw code;Insufficient Modularization;org.apache.commons.io.output;3669;0;0;0;
raw code;Insufficient Modularization;net.bytebuddy.implementation.ToStringMethod;6012;0;0;0;
raw code;Insufficient Modularization;net.bytebuddy.dynamic.NexusAccessor;3302;0;1;0;
raw code;Insufficient Modularization;com.google.common.jimfs.BasicAttributeProvider;1666;0;0;0;
raw code;Insufficient Modularization;com.google.zxing.qrcode.decoder;2352;1;0;0;
raw code;Insufficient Modularization;org.apache.commons.io.file;2547;0;0;0;
raw code;Insufficient Modularization;com.google.gson.internal.bind.CollectionTypeAdapterFactory;1030;0;0;0;
raw code;Insufficient Modularization;org.apache.commons.lang3.compare;2610;0;0;0;
raw code;Insufficient Modularization;com.google.zxing.client.android;2737;0;0;0;
raw code;Insufficient Modularization;org.apache.commons.lang3.concurrent;1371;0;0;0;
raw code;Insufficient Modularization;net.bytebuddy.asm.AsmVisitorWrapper;6289;1;0;0;
raw code;Insufficient Modularization;org.adoptopenjdk.jitwatch.toplist;801;0;0;0;
raw code;Insufficient Modularization;net.bytebuddy.description.modifier;899;0;0;0;
raw code;Insufficient Modularization;net.bytebuddy.description.method.ParameterList;5026;0;0;0;
raw code;Insufficient Modularization;net.bytebuddy.benchmark.jmh.generated.SuperClassInvocationBenchmark.benchmarkByteBuddyWithPrefix;4528;1;1;0;
raw code;Insufficient Modularization;com.google.zxing.oned.rss.expanded.decoders;642;0;0;0;
raw code;Insufficient Modularization;com.github.javaparser.symbolsolver.utils;588;0;0;0;
raw code;Insufficient Modularization;org.apache.commons.lang3.event;3100;0;0;0;
raw code;Insufficient Modularization;org.apache.commons.lang3.Strings;15284;0;0;0;
raw code;Insufficient Modularization;com.google.zxing.web;666;0;0;0;
raw code;Insufficient Modularization;net.bytebuddy.asm.MemberSubstitution;73356;1;1;1;
raw code;Insufficient Modularization;net.bytebuddy.implementation.bytecode.member;892;0;0;0;
raw code;Insufficient Modularization;net.bytebuddy.description.method.ParameterList;5028;0;0;0;
raw code;Insufficient Modularization;com.github.javaparser.utils;1062;0;0;0;
raw code;Insufficient Modularization;org.gradle.api.tasks;569;0;0;0;
raw code;Insufficient Modularization;org.apache.commons.io.input;1615;0;0;0;
raw code;Insufficient Modularization;net.bytebuddy.implementation.auxiliary.TypeProxy;5777;0;1;1;
raw code;Insufficient Modularization;org.jsoup.helper.AuthenticationHandler;997;0;0;0;
raw code;Insufficient Modularization;net.bytebuddy.implementation.InvokeDynamic;23886;1;1;1;
raw code;Insufficient Modularization;com.github.javaparser.resolution.logic;2243;1;1;0;
raw code;Insufficient Modularization;com.github.javaparser.ast.modules;1872;0;0;0;
raw code;Insufficient Modularization;net.bytebuddy.matcher.LatentMatcher;2453;0;0;0;
raw code;Insufficient Modularization;net.bytebuddy.dynamic.DynamicType;63018;0;1;1;
raw code;Insufficient Modularization;net.bytebuddy.implementation.auxiliary.TypeProxy;5778;0;1;1;
raw code;Insufficient Modularization;com.google.googlejavaformat.java.JavacTokens;1949;0;0;0;
raw code;Insufficient Modularization;com.github.javaparser.ast.body;2456;0;0;0;
raw code;Insufficient Modularization;org.apache.commons.lang3.concurrent.EventCountCircuitBreaker;5199;0;0;0;
raw code;Insufficient Modularization;net.bytebuddy.description.annotation.AnnotationValue;20734;1;1;1;
raw code;Insufficient Modularization;net.bytebuddy.utility.GraalImageCode;1704;0;0;0;
raw code;Insufficient Modularization;net.bytebuddy.asm.MemberSubstitution;73355;1;1;1;
raw code;Insufficient Modularization;net.bytebuddy.pool.TypePool;67305;0;0;0;
raw code;Insufficient Modularization;net.bytebuddy.build.AccessControllerPlugin;4896;0;1;0;
raw code;Insufficient Modularization;net.bytebuddy.pool.TypePool;67304;0;1;1;
raw code;Insufficient Modularization;org.apache.commons.lang3.mutable;764;0;0;0;
raw code;Insufficient Modularization;net.bytebuddy.build.gradle;873;0;0;0;
raw code;Insufficient Modularization;net.bytebuddy.build.Plugin;34080;0;1;0;
raw code;Insufficient Modularization;net.bytebuddy.description.TypeVariableSource;1534;0;0;0;
raw code;Insufficient Modularization;org.adoptopenjdk.jitwatch.model.assembly;1972;1;0;0;
raw code;Insufficient Modularization;org.tensorflow.op;87676;1;0;1;
raw code;Insufficient Modularization;net.bytebuddy.build.AccessControllerPlugin;4897;0;1;0;
raw code;Insufficient Modularization;net.bytebuddy.agent.ByteBuddyAgent;13962;0;1;1;
raw code;Insufficient Modularization;net.bytebuddy.dynamic.scaffold.TypeWriter;48252;1;1;1;
raw code;Insufficient Modularization;net.bytebuddy.implementation.auxiliary.TypeProxy;5779;1;1;1;
raw code;Insufficient Modularization;com.google.zxing.client.android.encode.MECARDContactEncoder;1033;0;0;0;
raw code;Insufficient Modularization;org.apache.commons.lang3.text.StrBuilder;24313;0;1;1;
raw code;Insufficient Modularization;com.github.javaparser.symbolsolver.resolution.typeinference;8586;1;1;1;
raw code;Insufficient Modularization;net.bytebuddy.pool.TypePool;67305;1;0;0;
raw code;Insufficient Modularization;com.github.javaparser.metamodel;718;0;0;0;
raw code;Insufficient Modularization;org.jsoup.safety;2320;0;1;0;
raw code;Insufficient Modularization;net.bytebuddy.implementation.bytecode.member.FieldAccess;2230;0;0;0;
raw code;Insufficient Modularization;a.b.c;365;0;0;0;
raw code;Insufficient Modularization;net.bytebuddy.description.type;1235;0;0;0;
raw code;Insufficient Modularization;net.bytebuddy.pool.TypePool;67305;1;0;1;
raw code;Insufficient Modularization;net.bytebuddy.agent.ByteBuddyAgent;13962;0;1;1;
raw code;Insufficient Modularization;net.bytebuddy.dynamic.ClassFileLocator;16181;0;1;0;
raw code;Insufficient Modularization;com.github.javaparser.metamodel;758;0;0;0;
raw code;Insufficient Modularization;net.bytebuddy.implementation.bytecode.constant;1103;0;0;0;
raw code;Insufficient Modularization;net.bytebuddy.agent.VirtualMachine;21485;1;1;1;
raw code;Insufficient Modularization;org.apache.commons.lang3.exception;2178;0;0;0;
raw code;Insufficient Modularization;com.google.zxing.datamatrix.encoder;4534;1;1;1;
raw code;Insufficient Modularization;com.google.gson;770;0;0;0;
raw code;Insufficient Modularization;org.apache.commons.io.file.CountingPathVisitor;2548;0;0;0;
raw code;Insufficient Modularization;net.bytebuddy.description.field.FieldDescription;4554;1;0;0;
raw code;Insufficient Modularization;net.bytebuddy.asm.MemberSubstitution;73359;0;1;0;
raw code;Insufficient Modularization;com.github.javaparser.printer;2574;1;0;0;
raw code;Insufficient Modularization;com.github.javaparser.metamodel;810;0;0;0;
raw code;Insufficient Modularization;com.google.zxing.common;1956;0;1;0;
raw code;Insufficient Modularization;com.google.common.jimfs.UserLookupService;959;0;0;0;
raw code;Insufficient Modularization;com.google.zxing.pdf417.decoder;944;0;0;0;
raw code;Insufficient Modularization;net.bytebuddy.implementation.attribute.AnnotationAppender;6398;0;0;0;
raw code;Insufficient Modularization;com.google.zxing.common.reedsolomon;909;0;0;0;
raw code;Insufficient Modularization;net.bytebuddy.dynamic;2107;0;0;0;
raw code;Insufficient Modularization;com.google.zxing.oned.rss.expanded.decoders.FieldParser;3940;0;1;0;
raw code;Insufficient Modularization;net.bytebuddy.description.method.MethodDescription;15754;0;0;0;
raw code;Insufficient Modularization;net.bytebuddy.implementation.bytecode.constant.MethodConstant;4206;0;0;0;
raw code;Insufficient Modularization;net.bytebuddy.implementation.Implementation;17483;1;0;1;
raw code;Insufficient Modularization;net.bytebuddy.description.method.MethodDescription;15754;0;1;0;
raw code;Insufficient Modularization;org.jsoup.helper;619;0;0;0;
raw code;Insufficient Modularization;com.github.javaparser.ast.visitor;9717;1;1;1;
raw code;Insufficient Modularization;com.github.javaparser.ast.Node;9603;1;1;0;
raw code;Insufficient Modularization;com.github.javaparser.javadoc.JavadocBlockTag;1262;0;0;0;
raw code;Insufficient Modularization;org.adoptopenjdk.jitwatch.ui.report;384;0;0;0;
raw code;Insufficient Modularization;net.bytebuddy.description.type.TypeDescription;66815;0;0;1;
raw code;Insufficient Modularization;com.github.javaparser.resolution.logic;13730;1;1;1;
raw code;Insufficient Modularization;org.apache.commons.io.output;1628;0;0;0;
raw code;Insufficient Modularization;com.github.javaparser.symbolsolver.javassistmodel;1280;0;0;0;
raw code;Insufficient Modularization;net.bytebuddy.dynamic.loading.ClassLoadingStrategy;5888;0;0;0;
raw code;Insufficient Modularization;org.adoptopenjdk.jitwatch.ui.nmethod;2115;1;1;0;
raw code;Insufficient Modularization;com.google.zxing.qrcode.decoder;680;0;0;0;
raw code;Insufficient Modularization;net.bytebuddy.dynamic.scaffold.MethodGraph;14348;0;1;1;
raw code;Insufficient Modularization;com.github.javaparser.symbolsolver.javaparsermodel.declarations;3909;1;1;1;
raw code;Insufficient Modularization;org.apache.commons.lang3.Strings;15284;1;0;0;
raw code;Insufficient Modularization;net.bytebuddy.build.gradle.android.ByteBuddyAndroidPlugin;5611;0;0;1;
raw code;Insufficient Modularization;com.google.zxing;1975;0;0;0;
raw code;Insufficient Modularization;net.bytebuddy.asm.MemberRemoval;2105;0;0;0;
raw code;Insufficient Modularization;org.jsoup.helper;1377;0;1;0;
raw code;Insufficient Modularization;net.bytebuddy.dynamic.scaffold.TypeWriter;48253;1;1;0;
raw code;Insufficient Modularization;com.github.javaparser.symbolsolver.javaparsermodel.contexts;1144;0;0;0;
raw code;Insufficient Modularization;net.bytebuddy.utility.dispatcher.JavaDispatcher;12090;0;1;1;
raw code;Insufficient Modularization;com.github.javaparser.ast.type;2086;0;0;0;
raw code;Insufficient Modularization;net.bytebuddy.utility.AsmClassWriter;4969;0;0;0;
raw code;Insufficient Modularization;org.apache.commons.lang3.mutable;3236;0;0;0;
raw code;Insufficient Modularization;net.bytebuddy.utility.privilege;570;0;0;0;
raw code;Insufficient Modularization;net.bytebuddy.agent.ByteBuddyAgent;13962;1;1;1;
raw code;Insufficient Modularization;net.bytebuddy.build.Plugin;34078;1;1;1;
raw code;Insufficient Modularization;net.bytebuddy.utility;1022;0;0;0;
raw code;Insufficient Modularization;com.github.javaparser.javasymbolsolver.javassist.symbols.main.jar;334;0;0;0;
raw code;Insufficient Modularization;net.bytebuddy.build.maven;937;1;0;0;
raw code;Insufficient Modularization;net.bytebuddy.implementation.attribute;1208;0;0;0;
raw code;Insufficient Modularization;main.Clazz;312;0;0;0;
raw code;Insufficient Modularization;net.bytebuddy.asm.MemberSubstitution;73355;1;1;1;
raw code;Insufficient Modularization;net.bytebuddy.implementation.Implementation;17484;0;1;1;
raw code;Insufficient Modularization;com.github.javaparser.printer.lexicalpreservation.ReshuffledDiffElementExtractor;3038;1;1;0;
raw code;Insufficient Modularization;net.bytebuddy.build.HashCodeAndEqualsPlugin;4804;1;1;0;
raw code;Insufficient Modularization;org.adoptopenjdk.jitwatch.ui.Dialogs;2043;1;1;0;
raw code;Insufficient Modularization;org.apache.commons.lang3.exception;661;0;0;0;
raw code;Insufficient Modularization;com.github.javaparser.metamodel;731;0;0;0;
raw code;Insufficient Modularization;com.google.zxing.datamatrix.decoder;1452;1;0;0;
raw code;Insufficient Modularization;net.bytebuddy.description.modifier;728;0;0;0;
raw code;Insufficient Modularization;net.bytebuddy.description.method.MethodDescription;15755;1;0;0;
raw code;Insufficient Modularization;net.bytebuddy.utility.dispatcher.JavaDispatcher;12091;1;1;1;
raw code;Insufficient Modularization;org.adoptopenjdk.jitwatch.parser;530;0;0;0;
raw code;Insufficient Modularization;org.apache.commons.io.output;2390;0;0;0;
raw code;Insufficient Modularization;org.adoptopenjdk.jitwatch.util;3167;1;0;0;
raw code;Insufficient Modularization;com.github.javaparser;2442;0;0;0;
raw code;Insufficient Modularization;com.google.googlejavaformat.java;2452;1;1;0;
raw code;Insufficient Modularization;net.bytebuddy.dynamic.loading;5238;1;0;1;
raw code;Insufficient Modularization;org.apache.commons.io.monitor;768;0;0;0;
raw code;Insufficient Modularization;com.github.javaparser.ast.validator.postprocessors;524;0;0;0;
raw code;Insufficient Modularization;org.apache.commons.io.output.FileWriterWithEncoding;3670;0;0;0;
raw code;Insufficient Modularization;org.apache.commons.lang3.time.FastDateParser;8922;0;1;0;
raw code;Insufficient Modularization;org.apache.commons.lang3.time;5709;0;0;0;
raw code;Insufficient Modularization;com.github.javaparser.ast.validator.language.level.validations;696;0;0;0;
raw code;Insufficient Modularization;com.google.zxing.client.result;1033;0;0;0;
raw code;Insufficient Modularization;com.google.zxing.common;4442;0;0;0;
raw code;Insufficient Modularization;net.bytebuddy.asm.MemberSubstitution;73355;0;1;1;
raw code;Insufficient Modularization;com.github.javaparser.utils.Log;1368;0;0;0;
raw code;Insufficient Modularization;com.google.gson.internal;345;0;0;0;
raw code;Insufficient Modularization;net.bytebuddy.pool.TypePool;67303;1;0;1;
raw code;Insufficient Modularization;org.adoptopenjdk.jitwatch.process.compiler;781;0;0;0;
raw code;Insufficient Modularization;(default package).InnerClassDotExpressions;427;0;0;0;
raw code;Insufficient Modularization;com.google.zxing.client.j2se;806;0;0;0;
raw code;Insufficient Modularization;net.bytebuddy.description.type;1248;0;0;0;
raw code;Insufficient Modularization;net.bytebuddy.agent.VirtualMachine;21485;1;1;1;
raw code;Insufficient Modularization;net.bytebuddy.dynamic.scaffold.TypeWriter;48255;1;0;0;
raw code;Insufficient Modularization;org.gradle.api.file;661;0;0;0;
raw code;Insufficient Modularization;com.google.common.jimfs;2122;0;0;0;
raw code;Insufficient Modularization;org.apache.commons.io.DirectoryWalker;6066;0;1;0;
raw code;Insufficient Modularization;com.google.gson;1772;0;0;0;
raw code;Insufficient Modularization;com.google.zxing.client.android.HttpHelper;1888;0;1;0;
raw code;Insufficient Modularization;net.bytebuddy.benchmark.jmh.generated.ClassByImplementationBenchmark.benchmarkJavassist;4465;1;1;0;
raw code;Insufficient Modularization;org.adoptopenjdk.jitwatch.parser.zing;2071;1;0;0;
raw code;Insufficient Modularization;org.apache.commons.io;844;0;0;0;
raw code;Insufficient Modularization;net.bytebuddy.NamingStrategy;4577;0;0;0;
raw code;Insufficient Modularization;net.bytebuddy.dynamic.scaffold.TypeWriter;48254;1;1;0;
raw code;Insufficient Modularization;net.bytebuddy.build.AccessControllerPlugin;4896;0;0;0;
raw code;Insufficient Modularization;org.jsoup.nodes;4065;1;1;0;
raw code;Insufficient Modularization;net.bytebuddy.implementation.LoadedTypeInitializer;2058;0;0;0;
raw code;Insufficient Modularization;net.bytebuddy.implementation.bind.MethodDelegationBinder;7950;0;1;1;
raw code;Insufficient Modularization;com.github.javaparser.serialization;1753;1;0;0;
raw code;Insufficient Modularization;net.bytebuddy.pool.TypePool;67305;0;0;1;
raw code;Insufficient Modularization;net.bytebuddy.matcher;650;0;0;0;
raw code;Insufficient Modularization;org.jsoup.select.Evaluator;6547;0;1;1;
raw code;Insufficient Modularization;org.apache.commons.lang3;13924;1;1;0;
raw code;Insufficient Modularization;net.bytebuddy.benchmark.ClassByExtensionBenchmark;5097;0;1;0;
raw code;Insufficient Modularization;com.github.javaparser.printer.lexicalpreservation.TextElementIteratorsFactory;1390;0;0;1;
raw code;Insufficient Modularization;com.github.javaparser.symbolsolver.resolution.typeinference;761;0;0;0;
raw code;Insufficient Modularization;com.google.zxing.client.android.history;748;0;0;0;
raw code;Insufficient Modularization;net.bytebuddy.agent.VirtualMachine;21485;0;1;0;
raw code;Insufficient Modularization;org.jsoup.select.Evaluator;6546;0;0;1;
raw code;Insufficient Modularization;net.bytebuddy.build.gradle.AbstractByteBuddyTask;5542;1;1;0;
raw code;Insufficient Modularization;net.bytebuddy.implementation.bytecode;739;0;0;0;
raw code;Insufficient Modularization;net.bytebuddy.dynamic.ClassFileLocator;16178;1;1;0;
raw code;Insufficient Modularization;net.bytebuddy.implementation.bytecode.member;763;0;0;0;
raw code;Insufficient Modularization;net.bytebuddy.implementation.attribute.MethodAttributeAppender;4007;0;0;0;
raw code;Insufficient Modularization;com.github.javaparser.ast.visitor;1759;1;0;0;
raw code;Insufficient Modularization;net.bytebuddy.build.maven.ByteBuddyMojo;11247;1;1;1;
raw code;Insufficient Modularization;com.github.javaparser.metamodel;709;0;0;0;
raw code;Insufficient Modularization;org.apache.commons.io.file;1072;0;0;0;
raw code;Insufficient Modularization;org.apache.commons.io.input;942;0;0;0;
raw code;Insufficient Modularization;net.bytebuddy.implementation;1296;0;0;0;
raw code;Insufficient Modularization;org.apache.commons.io.comparator;1046;0;0;0;
raw code;Insufficient Modularization;net.bytebuddy.description.ModifierReviewable;4655;0;0;1;
raw code;Insufficient Modularization;(default package).PolymorphismTest;601;0;1;0;
raw code;Insufficient Modularization;org.apache.commons.lang3;1645;0;0;0;
raw code;Insufficient Modularization;com.github.javaparser.ast.expr;1543;0;0;0;
raw code;Insufficient Modularization;com.google.common.jimfs.Configuration;6699;0;0;0;
raw code;Insufficient Modularization;net.bytebuddy.implementation.MethodDelegation;20309;0;1;1;
raw code;Insufficient Modularization;net.bytebuddy.benchmark.jmh.generated.SuperClassInvocationBenchmark.benchmarkByteBuddyWithProxy;4528;1;1;0;
raw code;Insufficient Modularization;net.bytebuddy.implementation.bytecode;744;0;0;0;
raw code;Insufficient Modularization;net.bytebuddy.dynamic.scaffold.TypeWriter;48253;1;0;1;
raw code;Insufficient Modularization;com.github.javaparser.symbolsolver;1995;1;1;0;
raw code;Insufficient Modularization;issue241.TypeWithMemberType;300;0;0;0;
raw code;Insufficient Modularization;com.google.common.jimfs;5342;1;1;0;
raw code;Insufficient Modularization;com.github.javaparser.utils.VisitorList;2081;0;0;0;
raw code;Insufficient Modularization;net.bytebuddy.implementation.InvokeDynamic;23888;0;1;1;
raw code;Insufficient Modularization;net.bytebuddy.dynamic.scaffold.MethodGraph;14349;0;1;1;
raw code;Insufficient Modularization;net.bytebuddy.pool.TypePool;67304;0;0;0;
raw code;Insufficient Modularization;(default package);465;0;0;0;
raw code;Insufficient Modularization;org.apache.commons.io.input;1240;0;0;0;
raw code;Insufficient Modularization;org.adoptopenjdk.jitwatch.ui.main;2737;1;1;0;
raw code;Insufficient Modularization;com.github.javaparser.symbolsolver.resolution.typeinference;3478;1;1;1;
raw code;Insufficient Modularization;org.apache.commons.lang3.concurrent;1645;0;0;0;
raw code;Insufficient Modularization;org.apache.commons.lang3.text;667;0;0;0;
raw code;Insufficient Modularization;com.google.common.jimfs;6297;1;1;0;
raw code;Insufficient Modularization;net.bytebuddy.dynamic.ClassFileLocator;16178;1;1;0;
raw code;Insufficient Modularization;net.bytebuddy.description.type.PackageDescription;1250;0;0;0;
raw code;Insufficient Modularization;org.jsoup.select.Evaluator;6546;1;1;1;
raw code;Insufficient Modularization;com.google.googlejavaformat.java.DimensionHelpers;1311;0;0;0;
raw code;Insufficient Modularization;com.github.javaparser.JavaToken;5403;0;1;0;
raw code;Insufficient Modularization;net.bytebuddy.agent.VirtualMachine;21486;0;1;1;
raw code;Insufficient Modularization;org.apache.commons.io.input;1459;0;0;0;
raw code;Insufficient Modularization;net.bytebuddy.description.type.TypeDescription;66815;1;0;0;
raw code;Insufficient Modularization;com.google.common.jimfs;1219;0;0;0;
raw code;Insufficient Modularization;com.github.javaparser.symbolsolver.cache;815;0;0;0;
raw code;Insufficient Modularization;com.github.javaparser.symbolsolver.core.resolution;580;0;0;0;
raw code;Insufficient Modularization;org.apache.commons.io;17104;1;1;1;
raw code;Insufficient Modularization;net.bytebuddy.implementation.bind.annotation.Binder;7883;0;1;1;
raw code;Insufficient Modularization;net.bytebuddy.description.type.TypeDescription;66814;1;1;0;
raw code;Insufficient Modularization;com.github.javaparser.metamodel;715;0;0;0;
raw code;Insufficient Modularization;com.google.zxing.datamatrix.decoder.Version;3095;0;0;0;
raw code;Insufficient Modularization;com.github.javaparser.resolution;500;0;0;0;
raw code;Insufficient Modularization;net.bytebuddy.dynamic.ClassFileLocator;16177;1;1;0;
raw code;Insufficient Modularization;com.github.javaparser.ast.validator.language.level.validations.chunks;697;0;0;0;
raw code;Insufficient Modularization;net.bytebuddy.pool.TypePool;67304;0;0;0;
raw code;Insufficient Modularization;net.bytebuddy.implementation.FieldAccessor;11289;0;1;1;
raw code;Insufficient Modularization;net.bytebuddy.dynamic.scaffold.TypeWriter;48253;1;1;1;
raw code;Insufficient Modularization;com.google.gson;1526;0;0;0;
raw code;Insufficient Modularization;org.apache.commons.io.output.AbstractByteArrayOutputStream;3790;0;0;0;
raw code;Insufficient Modularization;net.bytebuddy.description.modifier.ModifierContributor;2390;0;0;0;
raw code;Insufficient Modularization;org.jsoup.helper;1774;1;0;0;
raw code;Insufficient Modularization;org.apache.commons.io.input;1170;0;0;0;
raw code;Insufficient Modularization;net.bytebuddy.asm.MemberSubstitution;73357;1;1;1;
raw code;Insufficient Modularization;net.bytebuddy.description.modifier;686;0;0;0;
raw code;Insufficient Modularization;com.github.javaparser.resolution;2648;1;1;0;
raw code;Insufficient Modularization;org.apache.commons.lang3.builder;7663;1;1;0;
raw code;Insufficient Modularization;net.bytebuddy.implementation.bind.annotation.TargetMethodAnnotationDrivenBinder;5612;0;1;0;
raw code;Insufficient Modularization;net.bytebuddy.description.TypeVariableSource;1534;0;0;0;
raw code;Insufficient Modularization;com.github.javaparser;39751;1;1;1;
raw code;Insufficient Modularization;com.google.gson.internal;1416;0;0;0;
raw code;Insufficient Modularization;net.bytebuddy.implementation.bytecode;569;0;0;0;
raw code;Insufficient Modularization;net.bytebuddy.implementation.attribute.MethodAttributeAppender;4006;0;0;0;
raw code;Insufficient Modularization;com.github.javaparser.ast.stmt;1715;0;0;0;
raw code;Insufficient Modularization;com.github.javaparser.ast.type;3100;1;0;0;
raw code;Insufficient Modularization;org.jsoup.parser;557;0;0;0;
raw code;Insufficient Modularization;org.apache.commons.io.input.QueueInputStream;2315;0;0;0;
raw code;Insufficient Modularization;com.google.common.jimfs.FileFactory;1100;0;0;0;
raw code;Insufficient Modularization;net.bytebuddy.dynamic.loading;1577;0;0;0;
raw code;Insufficient Modularization;net.bytebuddy.implementation.auxiliary.TypeProxy;5780;0;1;1;
raw code;Insufficient Modularization;com.google.zxing.oned.rss.expanded.decoders;3656;1;1;0;
raw code;Insufficient Modularization;net.bytebuddy.build.Plugin;34080;1;1;0;
raw code;Insufficient Modularization;com.github.javaparser.ast.visitor;15130;1;1;1;
raw code;Insufficient Modularization;org.adoptopenjdk.jitwatch.ui.viewer;680;1;0;0;
raw code;Insufficient Modularization;org.apache.commons.lang3.text;7335;1;1;0;
raw code;Insufficient Modularization;com.google.zxing.client.android.encode;505;0;0;0;
raw code;Insufficient Modularization;com.github.javaparser.printer.concretesyntaxmodel;1252;1;0;0;
raw code;Insufficient Modularization;org.apache.commons.lang3;1916;0;0;0;
raw code;Insufficient Modularization;org.adoptopenjdk.jitwatch.ui.Dialogs;2043;0;1;0;
raw code;Insufficient Modularization;net.bytebuddy.dynamic.scaffold.inline.MethodRebaseResolver;4016;0;0;0;
raw code;Insufficient Modularization;org.apache.commons.lang3;99068;1;1;1;
raw code;Insufficient Modularization;net.bytebuddy.build.gradle.android.ByteBuddyAndroidPlugin;5611;0;1;1;
raw code;Insufficient Modularization;net.bytebuddy.asm.MemberSubstitution;73357;1;1;1;
raw code;Insufficient Modularization;com.github.javaparser.serialization.JavaParserJsonSerializer;1756;0;1;0;
raw code;Insufficient Modularization;net.bytebuddy.description.ModifierReviewable;4656;1;0;1;
raw code;Insufficient Modularization;net.bytebuddy.pool.TypePool;67307;0;0;0;
raw code;Insufficient Modularization;net.bytebuddy.description.type.TypeDescription;66814;1;0;1;
raw code;Insufficient Modularization;com.google.zxing.client.result;1772;0;0;0;
raw code;Insufficient Modularization;net.bytebuddy.dynamic.DynamicType;63018;1;1;1;
raw code;Insufficient Modularization;org.apache.commons.lang3.tuple;1828;0;0;0;
raw code;Insufficient Modularization;org.apache.commons.lang3.time.StopWatch;6134;0;0;0;
raw code;Insufficient Modularization;com.google.googlejavaformat.Newlines;1498;0;0;0;
raw code;Insufficient Modularization;org.apache.commons.lang3.function;569;0;0;0;
raw code;Insufficient Modularization;net.bytebuddy.matcher;705;0;0;0;
raw code;Insufficient Modularization;com.github.javaparser.symbolsolver.javaparsermodel.contexts;964;0;0;0;
raw code;Insufficient Modularization;org.apache.commons.lang3.ThreadUtils;5388;1;1;0;
raw code;Insufficient Modularization;org.jsoup.Connection;9964;0;1;1;
raw code;Insufficient Modularization;net.bytebuddy.dynamic.loading.ClassInjector;23483;1;1;1;
raw code;Insufficient Modularization;foo;285;0;0;0;
raw code;Insufficient Modularization;com.github.javaparser;3787;1;1;1;
raw code;Insufficient Modularization;net.bytebuddy.build.CachedReturnPlugin;3838;1;1;1;
raw code;Insufficient Modularization;com.google.gson;16453;1;0;1;
raw code;Insufficient Modularization;net.bytebuddy.build.gradle.android;5606;1;1;1;
raw code;Insufficient Modularization;com.google.zxing.aztec.encoder;597;0;0;0;
raw code;Insufficient Modularization;net.bytebuddy.build.gradle.android;2427;0;0;0;
raw code;Insufficient Modularization;org.apache.commons.io.filefilter;1569;0;0;0;
raw code;Insufficient Modularization;org.apache.commons.io.file.SimplePathVisitor;1074;0;0;0;
raw code;Insufficient Modularization;net.bytebuddy.asm.MemberSubstitution;73355;1;1;1;
raw code;Insufficient Modularization;net.bytebuddy.dynamic.scaffold.FieldRegistry;2722;0;0;0;
raw code;Insufficient Modularization;org.apache.commons.io.file.Counters;2493;1;0;0;
raw code;Insufficient Modularization;net.bytebuddy.description.ByteCodeElement;1886;0;0;0;
raw code;Insufficient Modularization;net.bytebuddy.build.Plugin;34080;0;0;0;
raw code;Insufficient Modularization;com.google.zxing.client.j2se;719;0;0;0;
raw code;Insufficient Modularization;com.google.common.jimfs;6697;1;0;0;
raw code;Insufficient Modularization;net.bytebuddy.implementation.bytecode.ByteCodeAppender;1810;0;0;0;
raw code;Insufficient Modularization;com.google.zxing.client.android.history;1434;1;0;0;
raw code;Insufficient Modularization;(default package).MegamorphicBypass;580;0;1;0;
raw code;Insufficient Modularization;net.bytebuddy.implementation.attribute.MethodAttributeAppender;4005;0;0;0;
raw code;Insufficient Modularization;net.bytebuddy.dynamic.scaffold.FieldRegistry;2721;0;0;0;
raw code;Insufficient Modularization;net.bytebuddy.description.type.TypeDescription;66814;0;1;1;
raw code;Insufficient Modularization;org.apache.commons.io.input;1398;0;0;0;
raw code;Insufficient Modularization;net.bytebuddy.implementation.InvokeDynamic;23886;1;1;1;
raw code;Insufficient Modularization;net.bytebuddy.benchmark.jmh.generated.ClassByExtensionBenchmark.benchmarkByteBuddyWithProxyAndReusedDelegatorWithTypePool;4717;1;1;0;
raw code;Insufficient Modularization;com.google.zxing.pdf417.decoder;642;0;0;0;
raw code;Insufficient Modularization;org.apache.commons.io.input;2802;0;0;0;
raw code;Insufficient Modularization;org.adoptopenjdk.jitwatch.model;1030;0;0;0;
raw code;Insufficient Modularization;com.google.gson;4151;0;0;0;
raw code;Insufficient Modularization;net.bytebuddy.dynamic.loading.ModuleLayerFromSingleClassLoaderDecorator;5029;1;1;1;
raw code;Insufficient Modularization;net.bytebuddy.description.annotation.AnnotationValue;20734;1;1;1;
raw code;Insufficient Modularization;org.apache.commons.lang3.time.FastDatePrinter;10899;0;0;0;
raw code;Insufficient Modularization;org.apache.commons.lang3.time.FastDateParser;8922;0;1;1;
raw code;Insufficient Modularization;net.bytebuddy.implementation.bytecode.collection;638;0;0;0;
raw code;Insufficient Modularization;org.apache.commons.io.function;737;0;0;0;
raw code;Insufficient Modularization;org.adoptopenjdk.jitwatch.demo;3158;1;1;1;
raw code;Insufficient Modularization;org.apache.commons.io.function;657;0;0;0;
raw code;Insufficient Modularization;com.github.javaparser.ast.body;2532;0;0;0;
raw code;Insufficient Modularization;com.github.javaparser.metamodel;1961;0;0;0;
raw code;Insufficient Modularization;net.bytebuddy.implementation.MethodCall;25997;0;1;1;
raw code;Insufficient Modularization;com.google.zxing.client.android;974;0;0;0;
raw code;Insufficient Modularization;net.bytebuddy.matcher.CachingMatcher;1261;0;0;0;
raw code;Insufficient Modularization;com.google.common.jimfs;957;0;0;0;
raw code;Insufficient Modularization;com.github.javaparser.ast.visitor;7228;1;0;1;
raw code;Insufficient Modularization;net.bytebuddy.asm.MemberSubstitution;73356;1;1;1;
raw code;Insufficient Modularization;net.bytebuddy.build.gradle.ObjectFactory;1362;0;0;0;
raw code;Insufficient Modularization;org.apache.commons.lang3.time.FastDatePrinter;10900;0;1;0;
raw code;Insufficient Modularization;net.bytebuddy.benchmark.jmh.generated.ClassByImplementationBenchmark.baseline;4381;1;1;0;
raw code;Insufficient Modularization;net.bytebuddy.asm.MemberSubstitution;73357;1;1;1;
raw code;Insufficient Modularization;com.google.gson.internal.sql;948;0;0;0;
raw code;Insufficient Modularization;com.github.javaparser.metamodel;704;0;0;0;
raw code;Insufficient Modularization;com.github.javaparser.symbolsolver.javaparsermodel.declarations.JavaParserEnumDeclaration;4515;0;1;0;
raw code;Insufficient Modularization;org.apache.commons.io.input;5127;1;1;0;
raw code;Insufficient Modularization;foo;291;0;0;0;
raw code;Insufficient Modularization;net.bytebuddy.implementation.FieldAccessor;11291;1;1;1;
raw code;Unstable Dependency;org.adoptopenjdk.jitwatch.ui.compilechain;82305;0;1;1;
raw code;Unstable Dependency;org.adoptopenjdk.jitwatch.jarscan.freqinlinesize;75987;0;1;0;
raw code;Unstable Dependency;org.adoptopenjdk.jitwatch.model.assembly;96053;1;1;0;
raw code;Unstable Dependency;org.adoptopenjdk.jitwatch.model.assembly.arm;22399;1;0;0;
raw code;Unstable Dependency;com.github.javaparser.symbolsolver.cache;5207;0;0;0;
raw code;Unstable Dependency;org.adoptopenjdk.jitwatch.ui.report.suggestion;4492;1;1;0;
raw code;Unstable Dependency;org.adoptopenjdk.jitwatch.logger;36109;0;0;0;
raw code;Unstable Dependency;javaparser;1223;0;0;0;
raw code;Unstable Dependency;foo;804;0;0;0;
raw code;Unstable Dependency;org.adoptopenjdk.jitwatch.process.compiler;13175;0;0;0;
raw code;Unstable Dependency;org.adoptopenjdk.jitwatch.inline;5611;0;1;0;
raw code;Unstable Dependency;implements.duplicate;317;0;0;0;
raw code;Unstable Dependency;com.google.zxing.web.generator.client;15564;0;0;0;
raw code;Unstable Dependency;com.google.zxing.client.android.result.supplement;4081;1;1;0;
raw code;Unstable Dependency;com.google.gson.extras.examples.rawcollections;82514;0;0;0;
raw code;Unstable Dependency;org.adoptopenjdk.jitwatch.ui.nmethod.compilerthread;16042;1;1;0;
raw code;Unstable Dependency;org.adoptopenjdk.jitwatch.ui.compilationchooser;70791;1;1;0;
raw code;Unstable Dependency;com.google.zxing.maxicode;1227;0;0;0;
raw code;Unstable Dependency;org.adoptopenjdk.jitwatch.report.escapeanalysis;49826;0;1;0;
raw code;Unstable Dependency;com.github.javaparser.ast.nodeTypes.modifiers;3004;0;0;0;
raw code;Unstable Dependency;org.adoptopenjdk.jitwatch.jarscan.sequencecount;1858;1;1;0;
raw code;Unstable Dependency;com.google.zxing.oned.rss;6948;0;1;0;
raw code;Unstable Dependency;org.adoptopenjdk.jitwatch.chain;62972;0;1;0;
raw code;Unstable Dependency;org.gradle.work;1000;1;0;0;
raw code;Unstable Dependency;com.google.zxing.integration.android;5139;1;1;0;
raw code;Unstable Dependency;demo;2102;0;1;0;
raw code;Unstable Dependency;com.google.zxing.datamatrix.decoder;85385;0;1;0;
raw code;Unstable Dependency;org.adoptopenjdk.jitwatch.jarscan.invokecount;49717;1;1;0;
raw code;Unstable Dependency;foo.bar.differentpackage;633;0;1;1;
raw code;Unstable Dependency;org.adoptopenjdk.jitwatch.ui.browser;490;0;1;0;
raw code;Unstable Dependency;org.adoptopenjdk.jitwatch.report.suggestion;85573;0;1;0;
raw code;Unstable Dependency;net.bytebuddy.benchmark.runner;796;0;1;0;
raw code;Unstable Dependency;box;283;0;0;0;
raw code;Unstable Dependency;org.adoptopenjdk.jitwatch.ui.toplist;80397;1;1;0;
raw code;Unstable Dependency;org.adoptopenjdk.jitwatch.intrinsic;58951;0;1;0;
raw code;Unstable Dependency;org.adoptopenjdk.jitwatch.parser.zing;4452;0;1;0;
raw code;Unstable Dependency;net.bytebuddy.benchmark.specimen;32882;0;0;0;
raw code;Unstable Dependency;com.google.zxing.aztec;94103;1;1;0;
raw code;Unstable Dependency;bar;255;0;1;1;
raw code;Unstable Dependency;org.adoptopenjdk.jitwatch.ui;81971;1;1;1;
raw code;Unstable Dependency;com.google.zxing.multi.qrcode.detector;6355;0;1;0;
raw code;Unstable Dependency;com.packageName;15849;0;0;0;
raw code;Unstable Dependency;org.adoptopenjdk.jitwatch.ui.filechooser;62061;0;1;0;
raw code;Unstable Dependency;org.adoptopenjdk.jitwatch.hotthrow;2636;1;1;0;
raw code;Unstable Dependency;com.google.gson.internal.bind.util;86582;0;1;0;
raw code;Unstable Dependency;org.adoptopenjdk.jitwatch.ui.report.eliminatedallocation;31692;0;1;0;
raw code;Unstable Dependency;org.gradle.api.file;77730;1;0;0;
raw code;Unstable Dependency;org.adoptopenjdk.jitwatch.jarscan.methodsizehisto;51515;0;1;0;
raw code;Unstable Dependency;com.example;14543;0;1;0;
raw code;Unstable Dependency;package.b;254;0;0;0;
raw code;Unstable Dependency;org.adoptopenjdk.jitwatch.report;49154;0;1;0;
raw code;Unstable Dependency;main;1233;0;1;0;
raw code;Unstable Dependency;com.google.zxing.client.android.share;71531;0;1;0;
raw code;Unstable Dependency;com.google.gson.protobuf;93494;0;1;0;
raw code;Unstable Dependency;com.google.zxing.aztec.detector;92988;1;1;0;
raw code;Unstable Dependency;org.adoptopenjdk.jitwatch.process.runtime;4052;1;1;0;
raw code;Unstable Dependency;org.adoptopenjdk.jitwatch.jarscan.nextinstruction;26964;0;1;0;
raw code;Unstable Dependency;org.adoptopenjdk.jitwatch.demo;3128;0;1;0;
raw code;Unstable Dependency;(default package);15499;0;1;0;
raw code;Unstable Dependency;org.adoptopenjdk.jitwatch.jarscan.allocationcount;25569;0;1;0;
raw code;Unstable Dependency;com.google.zxing.pdf417.decoder.ec;92876;1;1;0;
raw code;Unstable Dependency;com.github.javaparser.symbolsolver.reflectionmodel.comparators;1447;0;1;0;
raw code;Unstable Dependency;com.github.javaparser.javasymbolsolver.javassist.symbols.main.jar;1600;1;0;1;
raw code;Unstable Dependency;org.adoptopenjdk.jitwatch.ui.stage;88797;1;1;0;
raw code;Unstable Dependency;com.service.usage2;422;0;1;0;
raw code;Unstable Dependency;com.foo.base;291;0;0;0;
raw code;Unstable Dependency;org.adoptopenjdk.jitwatch.ui.report.locks;31694;0;1;0;
raw code;Unstable Dependency;org.adoptopenjdk.jitwatch.jarscan.visualiser;26263;0;1;0;
raw code;Unstable Dependency;com.github.javaparser.testpackage;284;0;0;0;
raw code;Unstable Dependency;com.service.usage;419;0;1;0;
raw code;Unstable Dependency;org.apache.commons.io.file.spi;1082;0;0;0;
raw code;Unstable Dependency;com.google.zxing.aztec.decoder;12974;0;1;0;
raw code;Unstable Dependency;another;328;0;0;0;
raw code;Unstable Dependency;org.adoptopenjdk.jitwatch.ui.report;94223;1;1;1;
raw code;Unstable Dependency;groovy.transform.builder;3743;0;0;0;
raw code;Unstable Dependency;com.github.javaparser.javasymbolsolver.javassist.symbols.included.jar;369;0;0;0;
raw code;Unstable Dependency;org.adoptopenjdk.jitwatch.compilation.codecache;52942;0;1;0;
raw code;Unstable Dependency;issue1945.interfaces;475;0;1;0;
raw code;Unstable Dependency;com.google.zxing.client.android.history;87940;1;1;0;
raw code;Unstable Dependency;com.github.javaparser.wiki.samples;306;0;0;0;
raw code;Unstable Dependency;com.google.zxing.client.android.clipboard;53005;0;1;0;
raw code;Unstable Dependency;org.adoptopenjdk.jitwatch.ui.resize;16975;0;0;0;
raw code;Unstable Dependency;com.github.javaparser.resolution.promotion;455;0;1;0;
raw code;Unstable Dependency;org.adoptopenjdk.jitwatch.ui.viewer;90715;1;1;0;
raw code;Unstable Dependency;a.b.c;536;1;1;1;
raw code;Unstable Dependency;com.github.javaparser.storage;265;0;0;0;
raw code;Unstable Dependency;org.adoptopenjdk.jitwatch.treevisitor;709;0;1;0;
raw code;Unstable Dependency;org.apache.commons.lang3.event;67193;0;1;0;
raw code;Unstable Dependency;com.google.zxing.multi.qrcode;55440;0;0;0;
raw code;Unstable Dependency;org.adoptopenjdk.jitwatch.ui.parserchooser;624;0;1;0;
raw code;Unstable Dependency;org.adoptopenjdk.jitwatch.histo;42372;0;1;0;
raw code;Unstable Dependency;org.adoptopenjdk.jitwatch.toplist;66694;1;1;0;
raw code;Unstable Dependency;org.adoptopenjdk.jitwatch.model.assembly.x86;3305;1;0;0;
raw code;Unstable Dependency;com.github.javaparser.symbolsolver.declarations.common;1222;0;1;0;
raw code;Unstable Dependency;org.adoptopenjdk.jitwatch.process.javap;2056;1;1;0;
raw code;Unstable Dependency;com.google.zxing.client.android.camera;11118;1;1;0;
raw code;Unstable Dependency;com.google.zxing.pdf417.detector;89093;0;0;0;
raw code;Unstable Dependency;a;453;0;1;0;
raw code;Unstable Dependency;issue241;291;0;0;0;
raw code;Unstable Dependency;com.google.zxing.client.android.camera.open;12351;1;0;0;
metrics;God Component;org.apache.commons.lang3.concurrent.locks;1564;1;0;0;
metrics;God Component;org.apache.commons.io.channels;853;0;0;0;
metrics;God Component;org.apache.commons.lang3.math;698;1;0;1;
metrics;God Component;com.github.javaparser.printer.concretesyntaxmodel;3641;0;0;0;
metrics;God Component;com.google.zxing.maxicode;521;0;0;0;
metrics;God Component;japa.bdd.samples;1992;1;0;1;
metrics;God Component;com.google.zxing.client.android.camera;1370;1;0;0;
metrics;God Component;com.github.javaparser.generator.core.visitor;3405;0;0;0;
metrics;God Component;com.google.zxing.qrcode;745;0;0;0;
metrics;God Component;org.adoptopenjdk.jitwatch.ui.triview.bytecode;1004;1;0;0;
metrics;God Component;japa.parser.comments;428;0;0;0;
metrics;God Component;net.bytebuddy.implementation.bytecode.assign;1377;0;0;0;
metrics;God Component;org.adoptopenjdk.jitwatch.process.runtime;1382;0;0;0;
metrics;God Component;demo;1251;0;0;0;
metrics;God Component;com.github.javaparser.symbolsolver.declarations.common;620;0;0;0;
metrics;God Component;com.github.javaparser.ast.type;4385;1;0;0;
metrics;God Component;com.google.zxing.multi.qrcode.detector;872;0;0;0;
metrics;God Component;net.bytebuddy.implementation.bytecode;4675;0;0;0;
metrics;God Component;org.apache.commons.io.function;5325;1;0;0;
metrics;God Component;com.google.zxing.client.result;5618;1;0;0;
metrics;God Component;com.google.zxing;3490;0;0;0;
metrics;God Component;issue1945.interfaces;726;0;0;0;
metrics;God Component;com.example;4519;1;0;0;
metrics;God Component;org.adoptopenjdk.jitwatch.ui.nmethod.compilerthread;886;1;1;1;
metrics;God Component;com.github.javaparser.printer.configuration;1700;0;0;0;
metrics;God Component;com.github.javaparser.symbolsolver.reflectionmodel;4808;1;0;0;
metrics;God Component;com.github.javaparser.generator.core.utils;457;0;0;0;
metrics;God Component;box;415;0;0;0;
metrics;God Component;org.apache.commons.io.output;7509;1;1;0;
metrics;God Component;org.apache.commons.lang3.mutable;1457;0;0;0;
metrics;God Component;com.github.javaparser.symbolsolver.resolution;850;0;0;0;
metrics;God Component;another;1109;0;0;0;
metrics;God Component;issue1945.main;462;0;0;0;
metrics;God Component;org.adoptopenjdk.jitwatch.process.javap;601;0;0;0;
metrics;God Component;org.adoptopenjdk.jitwatch.jarscan.sequencecount;671;0;0;0;
metrics;God Component;com.github.javaparser.symbolsolver.javaparsermodel.contexts;10148;1;1;0;
metrics;God Component;org.jsoup.examples;869;0;0;0;
metrics;God Component;com.github.javaparser.symbolsolver.javassistmodel;4525;1;0;0;
metrics;God Component;com.google.googlejavaformat;4579;1;0;0;
metrics;God Component;org.adoptopenjdk.jitwatch.jvmlang;713;0;0;0;
metrics;God Component;org.adoptopenjdk.jitwatch.hotthrow;789;0;0;0;
metrics;God Component;com.google.gson.internal.reflect;845;1;0;0;
metrics;God Component;com.github.javaparser.resolution.declarations;3798;1;0;0;
metrics;God Component;com.github.javaparser.ast.validator;1983;0;0;0;
metrics;God Component;com.google.zxing.client.android.wifi;583;1;0;0;
metrics;God Component;com.google.zxing.client.android;4990;1;0;0;
metrics;God Component;com.google.zxing.oned.rss;1240;0;0;0;
metrics;God Component;main;3869;0;0;0;
metrics;God Component;org.adoptopenjdk.jitwatch.inline;814;0;0;0;
metrics;God Component;com.github.javaparser.resolution.promotion;456;0;0;0;
metrics;God Component;com.google.zxing.aztec.decoder;823;1;1;1;
metrics;God Component;org.apache.commons.lang3.tuple;1127;0;0;0;
metrics;God Component;org.apache.commons.io.monitor;1390;0;0;0;
metrics;God Component;org.adoptopenjdk.jitwatch.ui.parserchooser;621;0;0;0;
metrics;God Component;implements.duplicate;716;0;0;0;
metrics;God Component;com.google.zxing.common;2616;1;1;0;
metrics;God Component;com.github.javaparser.printer.lexicalpreservation;7731;1;1;0;
metrics;God Component;org.jsoup.safety;1556;1;0;0;
metrics;God Component;com.google.googlejavaformat.java.javadoc;1759;1;0;0;
metrics;God Component;com.github.javaparser.ast.stmt;6781;1;0;1;
metrics;God Component;org.gradle.work;696;0;0;0;
metrics;God Component;net.bytebuddy.implementation.bytecode.assign.primitive;2754;1;0;0;
metrics;God Component;foo;2226;0;0;0;
metrics;God Component;com.github.javaparser.printer;5347;1;1;1;
metrics;God Component;com.github.javaparser.symbolsolver;1496;1;1;0;
metrics;God Component;org.adoptopenjdk.jitwatch.core;1725;1;1;1;
metrics;God Component;org.apache.commons.io.charset;546;0;0;0;
metrics;God Component;issue241;555;0;0;0;
metrics;God Component;com.github.javaparser.symbolsolver.resolution.typesolvers;2302;1;0;0;
metrics;God Component;(default package);13835;0;0;0;
metrics;God Component;net.bytebuddy.dynamic.scaffold.inline;5116;1;0;0;
metrics;God Component;com.google.gson.internal.sql;1003;0;0;0;
metrics;God Component;com.google.gson;4989;1;0;0;
metrics;God Component;com.google.gson.reflect;442;0;1;0;
metrics;God Component;org.adoptopenjdk.jitwatch.parser.zing;925;1;0;0;
metrics;God Component;com.google.zxing.oned;5480;1;1;0;
metrics;God Component;com.google.gson.stream;981;1;0;1;
metrics;God Component;com.google.gson.internal.bind;5522;1;1;1;
metrics;God Component;org.adoptopenjdk.jitwatch.treevisitor;635;0;0;0;
metrics;God Component;org.adoptopenjdk.jitwatch.compilation;1138;0;0;0;
metrics;God Component;org.adoptopenjdk.jitwatch.report.locks;509;0;0;0;
metrics;God Component;org.adoptopenjdk.jitwatch.ui.browser;453;0;0;0;
metrics;God Component;com.github.javaparser.metamodel;19348;1;1;1;
metrics;God Component;com.github.javaparser.symbolsolver.cache;906;0;0;0;
metrics;God Component;com.github.javaparser.quality;428;0;0;0;
metrics;God Component;com.github.javaparser.symbolsolver.reflectionmodel.comparators;794;0;0;0;
metrics;God Component;com.google.gson.internal;4331;1;0;0;
metrics;God Component;com.github.javaparser.symbolsolver.resolution.naming;1129;1;0;1;
metrics;God Component;com.google.zxing.client.android.result.supplement;1204;0;0;0;
metrics;God Component;org.adoptopenjdk.jitwatch.model.assembly.x86;803;0;0;0;
metrics;God Component;org.apache.commons.lang3.compare;691;0;0;0;
metrics;God Component;com.google.zxing.client.j2se;2217;1;0;0;
metrics;God Component;com.github.javaparser.javadoc.description;1081;0;0;0;
metrics;God Component;net.bytebuddy.build.gradle;6568;1;0;1;
metrics;God Component;org.jsoup.helper;4258;1;1;1;
metrics;God Component;com.google.zxing.oned.rss.expanded;1093;1;1;1;
metrics;God Component;com.google.zxing.qrcode.encoder;2108;1;0;0;
metrics;God Component;com.google.zxing.pdf417;1048;0;0;0;
metrics;God Component;net.bytebuddy.description.modifier;4104;0;0;0;
metrics;God Component;com.github.javaparser.resolution.types;2507;1;0;0;
metrics;Insufficient Modularization;com.github.javaparser.symbolsolver.javaparsermodel.contexts;495;1;0;0;
metrics;Insufficient Modularization;net.bytebuddy.dynamic.DynamicType;348;0;1;0;
metrics;Insufficient Modularization;com.packageName;338;0;0;0;
metrics;Insufficient Modularization;net.bytebuddy.description.type.TypeList;368;0;0;0;
metrics;Insufficient Modularization;net.bytebuddy.description.type.RecordComponentDescription;355;0;0;0;
metrics;Insufficient Modularization;org.apache.commons.io;327;1;1;1;
metrics;Insufficient Modularization;net.bytebuddy.implementation.bind.MethodDelegationBinder;350;0;1;0;
metrics;Insufficient Modularization;com.google.zxing;330;0;0;0;
metrics;Insufficient Modularization;net.bytebuddy.dynamic.scaffold.inline;478;1;1;1;
metrics;Insufficient Modularization;net.bytebuddy.implementation.bytecode.assign.primitive.PrimitiveUnboxingDelegate;370;0;0;0;
metrics;Insufficient Modularization;(default package);320;0;0;0;
metrics;Insufficient Modularization;net.bytebuddy;387;1;1;0;
metrics;Insufficient Modularization;net.bytebuddy.implementation.MethodCall;399;0;0;0;
metrics;Insufficient Modularization;org.apache.commons.io.input;342;1;0;0;
metrics;Insufficient Modularization;net.bytebuddy.dynamic.scaffold;404;1;0;0;
metrics;Insufficient Modularization;org.apache.commons.io.input.ObservableInputStream;329;0;0;0;
metrics;Insufficient Modularization;demo.Main;350;0;0;0;
metrics;Insufficient Modularization;com.google.zxing.oned;379;1;1;1;
metrics;Insufficient Modularization;org.apache.commons.io.output;355;1;1;0;
metrics;Insufficient Modularization;net.bytebuddy.implementation.ToStringMethod;346;0;0;0;
metrics;Insufficient Modularization;net.bytebuddy.dynamic.NexusAccessor;343;0;1;0;
metrics;Insufficient Modularization;com.google.common.jimfs.BasicAttributeProvider;332;0;0;0;
metrics;Insufficient Modularization;com.google.zxing.qrcode.decoder;378;1;1;1;
metrics;Insufficient Modularization;org.apache.commons.io.file;399;1;1;1;
metrics;Insufficient Modularization;com.google.gson.internal.bind.CollectionTypeAdapterFactory;353;0;0;0;
metrics;Insufficient Modularization;org.apache.commons.lang3.compare;341;0;1;0;
metrics;Insufficient Modularization;com.google.zxing.client.android;324;1;1;0;
metrics;Insufficient Modularization;org.apache.commons.lang3.concurrent;330;0;0;0;
metrics;Insufficient Modularization;net.bytebuddy.asm.AsmVisitorWrapper;351;0;0;0;
metrics;Insufficient Modularization;org.adoptopenjdk.jitwatch.toplist;427;0;0;0;
metrics;Insufficient Modularization;net.bytebuddy.description.modifier;351;0;0;0;
metrics;Insufficient Modularization;net.bytebuddy.description.method.ParameterList;343;0;0;0;
metrics;Insufficient Modularization;net.bytebuddy.benchmark.jmh.generated.SuperClassInvocationBenchmark.benchmarkByteBuddyWithPrefix;4528;1;1;0;
metrics;Insufficient Modularization;com.google.zxing.oned.rss.expanded.decoders;350;0;0;0;
metrics;Insufficient Modularization;com.github.javaparser.symbolsolver.utils;340;0;0;0;
metrics;Insufficient Modularization;org.apache.commons.lang3.event;342;0;1;0;
metrics;Insufficient Modularization;org.apache.commons.lang3.Strings;326;0;0;0;
metrics;Insufficient Modularization;com.google.zxing.web;331;1;0;0;
metrics;Insufficient Modularization;net.bytebuddy.asm.MemberSubstitution;394;1;1;1;
metrics;Insufficient Modularization;net.bytebuddy.implementation.bytecode.member;392;0;0;0;
metrics;Insufficient Modularization;net.bytebuddy.description.method.ParameterList;354;0;0;0;
metrics;Insufficient Modularization;com.github.javaparser.utils;357;0;0;0;
metrics;Insufficient Modularization;org.gradle.api.tasks;335;0;0;0;
metrics;Insufficient Modularization;org.apache.commons.io.input;347;0;0;0;
metrics;Insufficient Modularization;net.bytebuddy.implementation.auxiliary.TypeProxy;398;0;1;0;
metrics;Insufficient Modularization;org.jsoup.helper.AuthenticationHandler;322;0;0;0;
metrics;Insufficient Modularization;net.bytebuddy.implementation.InvokeDynamic;365;0;0;0;
metrics;Insufficient Modularization;com.github.javaparser.resolution.logic;402;1;0;1;
metrics;Insufficient Modularization;com.github.javaparser.ast.modules;443;1;0;0;
metrics;Insufficient Modularization;net.bytebuddy.matcher.LatentMatcher;356;0;0;0;
metrics;Insufficient Modularization;net.bytebuddy.dynamic.DynamicType;380;0;0;0;
metrics;Insufficient Modularization;net.bytebuddy.implementation.auxiliary.TypeProxy;359;1;0;0;
metrics;Insufficient Modularization;com.google.googlejavaformat.java.JavacTokens;333;0;0;0;
metrics;Insufficient Modularization;com.github.javaparser.ast.body;524;1;1;1;
metrics;Insufficient Modularization;org.apache.commons.lang3.concurrent.EventCountCircuitBreaker;334;0;0;0;
metrics;Insufficient Modularization;net.bytebuddy.description.annotation.AnnotationValue;336;1;1;1;
metrics;Insufficient Modularization;net.bytebuddy.utility.GraalImageCode;346;0;0;0;
metrics;Insufficient Modularization;net.bytebuddy.asm.MemberSubstitution;464;0;0;0;
metrics;Insufficient Modularization;net.bytebuddy.pool.TypePool;359;1;1;0;
metrics;Insufficient Modularization;net.bytebuddy.build.AccessControllerPlugin;343;0;1;0;
metrics;Insufficient Modularization;net.bytebuddy.pool.TypePool;350;0;0;0;
metrics;Insufficient Modularization;org.apache.commons.lang3.mutable;326;0;0;0;
metrics;Insufficient Modularization;net.bytebuddy.build.gradle;355;0;0;0;
metrics;Insufficient Modularization;net.bytebuddy.build.Plugin;331;0;0;0;
metrics;Insufficient Modularization;net.bytebuddy.description.TypeVariableSource;361;0;0;0;
metrics;Insufficient Modularization;org.adoptopenjdk.jitwatch.model.assembly;364;1;1;1;
metrics;Insufficient Modularization;org.tensorflow.op;347;1;1;1;
metrics;Insufficient Modularization;net.bytebuddy.build.AccessControllerPlugin;344;0;0;0;
metrics;Insufficient Modularization;net.bytebuddy.agent.ByteBuddyAgent;334;0;1;0;
metrics;Insufficient Modularization;net.bytebuddy.dynamic.scaffold.TypeWriter;679;1;1;1;
metrics;Insufficient Modularization;net.bytebuddy.implementation.auxiliary.TypeProxy;391;0;0;0;
metrics;Insufficient Modularization;com.google.zxing.client.android.encode.MECARDContactEncoder;338;0;0;0;
metrics;Insufficient Modularization;org.apache.commons.lang3.text.StrBuilder;330;0;0;0;
metrics;Insufficient Modularization;com.github.javaparser.symbolsolver.resolution.typeinference;664;1;1;1;
metrics;Insufficient Modularization;net.bytebuddy.pool.TypePool;391;1;1;1;
metrics;Insufficient Modularization;com.github.javaparser.metamodel;339;0;0;0;
metrics;Insufficient Modularization;org.jsoup.safety;390;0;1;1;
metrics;Insufficient Modularization;net.bytebuddy.implementation.bytecode.member.FieldAccess;351;0;0;0;
metrics;Insufficient Modularization;a.b.c;349;0;0;0;
metrics;Insufficient Modularization;net.bytebuddy.description.type;387;0;0;0;
metrics;Insufficient Modularization;net.bytebuddy.pool.TypePool;369;1;1;1;
metrics;Insufficient Modularization;net.bytebuddy.agent.ByteBuddyAgent;334;0;1;0;
metrics;Insufficient Modularization;net.bytebuddy.dynamic.ClassFileLocator;337;0;0;0;
metrics;Insufficient Modularization;com.github.javaparser.metamodel;349;0;0;0;
metrics;Insufficient Modularization;net.bytebuddy.implementation.bytecode.constant;423;0;0;0;
metrics;Insufficient Modularization;net.bytebuddy.agent.VirtualMachine;332;1;1;1;
metrics;Insufficient Modularization;org.apache.commons.lang3.exception;356;0;0;0;
metrics;Insufficient Modularization;com.google.zxing.datamatrix.encoder;394;1;1;1;
metrics;Insufficient Modularization;com.google.gson;336;0;0;0;
metrics;Insufficient Modularization;org.apache.commons.io.file.CountingPathVisitor;329;0;0;0;
metrics;Insufficient Modularization;net.bytebuddy.description.field.FieldDescription;354;0;0;0;
metrics;Insufficient Modularization;net.bytebuddy.asm.MemberSubstitution;374;0;0;0;
metrics;Insufficient Modularization;com.github.javaparser.printer;372;0;0;0;
metrics;Insufficient Modularization;com.github.javaparser.metamodel;339;0;0;0;
metrics;Insufficient Modularization;com.google.zxing.common;337;1;1;0;
metrics;Insufficient Modularization;com.google.common.jimfs.UserLookupService;332;0;0;0;
metrics;Insufficient Modularization;com.google.zxing.pdf417.decoder;352;0;0;0;
metrics;Insufficient Modularization;net.bytebuddy.implementation.attribute.AnnotationAppender;346;0;0;0;
metrics;Insufficient Modularization;com.google.zxing.common.reedsolomon;362;0;0;0;
metrics;Insufficient Modularization;net.bytebuddy.dynamic;362;1;1;0;
metrics;Insufficient Modularization;com.google.zxing.oned.rss.expanded.decoders.FieldParser;341;0;0;0;
metrics;Insufficient Modularization;net.bytebuddy.description.method.MethodDescription;397;1;1;0;
metrics;Insufficient Modularization;net.bytebuddy.implementation.bytecode.constant.MethodConstant;350;0;0;0;
metrics;Insufficient Modularization;net.bytebuddy.implementation.Implementation;372;0;0;0;
metrics;Insufficient Modularization;net.bytebuddy.description.method.MethodDescription;353;0;1;0;
metrics;Insufficient Modularization;org.jsoup.helper;332;0;0;0;
metrics;Insufficient Modularization;com.github.javaparser.ast.visitor;1574;1;1;1;
metrics;Insufficient Modularization;com.github.javaparser.ast.Node;335;0;0;0;
metrics;Insufficient Modularization;com.github.javaparser.javadoc.JavadocBlockTag;339;0;0;0;
metrics;Insufficient Modularization;org.adoptopenjdk.jitwatch.ui.report;337;0;0;0;
metrics;Insufficient Modularization;net.bytebuddy.description.type.TypeDescription;345;0;0;0;
metrics;Insufficient Modularization;com.github.javaparser.resolution.logic;596;1;1;1;
metrics;Insufficient Modularization;org.apache.commons.io.output;337;1;0;0;
metrics;Insufficient Modularization;com.github.javaparser.symbolsolver.javassistmodel;479;0;0;0;
metrics;Insufficient Modularization;net.bytebuddy.dynamic.loading.ClassLoadingStrategy;388;0;0;0;
metrics;Insufficient Modularization;org.adoptopenjdk.jitwatch.ui.nmethod;393;0;1;1;
metrics;Insufficient Modularization;com.google.zxing.qrcode.decoder;330;0;0;0;
metrics;Insufficient Modularization;net.bytebuddy.dynamic.scaffold.MethodGraph;373;0;0;0;
metrics;Insufficient Modularization;com.github.javaparser.symbolsolver.javaparsermodel.declarations;609;1;1;1;
metrics;Insufficient Modularization;org.apache.commons.lang3.Strings;326;0;0;0;
metrics;Insufficient Modularization;net.bytebuddy.build.gradle.android.ByteBuddyAndroidPlugin;348;0;0;0;
metrics;Insufficient Modularization;com.google.zxing;324;0;0;0;
metrics;Insufficient Modularization;net.bytebuddy.asm.MemberRemoval;360;0;0;0;
metrics;Insufficient Modularization;org.jsoup.helper;344;1;0;0;
metrics;Insufficient Modularization;net.bytebuddy.dynamic.scaffold.TypeWriter;367;1;0;0;
metrics;Insufficient Modularization;com.github.javaparser.symbolsolver.javaparsermodel.contexts;389;0;0;0;
metrics;Insufficient Modularization;net.bytebuddy.utility.dispatcher.JavaDispatcher;347;0;1;0;
metrics;Insufficient Modularization;com.github.javaparser.ast.type;494;1;1;1;
metrics;Insufficient Modularization;net.bytebuddy.utility.AsmClassWriter;344;0;1;0;
metrics;Insufficient Modularization;org.apache.commons.lang3.mutable;329;0;1;0;
metrics;Insufficient Modularization;net.bytebuddy.utility.privilege;349;0;0;0;
metrics;Insufficient Modularization;net.bytebuddy.agent.ByteBuddyAgent;341;1;1;0;
metrics;Insufficient Modularization;net.bytebuddy.build.Plugin;372;1;1;1;
metrics;Insufficient Modularization;net.bytebuddy.utility;347;1;0;0;
metrics;Insufficient Modularization;com.github.javaparser.javasymbolsolver.javassist.symbols.main.jar;369;0;0;0;
metrics;Insufficient Modularization;net.bytebuddy.build.maven;348;0;0;0;
metrics;Insufficient Modularization;net.bytebuddy.implementation.attribute;353;0;1;0;
metrics;Insufficient Modularization;main.Clazz;336;0;0;0;
metrics;Insufficient Modularization;net.bytebuddy.asm.MemberSubstitution;349;1;1;0;
metrics;Insufficient Modularization;net.bytebuddy.implementation.Implementation;332;0;1;0;
metrics;Insufficient Modularization;com.github.javaparser.printer.lexicalpreservation.ReshuffledDiffElementExtractor;354;0;0;0;
metrics;Insufficient Modularization;net.bytebuddy.build.HashCodeAndEqualsPlugin;337;0;0;0;
metrics;Insufficient Modularization;org.adoptopenjdk.jitwatch.ui.Dialogs;332;0;0;0;
metrics;Insufficient Modularization;org.apache.commons.lang3.exception;330;0;0;0;
metrics;Insufficient Modularization;com.github.javaparser.metamodel;347;0;0;0;
metrics;Insufficient Modularization;com.google.zxing.datamatrix.decoder;339;0;0;0;
metrics;Insufficient Modularization;net.bytebuddy.description.modifier;342;1;1;0;
metrics;Insufficient Modularization;net.bytebuddy.description.method.MethodDescription;362;0;0;0;
metrics;Insufficient Modularization;net.bytebuddy.utility.dispatcher.JavaDispatcher;339;0;0;0;
metrics;Insufficient Modularization;org.adoptopenjdk.jitwatch.parser;373;0;0;0;
metrics;Insufficient Modularization;org.apache.commons.io.output;345;1;1;0;
metrics;Insufficient Modularization;org.adoptopenjdk.jitwatch.util;337;1;1;1;
metrics;Insufficient Modularization;com.github.javaparser;340;0;0;0;
metrics;Insufficient Modularization;com.google.googlejavaformat.java;384;1;1;1;
metrics;Insufficient Modularization;net.bytebuddy.dynamic.loading;408;1;1;1;
metrics;Insufficient Modularization;org.apache.commons.io.monitor;339;0;0;0;
metrics;Insufficient Modularization;com.github.javaparser.ast.validator.postprocessors;345;0;0;0;
metrics;Insufficient Modularization;org.apache.commons.io.output.FileWriterWithEncoding;330;0;0;0;
metrics;Insufficient Modularization;org.apache.commons.lang3.time.FastDateParser;331;1;0;0;
metrics;Insufficient Modularization;org.apache.commons.lang3.time;365;1;1;1;
metrics;Insufficient Modularization;com.github.javaparser.ast.validator.language.level.validations;348;0;0;0;
metrics;Insufficient Modularization;com.google.zxing.client.result;353;0;0;0;
metrics;Insufficient Modularization;com.google.zxing.common;335;1;1;1;
metrics;Insufficient Modularization;net.bytebuddy.asm.MemberSubstitution;378;1;1;0;
metrics;Insufficient Modularization;com.github.javaparser.utils.Log;336;0;0;0;
metrics;Insufficient Modularization;com.google.gson.internal;328;0;0;0;
metrics;Insufficient Modularization;net.bytebuddy.pool.TypePool;351;0;0;0;
metrics;Insufficient Modularization;org.adoptopenjdk.jitwatch.process.compiler;347;0;0;0;
metrics;Insufficient Modularization;(default package).InnerClassDotExpressions;339;0;0;0;
metrics;Insufficient Modularization;com.google.zxing.client.j2se;334;0;0;0;
metrics;Insufficient Modularization;net.bytebuddy.description.type;357;0;0;0;
metrics;Insufficient Modularization;net.bytebuddy.agent.VirtualMachine;332;0;0;0;
metrics;Insufficient Modularization;net.bytebuddy.dynamic.scaffold.TypeWriter;381;0;0;0;
metrics;Insufficient Modularization;org.gradle.api.file;340;0;0;0;
metrics;Insufficient Modularization;com.google.common.jimfs;467;1;1;0;
metrics;Insufficient Modularization;org.apache.commons.io.DirectoryWalker;326;0;0;0;
metrics;Insufficient Modularization;com.google.gson;343;0;0;0;
metrics;Insufficient Modularization;com.google.zxing.client.android.HttpHelper;326;0;0;0;
metrics;Insufficient Modularization;net.bytebuddy.benchmark.jmh.generated.ClassByImplementationBenchmark.benchmarkJavassist;4465;1;1;0;
metrics;Insufficient Modularization;org.adoptopenjdk.jitwatch.parser.zing;418;1;1;1;
metrics;Insufficient Modularization;org.apache.commons.io;326;0;0;0;
metrics;Insufficient Modularization;net.bytebuddy.NamingStrategy;349;0;0;0;
metrics;Insufficient Modularization;net.bytebuddy.dynamic.scaffold.TypeWriter;381;1;1;0;
metrics;Insufficient Modularization;net.bytebuddy.build.AccessControllerPlugin;361;0;1;0;
metrics;Insufficient Modularization;org.jsoup.nodes;388;1;1;1;
metrics;Insufficient Modularization;net.bytebuddy.implementation.LoadedTypeInitializer;345;0;0;0;
metrics;Insufficient Modularization;net.bytebuddy.implementation.bind.MethodDelegationBinder;359;0;1;0;
metrics;Insufficient Modularization;com.github.javaparser.serialization;464;0;1;1;
metrics;Insufficient Modularization;net.bytebuddy.pool.TypePool;386;1;1;0;
metrics;Insufficient Modularization;net.bytebuddy.matcher;359;0;0;0;
metrics;Insufficient Modularization;org.jsoup.select.Evaluator;323;0;0;0;
metrics;Insufficient Modularization;org.apache.commons.lang3;343;1;1;1;
metrics;Insufficient Modularization;net.bytebuddy.benchmark.ClassByExtensionBenchmark;339;0;0;0;
metrics;Insufficient Modularization;com.github.javaparser.printer.lexicalpreservation.TextElementIteratorsFactory;351;0;0;0;
metrics;Insufficient Modularization;com.github.javaparser.symbolsolver.resolution.typeinference;375;0;0;0;
metrics;Insufficient Modularization;com.google.zxing.client.android.history;345;0;0;0;
metrics;Insufficient Modularization;net.bytebuddy.agent.VirtualMachine;332;0;0;0;
metrics;Insufficient Modularization;org.jsoup.select.Evaluator;322;0;0;0;
metrics;Insufficient Modularization;net.bytebuddy.build.gradle.AbstractByteBuddyTask;347;0;0;0;
metrics;Insufficient Modularization;net.bytebuddy.implementation.bytecode;358;0;0;0;
metrics;Insufficient Modularization;net.bytebuddy.dynamic.ClassFileLocator;334;0;0;0;
metrics;Insufficient Modularization;net.bytebuddy.implementation.bytecode.member;377;0;0;0;
metrics;Insufficient Modularization;net.bytebuddy.implementation.attribute.MethodAttributeAppender;358;0;0;0;
metrics;Insufficient Modularization;com.github.javaparser.ast.visitor;1586;1;1;1;
metrics;Insufficient Modularization;net.bytebuddy.build.maven.ByteBuddyMojo;341;0;0;0;
metrics;Insufficient Modularization;com.github.javaparser.metamodel;338;0;0;0;
metrics;Insufficient Modularization;org.apache.commons.io.file;348;0;0;0;
metrics;Insufficient Modularization;org.apache.commons.io.input;328;0;0;0;
metrics;Insufficient Modularization;net.bytebuddy.implementation;380;0;0;0;
metrics;Insufficient Modularization;org.apache.commons.io.comparator;338;0;0;0;
metrics;Insufficient Modularization;net.bytebuddy.description.ModifierReviewable;336;0;0;0;
metrics;Insufficient Modularization;(default package).PolymorphismTest;324;0;0;0;
metrics;Insufficient Modularization;org.apache.commons.lang3;327;0;0;0;
metrics;Insufficient Modularization;com.github.javaparser.ast.expr;441;1;0;0;
metrics;Insufficient Modularization;com.google.common.jimfs.Configuration;336;0;0;0;
metrics;Insufficient Modularization;net.bytebuddy.implementation.MethodDelegation;358;0;1;0;
metrics;Insufficient Modularization;net.bytebuddy.benchmark.jmh.generated.SuperClassInvocationBenchmark.benchmarkByteBuddyWithProxy;4528;1;1;0;
metrics;Insufficient Modularization;net.bytebuddy.implementation.bytecode;376;0;0;0;
metrics;Insufficient Modularization;net.bytebuddy.dynamic.scaffold.TypeWriter;344;1;0;0;
metrics;Insufficient Modularization;com.github.javaparser.symbolsolver;498;1;1;1;
metrics;Insufficient Modularization;issue241.TypeWithMemberType;336;0;0;0;
metrics;Insufficient Modularization;com.google.common.jimfs;372;1;1;1;
metrics;Insufficient Modularization;com.github.javaparser.utils.VisitorList;349;0;0;0;
metrics;Insufficient Modularization;net.bytebuddy.implementation.InvokeDynamic;347;0;0;0;
metrics;Insufficient Modularization;net.bytebuddy.dynamic.scaffold.MethodGraph;353;0;0;0;
metrics;Insufficient Modularization;net.bytebuddy.pool.TypePool;359;0;0;0;
metrics;Insufficient Modularization;(default package);317;0;0;0;
metrics;Insufficient Modularization;org.apache.commons.io.input;338;0;1;0;
metrics;Insufficient Modularization;org.adoptopenjdk.jitwatch.ui.main;444;0;1;1;
metrics;Insufficient Modularization;com.github.javaparser.symbolsolver.resolution.typeinference;550;1;1;1;
metrics;Insufficient Modularization;org.apache.commons.lang3.concurrent;375;1;0;0;
metrics;Insufficient Modularization;org.apache.commons.lang3.text;327;0;0;0;
metrics;Insufficient Modularization;com.google.common.jimfs;498;1;1;1;
metrics;Insufficient Modularization;net.bytebuddy.dynamic.ClassFileLocator;334;0;0;0;
metrics;Insufficient Modularization;net.bytebuddy.description.type.PackageDescription;335;0;0;0;
metrics;Insufficient Modularization;org.jsoup.select.Evaluator;322;0;0;0;
metrics;Insufficient Modularization;com.google.googlejavaformat.java.DimensionHelpers;330;0;0;0;
metrics;Insufficient Modularization;com.github.javaparser.JavaToken;332;1;0;0;
metrics;Insufficient Modularization;net.bytebuddy.agent.VirtualMachine;333;0;0;0;
metrics;Insufficient Modularization;org.apache.commons.io.input;341;0;0;0;
metrics;Insufficient Modularization;net.bytebuddy.description.type.TypeDescription;344;0;1;0;
metrics;Insufficient Modularization;com.google.common.jimfs;352;0;0;0;
metrics;Insufficient Modularization;com.github.javaparser.symbolsolver.cache;351;0;0;0;
metrics;Insufficient Modularization;com.github.javaparser.symbolsolver.core.resolution;357;0;0;0;
metrics;Insufficient Modularization;org.apache.commons.io;343;1;1;1;
metrics;Insufficient Modularization;net.bytebuddy.implementation.bind.annotation.Binder;412;0;0;0;
metrics;Insufficient Modularization;net.bytebuddy.description.type.TypeDescription;345;0;0;0;
metrics;Insufficient Modularization;com.github.javaparser.metamodel;347;0;0;0;
metrics;Insufficient Modularization;com.google.zxing.datamatrix.decoder.Version;332;0;0;0;
metrics;Insufficient Modularization;com.github.javaparser.resolution;333;0;0;0;
metrics;Insufficient Modularization;net.bytebuddy.dynamic.ClassFileLocator;342;0;0;0;
metrics;Insufficient Modularization;com.github.javaparser.ast.validator.language.level.validations.chunks;406;0;0;0;
metrics;Insufficient Modularization;net.bytebuddy.pool.TypePool;351;0;0;0;
metrics;Insufficient Modularization;net.bytebuddy.implementation.FieldAccessor;352;0;0;0;
metrics;Insufficient Modularization;net.bytebuddy.dynamic.scaffold.TypeWriter;483;1;1;1;
metrics;Insufficient Modularization;com.google.gson;322;0;0;0;
metrics;Insufficient Modularization;org.apache.commons.io.output.AbstractByteArrayOutputStream;335;0;0;0;
metrics;Insufficient Modularization;net.bytebuddy.description.modifier.ModifierContributor;337;0;0;0;
metrics;Insufficient Modularization;org.jsoup.helper;345;1;1;0;
metrics;Insufficient Modularization;org.apache.commons.io.input;344;1;0;0;
metrics;Insufficient Modularization;net.bytebuddy.asm.MemberSubstitution;414;0;0;0;
metrics;Insufficient Modularization;net.bytebuddy.description.modifier;346;0;1;0;
metrics;Insufficient Modularization;com.github.javaparser.resolution;456;0;1;1;
metrics;Insufficient Modularization;org.apache.commons.lang3.builder;363;1;1;1;
metrics;Insufficient Modularization;net.bytebuddy.implementation.bind.annotation.TargetMethodAnnotationDrivenBinder;416;1;0;0;
metrics;Insufficient Modularization;net.bytebuddy.description.TypeVariableSource;342;0;0;0;
metrics;Insufficient Modularization;com.github.javaparser;435;1;1;1;
metrics;Insufficient Modularization;com.google.gson.internal;387;1;1;0;
metrics;Insufficient Modularization;net.bytebuddy.implementation.bytecode;353;0;0;0;
metrics;Insufficient Modularization;net.bytebuddy.implementation.attribute.MethodAttributeAppender;359;0;0;0;
metrics;Insufficient Modularization;com.github.javaparser.ast.stmt;437;1;1;0;
metrics;Insufficient Modularization;com.github.javaparser.ast.type;561;1;1;1;
metrics;Insufficient Modularization;org.jsoup.parser;327;0;0;0;
metrics;Insufficient Modularization;org.apache.commons.io.input.QueueInputStream;329;0;0;0;
metrics;Insufficient Modularization;com.google.common.jimfs.FileFactory;342;0;0;0;
metrics;Insufficient Modularization;net.bytebuddy.dynamic.loading;340;0;0;0;
metrics;Insufficient Modularization;net.bytebuddy.implementation.auxiliary.TypeProxy;403;0;1;0;
metrics;Insufficient Modularization;com.google.zxing.oned.rss.expanded.decoders;465;1;1;1;
metrics;Insufficient Modularization;net.bytebuddy.build.Plugin;340;0;0;0;
metrics;Insufficient Modularization;com.github.javaparser.ast.visitor;1551;1;1;1;
metrics;Insufficient Modularization;org.adoptopenjdk.jitwatch.ui.viewer;364;0;0;0;
metrics;Insufficient Modularization;org.apache.commons.lang3.text;334;1;1;1;
metrics;Insufficient Modularization;com.google.zxing.client.android.encode;325;0;0;0;
metrics;Insufficient Modularization;com.github.javaparser.printer.concretesyntaxmodel;433;1;0;0;
metrics;Insufficient Modularization;org.apache.commons.lang3;335;1;1;0;
metrics;Insufficient Modularization;org.adoptopenjdk.jitwatch.ui.Dialogs;332;0;0;0;
metrics;Insufficient Modularization;net.bytebuddy.dynamic.scaffold.inline.MethodRebaseResolver;398;0;1;0;
metrics;Insufficient Modularization;org.apache.commons.lang3;396;1;1;1;
metrics;Insufficient Modularization;net.bytebuddy.build.gradle.android.ByteBuddyAndroidPlugin;348;0;0;0;
metrics;Insufficient Modularization;net.bytebuddy.asm.MemberSubstitution;422;1;1;0;
metrics;Insufficient Modularization;com.github.javaparser.serialization.JavaParserJsonSerializer;343;0;0;0;
metrics;Insufficient Modularization;net.bytebuddy.description.ModifierReviewable;337;0;0;0;
metrics;Insufficient Modularization;net.bytebuddy.pool.TypePool;344;0;0;0;
metrics;Insufficient Modularization;net.bytebuddy.description.type.TypeDescription;352;0;1;0;
metrics;Insufficient Modularization;com.google.zxing.client.result;354;1;1;1;
metrics;Insufficient Modularization;net.bytebuddy.dynamic.DynamicType;427;1;1;1;
metrics;Insufficient Modularization;org.apache.commons.lang3.tuple;342;0;0;0;
metrics;Insufficient Modularization;org.apache.commons.lang3.time.StopWatch;328;0;0;0;
metrics;Insufficient Modularization;com.google.googlejavaformat.Newlines;326;0;0;0;
metrics;Insufficient Modularization;org.apache.commons.lang3.function;328;0;0;0;
metrics;Insufficient Modularization;net.bytebuddy.matcher;352;0;0;0;
metrics;Insufficient Modularization;com.github.javaparser.symbolsolver.javaparsermodel.contexts;457;0;0;0;
metrics;Insufficient Modularization;org.apache.commons.lang3.ThreadUtils;329;0;0;0;
metrics;Insufficient Modularization;org.jsoup.Connection;318;0;0;0;
metrics;Insufficient Modularization;net.bytebuddy.dynamic.loading.ClassInjector;424;1;1;1;
metrics;Insufficient Modularization;foo;327;0;0;0;
metrics;Insufficient Modularization;com.github.javaparser;568;1;1;1;
metrics;Insufficient Modularization;net.bytebuddy.build.CachedReturnPlugin;451;1;1;0;
metrics;Insufficient Modularization;com.google.gson;588;1;1;1;
metrics;Insufficient Modularization;net.bytebuddy.build.gradle.android;520;1;1;1;
metrics;Insufficient Modularization;com.google.zxing.aztec.encoder;347;0;0;0;
metrics;Insufficient Modularization;net.bytebuddy.build.gradle.android;386;1;0;1;
metrics;Insufficient Modularization;org.apache.commons.io.filefilter;334;0;0;0;
metrics;Insufficient Modularization;org.apache.commons.io.file.SimplePathVisitor;338;0;0;0;
metrics;Insufficient Modularization;net.bytebuddy.asm.MemberSubstitution;541;1;1;0;
metrics;Insufficient Modularization;net.bytebuddy.dynamic.scaffold.FieldRegistry;402;0;1;0;
metrics;Insufficient Modularization;org.apache.commons.io.file.Counters;327;0;0;0;
metrics;Insufficient Modularization;net.bytebuddy.description.ByteCodeElement;351;0;0;0;
metrics;Insufficient Modularization;net.bytebuddy.build.Plugin;331;0;0;0;
metrics;Insufficient Modularization;com.google.zxing.client.j2se;337;0;0;0;
metrics;Insufficient Modularization;com.google.common.jimfs;416;1;1;1;
metrics;Insufficient Modularization;net.bytebuddy.implementation.bytecode.ByteCodeAppender;359;0;1;0;
metrics;Insufficient Modularization;com.google.zxing.client.android.history;359;0;0;0;
metrics;Insufficient Modularization;(default package).MegamorphicBypass;326;0;0;0;
metrics;Insufficient Modularization;net.bytebuddy.implementation.attribute.MethodAttributeAppender;369;1;1;0;
metrics;Insufficient Modularization;net.bytebuddy.dynamic.scaffold.FieldRegistry;400;1;1;0;
metrics;Insufficient Modularization;net.bytebuddy.description.type.TypeDescription;353;0;0;0;
metrics;Insufficient Modularization;org.apache.commons.io.input;328;0;0;0;
metrics;Insufficient Modularization;net.bytebuddy.implementation.InvokeDynamic;365;0;0;0;
metrics;Insufficient Modularization;net.bytebuddy.benchmark.jmh.generated.ClassByExtensionBenchmark.benchmarkByteBuddyWithProxyAndReusedDelegatorWithTypePool;4717;1;1;0;
metrics;Insufficient Modularization;com.google.zxing.pdf417.decoder;329;0;0;0;
metrics;Insufficient Modularization;org.apache.commons.io.input;334;1;1;0;
metrics;Insufficient Modularization;org.adoptopenjdk.jitwatch.model;357;0;0;0;
metrics;Insufficient Modularization;com.google.gson;371;1;1;1;
metrics;Insufficient Modularization;net.bytebuddy.dynamic.loading.ModuleLayerFromSingleClassLoaderDecorator;353;0;0;0;
metrics;Insufficient Modularization;net.bytebuddy.description.annotation.AnnotationValue;362;0;0;0;
metrics;Insufficient Modularization;org.apache.commons.lang3.time.FastDatePrinter;333;0;0;0;
metrics;Insufficient Modularization;org.apache.commons.lang3.time.FastDateParser;331;0;0;0;
metrics;Insufficient Modularization;net.bytebuddy.implementation.bytecode.collection;359;0;0;0;
metrics;Insufficient Modularization;org.apache.commons.io.function;333;0;0;0;
metrics;Insufficient Modularization;org.adoptopenjdk.jitwatch.demo;342;1;1;1;
metrics;Insufficient Modularization;org.apache.commons.io.function;341;0;0;0;
metrics;Insufficient Modularization;com.github.javaparser.ast.body;497;1;1;1;
metrics;Insufficient Modularization;com.github.javaparser.metamodel;368;1;1;1;
metrics;Insufficient Modularization;net.bytebuddy.implementation.MethodCall;354;0;0;0;
metrics;Insufficient Modularization;com.google.zxing.client.android;324;1;0;0;
metrics;Insufficient Modularization;net.bytebuddy.matcher.CachingMatcher;335;0;0;0;
metrics;Insufficient Modularization;com.google.common.jimfs;330;0;0;0;
metrics;Insufficient Modularization;com.github.javaparser.ast.visitor;1611;1;1;1;
metrics;Insufficient Modularization;net.bytebuddy.asm.MemberSubstitution;450;0;0;0;
metrics;Insufficient Modularization;net.bytebuddy.build.gradle.ObjectFactory;341;0;0;0;
metrics;Insufficient Modularization;org.apache.commons.lang3.time.FastDatePrinter;334;0;0;0;
metrics;Insufficient Modularization;net.bytebuddy.benchmark.jmh.generated.ClassByImplementationBenchmark.baseline;4381;1;1;0;
metrics;Insufficient Modularization;net.bytebuddy.asm.MemberSubstitution;371;0;1;0;
metrics;Insufficient Modularization;com.google.gson.internal.sql;381;0;0;0;
metrics;Insufficient Modularization;com.github.javaparser.metamodel;338;0;0;0;
metrics;Insufficient Modularization;com.github.javaparser.symbolsolver.javaparsermodel.declarations.JavaParserEnumDeclaration;386;0;0;0;
metrics;Insufficient Modularization;org.apache.commons.io.input;387;1;1;1;
metrics;Insufficient Modularization;foo;331;0;0;0;
metrics;Insufficient Modularization;net.bytebuddy.implementation.FieldAccessor;342;0;1;0;
metrics;Unstable Dependency;org.adoptopenjdk.jitwatch.ui.compilechain;1596;0;0;0;
metrics;Unstable Dependency;org.adoptopenjdk.jitwatch.jarscan.freqinlinesize;855;0;0;0;
metrics;Unstable Dependency;org.adoptopenjdk.jitwatch.model.assembly;1472;0;0;0;
metrics;Unstable Dependency;org.adoptopenjdk.jitwatch.model.assembly.arm;662;1;0;0;
metrics;Unstable Dependency;com.github.javaparser.symbolsolver.cache;551;0;0;0;
metrics;Unstable Dependency;org.adoptopenjdk.jitwatch.ui.report.suggestion;549;0;0;0;
metrics;Unstable Dependency;org.adoptopenjdk.jitwatch.logger;1164;0;0;0;
metrics;Unstable Dependency;javaparser;300;0;0;0;
metrics;Unstable Dependency;foo;298;0;0;0;
metrics;Unstable Dependency;org.adoptopenjdk.jitwatch.process.compiler;702;0;0;0;
metrics;Unstable Dependency;org.adoptopenjdk.jitwatch.inline;652;0;1;0;
metrics;Unstable Dependency;implements.duplicate;299;0;0;0;
metrics;Unstable Dependency;com.google.zxing.web.generator.client;305;0;0;0;
metrics;Unstable Dependency;com.google.zxing.client.android.result.supplement;652;0;0;0;
metrics;Unstable Dependency;com.google.gson.extras.examples.rawcollections;381;0;0;0;
metrics;Unstable Dependency;org.adoptopenjdk.jitwatch.ui.nmethod.compilerthread;1361;0;0;0;
metrics;Unstable Dependency;org.adoptopenjdk.jitwatch.ui.compilationchooser;1162;1;0;0;
metrics;Unstable Dependency;com.google.zxing.maxicode;498;0;0;0;
metrics;Unstable Dependency;org.adoptopenjdk.jitwatch.report.escapeanalysis;599;0;0;0;
metrics;Unstable Dependency;com.github.javaparser.ast.nodeTypes.modifiers;307;0;0;0;
metrics;Unstable Dependency;org.adoptopenjdk.jitwatch.jarscan.sequencecount;697;0;0;0;
metrics;Unstable Dependency;com.google.zxing.oned.rss;598;0;0;0;
metrics;Unstable Dependency;org.adoptopenjdk.jitwatch.chain;749;0;0;0;
metrics;Unstable Dependency;org.gradle.work;437;0;0;0;
metrics;Unstable Dependency;com.google.zxing.integration.android;303;0;0;0;
metrics;Unstable Dependency;demo;438;0;0;0;
metrics;Unstable Dependency;com.google.zxing.datamatrix.decoder;567;0;0;0;
metrics;Unstable Dependency;org.adoptopenjdk.jitwatch.jarscan.invokecount;738;0;0;0;
metrics;Unstable Dependency;foo.bar.differentpackage;344;0;0;0;
metrics;Unstable Dependency;org.adoptopenjdk.jitwatch.ui.browser;825;0;0;0;
metrics;Unstable Dependency;org.adoptopenjdk.jitwatch.report.suggestion;1255;0;1;0;
metrics;Unstable Dependency;net.bytebuddy.benchmark.runner;303;0;0;0;
metrics;Unstable Dependency;box;298;0;0;0;
metrics;Unstable Dependency;org.adoptopenjdk.jitwatch.ui.toplist;1489;1;0;1;
metrics;Unstable Dependency;org.adoptopenjdk.jitwatch.intrinsic;1037;0;0;0;
metrics;Unstable Dependency;org.adoptopenjdk.jitwatch.parser.zing;633;0;0;0;
metrics;Unstable Dependency;net.bytebuddy.benchmark.specimen;396;0;0;0;
metrics;Unstable Dependency;com.google.zxing.aztec;884;1;0;1;
metrics;Unstable Dependency;bar;298;0;0;0;
metrics;Unstable Dependency;org.adoptopenjdk.jitwatch.ui;1217;0;0;0;
metrics;Unstable Dependency;com.google.zxing.multi.qrcode.detector;511;0;0;0;
metrics;Unstable Dependency;com.packageName;352;0;0;0;
metrics;Unstable Dependency;org.adoptopenjdk.jitwatch.ui.filechooser;1015;0;0;0;
metrics;Unstable Dependency;org.adoptopenjdk.jitwatch.hotthrow;845;0;0;0;
metrics;Unstable Dependency;com.google.gson.internal.bind.util;383;0;0;0;
metrics;Unstable Dependency;org.adoptopenjdk.jitwatch.ui.report.eliminatedallocation;668;0;0;0;
metrics;Unstable Dependency;org.gradle.api.file;438;0;0;0;
metrics;Unstable Dependency;org.adoptopenjdk.jitwatch.jarscan.methodsizehisto;738;0;0;0;
metrics;Unstable Dependency;com.example;351;0;0;0;
metrics;Unstable Dependency;package.b;299;0;0;0;
metrics;Unstable Dependency;org.adoptopenjdk.jitwatch.report;1451;1;1;0;
metrics;Unstable Dependency;main;298;0;0;0;
metrics;Unstable Dependency;com.google.zxing.client.android.share;529;0;0;0;
metrics;Unstable Dependency;com.google.gson.protobuf;377;0;0;0;
metrics;Unstable Dependency;com.google.zxing.aztec.detector;798;0;0;0;
metrics;Unstable Dependency;org.adoptopenjdk.jitwatch.process.runtime;810;0;0;0;
metrics;Unstable Dependency;org.adoptopenjdk.jitwatch.jarscan.nextinstruction;697;0;0;0;
metrics;Unstable Dependency;org.adoptopenjdk.jitwatch.demo;306;0;0;0;
metrics;Unstable Dependency;(default package);397;0;0;0;
metrics;Unstable Dependency;org.adoptopenjdk.jitwatch.jarscan.allocationcount;620;0;0;0;
metrics;Unstable Dependency;com.google.zxing.pdf417.decoder.ec;626;1;1;1;
metrics;Unstable Dependency;com.github.javaparser.symbolsolver.reflectionmodel.comparators;536;0;0;0;
metrics;Unstable Dependency;com.github.javaparser.javasymbolsolver.javassist.symbols.main.jar;1600;0;0;0;
metrics;Unstable Dependency;org.adoptopenjdk.jitwatch.ui.stage;1547;1;1;1;
metrics;Unstable Dependency;com.service.usage2;302;0;0;0;
metrics;Unstable Dependency;com.foo.base;300;0;0;0;
metrics;Unstable Dependency;org.adoptopenjdk.jitwatch.ui.report.locks;666;0;0;0;
metrics;Unstable Dependency;org.adoptopenjdk.jitwatch.jarscan.visualiser;425;0;0;0;
metrics;Unstable Dependency;com.github.javaparser.testpackage;304;0;0;0;
metrics;Unstable Dependency;com.service.usage;301;0;0;0;
metrics;Unstable Dependency;org.apache.commons.io.file.spi;303;0;0;0;
metrics;Unstable Dependency;com.google.zxing.aztec.decoder;741;0;0;1;
metrics;Unstable Dependency;another;298;0;0;0;
metrics;Unstable Dependency;org.adoptopenjdk.jitwatch.ui.report;1842;0;0;1;
metrics;Unstable Dependency;groovy.transform.builder;301;0;0;0;
metrics;Unstable Dependency;com.github.javaparser.javasymbolsolver.javassist.symbols.included.jar;369;0;0;0;
metrics;Unstable Dependency;org.adoptopenjdk.jitwatch.compilation.codecache;925;0;1;1;
metrics;Unstable Dependency;issue1945.interfaces;396;0;0;0;
metrics;Unstable Dependency;com.google.zxing.client.android.history;718;0;0;0;
metrics;Unstable Dependency;com.github.javaparser.wiki.samples;306;0;0;0;
metrics;Unstable Dependency;com.google.zxing.client.android.clipboard;471;0;0;0;
metrics;Unstable Dependency;org.adoptopenjdk.jitwatch.ui.resize;625;0;0;0;
metrics;Unstable Dependency;com.github.javaparser.resolution.promotion;804;0;0;0;
metrics;Unstable Dependency;org.adoptopenjdk.jitwatch.ui.viewer;1576;0;0;1;
metrics;Unstable Dependency;a.b.c;300;0;0;0;
metrics;Unstable Dependency;com.github.javaparser.storage;303;0;0;0;
metrics;Unstable Dependency;org.adoptopenjdk.jitwatch.treevisitor;910;0;0;0;
metrics;Unstable Dependency;org.apache.commons.lang3.event;427;0;0;0;
metrics;Unstable Dependency;com.google.zxing.multi.qrcode;484;0;0;0;
metrics;Unstable Dependency;org.adoptopenjdk.jitwatch.ui.parserchooser;799;0;0;0;
metrics;Unstable Dependency;org.adoptopenjdk.jitwatch.histo;690;0;1;0;
metrics;Unstable Dependency;org.adoptopenjdk.jitwatch.toplist;985;0;0;0;
metrics;Unstable Dependency;org.adoptopenjdk.jitwatch.model.assembly.x86;663;1;0;0;
metrics;Unstable Dependency;com.github.javaparser.symbolsolver.declarations.common;1209;0;0;0;
metrics;Unstable Dependency;org.adoptopenjdk.jitwatch.process.javap;532;0;0;1;
metrics;Unstable Dependency;com.google.zxing.client.android.camera;563;0;0;1;
metrics;Unstable Dependency;com.google.zxing.pdf417.detector;522;0;0;0;
metrics;Unstable Dependency;a;298;0;0;0;
metrics;Unstable Dependency;issue241;299;0;0;0;
metrics;Unstable Dependency;com.google.zxing.client.android.camera.open;366;0;0;0;
metrics;Hub-like Modularization;net.bytebuddy.agent.builder;16845;1;1;1;
metrics;Hub-like Modularization;net.bytebuddy.matcher;10914;1;1;1;
metrics;Hub-like Modularization;net.bytebuddy.asm;16814;1;1;1;
metrics;Hub-like Modularization;net.bytebuddy.asm;12594;0;1;1;
metrics;Hub-like Modularization;net.bytebuddy;13466;1;1;1;
metrics;Hub-like Modularization;org.jsoup.nodes;4742;1;1;1;
metrics;Hub-like Modularization;com.google.gson;5856;1;1;1;
metrics;Hub-like Modularization;com.github.javaparser.symbolsolver;6074;0;1;1;
metrics;Hub-like Modularization;com.github.javaparser.symbolsolver.javaparsermodel;20287;1;1;1;
metrics;Hub-like Modularization;com.github.javaparser.ast;44654;1;1;1;
metrics;Hub-like Modularization;com.google.zxing.oned.Code128Writer;358;0;0;0;
metrics;Hub-like Modularization;com.google.zxing.client.result;480;0;0;0;
metrics;Hub-like Modularization;org.apache.commons.lang3.function;511;0;0;0;
metrics;Hub-like Modularization;net.bytebuddy.utility.JavaConstant;810;0;0;0;
metrics;Hub-like Modularization;net.bytebuddy.build.Plugin;509;0;0;0;
metrics;Hub-like Modularization;org.apache.commons.io;474;0;0;0;
metrics;Hub-like Modularization;net.bytebuddy.benchmark.jmh.generated.ClassByImplementationBenchmark.benchmarkJdkProxy;4425;0;0;0;
metrics;Hub-like Modularization;org.apache.commons.lang3.concurrent;248;0;0;0;
metrics;Hub-like Modularization;net.bytebuddy.description.type.TypeDescription;249;0;0;0;
metrics;Hub-like Modularization;net.bytebuddy.dynamic.TypeResolutionStrategy;248;0;0;0;
metrics;Hub-like Modularization;net.bytebuddy.implementation.attribute.AnnotationAppender;263;0;0;0;
metrics;Hub-like Modularization;com.service.definition;244;0;0;0;
metrics;Hub-like Modularization;com.google.zxing.datamatrix.encoder;252;0;0;0;
metrics;Hub-like Modularization;org.jsoup.helper.HttpConnection;892;0;0;1;
metrics;Hub-like Modularization;(default package).InnerClassContainer;246;0;0;0;
metrics;Hub-like Modularization;com.packageName;291;0;0;0;
metrics;Hub-like Modularization;net.bytebuddy.implementation.attribute.FieldAttributeAppender;355;0;0;0;
metrics;Hub-like Modularization;com.google.zxing.common;854;0;1;1;
metrics;Hub-like Modularization;org.apache.commons.io.input;498;0;0;0;
metrics;Hub-like Modularization;org.jsoup.helper;365;0;0;0;
metrics;Hub-like Modularization;org.adoptopenjdk.jitwatch.model.assembly;1430;0;1;1;
metrics;Hub-like Modularization;com.github.javaparser.symbolsolver.resolution.promotion;438;0;0;0;
metrics;Hub-like Modularization;(default package);243;0;0;0;
metrics;Hub-like Modularization;org.apache.commons.io.comparator;345;0;0;0;
metrics;Hub-like Modularization;org.apache.commons.lang3.concurrent.AtomicInitializer;328;0;0;0;
metrics;Hub-like Modularization;net.bytebuddy.matcher;323;0;0;0;
metrics;Hub-like Modularization;net.bytebuddy.build.gradle.android;1607;0;0;1;
metrics;Hub-like Modularization;org.apache.commons.io.input.MessageDigestCalculatingInputStream;302;0;0;0;
metrics;Hub-like Modularization;com.github.javaparser.ast.validator.postprocessors;252;0;0;0;
metrics;Hub-like Modularization;com.google.zxing.pdf417.encoder;606;0;0;0;
metrics;Hub-like Modularization;net.bytebuddy.description.type.RecordComponentDescription;656;0;0;0;
metrics;Hub-like Modularization;org.jsoup.select;643;0;0;0;
metrics;Hub-like Modularization;net.bytebuddy.dynamic.loading.ByteArrayClassLoader;252;0;0;0;
metrics;Hub-like Modularization;org.apache.commons.lang3.Functions;413;0;0;0;
metrics;Hub-like Modularization;org.apache.commons.io.output.DeferredFileOutputStream;428;0;0;0;
metrics;Hub-like Modularization;com.github.javaparser.metamodel;2232;0;0;0;
metrics;Hub-like Modularization;net.bytebuddy.utility.JavaModule;601;0;0;1;
metrics;Hub-like Modularization;org.apache.commons.io.function;1176;0;1;1;
metrics;Hub-like Modularization;net.bytebuddy.implementation.bytecode.StackManipulation;362;0;0;0;
metrics;Hub-like Modularization;org.apache.commons.io.input;640;0;0;0;
metrics;Hub-like Modularization;net.bytebuddy.build.gradle.android;1690;0;0;1;
metrics;Hub-like Modularization;com.google.common.jimfs;246;0;0;0;
metrics;Hub-like Modularization;com.google.googlejavaformat.java.JavaInputAstVisitor;570;0;0;0;
metrics;Hub-like Modularization;net.bytebuddy.benchmark.jmh.generated.ClassByExtensionBenchmark.benchmarkByteBuddyWithAccessor;4453;0;0;0;
metrics;Hub-like Modularization;net.bytebuddy.asm.AsmVisitorWrapper;866;0;0;0;
metrics;Hub-like Modularization;net.bytebuddy.dynamic.scaffold.MethodGraph;877;0;0;1;
metrics;Hub-like Modularization;org.apache.commons.lang3.time.FastDateParser;370;0;0;0;
metrics;Hub-like Modularization;net.bytebuddy.asm.TypeReferenceAdjustment;325;0;0;0;
metrics;Hub-like Modularization;net.bytebuddy.matcher;324;0;0;0;
metrics;Hub-like Modularization;com.github.javaparser.metamodel;2401;0;0;1;
metrics;Hub-like Modularization;com.google.common.jimfs.FileFactory;249;0;0;0;
metrics;Hub-like Modularization;net.bytebuddy.build.gradle.android.ByteBuddyAndroidPlugin;442;0;0;0;
metrics;Hub-like Modularization;net.bytebuddy.utility.JavaConstant;809;0;0;1;
metrics;Hub-like Modularization;net.bytebuddy.description.type.TypeDescription;421;0;0;0;
metrics;Hub-like Modularization;org.apache.commons.lang3.function;250;0;0;0;
metrics;Hub-like Modularization;com.google.googlejavaformat;1150;0;1;1;
metrics;Hub-like Modularization;com.google.googlejavaformat.java.javadoc;623;0;0;1;
metrics;Hub-like Modularization;com.github.javaparser.symbolsolver.reflectionmodel;2512;0;1;1;
metrics;Hub-like Modularization;com.example;290;0;0;0;
metrics;Hub-like Modularization;net.bytebuddy.implementation.bytecode.StackManipulation;725;0;0;0;
metrics;Hub-like Modularization;net.bytebuddy.dynamic.loading.ClassReloadingStrategy;428;0;0;0;
metrics;Hub-like Modularization;com.google.zxing.oned;632;0;0;0;
metrics;Hub-like Modularization;com.github.javaparser.utils;762;0;0;1;
metrics;Hub-like Modularization;com.google.gson;765;0;0;1;
metrics;Hub-like Modularization;com.github.javaparser.metamodel;2124;0;0;0;
metrics;Hub-like Modularization;com.google.zxing.client.android.camera;444;0;0;0;
metrics;Hub-like Modularization;com.github.javaparser.ast.observer;771;0;0;0;
metrics;Hub-like Modularization;org.adoptopenjdk.jitwatch.report;2074;0;1;1;
metrics;Hub-like Modularization;org.adoptopenjdk.jitwatch.histo;543;0;0;0;
metrics;Hub-like Modularization;org.jsoup.safety.Safelist;360;0;0;0;
metrics;Hub-like Modularization;net.bytebuddy.implementation.bytecode.member;2293;0;0;1;
metrics;Hub-like Modularization;net.bytebuddy.implementation.MethodCall;1362;0;0;1;
metrics;Hub-like Modularization;org.apache.commons.lang3.compare;300;0;0;0;
metrics;Hub-like Modularization;com.google.zxing.pdf417.detector;674;0;0;1;
metrics;Hub-like Modularization;com.github.javaparser.metamodel;2267;0;0;0;
metrics;Hub-like Modularization;net.bytebuddy.build.gradle.android.ByteBuddyAndroidService;250;0;0;0;
metrics;Hub-like Modularization;org.apache.commons.lang3.concurrent.locks;416;0;0;0;
metrics;Hub-like Modularization;org.jsoup.helper;244;0;0;0;
metrics;Hub-like Modularization;org.adoptopenjdk.jitwatch.ui.compilechain;3042;0;0;1;
metrics;Hub-like Modularization;com.github.javaparser.generator.core.visitor;1247;0;0;0;
metrics;Hub-like Modularization;org.apache.commons.lang3.event.EventUtils;299;0;0;0;
metrics;Hub-like Modularization;net.bytebuddy.matcher;1196;0;0;0;
metrics;Hub-like Modularization;org.apache.commons.lang3.ThreadUtils;331;0;0;0;
metrics;Hub-like Modularization;org.jsoup.safety.Safelist;247;0;0;0;
metrics;Hub-like Modularization;org.adoptopenjdk.jitwatch.jarscan.invokecount;1252;0;0;1;
metrics;Hub-like Modularization;net.bytebuddy.matcher;559;0;0;0;
metrics;Hub-like Modularization;com.google.common.jimfs.AbstractWatchService;249;0;0;0;
metrics;Hub-like Modularization;com.github.javaparser.resolution.declarations;1179;0;1;0;
metrics;Hub-like Modularization;com.google.googlejavaformat;289;0;0;0;
metrics;Hub-like Modularization;com.github.javaparser.utils.SourceRoot;387;0;0;0;
metrics;Hub-like Modularization;com.google.zxing.maxicode.decoder;814;0;0;1;
metrics;Hub-like Modularization;org.apache.commons.io.build.AbstractOrigin;251;0;0;0;
metrics;Hub-like Modularization;net.bytebuddy.matcher;414;0;0;0;
metrics;Hub-like Modularization;com.google.zxing;378;0;0;0;
metrics;Hub-like Modularization;org.apache.commons.lang3.exception;360;0;0;0;
metrics;Hub-like Modularization;implements.duplicate;242;0;0;0;
metrics;Hub-like Modularization;com.google.gson.internal.bind;1428;0;0;1;
metrics;Hub-like Modularization;net.bytebuddy.implementation.bind.annotation.TargetMethodAnnotationDrivenBinder;448;0;0;0;
metrics;Hub-like Modularization;org.apache.commons.io.file;537;0;0;0;
metrics;Hub-like Modularization;org.jsoup.examples;631;0;0;0;
metrics;Hub-like Modularization;com.google.gson.internal.bind.ReflectiveTypeAdapterFactory;290;0;0;0;
metrics;Hub-like Modularization;org.adoptopenjdk.jitwatch.ui.compilationchooser;1335;0;0;1;
metrics;Hub-like Modularization;com.github.javaparser;3704;1;1;1;
metrics;Hub-like Modularization;net.bytebuddy.implementation.bind.MethodDelegationBinder;779;0;0;0;
metrics;Hub-like Modularization;org.adoptopenjdk.jitwatch.compilation;2936;1;1;1;
metrics;Hub-like Modularization;net.bytebuddy.pool.TypePool;430;0;0;0;
metrics;Hub-like Modularization;net.bytebuddy.implementation.MethodCall;1361;0;0;0;
metrics;Hub-like Modularization;main.GrandParent;244;0;0;0;
metrics;Hub-like Modularization;net.bytebuddy.agent.VirtualMachine;248;0;0;0;
metrics;Hub-like Modularization;net.bytebuddy.build.AndroidDescriptor;247;0;0;0;
metrics;Hub-like Modularization;org.adoptopenjdk.jitwatch.model;250;0;0;0;
metrics;Hub-like Modularization;com.github.javaparser.generator.core.node;1884;0;0;1;
metrics;Hub-like Modularization;com.google.zxing.pdf417.decoder.ec;685;0;0;0;
metrics;Hub-like Modularization;net.bytebuddy.build.Plugin;247;0;0;0;
metrics;Hub-like Modularization;org.apache.commons.lang3.function;250;0;0;0;
metrics;Hub-like Modularization;com.google.zxing.client.android.share;293;0;0;0;
metrics;Hub-like Modularization;com.google.zxing.web;789;0;0;1;
metrics;Hub-like Modularization;net.bytebuddy.description.type.TypeList;1160;0;0;0;
metrics;Hub-like Modularization;org.jsoup.select.Evaluator;247;0;0;0;
metrics;Hub-like Modularization;(default package).EnumWithInnerType;247;0;0;0;
metrics;Hub-like Modularization;org.adoptopenjdk.jitwatch.ui.viewer;1314;0;0;1;
metrics;Hub-like Modularization;net.bytebuddy.ClassFileVersion;448;0;0;0;
metrics;Hub-like Modularization;com.google.zxing.integration.android;291;0;0;0;
metrics;Hub-like Modularization;org.jsoup.select.Evaluator;247;0;0;0;
metrics;Hub-like Modularization;com.google.common.jimfs.AbstractWatchService;309;0;0;0;
metrics;Hub-like Modularization;org.jsoup.select.Evaluator;244;0;0;0;
metrics;Hub-like Modularization;org.adoptopenjdk.jitwatch.core.JITWatchConfig;413;0;0;0;
metrics;Hub-like Modularization;com.google.zxing.datamatrix.decoder;991;0;1;1;
metrics;Hub-like Modularization;org.apache.commons.lang3.function;249;0;0;0;
metrics;Hub-like Modularization;net.bytebuddy.description.method.ParameterList;623;0;0;0;
metrics;Hub-like Modularization;com.github.javaparser.printer.lexicalpreservation;1915;0;0;1;
metrics;Hub-like Modularization;net.bytebuddy.dynamic.DynamicType;747;0;0;0;
metrics;Hub-like Modularization;net.bytebuddy.dynamic.loading.ClassLoadingStrategy;933;0;0;0;
metrics;Hub-like Modularization;com.google.googlejavaformat.java.RemoveUnusedImports;350;0;0;0;
metrics;Hub-like Modularization;com.github.javaparser.resolution.logic;6672;1;1;1;
metrics;Hub-like Modularization;com.google.gson.internal.bind.CollectionTypeAdapterFactory;548;0;0;0;
metrics;Hub-like Modularization;com.packageName;284;0;0;0;
metrics;Hub-like Modularization;net.bytebuddy.implementation.InvokeDynamic;1084;0;0;0;
metrics;Hub-like Modularization;org.adoptopenjdk.jitwatch.process.compiler;591;0;0;0;
metrics;Hub-like Modularization;org.adoptopenjdk.jitwatch.ui.graphing;2082;0;0;1;
metrics;Hub-like Modularization;com.github.javaparser.resolution.declarations;702;0;0;1;
metrics;Hub-like Modularization;foo.bar.AnInterface;246;0;0;0;
metrics;Hub-like Modularization;(default package).PartialEscapeFail;247;0;0;0;
metrics;Hub-like Modularization;com.github.javaparser.ast.validator.postprocessors;252;0;0;0;
metrics;Hub-like Modularization;net.bytebuddy.implementation.MethodAccessorFactory;953;0;0;0;
metrics;Hub-like Modularization;net.bytebuddy.NamingStrategy;962;0;0;0;
metrics;Hub-like Modularization;com.github.javaparser.generator.core.visitor;1248;0;0;0;
metrics;Hub-like Modularization;net.bytebuddy.implementation.bytecode.member.FieldAccess;399;0;0;0;
metrics;Hub-like Modularization;com.google.gson.internal;684;0;0;1;
metrics;Hub-like Modularization;net.bytebuddy.implementation.InvokeDynamic;1152;0;0;0;
metrics;Hub-like Modularization;org.apache.commons.io.function;2159;1;1;1;
metrics;Hub-like Modularization;com.google.zxing.client.android;2279;1;1;1;
metrics;Hub-like Modularization;org.jsoup.nodes;1199;0;0;0;
metrics;Hub-like Modularization;net.bytebuddy.build.gradle.android.ByteBuddyAndroidPlugin;604;0;0;1;
metrics;Hub-like Modularization;(default package);244;0;0;0;
metrics;Hub-like Modularization;com.github.javaparser.ast.nodeTypes;252;0;0;0;
metrics;Hub-like Modularization;com.google.zxing.common.reedsolomon;1549;0;1;1;
metrics;Hub-like Modularization;net.bytebuddy.implementation.attribute.AnnotationAppender;1337;0;0;0;
metrics;Hub-like Modularization;net.bytebuddy.agent.ByteBuddyAgent;542;0;0;0;
metrics;Hub-like Modularization;net.bytebuddy.dynamic.loading.ClassFilePostProcessor;266;0;0;0;
metrics;Hub-like Modularization;net.bytebuddy.pool.TypePool;248;0;0;0;
metrics;Hub-like Modularization;org.apache.commons.lang3.concurrent.locks.LockingVisitors;252;0;0;0;
metrics;Hub-like Modularization;com.google.zxing.pdf417;1093;0;1;1;
metrics;Hub-like Modularization;com.github.javaparser.symbolsolver.cache;298;0;0;0;
metrics;Hub-like Modularization;net.bytebuddy.dynamic.ClassFileLocator;316;0;0;0;
metrics;Hub-like Modularization;(default package).InnerClassDotExpressions;247;0;0;0;
metrics;Hub-like Modularization;net.bytebuddy.pool.TypePool;778;0;0;0;
metrics;Hub-like Modularization;net.bytebuddy.asm.MemberSubstitution;563;0;0;0;
metrics;Hub-like Modularization;com.google.zxing.oned;289;0;0;0;
metrics;Hub-like Modularization;org.apache.commons.lang3.concurrent;304;0;0;0;
metrics;Hub-like Modularization;org.jsoup.select.StructuralEvaluator;245;0;0;0;
metrics;Hub-like Modularization;net.bytebuddy.dynamic.scaffold.TypeWriter;369;0;0;0;
metrics;Hub-like Modularization;com.google.zxing.oned.rss.expanded.decoders;488;0;0;0;
metrics;Hub-like Modularization;org.apache.commons.lang3.function;251;0;0;0;
metrics;Hub-like Modularization;org.apache.commons.lang3.function;250;0;0;0;
metrics;Hub-like Modularization;com.github.javaparser.resolution.types;2465;0;0;1;
metrics;Hub-like Modularization;org.jsoup.nodes;1556;0;0;1;
metrics;Hub-like Modularization;com.google.zxing.client.result;380;0;0;0;
metrics;Hub-like Modularization;org.apache.commons.lang3.compare;249;0;0;0;
metrics;Hub-like Modularization;com.google.zxing.client.result;295;0;0;0;
metrics;Hub-like Modularization;org.adoptopenjdk.jitwatch.ui.parserchooser;374;0;0;0;
metrics;Hub-like Modularization;com.github.javaparser.utils;5527;1;1;1;
metrics;Hub-like Modularization;com.github.javaparser.resolution.types.parametrization;645;0;0;0;
metrics;Hub-like Modularization;net.bytebuddy.description.annotation.AnnotationValue;488;0;0;0;
metrics;Hub-like Modularization;net.bytebuddy.implementation.bytecode;902;0;0;0;
metrics;Hub-like Modularization;org.jsoup.parser;2415;1;1;1;
metrics;Hub-like Modularization;net.bytebuddy.implementation.attribute.MethodAttributeAppender;535;0;0;0;
metrics;Hub-like Modularization;com.github.javaparser.printer.configuration;2252;0;0;1;
metrics;Hub-like Modularization;com.google.zxing.datamatrix.decoder.Version;309;0;0;0;
metrics;Hub-like Modularization;com.github.javaparser.ast.observer;1878;0;1;1;
metrics;Hub-like Modularization;net.bytebuddy.implementation.bind;1260;0;0;0;
metrics;Hub-like Modularization;org.adoptopenjdk.jitwatch.chain;1396;0;0;1;
metrics;Hub-like Modularization;net.bytebuddy.implementation.FieldAccessor;611;0;0;0;
metrics;Hub-like Modularization;com.github.javaparser.ast.validator.language.level.validations.chunks;3122;0;1;1;
metrics;Hub-like Modularization;com.example.NoSerializedNameMain;337;0;0;0;
metrics;Hub-like Modularization;net.bytebuddy.dynamic.loading.ClassInjector;581;0;0;0;
metrics;Hub-like Modularization;com.google.common.jimfs.OwnerAttributeProvider;249;0;0;0;
metrics;Hub-like Modularization;com.google.googlejavaformat.java.ModifierOrderer;324;0;0;0;
metrics;Hub-like Modularization;org.adoptopenjdk.jitwatch.parser.hotspot;1044;0;0;1;
metrics;Hub-like Modularization;(default package);244;0;0;0;
metrics;Hub-like Modularization;net.bytebuddy.implementation.bytecode.constant;2195;0;0;1;
metrics;Hub-like Modularization;net.bytebuddy.description.type.TypeList;964;0;0;0;
metrics;Hub-like Modularization;net.bytebuddy.dynamic.DynamicType;790;0;0;0;
metrics;Hub-like Modularization;net.bytebuddy.description.type.TypeDescription;497;0;0;0;
metrics;Hub-like Modularization;net.bytebuddy.description.type.TypeDescription;658;0;0;0;
metrics;Hub-like Modularization;net.bytebuddy.asm.TypeReferenceAdjustment;1154;0;0;0;
metrics;Hub-like Modularization;org.apache.commons.io.comparator;248;0;0;0;
metrics;Hub-like Modularization;net.bytebuddy.dynamic.scaffold.TypeWriter;1108;0;0;0;
metrics;Hub-like Modularization;(default package).Issue300;244;0;0;0;
metrics;Hub-like Modularization;net.bytebuddy.utility.AsmClassReader;906;0;0;0;
metrics;Hub-like Modularization;a;243;0;0;0;
metrics;Hub-like Modularization;com.github.javaparser.resolution;3151;0;1;1;
metrics;Hub-like Modularization;issue241.TypeWithMemberType;247;0;0;0;
metrics;Hub-like Modularization;foo;274;0;0;0;
metrics;Hub-like Modularization;com.github.javaparser.resolution.types;3231;0;1;1;
metrics;Hub-like Modularization;com.github.javaparser.utils;501;0;0;0;
metrics;Hub-like Modularization;com.github.javaparser.symbolsolver.javaparsermodel.declarators;775;0;0;0;
metrics;Hub-like Modularization;com.github.javaparser.metamodel;2240;0;0;0;
metrics;Hub-like Modularization;com.github.javaparser.serialization.JavaParserJsonSerializer;2184;0;0;1;
metrics;Hub-like Modularization;com.google.zxing.client.android.camera;1132;1;1;1;
metrics;Hub-like Modularization;net.bytebuddy.implementation.FixedValue;1096;0;0;0;
metrics;Hub-like Modularization;org.jsoup.select.Evaluator;245;0;0;0;
metrics;Hub-like Modularization;net.bytebuddy.dynamic.ClassFileLocator;262;0;0;0;
metrics;Hub-like Modularization;net.bytebuddy.dynamic.loading.ByteArrayClassLoader;608;0;0;0;
metrics;Hub-like Modularization;com.github.javaparser.generator.core.other;400;0;0;0;
metrics;Hub-like Modularization;net.bytebuddy.dynamic.loading.MultipleParentClassLoader;251;0;0;0;
metrics;Hub-like Modularization;org.apache.commons.lang3.concurrent;455;0;0;0;
metrics;Hub-like Modularization;net.bytebuddy.build.gradle.android.ByteBuddyAndroidPlugin;291;0;0;0;
metrics;Hub-like Modularization;com.github.javaparser.resolution.logic;1970;0;0;1;
metrics;Hub-like Modularization;net.bytebuddy.build.RenamingPlugin;248;0;0;0;
metrics;Hub-like Modularization;net.bytebuddy.android.AndroidClassLoadingStrategy;250;0;0;0;
metrics;Hub-like Modularization;org.apache.commons.lang3.function;250;0;0;0;
metrics;Hub-like Modularization;com.github.javaparser.ast.observer;1197;0;0;0;
metrics;Hub-like Modularization;com.github.javaparser.printer.concretesyntaxmodel;966;0;0;0;
metrics;Hub-like Modularization;net.bytebuddy.implementation.InvocationHandlerAdapter;941;0;0;0;
metrics;Hub-like Modularization;com.github.javaparser.symbolsolver.reflectionmodel.comparators;1010;0;0;1;
metrics;Hub-like Modularization;net.bytebuddy.implementation.bytecode.constant;977;0;0;0;
metrics;Hub-like Modularization;com.google.zxing.pdf417.decoder;911;1;0;1;
metrics;Hub-like Modularization;com.github.javaparser.javasymbolsolver.javassist.symbols.main.jar;256;0;0;0;
metrics;Hub-like Modularization;com.google.zxing.common.reedsolomon;495;0;0;0;
metrics;Hub-like Modularization;net.bytebuddy.dynamic.scaffold.InstrumentedType;1039;0;0;0;
metrics;Hub-like Modularization;net.bytebuddy.dynamic.loading.ClassInjector;815;0;0;0;
metrics;Hub-like Modularization;org.adoptopenjdk.jitwatch.ui.sandbox;672;0;0;0;
metrics;Hub-like Modularization;com.google.zxing.client.android;722;0;0;0;
metrics;Hub-like Modularization;org.adoptopenjdk.jitwatch.model.bytecode;610;0;0;0;
metrics;Hub-like Modularization;main;242;0;0;0;
metrics;Hub-like Modularization;com.google.gson.internal.bind.ReflectiveTypeAdapterFactory;251;0;0;0;
metrics;Hub-like Modularization;net.bytebuddy.android.AndroidClassLoadingStrategy;251;0;0;0;
metrics;Hub-like Modularization;net.bytebuddy.dynamic.loading.ClassInjector;1573;0;0;1;
metrics;Hub-like Modularization;com.github.javaparser.metamodel;2123;0;0;0;
metrics;Hub-like Modularization;com.google.zxing.aztec.encoder;701;0;0;1;
metrics;Hub-like Modularization;net.bytebuddy.implementation.bytecode.StackManipulation;657;0;0;0;
metrics;Hub-like Modularization;implements.duplicate.A;246;0;0;0;
metrics;Hub-like Modularization;com.google.zxing.datamatrix.encoder.MinimalEncoder;512;0;0;0;
metrics;Hub-like Modularization;net.bytebuddy.implementation.Implementation;1166;0;0;1;
metrics;Hub-like Modularization;net.bytebuddy.dynamic.scaffold.TypeWriter;1327;0;0;1;
metrics;Hub-like Modularization;(default package).PolymorphismTest;247;0;0;0;
metrics;Hub-like Modularization;com.github.javaparser.symbolsolver.javaparsermodel.contexts;932;0;0;0;
metrics;Hub-like Modularization;org.jsoup.parser.Token;382;0;0;0;
metrics;Hub-like Modularization;com.google.googlejavaformat.java.JavaInputAstVisitor;573;0;0;0;
metrics;Hub-like Modularization;com.google.zxing.oned.rss;802;0;0;1;
metrics;Hub-like Modularization;org.adoptopenjdk.jitwatch.model.bytecode;704;0;0;0;
metrics;Hub-like Modularization;org.adoptopenjdk.jitwatch.jvmlang;2173;1;1;1;
metrics;Hub-like Modularization;net.bytebuddy.implementation.bytecode.constant.MethodConstant;1480;0;0;0;
metrics;Hub-like Modularization;com.github.javaparser.symbolsolver.javassistmodel;665;0;0;0;
metrics;Hub-like Modularization;net.bytebuddy.pool.TypePool;658;0;0;0;
metrics;Hub-like Modularization;net.bytebuddy.dynamic.loading.ClassInjector;828;0;0;0;
metrics;Hub-like Modularization;com.google.googlejavaformat.java.StringWrapper;253;0;0;0;
metrics;Hub-like Modularization;com.google.gson;865;0;0;0;
metrics;Hub-like Modularization;net.bytebuddy.benchmark.jmh.generated.ClassByExtensionBenchmark.benchmarkByteBuddyWithProxy;4453;0;0;0;
metrics;Hub-like Modularization;com.github.javaparser.symbolsolver.cache;440;0;0;0;
metrics;Hub-like Modularization;org.apache.commons.io.file.CountingPathVisitor;470;0;0;0;
metrics;Hub-like Modularization;package.c;242;0;0;0;
metrics;Hub-like Modularization;com.google.googlejavaformat;779;0;0;1;
metrics;Hub-like Modularization;net.bytebuddy.benchmark.jmh.generated.ClassByImplementationBenchmark.benchmarkCglib;4397;0;0;0;
metrics;Hub-like Modularization;com.github.javaparser.metamodel;2256;0;0;0;
metrics;Hub-like Modularization;net.bytebuddy.implementation.bind.MethodDelegationBinder;551;0;0;0;
metrics;Hub-like Modularization;com.google.googlejavaformat.java.JavacTokens;319;0;0;0;
metrics;Hub-like Modularization;com.google.gson.graph;1013;0;0;1;
metrics;Hub-like Modularization;org.adoptopenjdk.jitwatch.util;1170;0;0;0;
metrics;Hub-like Modularization;package.b;242;0;0;0;
metrics;Hub-like Modularization;com.github.javaparser.symbolsolver.resolution.promotion;1531;0;0;1;
metrics;Hub-like Modularization;com.google.googlejavaformat.java;655;0;0;1;
metrics;Hub-like Modularization;com.google.common.jimfs;247;0;0;0;
metrics;Hub-like Modularization;com.google.zxing.web.DoSTracker;251;0;0;0;
metrics;Hub-like Modularization;net.bytebuddy.implementation.bytecode.member.MethodInvocation;1492;0;0;0;
metrics;Hub-like Modularization;net.bytebuddy.implementation.FixedValue;733;0;0;0;
metrics;Hub-like Modularization;org.apache.commons.lang3.function;711;0;0;1;
metrics;Hub-like Modularization;org.apache.commons.io.input;249;0;0;0;
metrics;Hub-like Modularization;org.apache.commons.io.function;1249;0;0;1;
metrics;Hub-like Modularization;net.bytebuddy.dynamic.scaffold.subclass.ConstructorStrategy;707;0;0;0;
metrics;Hub-like Modularization;org.apache.commons.io.channels;479;0;0;0;
metrics;Hub-like Modularization;net.bytebuddy.implementation.SuperMethodCall;385;0;0;0;
metrics;Hub-like Modularization;org.adoptopenjdk.jitwatch.model.bytecode;1711;0;0;0;
metrics;Hub-like Modularization;net.bytebuddy.description.field.FieldDescription;1293;0;0;0;
metrics;Hub-like Modularization;com.google.googlejavaformat.intellij;395;0;0;0;
metrics;Hub-like Modularization;com.github.javaparser.symbolsolver.javassistmodel;1682;0;0;1;
metrics;Hub-like Modularization;org.apache.commons.lang3.time;315;0;0;0;
metrics;Hub-like Modularization;com.google.zxing;1053;0;1;1;
metrics;Hub-like Modularization;com.github.javaparser.ast.nodeTypes.modifiers;253;0;0;0;
metrics;Hub-like Modularization;japa.bdd.samples.JavaConcepts;248;0;0;0;
metrics;Hub-like Modularization;net.bytebuddy.dynamic.ClassFileLocator;582;0;0;0;
metrics;Hub-like Modularization;net.bytebuddy.asm.MemberSubstitution;955;0;0;0;
metrics;Hub-like Modularization;net.bytebuddy.build.RenamingPlugin;447;0;0;0;
metrics;Hub-like Modularization;net.bytebuddy.implementation.FieldAccessor;701;0;0;0;
metrics;Hub-like Modularization;net.bytebuddy.pool.TypePool;249;0;0;0;
metrics;Hub-like Modularization;com.github.javaparser.printer.lexicalpreservation;850;0;0;0;
metrics;Hub-like Modularization;com.github.javaparser;1629;0;0;0;
metrics;Hub-like Modularization;com.github.javaparser.ast.nodeTypes;1194;0;0;0;
metrics;Hub-like Modularization;net.bytebuddy.dynamic.DynamicType;665;0;0;0;
metrics;Hub-like Modularization;org.apache.commons.io;840;0;0;1;
metrics;Hub-like Modularization;com.github.javaparser.symbolsolver.resolution.typeinference.bounds;1578;0;0;0;
metrics;Hub-like Modularization;(default package);245;0;0;0;
metrics;Hub-like Modularization;com.google.googlejavaformat.java;249;0;0;0;
metrics;Hub-like Modularization;com.github.javaparser.metamodel;4041;0;1;1;
metrics;Hub-like Modularization;net.bytebuddy.dynamic.scaffold.TypeWriter;826;0;0;0;
metrics;Hub-like Modularization;com.github.javaparser.symbolsolver.reflectionmodel;871;0;0;0;
metrics;Hub-like Modularization;org.jsoup;245;0;0;0;
metrics;Hub-like Modularization;net.bytebuddy.implementation.auxiliary.TypeProxy;905;0;0;1;
metrics;Hub-like Modularization;net.bytebuddy.implementation.HashCodeMethod;1385;0;0;0;
metrics;Hub-like Modularization;net.bytebuddy.build.Plugin;248;0;0;0;
metrics;Hub-like Modularization;net.bytebuddy.dynamic.scaffold.TypeWriter;250;0;0;0;
metrics;Hub-like Modularization;org.apache.commons.lang3.time;492;0;0;0;
metrics;Hub-like Modularization;net.bytebuddy.ByteBuddy;477;0;0;0;
metrics;Hub-like Modularization;com.github.javaparser.printer.lexicalpreservation.ReshuffledDiffElementExtractor;459;0;0;0;
metrics;Hub-like Modularization;net.bytebuddy.build.maven.ByteBuddyMojo;458;0;0;0;
metrics;Hub-like Modularization;net.bytebuddy.implementation.Implementation;489;0;0;0;
metrics;Hub-like Modularization;org.adoptopenjdk.jitwatch.model;2514;0;0;1;
metrics;Hub-like Modularization;org.gradle.api.file;337;0;0;0;
metrics;Hub-like Modularization;org.adoptopenjdk.jitwatch.inline;1024;0;0;0;
metrics;Hub-like Modularization;net.bytebuddy.dynamic.loading.ClassLoadingStrategy;608;0;0;0;
metrics;Hub-like Modularization;org.apache.commons.io.comparator;248;0;0;0;
metrics;Hub-like Modularization;org.apache.commons.lang3.function;511;0;0;0;
metrics;Hub-like Modularization;(default package);244;0;0;0;
metrics;Hub-like Modularization;net.bytebuddy.description.method.ParameterList;1491;0;0;0;
metrics;Hub-like Modularization;net.bytebuddy.utility.dispatcher.JavaDispatcher;565;0;0;0;
metrics;Hub-like Modularization;net.bytebuddy.build.maven.ByteBuddyMojo;251;0;0;0;
metrics;Hub-like Modularization;com.google.zxing.common;342;0;0;0;
metrics;Hub-like Modularization;com.google.zxing.oned;734;0;0;1;
metrics;Hub-like Modularization;net.bytebuddy.agent.builder.ResettableClassFileTransformer;1070;0;0;1;
metrics;Hub-like Modularization;com.github.javaparser.resolution.declarations;402;0;0;0;
metrics;Hub-like Modularization;com.github.javaparser.metamodel;2253;0;0;0;
metrics;Hub-like Modularization;org.apache.commons.lang3.time.FastDatePrinter;577;0;0;0;
metrics;Hub-like Modularization;com.github.javaparser.metamodel;2244;0;0;0;
metrics;Hub-like Modularization;net.bytebuddy.description.type.TypeDescription;419;0;0;0;
metrics;Hub-like Modularization;com.google.zxing.multi;538;0;0;0;
metrics;Hub-like Modularization;org.jsoup.nodes.Attributes;455;0;0;0;
metrics;Hub-like Modularization;org.apache.commons.io.output;287;0;0;0;
metrics;Hub-like Modularization;com.google.zxing.client.android.result.supplement;631;0;0;0;
metrics;Hub-like Modularization;net.bytebuddy.description.modifier;761;0;0;0;
