smell,classification,context_size,fqn,label,prediction,prompt_file
god_component,tn,56383,org.apache.commons.lang3.concurrent.locks,0,0,org_apache_commons_lang3_concurrent_locks.txt
god_component,tn,6061,org.apache.commons.io.channels,0,0,org_apache_commons_io_channels.txt
god_component,tn,26660,org.apache.commons.lang3.math,0,0,org_apache_commons_lang3_math.txt
god_component,tn,10887,com.github.javaparser.printer.concretesyntaxmodel,0,0,com_github_javaparser_printer_concretesyntaxmodel.txt
god_component,tn,1227,com.google.zxing.maxicode,0,0,com_google_zxing_maxicode.txt
god_component,tp,26884,japa.bdd.samples,1,1,japa_bdd_samples.txt
god_component,tn,11118,com.google.zxing.client.android.camera,0,0,com_google_zxing_client_android_camera.txt
god_component,tn,9721,com.github.javaparser.generator.core.visitor,0,0,com_github_javaparser_generator_core_visitor.txt
god_component,tn,3439,com.google.zxing.qrcode,0,0,com_google_zxing_qrcode.txt
god_component,tn,3744,org.adoptopenjdk.jitwatch.ui.triview.bytecode,0,0,org_adoptopenjdk_jitwatch_ui_triview_bytecode.txt
god_component,tn,311,japa.parser.comments,0,0,japa_parser_comments.txt
god_component,tn,6036,net.bytebuddy.implementation.bytecode.assign,0,0,net_bytebuddy_implementation_bytecode_assign.txt
god_component,tn,4052,org.adoptopenjdk.jitwatch.process.runtime,0,0,org_adoptopenjdk_jitwatch_process_runtime.txt
god_component,tn,2102,demo,0,0,demo.txt
god_component,tn,1222,com.github.javaparser.symbolsolver.declarations.common,0,0,com_github_javaparser_symbolsolver_declarations_common.txt
god_component,fn,29335,com.github.javaparser.ast.type,1,0,com_github_javaparser_ast_type.txt
god_component,tn,6355,com.google.zxing.multi.qrcode.detector,0,0,com_google_zxing_multi_qrcode_detector.txt
god_component,fn,31273,net.bytebuddy.implementation.bytecode,1,0,net_bytebuddy_implementation_bytecode.txt
god_component,fn,30697,org.apache.commons.io.function,1,0,org_apache_commons_io_function.txt
god_component,fn,29411,com.google.zxing.client.result,1,0,com_google_zxing_client_result.txt
god_component,tn,18747,com.google.zxing,0,0,com_google_zxing.txt
god_component,tn,475,issue1945.interfaces,0,0,issue1945_interfaces.txt
god_component,fn,14543,com.example,1,0,com_example.txt
god_component,fp,16042,org.adoptopenjdk.jitwatch.ui.nmethod.compilerthread,0,1,org_adoptopenjdk_jitwatch_ui_nmethod_compilerthread.txt
god_component,tn,9104,com.github.javaparser.printer.configuration,0,0,com_github_javaparser_printer_configuration.txt
god_component,fn,25972,com.github.javaparser.symbolsolver.reflectionmodel,1,0,com_github_javaparser_symbolsolver_reflectionmodel.txt
god_component,tn,715,com.github.javaparser.generator.core.utils,0,0,com_github_javaparser_generator_core_utils.txt
god_component,tn,283,box,0,0,box.txt
god_component,fn,86828,org.apache.commons.io.output,1,0,org_apache_commons_io_output.txt
god_component,tn,19018,org.apache.commons.lang3.mutable,0,0,org_apache_commons_lang3_mutable.txt
god_component,fn,1876,com.github.javaparser.symbolsolver.resolution,1,0,com_github_javaparser_symbolsolver_resolution.txt
god_component,tn,328,another,0,0,another.txt
god_component,tn,558,issue1945.main,0,0,issue1945_main.txt
god_component,tn,2056,org.adoptopenjdk.jitwatch.process.javap,0,0,org_adoptopenjdk_jitwatch_process_javap.txt
god_component,tn,1858,org.adoptopenjdk.jitwatch.jarscan.sequencecount,0,0,org_adoptopenjdk_jitwatch_jarscan_sequencecount.txt
god_component,fn,48871,com.github.javaparser.symbolsolver.javaparsermodel.contexts,1,0,com_github_javaparser_symbolsolver_javaparsermodel_contexts.txt
god_component,tn,3757,org.jsoup.examples,0,0,org_jsoup_examples.txt
god_component,fn,23328,com.github.javaparser.symbolsolver.javassistmodel,1,0,com_github_javaparser_symbolsolver_javassistmodel.txt
god_component,tp,82548,com.google.googlejavaformat,1,1,com_google_googlejavaformat.txt
god_component,tn,1825,org.adoptopenjdk.jitwatch.jvmlang,0,0,org_adoptopenjdk_jitwatch_jvmlang.txt
god_component,tn,2636,org.adoptopenjdk.jitwatch.hotthrow,0,0,org_adoptopenjdk_jitwatch_hotthrow.txt
god_component,tn,10506,com.google.gson.internal.reflect,0,0,com_google_gson_internal_reflect.txt
god_component,fn,18107,com.github.javaparser.resolution.declarations,1,0,com_github_javaparser_resolution_declarations.txt
god_component,fn,4278,com.github.javaparser.ast.validator,1,0,com_github_javaparser_ast_validator.txt
god_component,tn,3112,com.google.zxing.client.android.wifi,0,0,com_google_zxing_client_android_wifi.txt
god_component,fn,47496,com.google.zxing.client.android,1,0,com_google_zxing_client_android.txt
god_component,tn,6948,com.google.zxing.oned.rss,0,0,com_google_zxing_oned_rss.txt
god_component,fn,1233,main,1,0,main.txt
god_component,tn,5611,org.adoptopenjdk.jitwatch.inline,0,0,org_adoptopenjdk_jitwatch_inline.txt
god_component,tn,455,com.github.javaparser.resolution.promotion,0,0,com_github_javaparser_resolution_promotion.txt
god_component,tn,12974,com.google.zxing.aztec.decoder,0,0,com_google_zxing_aztec_decoder.txt
god_component,tn,9569,org.apache.commons.lang3.tuple,0,0,org_apache_commons_lang3_tuple.txt
god_component,tn,14121,org.apache.commons.io.monitor,0,0,org_apache_commons_io_monitor.txt
god_component,tn,624,org.adoptopenjdk.jitwatch.ui.parserchooser,0,0,org_adoptopenjdk_jitwatch_ui_parserchooser.txt
god_component,tn,317,implements.duplicate,0,0,implements_duplicate.txt
god_component,tn,31698,com.google.zxing.common,0,0,com_google_zxing_common.txt
god_component,tp,98414,com.github.javaparser.printer.lexicalpreservation,1,1,com_github_javaparser_printer_lexicalpreservation.txt
god_component,tn,42308,org.jsoup.safety,0,0,org_jsoup_safety.txt
god_component,tn,26451,com.google.googlejavaformat.java.javadoc,0,0,com_google_googlejavaformat_java_javadoc.txt
god_component,fn,43400,com.github.javaparser.ast.stmt,1,0,com_github_javaparser_ast_stmt.txt
god_component,tn,1000,org.gradle.work,0,0,org_gradle_work.txt
god_component,fn,27967,net.bytebuddy.implementation.bytecode.assign.primitive,1,0,net_bytebuddy_implementation_bytecode_assign_primitive.txt
god_component,tn,804,foo,0,0,foo.txt
god_component,tn,49767,com.github.javaparser.printer,0,0,com_github_javaparser_printer.txt
god_component,fn,10226,com.github.javaparser.symbolsolver,1,0,com_github_javaparser_symbolsolver.txt
god_component,tn,37491,org.adoptopenjdk.jitwatch.core,0,0,org_adoptopenjdk_jitwatch_core.txt
god_component,tn,1094,org.apache.commons.io.charset,0,0,org_apache_commons_io_charset.txt
god_component,tn,291,issue241,0,0,issue241.txt
god_component,tn,17798,com.github.javaparser.symbolsolver.resolution.typesolvers,0,0,com_github_javaparser_symbolsolver_resolution_typesolvers.txt
god_component,fn,15499,(default package),1,0,(default package).txt
god_component,fn,53375,net.bytebuddy.dynamic.scaffold.inline,1,0,net_bytebuddy_dynamic_scaffold_inline.txt
god_component,tn,2732,com.google.gson.internal.sql,0,0,com_google_gson_internal_sql.txt
god_component,fn,81567,com.google.gson,1,0,com_google_gson.txt
god_component,tn,4014,com.google.gson.reflect,0,0,com_google_gson_reflect.txt
god_component,tn,4452,org.adoptopenjdk.jitwatch.parser.zing,0,0,org_adoptopenjdk_jitwatch_parser_zing.txt
god_component,fn,68316,com.google.zxing.oned,1,0,com_google_zxing_oned.txt
god_component,tn,23606,com.google.gson.stream,0,0,com_google_gson_stream.txt
god_component,fn,83237,com.google.gson.internal.bind,1,0,com_google_gson_internal_bind.txt
god_component,tn,709,org.adoptopenjdk.jitwatch.treevisitor,0,0,org_adoptopenjdk_jitwatch_treevisitor.txt
god_component,tn,3875,org.adoptopenjdk.jitwatch.compilation,0,0,org_adoptopenjdk_jitwatch_compilation.txt
god_component,tn,446,org.adoptopenjdk.jitwatch.report.locks,0,0,org_adoptopenjdk_jitwatch_report_locks.txt
god_component,tn,490,org.adoptopenjdk.jitwatch.ui.browser,0,0,org_adoptopenjdk_jitwatch_ui_browser.txt
god_component,fn,90858,com.github.javaparser.metamodel,1,0,com_github_javaparser_metamodel.txt
god_component,tn,5207,com.github.javaparser.symbolsolver.cache,0,0,com_github_javaparser_symbolsolver_cache.txt
god_component,tn,839,com.github.javaparser.quality,0,0,com_github_javaparser_quality.txt
god_component,tn,1447,com.github.javaparser.symbolsolver.reflectionmodel.comparators,0,0,com_github_javaparser_symbolsolver_reflectionmodel_comparators.txt
god_component,fn,71343,com.google.gson.internal,1,0,com_google_gson_internal.txt
god_component,tn,23188,com.github.javaparser.symbolsolver.resolution.naming,0,0,com_github_javaparser_symbolsolver_resolution_naming.txt
god_component,tn,4081,com.google.zxing.client.android.result.supplement,0,0,com_google_zxing_client_android_result_supplement.txt
god_component,tn,3305,org.adoptopenjdk.jitwatch.model.assembly.x86,0,0,org_adoptopenjdk_jitwatch_model_assembly_x86.txt
god_component,tn,5445,org.apache.commons.lang3.compare,0,0,org_apache_commons_lang3_compare.txt
god_component,tn,14367,com.google.zxing.client.j2se,0,0,com_google_zxing_client_j2se.txt
god_component,tn,3682,com.github.javaparser.javadoc.description,0,0,com_github_javaparser_javadoc_description.txt
god_component,fn,76713,net.bytebuddy.build.gradle,1,0,net_bytebuddy_build_gradle.txt
god_component,tp,83259,org.jsoup.helper,1,1,org_jsoup_helper.txt
god_component,tn,9480,com.google.zxing.oned.rss.expanded,0,0,com_google_zxing_oned_rss_expanded.txt
god_component,tn,53058,com.google.zxing.qrcode.encoder,0,0,com_google_zxing_qrcode_encoder.txt
god_component,tn,35141,com.google.zxing.pdf417,0,0,com_google_zxing_pdf417.txt
god_component,fn,30345,net.bytebuddy.description.modifier,1,0,net_bytebuddy_description_modifier.txt
god_component,tn,16704,com.github.javaparser.resolution.types,0,0,com_github_javaparser_resolution_types.txt
unstable_dependency,fp,82305,org.adoptopenjdk.jitwatch.ui.compilechain,0,1,org_adoptopenjdk_jitwatch_ui_compilechain.txt
unstable_dependency,tn,75987,org.adoptopenjdk.jitwatch.jarscan.freqinlinesize,0,0,org_adoptopenjdk_jitwatch_jarscan_freqinlinesize.txt
unstable_dependency,fn,96053,org.adoptopenjdk.jitwatch.model.assembly,1,0,org_adoptopenjdk_jitwatch_model_assembly.txt
unstable_dependency,tn,22399,org.adoptopenjdk.jitwatch.model.assembly.arm,0,0,org_adoptopenjdk_jitwatch_model_assembly_arm.txt
unstable_dependency,tn,25085,com.github.javaparser.symbolsolver.cache,0,0,com_github_javaparser_symbolsolver_cache.txt
unstable_dependency,tn,4492,org.adoptopenjdk.jitwatch.ui.report.suggestion,0,0,org_adoptopenjdk_jitwatch_ui_report_suggestion.txt
unstable_dependency,tn,36109,org.adoptopenjdk.jitwatch.logger,0,0,org_adoptopenjdk_jitwatch_logger.txt
unstable_dependency,tn,1223,javaparser,0,0,javaparser.txt
unstable_dependency,tn,817,foo,0,0,foo.txt
unstable_dependency,tn,13175,org.adoptopenjdk.jitwatch.process.compiler,0,0,org_adoptopenjdk_jitwatch_process_compiler.txt
unstable_dependency,tn,38494,org.adoptopenjdk.jitwatch.inline,0,0,org_adoptopenjdk_jitwatch_inline.txt
unstable_dependency,tn,330,implements.duplicate,0,0,implements_duplicate.txt
unstable_dependency,tn,15564,com.google.zxing.web.generator.client,0,0,com_google_zxing_web_generator_client.txt
unstable_dependency,tn,85742,com.google.zxing.client.android.result.supplement,0,0,com_google_zxing_client_android_result_supplement.txt
unstable_dependency,tn,82514,com.google.gson.extras.examples.rawcollections,0,0,com_google_gson_extras_examples_rawcollections.txt
unstable_dependency,tn,88854,org.adoptopenjdk.jitwatch.ui.nmethod.compilerthread,0,0,org_adoptopenjdk_jitwatch_ui_nmethod_compilerthread.txt
unstable_dependency,fn,70791,org.adoptopenjdk.jitwatch.ui.compilationchooser,1,0,org_adoptopenjdk_jitwatch_ui_compilationchooser.txt
unstable_dependency,tn,57631,com.google.zxing.maxicode,0,0,com_google_zxing_maxicode.txt
unstable_dependency,tn,49826,org.adoptopenjdk.jitwatch.report.escapeanalysis,0,0,org_adoptopenjdk_jitwatch_report_escapeanalysis.txt
unstable_dependency,tn,3004,com.github.javaparser.ast.nodeTypes.modifiers,0,0,com_github_javaparser_ast_nodeTypes_modifiers.txt
unstable_dependency,tn,26964,org.adoptopenjdk.jitwatch.jarscan.sequencecount,0,0,org_adoptopenjdk_jitwatch_jarscan_sequencecount.txt
unstable_dependency,tn,71512,com.google.zxing.oned.rss,0,0,com_google_zxing_oned_rss.txt
unstable_dependency,tn,62972,org.adoptopenjdk.jitwatch.chain,0,0,org_adoptopenjdk_jitwatch_chain.txt
unstable_dependency,tn,77832,org.gradle.work,0,0,org_gradle_work.txt
unstable_dependency,tn,5139,com.google.zxing.integration.android,0,0,com_google_zxing_integration_android.txt
unstable_dependency,tn,79550,demo,0,0,demo.txt
unstable_dependency,tn,85385,com.google.zxing.datamatrix.decoder,0,0,com_google_zxing_datamatrix_decoder.txt
unstable_dependency,tn,49717,org.adoptopenjdk.jitwatch.jarscan.invokecount,0,0,org_adoptopenjdk_jitwatch_jarscan_invokecount.txt
unstable_dependency,fp,633,foo.bar.differentpackage,0,1,foo_bar_differentpackage.txt
unstable_dependency,tn,46574,org.adoptopenjdk.jitwatch.ui.browser,0,0,org_adoptopenjdk_jitwatch_ui_browser.txt
unstable_dependency,tn,85573,org.adoptopenjdk.jitwatch.report.suggestion,0,0,org_adoptopenjdk_jitwatch_report_suggestion.txt
unstable_dependency,tn,796,net.bytebuddy.benchmark.runner,0,0,net_bytebuddy_benchmark_runner.txt
unstable_dependency,tn,296,box,0,0,box.txt
unstable_dependency,tn,80397,org.adoptopenjdk.jitwatch.ui.toplist,0,0,org_adoptopenjdk_jitwatch_ui_toplist.txt
unstable_dependency,tn,58951,org.adoptopenjdk.jitwatch.intrinsic,0,0,org_adoptopenjdk_jitwatch_intrinsic.txt
unstable_dependency,tn,92728,org.adoptopenjdk.jitwatch.parser.zing,0,0,org_adoptopenjdk_jitwatch_parser_zing.txt
unstable_dependency,tn,32882,net.bytebuddy.benchmark.specimen,0,0,net_bytebuddy_benchmark_specimen.txt
unstable_dependency,fn,94103,com.google.zxing.aztec,1,0,com_google_zxing_aztec.txt
unstable_dependency,fp,255,bar,0,1,bar.txt
unstable_dependency,fp,81971,org.adoptopenjdk.jitwatch.ui,0,1,org_adoptopenjdk_jitwatch_ui.txt
unstable_dependency,tn,76987,com.google.zxing.multi.qrcode.detector,0,0,com_google_zxing_multi_qrcode_detector.txt
unstable_dependency,tn,15849,com.packageName,0,0,com_packageName.txt
unstable_dependency,tn,62061,org.adoptopenjdk.jitwatch.ui.filechooser,0,0,org_adoptopenjdk_jitwatch_ui_filechooser.txt
unstable_dependency,tn,82637,org.adoptopenjdk.jitwatch.hotthrow,0,0,org_adoptopenjdk_jitwatch_hotthrow.txt
unstable_dependency,tn,86582,com.google.gson.internal.bind.util,0,0,com_google_gson_internal_bind_util.txt
unstable_dependency,tn,31692,org.adoptopenjdk.jitwatch.ui.report.eliminatedallocation,0,0,org_adoptopenjdk_jitwatch_ui_report_eliminatedallocation.txt
unstable_dependency,tn,77730,org.gradle.api.file,0,0,org_gradle_api_file.txt
unstable_dependency,tn,51515,org.adoptopenjdk.jitwatch.jarscan.methodsizehisto,0,0,org_adoptopenjdk_jitwatch_jarscan_methodsizehisto.txt
unstable_dependency,tn,99702,com.example,0,0,com_example.txt
unstable_dependency,tn,254,package.b,0,0,package_b.txt
unstable_dependency,fn,49154,org.adoptopenjdk.jitwatch.report,1,0,org_adoptopenjdk_jitwatch_report.txt
unstable_dependency,tn,1246,main,0,0,main.txt
unstable_dependency,tn,71531,com.google.zxing.client.android.share,0,0,com_google_zxing_client_android_share.txt
unstable_dependency,tn,93494,com.google.gson.protobuf,0,0,com_google_gson_protobuf.txt
unstable_dependency,tn,92988,com.google.zxing.aztec.detector,0,0,com_google_zxing_aztec_detector.txt
unstable_dependency,fn,27968,org.adoptopenjdk.jitwatch.process.runtime,1,0,org_adoptopenjdk_jitwatch_process_runtime.txt
unstable_dependency,tn,26964,org.adoptopenjdk.jitwatch.jarscan.nextinstruction,0,0,org_adoptopenjdk_jitwatch_jarscan_nextinstruction.txt
unstable_dependency,tn,3128,org.adoptopenjdk.jitwatch.demo,0,0,org_adoptopenjdk_jitwatch_demo.txt
unstable_dependency,tn,16467,(default package),0,0,(default package).txt
unstable_dependency,tn,25569,org.adoptopenjdk.jitwatch.jarscan.allocationcount,0,0,org_adoptopenjdk_jitwatch_jarscan_allocationcount.txt
unstable_dependency,tn,92876,com.google.zxing.pdf417.decoder.ec,0,0,com_google_zxing_pdf417_decoder_ec.txt
unstable_dependency,tn,27218,com.github.javaparser.symbolsolver.reflectionmodel.comparators,0,0,com_github_javaparser_symbolsolver_reflectionmodel_comparators.txt
unstable_dependency,fp,1600,com.github.javaparser.javasymbolsolver.javassist.symbols.main.jar,0,1,com_github_javaparser_javasymbolsolver_javassist_symbols_main_jar.txt
unstable_dependency,fn,88797,org.adoptopenjdk.jitwatch.ui.stage,1,0,org_adoptopenjdk_jitwatch_ui_stage.txt
unstable_dependency,tn,422,com.service.usage2,0,0,com_service_usage2.txt
unstable_dependency,tn,291,com.foo.base,0,0,com_foo_base.txt
unstable_dependency,tn,31694,org.adoptopenjdk.jitwatch.ui.report.locks,0,0,org_adoptopenjdk_jitwatch_ui_report_locks.txt
unstable_dependency,tn,26263,org.adoptopenjdk.jitwatch.jarscan.visualiser,0,0,org_adoptopenjdk_jitwatch_jarscan_visualiser.txt
unstable_dependency,tn,284,com.github.javaparser.testpackage,0,0,com_github_javaparser_testpackage.txt
unstable_dependency,tn,419,com.service.usage,0,0,com_service_usage.txt
unstable_dependency,tn,1082,org.apache.commons.io.file.spi,0,0,org_apache_commons_io_file_spi.txt
unstable_dependency,tn,82682,com.google.zxing.aztec.decoder,0,0,com_google_zxing_aztec_decoder.txt
unstable_dependency,tn,341,another,0,0,another.txt
unstable_dependency,fp,94223,org.adoptopenjdk.jitwatch.ui.report,0,1,org_adoptopenjdk_jitwatch_ui_report.txt
unstable_dependency,tn,3743,groovy.transform.builder,0,0,groovy_transform_builder.txt
unstable_dependency,tn,369,com.github.javaparser.javasymbolsolver.javassist.symbols.included.jar,0,0,com_github_javaparser_javasymbolsolver_javassist_symbols_included_jar.txt
unstable_dependency,tn,52942,org.adoptopenjdk.jitwatch.compilation.codecache,0,0,org_adoptopenjdk_jitwatch_compilation_codecache.txt
unstable_dependency,tn,1099,issue1945.interfaces,0,0,issue1945_interfaces.txt
unstable_dependency,fn,87940,com.google.zxing.client.android.history,1,0,com_google_zxing_client_android_history.txt
unstable_dependency,tn,306,com.github.javaparser.wiki.samples,0,0,com_github_javaparser_wiki_samples.txt
unstable_dependency,tn,53005,com.google.zxing.client.android.clipboard,0,0,com_google_zxing_client_android_clipboard.txt
unstable_dependency,tn,16975,org.adoptopenjdk.jitwatch.ui.resize,0,0,org_adoptopenjdk_jitwatch_ui_resize.txt
unstable_dependency,tn,48146,com.github.javaparser.resolution.promotion,0,0,com_github_javaparser_resolution_promotion.txt
unstable_dependency,tn,90715,org.adoptopenjdk.jitwatch.ui.viewer,0,0,org_adoptopenjdk_jitwatch_ui_viewer.txt
unstable_dependency,fp,536,a.b.c,0,1,a_b_c.txt
unstable_dependency,tn,265,com.github.javaparser.storage,0,0,com_github_javaparser_storage.txt
unstable_dependency,tn,43405,org.adoptopenjdk.jitwatch.treevisitor,0,0,org_adoptopenjdk_jitwatch_treevisitor.txt
unstable_dependency,tn,67193,org.apache.commons.lang3.event,0,0,org_apache_commons_lang3_event.txt
unstable_dependency,tn,55440,com.google.zxing.multi.qrcode,0,0,com_google_zxing_multi_qrcode.txt
unstable_dependency,fn,27775,org.adoptopenjdk.jitwatch.ui.parserchooser,1,0,org_adoptopenjdk_jitwatch_ui_parserchooser.txt
unstable_dependency,tn,42372,org.adoptopenjdk.jitwatch.histo,0,0,org_adoptopenjdk_jitwatch_histo.txt
unstable_dependency,fn,66694,org.adoptopenjdk.jitwatch.toplist,1,0,org_adoptopenjdk_jitwatch_toplist.txt
unstable_dependency,tn,20618,org.adoptopenjdk.jitwatch.model.assembly.x86,0,0,org_adoptopenjdk_jitwatch_model_assembly_x86.txt
unstable_dependency,tn,96878,com.github.javaparser.symbolsolver.declarations.common,0,0,com_github_javaparser_symbolsolver_declarations_common.txt
unstable_dependency,fn,16869,org.adoptopenjdk.jitwatch.process.javap,1,0,org_adoptopenjdk_jitwatch_process_javap.txt
unstable_dependency,tn,59626,com.google.zxing.client.android.camera,0,0,com_google_zxing_client_android_camera.txt
unstable_dependency,tn,89093,com.google.zxing.pdf417.detector,0,0,com_google_zxing_pdf417_detector.txt
unstable_dependency,tn,453,a,0,0,a.txt
unstable_dependency,tn,304,issue241,0,0,issue241.txt
unstable_dependency,tn,12351,com.google.zxing.client.android.camera.open,0,0,com_google_zxing_client_android_camera_open.txt
insufficient_modularization,tn,1965,com.github.javaparser.symbolsolver.javaparsermodel.contexts.AnonymousClassDeclarationContext,0,0,com_github_javaparser_symbolsolver_javaparsermodel_contexts_AnonymousClassDeclarationContext.txt
insufficient_modularization,fp,63017,net.bytebuddy.dynamic.DynamicType.Initial,0,1,net_bytebuddy_dynamic_DynamicType_Initial.txt
insufficient_modularization,tn,310,com.packageName.ClassInPackage,0,0,com_packageName_ClassInPackage.txt
insufficient_modularization,tn,7014,net.bytebuddy.description.type.TypeList.Empty,0,0,net_bytebuddy_description_type_TypeList_Empty.txt
insufficient_modularization,tn,3789,net.bytebuddy.description.type.RecordComponentDescription.InDefinedShape,0,0,net_bytebuddy_description_type_RecordComponentDescription_InDefinedShape.txt
insufficient_modularization,fn,1768,org.apache.commons.io.CloseableURLConnection,1,0,org_apache_commons_io_CloseableURLConnection.txt
insufficient_modularization,tn,7950,net.bytebuddy.implementation.bind.MethodDelegationBinder.Compound,0,0,net_bytebuddy_implementation_bind_MethodDelegationBinder_Compound.txt
insufficient_modularization,tn,478,com.google.zxing.ResultPointCallback,0,0,com_google_zxing_ResultPointCallback.txt
insufficient_modularization,tn,4015,net.bytebuddy.dynamic.scaffold.inline.MethodRebaseResolver,0,0,net_bytebuddy_dynamic_scaffold_inline_MethodRebaseResolver.txt
insufficient_modularization,tn,2922,net.bytebuddy.implementation.bytecode.assign.primitive.PrimitiveUnboxingDelegate.UnboxingResponsible,0,0,net_bytebuddy_implementation_bytecode_assign_primitive_PrimitiveUnboxingDelegate_UnboxingResponsible.txt
insufficient_modularization,tn,408,(default package).ElisionTest,0,0,(default package)_ElisionTest.txt
insufficient_modularization,tn,4573,net.bytebuddy.NamingStrategy,0,0,net_bytebuddy_NamingStrategy.txt
insufficient_modularization,fp,25997,net.bytebuddy.implementation.MethodCall.ForConstructingInvocation,0,1,net_bytebuddy_implementation_MethodCall_ForConstructingInvocation.txt
insufficient_modularization,tn,1095,org.apache.commons.io.input.UnsynchronizedReader,0,0,org_apache_commons_io_input_UnsynchronizedReader.txt
insufficient_modularization,tn,1533,net.bytebuddy.dynamic.scaffold.TypeInitializer,0,0,net_bytebuddy_dynamic_scaffold_TypeInitializer.txt
insufficient_modularization,tn,2786,org.apache.commons.io.input.ObservableInputStream.Builder,0,0,org_apache_commons_io_input_ObservableInputStream_Builder.txt
insufficient_modularization,tn,578,demo.Main.Callback,0,0,demo_Main_Callback.txt
insufficient_modularization,tn,3414,com.google.zxing.oned.CodaBarReader,0,0,com_google_zxing_oned_CodaBarReader.txt
insufficient_modularization,tn,3669,org.apache.commons.io.output.FileWriterWithEncoding,0,0,org_apache_commons_io_output_FileWriterWithEncoding.txt
insufficient_modularization,tn,6012,net.bytebuddy.implementation.ToStringMethod.ForFixedValue,0,0,net_bytebuddy_implementation_ToStringMethod_ForFixedValue.txt
insufficient_modularization,tn,3302,net.bytebuddy.dynamic.NexusAccessor.Available,0,0,net_bytebuddy_dynamic_NexusAccessor_Available.txt
insufficient_modularization,tn,1666,com.google.common.jimfs.BasicAttributeProvider.View,0,0,com_google_common_jimfs_BasicAttributeProvider_View.txt
insufficient_modularization,tn,2352,com.google.zxing.qrcode.decoder.BitMatrixParser,0,0,com_google_zxing_qrcode_decoder_BitMatrixParser.txt
insufficient_modularization,tn,2547,org.apache.commons.io.file.CountingPathVisitor,0,0,org_apache_commons_io_file_CountingPathVisitor.txt
insufficient_modularization,tn,1030,com.google.gson.internal.bind.CollectionTypeAdapterFactory.Adapter,0,0,com_google_gson_internal_bind_CollectionTypeAdapterFactory_Adapter.txt
insufficient_modularization,tn,2610,org.apache.commons.lang3.compare.ComparableUtils,0,0,org_apache_commons_lang3_compare_ComparableUtils.txt
insufficient_modularization,tn,2737,com.google.zxing.client.android.Intents,0,0,com_google_zxing_client_android_Intents.txt
insufficient_modularization,tn,1371,org.apache.commons.lang3.concurrent.CallableBackgroundInitializer,0,0,org_apache_commons_lang3_concurrent_CallableBackgroundInitializer.txt
insufficient_modularization,tn,6289,net.bytebuddy.asm.AsmVisitorWrapper.NoOp,0,0,net_bytebuddy_asm_AsmVisitorWrapper_NoOp.txt
insufficient_modularization,tn,801,org.adoptopenjdk.jitwatch.toplist.AbstractTopListVisitable,0,0,org_adoptopenjdk_jitwatch_toplist_AbstractTopListVisitable.txt
insufficient_modularization,tn,899,net.bytebuddy.description.modifier.FieldManifestation,0,0,net_bytebuddy_description_modifier_FieldManifestation.txt
insufficient_modularization,tn,5026,net.bytebuddy.description.method.ParameterList.OfMethod,0,0,net_bytebuddy_description_method_ParameterList_OfMethod.txt
insufficient_modularization,tn,4528,net.bytebuddy.benchmark.jmh.generated.SuperClassInvocationBenchmark.benchmarkByteBuddyWithPrefix.jmhTest,0,0,net_bytebuddy_benchmark_jmh_generated_SuperClassInvocationBenchmark_benchmarkByteBuddyWithPrefix_jmhTest.txt
insufficient_modularization,tn,642,com.google.zxing.oned.rss.expanded.decoders.AI013103decoder,0,0,com_google_zxing_oned_rss_expanded_decoders_AI013103decoder.txt
insufficient_modularization,tn,588,com.github.javaparser.symbolsolver.utils.FileUtils,0,0,com_github_javaparser_symbolsolver_utils_FileUtils.txt
insufficient_modularization,tn,3100,org.apache.commons.lang3.event.EventListenerSupport,0,0,org_apache_commons_lang3_event_EventListenerSupport.txt
insufficient_modularization,tn,15284,org.apache.commons.lang3.Strings.CsStrings,0,0,org_apache_commons_lang3_Strings_CsStrings.txt
insufficient_modularization,tn,666,com.google.zxing.web.OutputUtils,0,0,com_google_zxing_web_OutputUtils.txt
insufficient_modularization,fp,73356,net.bytebuddy.asm.MemberSubstitution.Dispatcher,0,1,net_bytebuddy_asm_MemberSubstitution_Dispatcher.txt
insufficient_modularization,tn,892,net.bytebuddy.implementation.bytecode.member.Invokedynamic,0,0,net_bytebuddy_implementation_bytecode_member_Invokedynamic.txt
insufficient_modularization,tn,5028,net.bytebuddy.description.method.ParameterList.OfLegacyVmMethod,0,0,net_bytebuddy_description_method_ParameterList_OfLegacyVmMethod.txt
insufficient_modularization,tn,1062,com.github.javaparser.utils.ParserCollectionStrategy,0,0,com_github_javaparser_utils_ParserCollectionStrategy.txt
insufficient_modularization,tn,569,org.gradle.api.tasks.PathSensitivity,0,0,org_gradle_api_tasks_PathSensitivity.txt
insufficient_modularization,tn,1615,org.apache.commons.io.input.UncheckedFilterReader,0,0,org_apache_commons_io_input_UncheckedFilterReader.txt
insufficient_modularization,fp,5777,net.bytebuddy.implementation.auxiliary.TypeProxy.MethodCall,0,1,net_bytebuddy_implementation_auxiliary_TypeProxy_MethodCall.txt
insufficient_modularization,tn,997,org.jsoup.helper.AuthenticationHandler.AuthShim,0,0,org_jsoup_helper_AuthenticationHandler_AuthShim.txt
insufficient_modularization,fp,23886,net.bytebuddy.implementation.InvokeDynamic.ForIntegerConstant,0,1,net_bytebuddy_implementation_InvokeDynamic_ForIntegerConstant.txt
insufficient_modularization,tn,2243,com.github.javaparser.resolution.logic.ConstructorResolutionLogic,0,0,com_github_javaparser_resolution_logic_ConstructorResolutionLogic.txt
insufficient_modularization,fn,1872,com.github.javaparser.ast.modules.ModuleOpensDirective,1,0,com_github_javaparser_ast_modules_ModuleOpensDirective.txt
insufficient_modularization,tn,2453,net.bytebuddy.matcher.LatentMatcher.ForRecordComponentToken,0,0,net_bytebuddy_matcher_LatentMatcher_ForRecordComponentToken.txt
insufficient_modularization,fp,63018,net.bytebuddy.dynamic.DynamicType.Unloaded,0,1,net_bytebuddy_dynamic_DynamicType_Unloaded.txt
insufficient_modularization,fp,5778,net.bytebuddy.implementation.auxiliary.TypeProxy.SilentConstruction,0,1,net_bytebuddy_implementation_auxiliary_TypeProxy_SilentConstruction.txt
insufficient_modularization,tn,1949,com.google.googlejavaformat.java.JavacTokens.AccessibleScanner,0,0,com_google_googlejavaformat_java_JavacTokens_AccessibleScanner.txt
insufficient_modularization,fn,2456,com.github.javaparser.ast.body.ConstructorDeclaration,1,0,com_github_javaparser_ast_body_ConstructorDeclaration.txt
insufficient_modularization,tn,5199,org.apache.commons.lang3.concurrent.EventCountCircuitBreaker.CheckIntervalData,0,0,org_apache_commons_lang3_concurrent_EventCountCircuitBreaker_CheckIntervalData.txt
insufficient_modularization,fp,20734,net.bytebuddy.description.annotation.AnnotationValue.PropertyDelegate,0,1,net_bytebuddy_description_annotation_AnnotationValue_PropertyDelegate.txt
insufficient_modularization,tn,1704,net.bytebuddy.utility.GraalImageCode.ImageCodeContextAction,0,0,net_bytebuddy_utility_GraalImageCode_ImageCodeContextAction.txt
insufficient_modularization,fp,73355,net.bytebuddy.asm.MemberSubstitution.Factory,0,1,net_bytebuddy_asm_MemberSubstitution_Factory.txt
insufficient_modularization,tn,67305,net.bytebuddy.pool.TypePool.LazyTypeVariable,0,0,net_bytebuddy_pool_TypePool_LazyTypeVariable.txt
insufficient_modularization,tn,4896,net.bytebuddy.build.AccessControllerPlugin.WithProperty,0,0,net_bytebuddy_build_AccessControllerPlugin_WithProperty.txt
insufficient_modularization,fp,67304,net.bytebuddy.pool.TypePool.FieldTokenList,0,1,net_bytebuddy_pool_TypePool_FieldTokenList.txt
insufficient_modularization,tn,764,org.apache.commons.lang3.mutable.Mutable,0,0,org_apache_commons_lang3_mutable_Mutable.txt
insufficient_modularization,tn,873,net.bytebuddy.build.gradle.ByteBuddySimpleTaskExtension,0,0,net_bytebuddy_build_gradle_ByteBuddySimpleTaskExtension.txt
insufficient_modularization,tn,34080,net.bytebuddy.build.Plugin.CompoundIterator,0,0,net_bytebuddy_build_Plugin_CompoundIterator.txt
insufficient_modularization,tn,1534,net.bytebuddy.description.TypeVariableSource.AbstractBase,0,0,net_bytebuddy_description_TypeVariableSource_AbstractBase.txt
insufficient_modularization,tn,1972,org.adoptopenjdk.jitwatch.model.assembly.AssemblyInstruction,0,0,org_adoptopenjdk_jitwatch_model_assembly_AssemblyInstruction.txt
insufficient_modularization,tp,87676,org.tensorflow.op.Ops,1,1,org_tensorflow_op_Ops.txt
insufficient_modularization,tn,4897,net.bytebuddy.build.AccessControllerPlugin.WithoutProperty,0,0,net_bytebuddy_build_AccessControllerPlugin_WithoutProperty.txt
insufficient_modularization,fp,13962,net.bytebuddy.agent.ByteBuddyAgent.ExternalAttachment,0,1,net_bytebuddy_agent_ByteBuddyAgent_ExternalAttachment.txt
insufficient_modularization,fp,48252,net.bytebuddy.dynamic.scaffold.TypeWriter.Default,0,1,net_bytebuddy_dynamic_scaffold_TypeWriter_Default.txt
insufficient_modularization,fp,5779,net.bytebuddy.implementation.auxiliary.TypeProxy.AccessorMethodInvocation,0,1,net_bytebuddy_implementation_auxiliary_TypeProxy_AccessorMethodInvocation.txt
insufficient_modularization,tn,1033,com.google.zxing.client.android.encode.MECARDContactEncoder.MECARDTelDisplayFormatter,0,0,com_google_zxing_client_android_encode_MECARDContactEncoder_MECARDTelDisplayFormatter.txt
insufficient_modularization,fp,24313,org.apache.commons.lang3.text.StrBuilder.StrBuilderTokenizer,0,1,org_apache_commons_lang3_text_StrBuilder_StrBuilderTokenizer.txt
insufficient_modularization,tp,8586,com.github.javaparser.symbolsolver.resolution.typeinference.BoundSet,1,1,com_github_javaparser_symbolsolver_resolution_typeinference_BoundSet.txt
insufficient_modularization,tn,67305,net.bytebuddy.pool.TypePool.LazyAnnotationValue,0,0,net_bytebuddy_pool_TypePool_LazyAnnotationValue.txt
insufficient_modularization,tn,718,com.github.javaparser.metamodel.StringLiteralExprMetaModel,0,0,com_github_javaparser_metamodel_StringLiteralExprMetaModel.txt
insufficient_modularization,tn,2320,org.jsoup.safety.Cleaner,0,0,org_jsoup_safety_Cleaner.txt
insufficient_modularization,tn,2230,net.bytebuddy.implementation.bytecode.member.FieldAccess.FieldGetInstruction,0,0,net_bytebuddy_implementation_bytecode_member_FieldAccess_FieldGetInstruction.txt
insufficient_modularization,tn,365,a.b.c.ExampleClass,0,0,a_b_c_ExampleClass.txt
insufficient_modularization,tn,1235,net.bytebuddy.description.type.TypeVariableToken,0,0,net_bytebuddy_description_type_TypeVariableToken.txt
insufficient_modularization,fp,67305,net.bytebuddy.pool.TypePool.TokenizedGenericType,0,1,net_bytebuddy_pool_TypePool_TokenizedGenericType.txt
insufficient_modularization,fp,13962,net.bytebuddy.agent.ByteBuddyAgent.Compound,0,1,net_bytebuddy_agent_ByteBuddyAgent_Compound.txt
insufficient_modularization,tn,16181,net.bytebuddy.dynamic.ClassFileLocator.ExtractionClassFileTransformer,0,0,net_bytebuddy_dynamic_ClassFileLocator_ExtractionClassFileTransformer.txt
insufficient_modularization,tn,758,com.github.javaparser.metamodel.MethodReferenceExprMetaModel,0,0,com_github_javaparser_metamodel_MethodReferenceExprMetaModel.txt
insufficient_modularization,tn,1103,net.bytebuddy.implementation.bytecode.constant.SerializedConstant,0,0,net_bytebuddy_implementation_bytecode_constant_SerializedConstant.txt
insufficient_modularization,fp,21485,net.bytebuddy.agent.VirtualMachine.Dispatcher,0,1,net_bytebuddy_agent_VirtualMachine_Dispatcher.txt
insufficient_modularization,tn,2178,org.apache.commons.lang3.exception.ContextedRuntimeException,0,0,org_apache_commons_lang3_exception_ContextedRuntimeException.txt
insufficient_modularization,fp,4534,com.google.zxing.datamatrix.encoder.HighLevelEncoder,0,1,com_google_zxing_datamatrix_encoder_HighLevelEncoder.txt
insufficient_modularization,tn,770,com.google.gson.LongSerializationPolicy,0,0,com_google_gson_LongSerializationPolicy.txt
insufficient_modularization,tn,2548,org.apache.commons.io.file.CountingPathVisitor.Builder,0,0,org_apache_commons_io_file_CountingPathVisitor_Builder.txt
insufficient_modularization,tn,4554,net.bytebuddy.description.field.FieldDescription.SignatureToken,0,0,net_bytebuddy_description_field_FieldDescription_SignatureToken.txt
insufficient_modularization,tn,73359,net.bytebuddy.asm.MemberSubstitution.ForMatchedByteCodeElement,0,0,net_bytebuddy_asm_MemberSubstitution_ForMatchedByteCodeElement.txt
insufficient_modularization,tn,2574,com.github.javaparser.printer.XmlPrinter,0,0,com_github_javaparser_printer_XmlPrinter.txt
insufficient_modularization,tn,810,com.github.javaparser.metamodel.JavadocCommentMetaModel,0,0,com_github_javaparser_metamodel_JavadocCommentMetaModel.txt
insufficient_modularization,tn,1956,com.google.zxing.common.ECIEncoderSet,0,0,com_google_zxing_common_ECIEncoderSet.txt
insufficient_modularization,tn,959,com.google.common.jimfs.UserLookupService.NamedPrincipal,0,0,com_google_common_jimfs_UserLookupService_NamedPrincipal.txt
insufficient_modularization,tn,944,com.google.zxing.pdf417.decoder.DetectionResultColumn,0,0,com_google_zxing_pdf417_decoder_DetectionResultColumn.txt
insufficient_modularization,tn,6398,net.bytebuddy.implementation.attribute.AnnotationAppender.OnField,0,0,net_bytebuddy_implementation_attribute_AnnotationAppender_OnField.txt
insufficient_modularization,tn,909,com.google.zxing.common.reedsolomon.ReedSolomonEncoder,0,0,com_google_zxing_common_reedsolomon_ReedSolomonEncoder.txt
insufficient_modularization,tn,2107,net.bytebuddy.dynamic.TypeResolutionStrategy,0,0,net_bytebuddy_dynamic_TypeResolutionStrategy.txt
insufficient_modularization,tn,3940,com.google.zxing.oned.rss.expanded.decoders.FieldParser.DataLength,0,0,com_google_zxing_oned_rss_expanded_decoders_FieldParser_DataLength.txt
insufficient_modularization,tn,15754,net.bytebuddy.description.method.MethodDescription.Latent,0,0,net_bytebuddy_description_method_MethodDescription_Latent.txt
insufficient_modularization,tn,4206,net.bytebuddy.implementation.bytecode.constant.MethodConstant.CanCacheIllegal,0,0,net_bytebuddy_implementation_bytecode_constant_MethodConstant_CanCacheIllegal.txt
insufficient_modularization,fp,17483,net.bytebuddy.implementation.Implementation.Factory,0,1,net_bytebuddy_implementation_Implementation_Factory.txt
insufficient_modularization,tn,15754,net.bytebuddy.description.method.MethodDescription.TypeToken,0,0,net_bytebuddy_description_method_MethodDescription_TypeToken.txt
insufficient_modularization,tn,619,org.jsoup.helper.RequestDispatch,0,0,org_jsoup_helper_RequestDispatch.txt
insufficient_modularization,tp,9717,com.github.javaparser.ast.visitor.HashCodeVisitor,1,1,com_github_javaparser_ast_visitor_HashCodeVisitor.txt
insufficient_modularization,tn,9603,com.github.javaparser.ast.Node.DirectChildrenIterator,0,0,com_github_javaparser_ast_Node_DirectChildrenIterator.txt
insufficient_modularization,tn,1262,com.github.javaparser.javadoc.JavadocBlockTag.Type,0,0,com_github_javaparser_javadoc_JavadocBlockTag_Type.txt
insufficient_modularization,tn,384,org.adoptopenjdk.jitwatch.ui.report.ReportStageType,0,0,org_adoptopenjdk_jitwatch_ui_report_ReportStageType.txt
insufficient_modularization,fp,66815,net.bytebuddy.description.type.TypeDescription.ForLoadedReturnType,0,1,net_bytebuddy_description_type_TypeDescription_ForLoadedReturnType.txt
insufficient_modularization,tp,13730,com.github.javaparser.resolution.logic.MethodResolutionLogic,1,1,com_github_javaparser_resolution_logic_MethodResolutionLogic.txt
insufficient_modularization,tn,1628,org.apache.commons.io.output.NullWriter,0,0,org_apache_commons_io_output_NullWriter.txt
insufficient_modularization,fn,1280,com.github.javaparser.symbolsolver.javassistmodel.JavassistMethodDeclaration,1,0,com_github_javaparser_symbolsolver_javassistmodel_JavassistMethodDeclaration.txt
insufficient_modularization,tn,5888,net.bytebuddy.dynamic.loading.ClassLoadingStrategy.WrappingDispatcher,0,0,net_bytebuddy_dynamic_loading_ClassLoadingStrategy_WrappingDispatcher.txt
insufficient_modularization,tn,2115,org.adoptopenjdk.jitwatch.ui.nmethod.NMethodInfo,0,0,org_adoptopenjdk_jitwatch_ui_nmethod_NMethodInfo.txt
insufficient_modularization,tn,680,com.google.zxing.qrcode.decoder.ErrorCorrectionLevel,0,0,com_google_zxing_qrcode_decoder_ErrorCorrectionLevel.txt
insufficient_modularization,fp,14348,net.bytebuddy.dynamic.scaffold.MethodGraph.Node,0,1,net_bytebuddy_dynamic_scaffold_MethodGraph_Node.txt
insufficient_modularization,tp,3909,com.github.javaparser.symbolsolver.javaparsermodel.declarations.JavaParserClassDeclaration,1,1,com_github_javaparser_symbolsolver_javaparsermodel_declarations_JavaParserClassDeclaration.txt
insufficient_modularization,tn,15284,org.apache.commons.lang3.Strings.CiStrings,0,0,org_apache_commons_lang3_Strings_CiStrings.txt
insufficient_modularization,fp,5611,net.bytebuddy.build.gradle.android.ByteBuddyAndroidPlugin.AttributeMatchingStrategyConfigurationAction,0,1,net_bytebuddy_build_gradle_android_ByteBuddyAndroidPlugin_AttributeMatchingStrategyConfigurationAction.txt
insufficient_modularization,tn,1975,com.google.zxing.EncodeHintType,0,0,com_google_zxing_EncodeHintType.txt
insufficient_modularization,tn,2105,net.bytebuddy.asm.MemberRemoval.MemberRemovingClassVisitor,0,0,net_bytebuddy_asm_MemberRemoval_MemberRemovingClassVisitor.txt
insufficient_modularization,tn,1377,org.jsoup.helper.CookieUtil,0,0,org_jsoup_helper_CookieUtil.txt
insufficient_modularization,tn,48253,net.bytebuddy.dynamic.scaffold.TypeWriter.WithDrain,0,0,net_bytebuddy_dynamic_scaffold_TypeWriter_WithDrain.txt
insufficient_modularization,tn,1144,com.github.javaparser.symbolsolver.javaparsermodel.contexts.ArrayAccessExprContext,0,0,com_github_javaparser_symbolsolver_javaparsermodel_contexts_ArrayAccessExprContext.txt
insufficient_modularization,fp,12090,net.bytebuddy.utility.dispatcher.JavaDispatcher.ForInstanceCheck,0,1,net_bytebuddy_utility_dispatcher_JavaDispatcher_ForInstanceCheck.txt
insufficient_modularization,fn,2086,com.github.javaparser.ast.type.PrimitiveType,1,0,com_github_javaparser_ast_type_PrimitiveType.txt
insufficient_modularization,tn,4969,net.bytebuddy.utility.AsmClassWriter.Suppressing,0,0,net_bytebuddy_utility_AsmClassWriter_Suppressing.txt
insufficient_modularization,fn,3236,org.apache.commons.lang3.mutable.MutableFloat,1,0,org_apache_commons_lang3_mutable_MutableFloat.txt
insufficient_modularization,tn,570,net.bytebuddy.utility.privilege.GetSystemPropertyAction,0,0,net_bytebuddy_utility_privilege_GetSystemPropertyAction.txt
insufficient_modularization,fp,13962,net.bytebuddy.agent.ByteBuddyAgent.AgentProvider,0,1,net_bytebuddy_agent_ByteBuddyAgent_AgentProvider.txt
insufficient_modularization,fp,34078,net.bytebuddy.build.Plugin.Source,0,1,net_bytebuddy_build_Plugin_Source.txt
insufficient_modularization,tn,1022,net.bytebuddy.utility.StreamDrainer,0,0,net_bytebuddy_utility_StreamDrainer.txt
insufficient_modularization,tn,334,com.github.javaparser.javasymbolsolver.javassist.symbols.main.jar.InterfaceUserOwnJar,0,0,com_github_javaparser_javasymbolsolver_javassist_symbols_main_jar_InterfaceUserOwnJar.txt
insufficient_modularization,tn,937,net.bytebuddy.build.maven.Initialization,0,0,net_bytebuddy_build_maven_Initialization.txt
insufficient_modularization,tn,1208,net.bytebuddy.implementation.attribute.AnnotationValueFilter,0,0,net_bytebuddy_implementation_attribute_AnnotationValueFilter.txt
insufficient_modularization,tn,312,main.Clazz.MyEnum,0,0,main_Clazz_MyEnum.txt
insufficient_modularization,fp,73355,net.bytebuddy.asm.MemberSubstitution.Sort,0,1,net_bytebuddy_asm_MemberSubstitution_Sort.txt
insufficient_modularization,fp,17484,net.bytebuddy.implementation.Implementation.FrameGeneration,0,1,net_bytebuddy_implementation_Implementation_FrameGeneration.txt
insufficient_modularization,tn,3038,com.github.javaparser.printer.lexicalpreservation.ReshuffledDiffElementExtractor.MatchClassification,0,0,com_github_javaparser_printer_lexicalpreservation_ReshuffledDiffElementExtractor_MatchClassification.txt
insufficient_modularization,tn,4804,net.bytebuddy.build.HashCodeAndEqualsPlugin.Sort,0,0,net_bytebuddy_build_HashCodeAndEqualsPlugin_Sort.txt
insufficient_modularization,tn,2043,org.adoptopenjdk.jitwatch.ui.Dialogs.Dialog,0,0,org_adoptopenjdk_jitwatch_ui_Dialogs_Dialog.txt
insufficient_modularization,tn,661,org.apache.commons.lang3.exception.CloneFailedException,0,0,org_apache_commons_lang3_exception_CloneFailedException.txt
insufficient_modularization,tn,731,com.github.javaparser.metamodel.TypeParameterMetaModel,0,0,com_github_javaparser_metamodel_TypeParameterMetaModel.txt
insufficient_modularization,tn,1452,com.google.zxing.datamatrix.decoder.DataBlock,0,0,com_google_zxing_datamatrix_decoder_DataBlock.txt
insufficient_modularization,tn,728,net.bytebuddy.description.modifier.Ownership,0,0,net_bytebuddy_description_modifier_Ownership.txt
insufficient_modularization,tn,15755,net.bytebuddy.description.method.MethodDescription.ForLoadedExecutable,0,0,net_bytebuddy_description_method_MethodDescription_ForLoadedExecutable.txt
insufficient_modularization,fp,12091,net.bytebuddy.utility.dispatcher.JavaDispatcher.CreationAction,0,1,net_bytebuddy_utility_dispatcher_JavaDispatcher_CreationAction.txt
insufficient_modularization,tn,530,org.adoptopenjdk.jitwatch.parser.ParserFactory,0,0,org_adoptopenjdk_jitwatch_parser_ParserFactory.txt
insufficient_modularization,tn,2390,org.apache.commons.io.output.ProxyOutputStream,0,0,org_apache_commons_io_output_ProxyOutputStream.txt
insufficient_modularization,fn,3167,org.adoptopenjdk.jitwatch.util.StringUtil,1,0,org_adoptopenjdk_jitwatch_util_StringUtil.txt
insufficient_modularization,fn,2442,com.github.javaparser.Range,1,0,com_github_javaparser_Range.txt
insufficient_modularization,tn,2452,com.google.googlejavaformat.java.Main,0,0,com_google_googlejavaformat_java_Main.txt
insufficient_modularization,fp,5238,net.bytebuddy.dynamic.loading.PackageDefinitionStrategy,0,1,net_bytebuddy_dynamic_loading_PackageDefinitionStrategy.txt
insufficient_modularization,tn,768,org.apache.commons.io.monitor.FileAlterationListener,0,0,org_apache_commons_io_monitor_FileAlterationListener.txt
insufficient_modularization,tn,524,com.github.javaparser.ast.validator.postprocessors.Java17PostProcessor,0,0,com_github_javaparser_ast_validator_postprocessors_Java17PostProcessor.txt
insufficient_modularization,tn,3670,org.apache.commons.io.output.FileWriterWithEncoding.Builder,0,0,org_apache_commons_io_output_FileWriterWithEncoding_Builder.txt
insufficient_modularization,tn,8922,org.apache.commons.lang3.time.FastDateParser.NumberStrategy,0,0,org_apache_commons_lang3_time_FastDateParser_NumberStrategy.txt
insufficient_modularization,fn,5709,org.apache.commons.lang3.time.FastDateFormat,1,0,org_apache_commons_lang3_time_FastDateFormat.txt
insufficient_modularization,tn,696,com.github.javaparser.ast.validator.language.level.validations.Java16Validator,0,0,com_github_javaparser_ast_validator_language_level_validations_Java16Validator.txt
insufficient_modularization,tn,1033,com.google.zxing.client.result.AddressBookDoCoMoResultParser,0,0,com_google_zxing_client_result_AddressBookDoCoMoResultParser.txt
insufficient_modularization,tp,4442,com.google.zxing.common.BitMatrix,1,1,com_google_zxing_common_BitMatrix.txt
insufficient_modularization,fp,73355,net.bytebuddy.asm.MemberSubstitution.Source,0,1,net_bytebuddy_asm_MemberSubstitution_Source.txt
insufficient_modularization,tn,1368,com.github.javaparser.utils.Log.StandardOutStandardErrorAdapter,0,0,com_github_javaparser_utils_Log_StandardOutStandardErrorAdapter.txt
insufficient_modularization,tn,345,com.google.gson.internal.TroubleshootingGuide,0,0,com_google_gson_internal_TroubleshootingGuide.txt
insufficient_modularization,fp,67303,net.bytebuddy.pool.TypePool.ForType,0,1,net_bytebuddy_pool_TypePool_ForType.txt
insufficient_modularization,tn,781,org.adoptopenjdk.jitwatch.process.compiler.CompilerJava,0,0,org_adoptopenjdk_jitwatch_process_compiler_CompilerJava.txt
insufficient_modularization,tn,427,(default package).InnerClassDotExpressions.InnerClass,0,0,(default package)_InnerClassDotExpressions_InnerClass.txt
insufficient_modularization,tn,806,com.google.zxing.client.j2se.MatrixToImageConfig,0,0,com_google_zxing_client_j2se_MatrixToImageConfig.txt
insufficient_modularization,tn,1248,net.bytebuddy.description.type.PackageDescription,0,0,net_bytebuddy_description_type_PackageDescription.txt
insufficient_modularization,fp,21485,net.bytebuddy.agent.VirtualMachine.SecurityAttributes,0,1,net_bytebuddy_agent_VirtualMachine_SecurityAttributes.txt
insufficient_modularization,tn,48255,net.bytebuddy.dynamic.scaffold.TypeWriter.ForImplicitRecordComponent,0,0,net_bytebuddy_dynamic_scaffold_TypeWriter_ForImplicitRecordComponent.txt
insufficient_modularization,tn,661,org.gradle.api.file.DirectoryProperty,0,0,org_gradle_api_file_DirectoryProperty.txt
insufficient_modularization,tn,2122,com.google.common.jimfs.JimfsFileStore,0,0,com_google_common_jimfs_JimfsFileStore.txt
insufficient_modularization,tn,6066,org.apache.commons.io.DirectoryWalker.CancelException,0,0,org_apache_commons_io_DirectoryWalker_CancelException.txt
insufficient_modularization,tn,1772,com.google.gson.TypeAdapterFactory,0,0,com_google_gson_TypeAdapterFactory.txt
insufficient_modularization,tn,1888,com.google.zxing.client.android.HttpHelper.ContentType,0,0,com_google_zxing_client_android_HttpHelper_ContentType.txt
insufficient_modularization,tn,4465,net.bytebuddy.benchmark.jmh.generated.ClassByImplementationBenchmark.benchmarkJavassist.jmhTest,0,0,net_bytebuddy_benchmark_jmh_generated_ClassByImplementationBenchmark_benchmarkJavassist_jmhTest.txt
insufficient_modularization,fn,2071,org.adoptopenjdk.jitwatch.parser.zing.ZingLine,1,0,org_adoptopenjdk_jitwatch_parser_zing_ZingLine.txt
insufficient_modularization,tn,844,org.apache.commons.io.ByteOrderParser,0,0,org_apache_commons_io_ByteOrderParser.txt
insufficient_modularization,tn,4577,net.bytebuddy.NamingStrategy.PrefixingRandom,0,0,net_bytebuddy_NamingStrategy_PrefixingRandom.txt
insufficient_modularization,tn,48254,net.bytebuddy.dynamic.scaffold.TypeWriter.BridgeTarget,0,0,net_bytebuddy_dynamic_scaffold_TypeWriter_BridgeTarget.txt
insufficient_modularization,tn,4896,net.bytebuddy.build.AccessControllerPlugin.Initializer,0,0,net_bytebuddy_build_AccessControllerPlugin_Initializer.txt
insufficient_modularization,tn,4065,org.jsoup.nodes.Entities,0,0,org_jsoup_nodes_Entities.txt
insufficient_modularization,tn,2058,net.bytebuddy.implementation.LoadedTypeInitializer.Compound,0,0,net_bytebuddy_implementation_LoadedTypeInitializer_Compound.txt
insufficient_modularization,fp,7950,net.bytebuddy.implementation.bind.MethodDelegationBinder.MethodInvoker,0,1,net_bytebuddy_implementation_bind_MethodDelegationBinder_MethodInvoker.txt
insufficient_modularization,tn,1753,com.github.javaparser.serialization.JavaParserJsonSerializer,0,0,com_github_javaparser_serialization_JavaParserJsonSerializer.txt
insufficient_modularization,fp,67305,net.bytebuddy.pool.TypePool.LazyAnnotationDescription,0,1,net_bytebuddy_pool_TypePool_LazyAnnotationDescription.txt
insufficient_modularization,tn,650,net.bytebuddy.matcher.FieldTypeMatcher,0,0,net_bytebuddy_matcher_FieldTypeMatcher.txt
insufficient_modularization,fp,6547,org.jsoup.select.Evaluator.IsNthLastOfType,0,1,org_jsoup_select_Evaluator_IsNthLastOfType.txt
insufficient_modularization,fn,13924,org.apache.commons.lang3.Validate,1,0,org_apache_commons_lang3_Validate.txt
insufficient_modularization,tn,5097,net.bytebuddy.benchmark.ClassByExtensionBenchmark.ByteBuddyPrefixInterceptor,0,0,net_bytebuddy_benchmark_ClassByExtensionBenchmark_ByteBuddyPrefixInterceptor.txt
insufficient_modularization,fp,1390,com.github.javaparser.printer.lexicalpreservation.TextElementIteratorsFactory.EmptyIterator,0,1,com_github_javaparser_printer_lexicalpreservation_TextElementIteratorsFactory_EmptyIterator.txt
insufficient_modularization,tn,761,com.github.javaparser.symbolsolver.resolution.typeinference.Instantiation,0,0,com_github_javaparser_symbolsolver_resolution_typeinference_Instantiation.txt
insufficient_modularization,tn,748,com.google.zxing.client.android.history.HistoryItemAdapter,0,0,com_google_zxing_client_android_history_HistoryItemAdapter.txt
insufficient_modularization,tn,21485,net.bytebuddy.agent.VirtualMachine.AbstractBase,0,0,net_bytebuddy_agent_VirtualMachine_AbstractBase.txt
insufficient_modularization,fp,6546,org.jsoup.select.Evaluator.IsLastOfType,0,1,org_jsoup_select_Evaluator_IsLastOfType.txt
insufficient_modularization,tn,5542,net.bytebuddy.build.gradle.AbstractByteBuddyTask.TransformationLogger,0,0,net_bytebuddy_build_gradle_AbstractByteBuddyTask_TransformationLogger.txt
insufficient_modularization,tn,739,net.bytebuddy.implementation.bytecode.Addition,0,0,net_bytebuddy_implementation_bytecode_Addition.txt
insufficient_modularization,tn,16178,net.bytebuddy.dynamic.ClassFileLocator.Initializable,0,0,net_bytebuddy_dynamic_ClassFileLocator_Initializable.txt
insufficient_modularization,tn,763,net.bytebuddy.implementation.bytecode.member.HandleInvocation,0,0,net_bytebuddy_implementation_bytecode_member_HandleInvocation.txt
insufficient_modularization,tn,4007,net.bytebuddy.implementation.attribute.MethodAttributeAppender.ForInstrumentedMethod,0,0,net_bytebuddy_implementation_attribute_MethodAttributeAppender_ForInstrumentedMethod.txt
insufficient_modularization,fn,1759,com.github.javaparser.ast.visitor.VoidVisitor,1,0,com_github_javaparser_ast_visitor_VoidVisitor.txt
insufficient_modularization,fp,11247,net.bytebuddy.build.maven.ByteBuddyMojo.FromClassLoader,0,1,net_bytebuddy_build_maven_ByteBuddyMojo_FromClassLoader.txt
insufficient_modularization,tn,709,com.github.javaparser.metamodel.LineCommentMetaModel,0,0,com_github_javaparser_metamodel_LineCommentMetaModel.txt
insufficient_modularization,tn,1072,org.apache.commons.io.file.SimplePathVisitor,0,0,org_apache_commons_io_file_SimplePathVisitor.txt
insufficient_modularization,tn,942,org.apache.commons.io.input.TimestampedObserver,0,0,org_apache_commons_io_input_TimestampedObserver.txt
insufficient_modularization,tn,1296,net.bytebuddy.implementation.MethodAccessorFactory,0,0,net_bytebuddy_implementation_MethodAccessorFactory.txt
insufficient_modularization,tn,1046,org.apache.commons.io.comparator.LastModifiedFileComparator,0,0,org_apache_commons_io_comparator_LastModifiedFileComparator.txt
insufficient_modularization,fp,4655,net.bytebuddy.description.ModifierReviewable.ForParameterDescription,0,1,net_bytebuddy_description_ModifierReviewable_ForParameterDescription.txt
insufficient_modularization,tn,601,(default package).PolymorphismTest.Quarter,0,0,(default package)_PolymorphismTest_Quarter.txt
insufficient_modularization,tn,1645,org.apache.commons.lang3.CachedRandomBits,0,0,org_apache_commons_lang3_CachedRandomBits.txt
insufficient_modularization,tn,1543,com.github.javaparser.ast.expr.CastExpr,0,0,com_github_javaparser_ast_expr_CastExpr.txt
insufficient_modularization,tn,6699,com.google.common.jimfs.Configuration.WindowsHolder,0,0,com_google_common_jimfs_Configuration_WindowsHolder.txt
insufficient_modularization,fp,20309,net.bytebuddy.implementation.MethodDelegation.ForStaticMethod,0,1,net_bytebuddy_implementation_MethodDelegation_ForStaticMethod.txt
insufficient_modularization,tn,4528,net.bytebuddy.benchmark.jmh.generated.SuperClassInvocationBenchmark.benchmarkByteBuddyWithProxy.jmhTest,0,0,net_bytebuddy_benchmark_jmh_generated_SuperClassInvocationBenchmark_benchmarkByteBuddyWithProxy_jmhTest.txt
insufficient_modularization,tn,744,net.bytebuddy.implementation.bytecode.TypeCreation,0,0,net_bytebuddy_implementation_bytecode_TypeCreation.txt
insufficient_modularization,fp,48253,net.bytebuddy.dynamic.scaffold.TypeWriter.ForInterface,0,1,net_bytebuddy_dynamic_scaffold_TypeWriter_ForInterface.txt
insufficient_modularization,tn,1995,com.github.javaparser.symbolsolver.SourceFileInfoExtractor,0,0,com_github_javaparser_symbolsolver_SourceFileInfoExtractor.txt
insufficient_modularization,tn,300,issue241.TypeWithMemberType.MemberInterface,0,0,issue241_TypeWithMemberType_MemberInterface.txt
insufficient_modularization,fn,5342,com.google.common.jimfs.RegularFile,1,0,com_google_common_jimfs_RegularFile.txt
insufficient_modularization,tn,2081,com.github.javaparser.utils.VisitorList.EqualsHashcodeOverridingFacade,0,0,com_github_javaparser_utils_VisitorList_EqualsHashcodeOverridingFacade.txt
insufficient_modularization,fp,23888,net.bytebuddy.implementation.InvokeDynamic.ForInterceptedMethodParameters,0,1,net_bytebuddy_implementation_InvokeDynamic_ForInterceptedMethodParameters.txt
insufficient_modularization,fp,14349,net.bytebuddy.dynamic.scaffold.MethodGraph.NodeList,0,1,net_bytebuddy_dynamic_scaffold_MethodGraph_NodeList.txt
insufficient_modularization,tn,67304,net.bytebuddy.pool.TypePool.ForAnnotationValue,0,0,net_bytebuddy_pool_TypePool_ForAnnotationValue.txt
insufficient_modularization,tn,465,(default package).TestInner,0,0,(default package)_TestInner.txt
insufficient_modularization,tn,1240,org.apache.commons.io.input.BrokenReader,0,0,org_apache_commons_io_input_BrokenReader.txt
insufficient_modularization,tn,2737,org.adoptopenjdk.jitwatch.ui.main.ClassMemberList,0,0,org_adoptopenjdk_jitwatch_ui_main_ClassMemberList.txt
insufficient_modularization,fp,3478,com.github.javaparser.symbolsolver.resolution.typeinference.ControlFlowLogic,0,1,com_github_javaparser_symbolsolver_resolution_typeinference_ControlFlowLogic.txt
insufficient_modularization,tn,1645,org.apache.commons.lang3.concurrent.LazyInitializer,0,0,org_apache_commons_lang3_concurrent_LazyInitializer.txt
insufficient_modularization,tn,667,org.apache.commons.lang3.text.FormatFactory,0,0,org_apache_commons_lang3_text_FormatFactory.txt
insufficient_modularization,fn,6297,com.google.common.jimfs.FileSystemView,1,0,com_google_common_jimfs_FileSystemView.txt
insufficient_modularization,tn,16178,net.bytebuddy.dynamic.ClassFileLocator.NoOp,0,0,net_bytebuddy_dynamic_ClassFileLocator_NoOp.txt
insufficient_modularization,tn,1250,net.bytebuddy.description.type.PackageDescription.AbstractBase,0,0,net_bytebuddy_description_type_PackageDescription_AbstractBase.txt
insufficient_modularization,fp,6546,org.jsoup.select.Evaluator.IsFirstOfType,0,1,org_jsoup_select_Evaluator_IsFirstOfType.txt
insufficient_modularization,tn,1311,com.google.googlejavaformat.java.DimensionHelpers.TypeWithDims,0,0,com_google_googlejavaformat_java_DimensionHelpers_TypeWithDims.txt
insufficient_modularization,tn,5403,com.github.javaparser.JavaToken.Kind,0,0,com_github_javaparser_JavaToken_Kind.txt
insufficient_modularization,fp,21486,net.bytebuddy.agent.VirtualMachine.UsingStat,0,1,net_bytebuddy_agent_VirtualMachine_UsingStat.txt
insufficient_modularization,tn,1459,org.apache.commons.io.input.CountingInputStream,0,0,org_apache_commons_io_input_CountingInputStream.txt
insufficient_modularization,tn,66815,net.bytebuddy.description.type.TypeDescription.LazyInterfaceList,0,0,net_bytebuddy_description_type_TypeDescription_LazyInterfaceList.txt
insufficient_modularization,tn,1219,com.google.common.jimfs.JimfsInputStream,0,0,com_google_common_jimfs_JimfsInputStream.txt
insufficient_modularization,tn,815,com.github.javaparser.symbolsolver.cache.NoCache,0,0,com_github_javaparser_symbolsolver_cache_NoCache.txt
insufficient_modularization,tn,580,com.github.javaparser.symbolsolver.core.resolution.MethodUsageResolutionCapability,0,0,com_github_javaparser_symbolsolver_core_resolution_MethodUsageResolutionCapability.txt
insufficient_modularization,tp,17104,org.apache.commons.io.FilenameUtils,1,1,org_apache_commons_io_FilenameUtils.txt
insufficient_modularization,fp,7883,net.bytebuddy.implementation.bind.annotation.Binder.FieldSetter,0,1,net_bytebuddy_implementation_bind_annotation_Binder_FieldSetter.txt
insufficient_modularization,tn,66814,net.bytebuddy.description.type.TypeDescription.ForTypeVariable,0,0,net_bytebuddy_description_type_TypeDescription_ForTypeVariable.txt
insufficient_modularization,tn,715,com.github.javaparser.metamodel.YieldStmtMetaModel,0,0,com_github_javaparser_metamodel_YieldStmtMetaModel.txt
insufficient_modularization,tn,3095,com.google.zxing.datamatrix.decoder.Version.ECBlocks,0,0,com_google_zxing_datamatrix_decoder_Version_ECBlocks.txt
insufficient_modularization,tn,500,com.github.javaparser.resolution.Resolvable,0,0,com_github_javaparser_resolution_Resolvable.txt
insufficient_modularization,tn,16177,net.bytebuddy.dynamic.ClassFileLocator.Illegal,0,0,net_bytebuddy_dynamic_ClassFileLocator_Illegal.txt
insufficient_modularization,tn,697,com.github.javaparser.ast.validator.language.level.validations.chunks.NoBinaryIntegerLiteralsValidator,0,0,com_github_javaparser_ast_validator_language_level_validations_chunks_NoBinaryIntegerLiteralsValidator.txt
insufficient_modularization,tn,67304,net.bytebuddy.pool.TypePool.ForAnnotationProperty,0,0,net_bytebuddy_pool_TypePool_ForAnnotationProperty.txt
insufficient_modularization,fp,11289,net.bytebuddy.implementation.FieldAccessor.Prepared,0,1,net_bytebuddy_implementation_FieldAccessor_Prepared.txt
insufficient_modularization,fp,48253,net.bytebuddy.dynamic.scaffold.TypeWriter.MethodPool,0,1,net_bytebuddy_dynamic_scaffold_TypeWriter_MethodPool.txt
insufficient_modularization,tn,1526,com.google.gson.FormattingStyle,0,0,com_google_gson_FormattingStyle.txt
insufficient_modularization,tn,3790,org.apache.commons.io.output.AbstractByteArrayOutputStream.InputStreamConstructor,0,0,org_apache_commons_io_output_AbstractByteArrayOutputStream_InputStreamConstructor.txt
insufficient_modularization,tn,2390,net.bytebuddy.description.modifier.ModifierContributor.ForType,0,0,net_bytebuddy_description_modifier_ModifierContributor_ForType.txt
insufficient_modularization,tn,1774,org.jsoup.helper.HttpClientExecutor,0,0,org_jsoup_helper_HttpClientExecutor.txt
insufficient_modularization,tn,1170,org.apache.commons.io.input.ByteBufferCleaner,0,0,org_apache_commons_io_input_ByteBufferCleaner.txt
insufficient_modularization,fp,73357,net.bytebuddy.asm.MemberSubstitution.OfOriginalExpression,0,1,net_bytebuddy_asm_MemberSubstitution_OfOriginalExpression.txt
insufficient_modularization,tn,686,net.bytebuddy.description.modifier.ParameterManifestation,0,0,net_bytebuddy_description_modifier_ParameterManifestation.txt
insufficient_modularization,fn,2648,com.github.javaparser.resolution.Navigator,1,0,com_github_javaparser_resolution_Navigator.txt
insufficient_modularization,fn,7663,org.apache.commons.lang3.builder.HashCodeBuilder,1,0,org_apache_commons_lang3_builder_HashCodeBuilder.txt
insufficient_modularization,tn,5612,net.bytebuddy.implementation.bind.annotation.TargetMethodAnnotationDrivenBinder.Handler,0,0,net_bytebuddy_implementation_bind_annotation_TargetMethodAnnotationDrivenBinder_Handler.txt
insufficient_modularization,tn,1534,net.bytebuddy.description.TypeVariableSource.Visitor,0,0,net_bytebuddy_description_TypeVariableSource_Visitor.txt
insufficient_modularization,tp,39751,com.github.javaparser.GeneratedJavaParserTokenManager,1,1,com_github_javaparser_GeneratedJavaParserTokenManager.txt
insufficient_modularization,tn,1416,com.google.gson.internal.Streams,0,0,com_google_gson_internal_Streams.txt
insufficient_modularization,tn,569,net.bytebuddy.implementation.bytecode.Throw,0,0,net_bytebuddy_implementation_bytecode_Throw.txt
insufficient_modularization,tn,4006,net.bytebuddy.implementation.attribute.MethodAttributeAppender.OnMethodParameter,0,0,net_bytebuddy_implementation_attribute_MethodAttributeAppender_OnMethodParameter.txt
insufficient_modularization,tn,1715,com.github.javaparser.ast.stmt.AssertStmt,0,0,com_github_javaparser_ast_stmt_AssertStmt.txt
insufficient_modularization,fn,3100,com.github.javaparser.ast.type.Type,1,0,com_github_javaparser_ast_type_Type.txt
insufficient_modularization,tn,557,org.jsoup.parser.ParseErrorList,0,0,org_jsoup_parser_ParseErrorList.txt
insufficient_modularization,tn,2315,org.apache.commons.io.input.QueueInputStream.Builder,0,0,org_apache_commons_io_input_QueueInputStream_Builder.txt
insufficient_modularization,tn,1100,com.google.common.jimfs.FileFactory.SymbolicLinkSupplier,0,0,com_google_common_jimfs_FileFactory_SymbolicLinkSupplier.txt
insufficient_modularization,tn,1577,net.bytebuddy.dynamic.loading.InjectionClassLoader,0,0,net_bytebuddy_dynamic_loading_InjectionClassLoader.txt
insufficient_modularization,fp,5780,net.bytebuddy.implementation.auxiliary.TypeProxy.ForSuperMethodByConstructor,0,1,net_bytebuddy_implementation_auxiliary_TypeProxy_ForSuperMethodByConstructor.txt
insufficient_modularization,fn,3656,com.google.zxing.oned.rss.expanded.decoders.GeneralAppIdDecoder,1,0,com_google_zxing_oned_rss_expanded_decoders_GeneralAppIdDecoder.txt
insufficient_modularization,tn,34080,net.bytebuddy.build.Plugin.Ambiguous,0,0,net_bytebuddy_build_Plugin_Ambiguous.txt
insufficient_modularization,tp,15130,com.github.javaparser.ast.visitor.NodeFinderVisitor,1,1,com_github_javaparser_ast_visitor_NodeFinderVisitor.txt
insufficient_modularization,tn,680,org.adoptopenjdk.jitwatch.ui.viewer.TextViewerStage,0,0,org_adoptopenjdk_jitwatch_ui_viewer_TextViewerStage.txt
insufficient_modularization,tn,7335,org.apache.commons.lang3.text.WordUtils,0,0,org_apache_commons_lang3_text_WordUtils.txt
insufficient_modularization,tn,505,com.google.zxing.client.android.encode.Formatter,0,0,com_google_zxing_client_android_encode_Formatter.txt
insufficient_modularization,tn,1252,com.github.javaparser.printer.concretesyntaxmodel.CsmList,0,0,com_github_javaparser_printer_concretesyntaxmodel_CsmList.txt
insufficient_modularization,tn,1916,org.apache.commons.lang3.ArrayFill,0,0,org_apache_commons_lang3_ArrayFill.txt
insufficient_modularization,tn,2043,org.adoptopenjdk.jitwatch.ui.Dialogs.Response,0,0,org_adoptopenjdk_jitwatch_ui_Dialogs_Response.txt
insufficient_modularization,tn,4016,net.bytebuddy.dynamic.scaffold.inline.MethodRebaseResolver.Default,0,0,net_bytebuddy_dynamic_scaffold_inline_MethodRebaseResolver_Default.txt
insufficient_modularization,tp,99068,org.apache.commons.lang3.ArrayUtils,1,1,org_apache_commons_lang3_ArrayUtils.txt
insufficient_modularization,fp,5611,net.bytebuddy.build.gradle.android.ByteBuddyAndroidPlugin.GetProjectJarsFunction,0,1,net_bytebuddy_build_gradle_android_ByteBuddyAndroidPlugin_GetProjectJarsFunction.txt
insufficient_modularization,fp,73357,net.bytebuddy.asm.MemberSubstitution.ForThisReference,0,1,net_bytebuddy_asm_MemberSubstitution_ForThisReference.txt
insufficient_modularization,tn,1756,com.github.javaparser.serialization.JavaParserJsonSerializer.JsonTokenRange,0,0,com_github_javaparser_serialization_JavaParserJsonSerializer_JsonTokenRange.txt
insufficient_modularization,fp,4656,net.bytebuddy.description.ModifierReviewable.OfByteCodeElement,0,1,net_bytebuddy_description_ModifierReviewable_OfByteCodeElement.txt
insufficient_modularization,tn,67307,net.bytebuddy.pool.TypePool.LazyNonGenericReceiverType,0,0,net_bytebuddy_pool_TypePool_LazyNonGenericReceiverType.txt
insufficient_modularization,fp,66814,net.bytebuddy.description.type.TypeDescription.ForErasure,0,1,net_bytebuddy_description_type_TypeDescription_ForErasure.txt
insufficient_modularization,tn,1772,com.google.zxing.client.result.VINResultParser,0,0,com_google_zxing_client_result_VINResultParser.txt
insufficient_modularization,fp,63018,net.bytebuddy.dynamic.DynamicType.MethodDefinition,0,1,net_bytebuddy_dynamic_DynamicType_MethodDefinition.txt
insufficient_modularization,tn,1828,org.apache.commons.lang3.tuple.ImmutablePair,0,0,org_apache_commons_lang3_tuple_ImmutablePair.txt
insufficient_modularization,tn,6134,org.apache.commons.lang3.time.StopWatch.State,0,0,org_apache_commons_lang3_time_StopWatch_State.txt
insufficient_modularization,tn,1498,com.google.googlejavaformat.Newlines.LineIterator,0,0,com_google_googlejavaformat_Newlines_LineIterator.txt
insufficient_modularization,tn,569,org.apache.commons.lang3.function.FailableCallable,0,0,org_apache_commons_lang3_function_FailableCallable.txt
insufficient_modularization,tn,705,net.bytebuddy.matcher.CollectionErasureMatcher,0,0,net_bytebuddy_matcher_CollectionErasureMatcher.txt
insufficient_modularization,tn,964,com.github.javaparser.symbolsolver.javaparsermodel.contexts.ForEachStatementContext,0,0,com_github_javaparser_symbolsolver_javaparsermodel_contexts_ForEachStatementContext.txt
insufficient_modularization,tn,5388,org.apache.commons.lang3.ThreadUtils.AlwaysTruePredicate,0,0,org_apache_commons_lang3_ThreadUtils_AlwaysTruePredicate.txt
insufficient_modularization,fp,9964,org.jsoup.Connection.KeyVal,0,1,org_jsoup_Connection_KeyVal.txt
insufficient_modularization,fp,23483,net.bytebuddy.dynamic.loading.ClassInjector.UsingReflection,0,1,net_bytebuddy_dynamic_loading_ClassInjector_UsingReflection.txt
insufficient_modularization,tn,285,foo.B,0,0,foo_B.txt
insufficient_modularization,tp,3787,com.github.javaparser.GeneratedJavaParserBase,1,1,com_github_javaparser_GeneratedJavaParserBase.txt
insufficient_modularization,fp,3838,net.bytebuddy.build.CachedReturnPlugin.AdviceResolver,0,1,net_bytebuddy_build_CachedReturnPlugin_AdviceResolver.txt
insufficient_modularization,tp,16453,com.google.gson.Gson,1,1,com_google_gson_Gson.txt
insufficient_modularization,fp,5606,net.bytebuddy.build.gradle.android.ByteBuddyAndroidPlugin,0,1,net_bytebuddy_build_gradle_android_ByteBuddyAndroidPlugin.txt
insufficient_modularization,tn,597,com.google.zxing.aztec.encoder.SimpleToken,0,0,com_google_zxing_aztec_encoder_SimpleToken.txt
insufficient_modularization,fn,2427,net.bytebuddy.build.gradle.android.ByteBuddyAndroidTaskExtension,1,0,net_bytebuddy_build_gradle_android_ByteBuddyAndroidTaskExtension.txt
insufficient_modularization,tn,1569,org.apache.commons.io.filefilter.SymbolicLinkFileFilter,0,0,org_apache_commons_io_filefilter_SymbolicLinkFileFilter.txt
insufficient_modularization,tn,1074,org.apache.commons.io.file.SimplePathVisitor.AbstractBuilder,0,0,org_apache_commons_io_file_SimplePathVisitor_AbstractBuilder.txt
insufficient_modularization,fp,73355,net.bytebuddy.asm.MemberSubstitution.Step,0,1,net_bytebuddy_asm_MemberSubstitution_Step.txt
insufficient_modularization,tn,2722,net.bytebuddy.dynamic.scaffold.FieldRegistry.Compiled,0,0,net_bytebuddy_dynamic_scaffold_FieldRegistry_Compiled.txt
insufficient_modularization,tn,2493,org.apache.commons.io.file.Counters.BigIntegerCounter,0,0,org_apache_commons_io_file_Counters_BigIntegerCounter.txt
insufficient_modularization,tn,1886,net.bytebuddy.description.ByteCodeElement.TokenList,0,0,net_bytebuddy_description_ByteCodeElement_TokenList.txt
insufficient_modularization,tn,34080,net.bytebuddy.build.Plugin.WithPreprocessor,0,0,net_bytebuddy_build_Plugin_WithPreprocessor.txt
insufficient_modularization,tn,719,com.google.zxing.client.j2se.EncoderConfig,0,0,com_google_zxing_client_j2se_EncoderConfig.txt
insufficient_modularization,tn,6697,com.google.common.jimfs.Configuration,0,0,com_google_common_jimfs_Configuration.txt
insufficient_modularization,tn,1810,net.bytebuddy.implementation.bytecode.ByteCodeAppender.Compound,0,0,net_bytebuddy_implementation_bytecode_ByteCodeAppender_Compound.txt
insufficient_modularization,tn,1434,com.google.zxing.client.android.history.HistoryActivity,0,0,com_google_zxing_client_android_history_HistoryActivity.txt
insufficient_modularization,tn,580,(default package).MegamorphicBypass.Quarter,0,0,(default package)_MegamorphicBypass_Quarter.txt
insufficient_modularization,tn,4005,net.bytebuddy.implementation.attribute.MethodAttributeAppender.Explicit,0,0,net_bytebuddy_implementation_attribute_MethodAttributeAppender_Explicit.txt
insufficient_modularization,tn,2721,net.bytebuddy.dynamic.scaffold.FieldRegistry.Default,0,0,net_bytebuddy_dynamic_scaffold_FieldRegistry_Default.txt
insufficient_modularization,fp,66814,net.bytebuddy.description.type.TypeDescription.OfMethodParameter,0,1,net_bytebuddy_description_type_TypeDescription_OfMethodParameter.txt
insufficient_modularization,tn,1398,org.apache.commons.io.input.BoundedReader,0,0,org_apache_commons_io_input_BoundedReader.txt
insufficient_modularization,fp,23886,net.bytebuddy.implementation.InvokeDynamic.ForClassConstant,0,1,net_bytebuddy_implementation_InvokeDynamic_ForClassConstant.txt
insufficient_modularization,tn,4717,net.bytebuddy.benchmark.jmh.generated.ClassByExtensionBenchmark.benchmarkByteBuddyWithProxyAndReusedDelegatorWithTypePool.jmhTest,0,0,net_bytebuddy_benchmark_jmh_generated_ClassByExtensionBenchmark_benchmarkByteBuddyWithProxyAndReusedDelegatorWithTypePool_jmhTest.txt
insufficient_modularization,tn,642,com.google.zxing.pdf417.decoder.BarcodeMetadata,0,0,com_google_zxing_pdf417_decoder_BarcodeMetadata.txt
insufficient_modularization,tn,2802,org.apache.commons.io.input.NullReader,0,0,org_apache_commons_io_input_NullReader.txt
insufficient_modularization,tn,1030,org.adoptopenjdk.jitwatch.model.PackageManager,0,0,org_adoptopenjdk_jitwatch_model_PackageManager.txt
insufficient_modularization,fn,4151,com.google.gson.JsonElement,1,0,com_google_gson_JsonElement.txt
insufficient_modularization,fp,5029,net.bytebuddy.dynamic.loading.ModuleLayerFromSingleClassLoaderDecorator.ModuleDescriptor,0,1,net_bytebuddy_dynamic_loading_ModuleLayerFromSingleClassLoaderDecorator_ModuleDescriptor.txt
insufficient_modularization,fp,20734,net.bytebuddy.description.annotation.AnnotationValue.Loaded,0,1,net_bytebuddy_description_annotation_AnnotationValue_Loaded.txt
insufficient_modularization,tn,10899,org.apache.commons.lang3.time.FastDatePrinter.PaddedNumberField,0,0,org_apache_commons_lang3_time_FastDatePrinter_PaddedNumberField.txt
insufficient_modularization,fp,8922,org.apache.commons.lang3.time.FastDateParser.PatternStrategy,0,1,org_apache_commons_lang3_time_FastDateParser_PatternStrategy.txt
insufficient_modularization,tn,638,net.bytebuddy.implementation.bytecode.collection.CollectionFactory,0,0,net_bytebuddy_implementation_bytecode_collection_CollectionFactory.txt
insufficient_modularization,tn,737,org.apache.commons.io.function.IOSupplier,0,0,org_apache_commons_io_function_IOSupplier.txt
insufficient_modularization,tp,3158,org.adoptopenjdk.jitwatch.demo.MakeHotSpotLog,1,1,org_adoptopenjdk_jitwatch_demo_MakeHotSpotLog.txt
insufficient_modularization,tn,657,org.apache.commons.io.function.IORunnable,0,0,org_apache_commons_io_function_IORunnable.txt
insufficient_modularization,fn,2532,com.github.javaparser.ast.body.AnnotationMemberDeclaration,1,0,com_github_javaparser_ast_body_AnnotationMemberDeclaration.txt
insufficient_modularization,fn,1961,com.github.javaparser.metamodel.BaseNodeMetaModel,1,0,com_github_javaparser_metamodel_BaseNodeMetaModel.txt
insufficient_modularization,fp,25997,net.bytebuddy.implementation.MethodCall.OfInvokedMethod,0,1,net_bytebuddy_implementation_MethodCall_OfInvokedMethod.txt
insufficient_modularization,tn,974,com.google.zxing.client.android.PreferencesActivity,0,0,com_google_zxing_client_android_PreferencesActivity.txt
insufficient_modularization,tn,1261,net.bytebuddy.matcher.CachingMatcher.WithInlineEviction,0,0,net_bytebuddy_matcher_CachingMatcher_WithInlineEviction.txt
insufficient_modularization,tn,957,com.google.common.jimfs.UserLookupService,0,0,com_google_common_jimfs_UserLookupService.txt
insufficient_modularization,tp,7228,com.github.javaparser.ast.visitor.VoidVisitorAdapter,1,1,com_github_javaparser_ast_visitor_VoidVisitorAdapter.txt
insufficient_modularization,fp,73356,net.bytebuddy.asm.MemberSubstitution.Resolved,0,1,net_bytebuddy_asm_MemberSubstitution_Resolved.txt
insufficient_modularization,tn,1362,net.bytebuddy.build.gradle.ObjectFactory.ForApi4CapableGradle,0,0,net_bytebuddy_build_gradle_ObjectFactory_ForApi4CapableGradle.txt
insufficient_modularization,tn,10900,org.apache.commons.lang3.time.FastDatePrinter.TwoDigitYearField,0,0,org_apache_commons_lang3_time_FastDatePrinter_TwoDigitYearField.txt
insufficient_modularization,tn,4381,net.bytebuddy.benchmark.jmh.generated.ClassByImplementationBenchmark.baseline.jmhTest,0,0,net_bytebuddy_benchmark_jmh_generated_ClassByImplementationBenchmark_baseline_jmhTest.txt
insufficient_modularization,fp,73357,net.bytebuddy.asm.MemberSubstitution.ForElementMatcher,0,1,net_bytebuddy_asm_MemberSubstitution_ForElementMatcher.txt
insufficient_modularization,tn,948,com.google.gson.internal.sql.SqlTimeTypeAdapter,0,0,com_google_gson_internal_sql_SqlTimeTypeAdapter.txt
insufficient_modularization,tn,704,com.github.javaparser.metamodel.EmptyStmtMetaModel,0,0,com_github_javaparser_metamodel_EmptyStmtMetaModel.txt
insufficient_modularization,tn,4515,com.github.javaparser.symbolsolver.javaparsermodel.declarations.JavaParserEnumDeclaration.ValuesMethod,0,0,com_github_javaparser_symbolsolver_javaparsermodel_declarations_JavaParserEnumDeclaration_ValuesMethod.txt
insufficient_modularization,tn,5127,org.apache.commons.io.input.ReversedLinesFileReader,0,0,org_apache_commons_io_input_ReversedLinesFileReader.txt
insufficient_modularization,tn,291,foo.OtherClass,0,0,foo_OtherClass.txt
insufficient_modularization,fp,11291,net.bytebuddy.implementation.FieldAccessor.PropertyConfigurable,0,1,net_bytebuddy_implementation_FieldAccessor_PropertyConfigurable.txt
hublike_modularization,tn,14623,com.github.javaparser.symbolsolver.resolution.typeinference.constraintformulas.TypeSameAsType,0,0,com_github_javaparser_symbolsolver_resolution_typeinference_constraintformulas_TypeSameAsType.txt
hublike_modularization,tn,340,com.packageName.InnerStaticClassFieldContainer,0,0,com_packageName_InnerStaticClassFieldContainer.txt
hublike_modularization,tn,118263,net.bytebuddy.ByteBuddy.EnumerationImplementation,0,0,net_bytebuddy_ByteBuddy_EnumerationImplementation.txt
hublike_modularization,tn,28068,com.google.gson.FieldNamingPolicy,0,0,com_google_gson_FieldNamingPolicy.txt
hublike_modularization,tn,2100,org.jsoup.select.StructuralEvaluator.Ancestor,0,0,org_jsoup_select_StructuralEvaluator_Ancestor.txt
hublike_modularization,tn,3511,org.apache.commons.io.input.AutoCloseInputStream,0,0,org_apache_commons_io_input_AutoCloseInputStream.txt
hublike_modularization,tn,27392,net.bytebuddy.dynamic.scaffold.subclass.ConstructorStrategy.WithMethodAttributeAppenderFactory,0,0,net_bytebuddy_dynamic_scaffold_subclass_ConstructorStrategy_WithMethodAttributeAppenderFactory.txt
hublike_modularization,tn,434,com.google.zxing.datamatrix.encoder.DataMatrixSymbolInfo144,0,0,com_google_zxing_datamatrix_encoder_DataMatrixSymbolInfo144.txt
hublike_modularization,tn,78941,net.bytebuddy.implementation.bind.MethodDelegationBinder.Virtual,0,0,net_bytebuddy_implementation_bind_MethodDelegationBinder_Virtual.txt
hublike_modularization,tn,17061,net.bytebuddy.dynamic.loading.ByteArrayClassLoader.ForJava9CapableVm,0,0,net_bytebuddy_dynamic_loading_ByteArrayClassLoader_ForJava9CapableVm.txt
hublike_modularization,tn,619,org.apache.commons.lang3.function.FailableToLongFunction,0,0,org_apache_commons_lang3_function_FailableToLongFunction.txt
hublike_modularization,tn,140204,org.apache.commons.lang3.math.NumberUtils,0,0,org_apache_commons_lang3_math_NumberUtils.txt
hublike_modularization,tn,140508,net.bytebuddy.pool.TypePool.LazyParameterizedReceiverType,0,0,net_bytebuddy_pool_TypePool_LazyParameterizedReceiverType.txt
hublike_modularization,tn,34310,com.github.javaparser.symbolsolver.resolution.typesolvers.JavaParserTypeSolver,0,0,com_github_javaparser_symbolsolver_resolution_typesolvers_JavaParserTypeSolver.txt
hublike_modularization,tn,2944,org.adoptopenjdk.jitwatch.toplist.ITopListScore,0,0,org_adoptopenjdk_jitwatch_toplist_ITopListScore.txt
hublike_modularization,tn,160287,net.bytebuddy.description.type.TypeDescription.Delegator,0,0,net_bytebuddy_description_type_TypeDescription_Delegator.txt
hublike_modularization,tn,25291,net.bytebuddy.implementation.bytecode.collection.ArrayFactory.ArrayStackManipulation,0,0,net_bytebuddy_implementation_bytecode_collection_ArrayFactory_ArrayStackManipulation.txt
hublike_modularization,tn,7645,net.bytebuddy.description.method.ParameterDescription.TypeList,0,0,net_bytebuddy_description_method_ParameterDescription_TypeList.txt
hublike_modularization,tn,55199,net.bytebuddy.build.Plugin.SourceEntryPrependingClassFileLocator,0,0,net_bytebuddy_build_Plugin_SourceEntryPrependingClassFileLocator.txt
hublike_modularization,tn,146353,net.bytebuddy.asm.MemberSubstitution.OfImplicitPool,0,0,net_bytebuddy_asm_MemberSubstitution_OfImplicitPool.txt
hublike_modularization,tn,286539,net.bytebuddy.asm.MemberSubstitution.Unresolved,0,0,net_bytebuddy_asm_MemberSubstitution_Unresolved.txt
hublike_modularization,tn,924,net.bytebuddy.build.gradle.IncrementalResolver.ForChangedFiles,0,0,net_bytebuddy_build_gradle_IncrementalResolver_ForChangedFiles.txt
hublike_modularization,fp,35416,net.bytebuddy.agent.builder.ResettableClassFileTransformer.Factory,0,1,net_bytebuddy_agent_builder_ResettableClassFileTransformer_Factory.txt
hublike_modularization,tn,8568,com.google.googlejavaformat.java.ImportOrderer.ImportsAndIndex,0,0,com_google_googlejavaformat_java_ImportOrderer_ImportsAndIndex.txt
hublike_modularization,tn,2196,com.github.javaparser.resolution.logic.ConflictingGenericTypesException,0,0,com_github_javaparser_resolution_logic_ConflictingGenericTypesException.txt
hublike_modularization,tn,761,issue1945.interfaces.HairType,0,0,issue1945_interfaces_HairType.txt
hublike_modularization,tn,141378,net.bytebuddy.description.type.TypeDescription.ForLoadedSuperClass,0,0,net_bytebuddy_description_type_TypeDescription_ForLoadedSuperClass.txt
hublike_modularization,tn,97003,net.bytebuddy.implementation.auxiliary.MethodCallProxy.ConstructorCall,0,0,net_bytebuddy_implementation_auxiliary_MethodCallProxy_ConstructorCall.txt
hublike_modularization,tn,2539,com.github.javaparser.utils.SourceZip.Callback,0,0,com_github_javaparser_utils_SourceZip_Callback.txt
hublike_modularization,tn,213,(default package).Issue300,0,0,(default package)_Issue300.txt
hublike_modularization,tn,8132,com.google.zxing.oned.rss.expanded.ExpandedRow,0,0,com_google_zxing_oned_rss_expanded_ExpandedRow.txt
hublike_modularization,tn,226,com.github.javaparser.javasymbolsolver.javassist.symbols.main.jar.EnumInterfaceUserOwnJar,0,0,com_github_javaparser_javasymbolsolver_javassist_symbols_main_jar_EnumInterfaceUserOwnJar.txt
hublike_modularization,tn,8481,org.apache.commons.io.input.ReadAheadInputStream.Builder,0,0,org_apache_commons_io_input_ReadAheadInputStream_Builder.txt
hublike_modularization,tn,3797,com.github.javaparser.utils.VisitorList.EqualsHashcodeOverridingFacade,0,0,com_github_javaparser_utils_VisitorList_EqualsHashcodeOverridingFacade.txt
hublike_modularization,tn,2653,net.bytebuddy.dynamic.scaffold.FieldLocator.NoOp,0,0,net_bytebuddy_dynamic_scaffold_FieldLocator_NoOp.txt
hublike_modularization,tn,8673,com.google.zxing.aztec.decoder.Decoder.CorrectedBitsResult,0,0,com_google_zxing_aztec_decoder_Decoder_CorrectedBitsResult.txt
hublike_modularization,tn,4390,com.github.javaparser.printer.lexicalpreservation.PeekingIterator,0,0,com_github_javaparser_printer_lexicalpreservation_PeekingIterator.txt
hublike_modularization,tn,4437,com.google.zxing.client.j2se.CommandLineRunner,0,0,com_google_zxing_client_j2se_CommandLineRunner.txt
hublike_modularization,tn,5310,com.google.gson.internal.reflect.ReflectionHelper.RecordHelper,0,0,com_google_gson_internal_reflect_ReflectionHelper_RecordHelper.txt
hublike_modularization,tn,6444,org.jsoup.select.Evaluator.IsOnlyChild,0,0,org_jsoup_select_Evaluator_IsOnlyChild.txt
hublike_modularization,tn,43525,org.jsoup.parser.TokenQueue,0,0,org_jsoup_parser_TokenQueue.txt
hublike_modularization,tn,7437,com.github.javaparser.resolution.cache.CacheStats,0,0,com_github_javaparser_resolution_cache_CacheStats.txt
hublike_modularization,tn,140999,net.bytebuddy.pool.TypePool.LazyRawAnnotatedTypeList,0,0,net_bytebuddy_pool_TypePool_LazyRawAnnotatedTypeList.txt
hublike_modularization,tn,2011,org.adoptopenjdk.jitwatch.util.UserInterfaceUtil.TooltipBinding,0,0,org_adoptopenjdk_jitwatch_util_UserInterfaceUtil_TooltipBinding.txt
hublike_modularization,tn,4712,com.google.zxing.client.android.result.ResultButtonListener,0,0,com_google_zxing_client_android_result_ResultButtonListener.txt
hublike_modularization,tn,4879,org.apache.commons.io.output.XmlStreamWriter.Builder,0,0,org_apache_commons_io_output_XmlStreamWriter_Builder.txt
hublike_modularization,tn,422237,net.bytebuddy.implementation.bind.MethodDelegationBinder,0,0,net_bytebuddy_implementation_bind_MethodDelegationBinder.txt
hublike_modularization,tn,12974,com.github.javaparser.symbolsolver.reflectionmodel.ReflectionTypeParameter,0,0,com_github_javaparser_symbolsolver_reflectionmodel_ReflectionTypeParameter.txt
hublike_modularization,tn,180,another.String,0,0,another_String.txt
hublike_modularization,tn,21092,com.google.zxing.common.GridSampler,0,0,com_google_zxing_common_GridSampler.txt
hublike_modularization,tn,56885,net.bytebuddy.dynamic.scaffold.TypeWriter.PatchingModuleVisitor,0,0,net_bytebuddy_dynamic_scaffold_TypeWriter_PatchingModuleVisitor.txt
hublike_modularization,tn,17900,org.apache.commons.io.input.Tailer.Tailable,0,0,org_apache_commons_io_input_Tailer_Tailable.txt
hublike_modularization,tn,67459,net.bytebuddy.build.maven.Transformation,0,0,net_bytebuddy_build_maven_Transformation.txt
hublike_modularization,tn,93062,net.bytebuddy.ByteBuddy.ValuesMethodAppender,0,0,net_bytebuddy_ByteBuddy_ValuesMethodAppender.txt
hublike_modularization,tn,2225,org.apache.commons.lang3.builder.Diffable,0,0,org_apache_commons_lang3_builder_Diffable.txt
hublike_modularization,fp,96146,net.bytebuddy.dynamic.scaffold.TypeWriter.ForRecord,0,1,net_bytebuddy_dynamic_scaffold_TypeWriter_ForRecord.txt
hublike_modularization,tn,147306,net.bytebuddy.implementation.MethodCall.ForInstance,0,0,net_bytebuddy_implementation_MethodCall_ForInstance.txt
hublike_modularization,tn,21091,com.google.common.jimfs.PathType,0,0,com_google_common_jimfs_PathType.txt
hublike_modularization,tn,219404,net.bytebuddy.agent.builder.AgentBuilder.Inactive,0,0,net_bytebuddy_agent_builder_AgentBuilder_Inactive.txt
hublike_modularization,tn,113364,net.bytebuddy.dynamic.scaffold.TypeWriter.ContextRegistry,0,0,net_bytebuddy_dynamic_scaffold_TypeWriter_ContextRegistry.txt
hublike_modularization,tn,94364,net.bytebuddy.implementation.bind.annotation.Binder.Duplex,0,0,net_bytebuddy_implementation_bind_annotation_Binder_Duplex.txt
hublike_modularization,tn,3459,org.apache.commons.io.function.IOBooleanSupplier,0,0,org_apache_commons_io_function_IOBooleanSupplier.txt
hublike_modularization,tn,135332,net.bytebuddy.pool.TypePool.GenericTypeRegistrant,0,0,net_bytebuddy_pool_TypePool_GenericTypeRegistrant.txt
hublike_modularization,tn,2710,com.google.zxing.client.result.WifiResultParser,0,0,com_google_zxing_client_result_WifiResultParser.txt
hublike_modularization,tn,231942,com.github.javaparser.ast.type.VarType,0,0,com_github_javaparser_ast_type_VarType.txt
hublike_modularization,tn,33839,com.google.googlejavaformat.java.JavaInput,0,0,com_google_googlejavaformat_java_JavaInput.txt
hublike_modularization,tn,239,(default package).B.innerClassInB,0,0,(default package)_B_innerClassInB.txt
hublike_modularization,tn,271395,net.bytebuddy.asm.Advice.Renderer,0,0,net_bytebuddy_asm_Advice_Renderer.txt
hublike_modularization,tn,9500,com.github.javaparser.ast.Node.Level,0,0,com_github_javaparser_ast_Node_Level.txt
hublike_modularization,tn,35208,net.bytebuddy.implementation.InvocationHandlerAdapter.ForField,0,0,net_bytebuddy_implementation_InvocationHandlerAdapter_ForField.txt
hublike_modularization,tn,12291,com.google.zxing.oned.rss.RSSUtils,0,0,com_google_zxing_oned_rss_RSSUtils.txt
hublike_modularization,tn,49247,net.bytebuddy.dynamic.scaffold.TypeWriter.AttributeObtainingMethodVisitor,0,0,net_bytebuddy_dynamic_scaffold_TypeWriter_AttributeObtainingMethodVisitor.txt
hublike_modularization,tn,168399,net.bytebuddy.asm.Advice.OfDynamicInvocation,0,0,net_bytebuddy_asm_Advice_OfDynamicInvocation.txt
hublike_modularization,tn,28114,com.google.common.jimfs.WatchServiceConfiguration,0,0,com_google_common_jimfs_WatchServiceConfiguration.txt
hublike_modularization,tn,47419,org.apache.commons.io.filefilter.FileFileFilter,0,0,org_apache_commons_io_filefilter_FileFileFilter.txt
hublike_modularization,tn,4999,com.github.javaparser.ast.nodeTypes.NodeWithSimpleName,0,0,com_github_javaparser_ast_nodeTypes_NodeWithSimpleName.txt
hublike_modularization,tn,50362,com.github.javaparser.symbolsolver.javassistmodel.JavassistUtils,0,0,com_github_javaparser_symbolsolver_javassistmodel_JavassistUtils.txt
hublike_modularization,tn,12511,net.bytebuddy.dynamic.loading.ByteArrayClassLoader.SingletonEnumeration,0,0,net_bytebuddy_dynamic_loading_ByteArrayClassLoader_SingletonEnumeration.txt
hublike_modularization,tn,243247,net.bytebuddy.build.DispatcherAnnotationPlugin,0,0,net_bytebuddy_build_DispatcherAnnotationPlugin.txt
hublike_modularization,tn,23680,org.adoptopenjdk.jitwatch.ui.report.ReportStage,0,0,org_adoptopenjdk_jitwatch_ui_report_ReportStage.txt
hublike_modularization,tn,25210,net.bytebuddy.implementation.bytecode.collection.ArrayAccess.Loader,0,0,net_bytebuddy_implementation_bytecode_collection_ArrayAccess_Loader.txt
hublike_modularization,tn,15825,com.google.zxing.qrcode.encoder.MinimalEncoder.Edge,0,0,com_google_zxing_qrcode_encoder_MinimalEncoder_Edge.txt
hublike_modularization,tn,774,com.google.common.jimfs.WatchServiceConfiguration.PollingConfig,0,0,com_google_common_jimfs_WatchServiceConfiguration_PollingConfig.txt
hublike_modularization,tn,3499,com.google.zxing.oned.rss.expanded.decoders.AnyAIDecoder,0,0,com_google_zxing_oned_rss_expanded_decoders_AnyAIDecoder.txt
hublike_modularization,tn,28229,com.google.zxing.datamatrix.encoder.MinimalEncoder.Edge,0,0,com_google_zxing_datamatrix_encoder_MinimalEncoder_Edge.txt
hublike_modularization,tn,12447,com.google.gson.graph.GraphAdapterBuilder.Element,0,0,com_google_gson_graph_GraphAdapterBuilder_Element.txt
hublike_modularization,tn,993,org.apache.commons.io.input.SequenceReader,0,0,org_apache_commons_io_input_SequenceReader.txt
hublike_modularization,tn,12609,org.apache.commons.lang3.reflect.InheritanceUtils,0,0,org_apache_commons_lang3_reflect_InheritanceUtils.txt
hublike_modularization,tn,30771,com.google.gson.JsonNull,0,0,com_google_gson_JsonNull.txt
hublike_modularization,tn,40963,com.github.javaparser.TokenMgrException,0,0,com_github_javaparser_TokenMgrException.txt
hublike_modularization,tn,285953,net.bytebuddy.agent.builder.AgentBuilder.ForRedefinition,0,0,net_bytebuddy_agent_builder_AgentBuilder_ForRedefinition.txt
hublike_modularization,tn,42972,org.apache.commons.io.input.RandomAccessFileInputStream,0,0,org_apache_commons_io_input_RandomAccessFileInputStream.txt
hublike_modularization,tn,19414,com.google.googlejavaformat.java.FormatFileCallable,0,0,com_google_googlejavaformat_java_FormatFileCallable.txt
hublike_modularization,tn,176826,net.bytebuddy.agent.builder.AgentBuilder.ExtraLazy,0,0,net_bytebuddy_agent_builder_AgentBuilder_ExtraLazy.txt
hublike_modularization,tn,4113,com.github.javaparser.symbolsolver.javassistmodel.JavassistParameterDeclaration,0,0,com_github_javaparser_symbolsolver_javassistmodel_JavassistParameterDeclaration.txt
hublike_modularization,tn,32929,net.bytebuddy.implementation.MethodCall.ForImplicitField,0,0,net_bytebuddy_implementation_MethodCall_ForImplicitField.txt
hublike_modularization,tn,238260,net.bytebuddy.dynamic.DynamicType.MethodDefinition,0,0,net_bytebuddy_dynamic_DynamicType_MethodDefinition.txt
hublike_modularization,tn,33980,net.bytebuddy.build.Plugin.ForRetainedElement,0,0,net_bytebuddy_build_Plugin_ForRetainedElement.txt
hublike_modularization,tn,21456,net.bytebuddy.implementation.EqualsMethod.TypePropertyComparator,0,0,net_bytebuddy_implementation_EqualsMethod_TypePropertyComparator.txt
hublike_modularization,tn,34413,com.github.javaparser.metamodel.InitializerDeclarationMetaModel,0,0,com_github_javaparser_metamodel_InitializerDeclarationMetaModel.txt
hublike_modularization,tn,4208,net.bytebuddy.build.gradle.android.ByteBuddyInstrumentationParameters,0,0,net_bytebuddy_build_gradle_android_ByteBuddyInstrumentationParameters.txt
hublike_modularization,tn,132542,net.bytebuddy.asm.Advice.ForConstantValue,0,0,net_bytebuddy_asm_Advice_ForConstantValue.txt
hublike_modularization,tn,230,com.github.javaparser.javasymbolsolver.javassist.symbols.excluded.jar.InterfaceExcludedJar,0,0,com_github_javaparser_javasymbolsolver_javassist_symbols_excluded_jar_InterfaceExcludedJar.txt
hublike_modularization,tn,28731,net.bytebuddy.agent.ByteBuddyAgent.AgentProvider,0,0,net_bytebuddy_agent_ByteBuddyAgent_AgentProvider.txt
hublike_modularization,tn,38525,net.bytebuddy.build.Plugin.ForByteArray,0,0,net_bytebuddy_build_Plugin_ForByteArray.txt
hublike_modularization,tn,192268,com.github.javaparser.ast.visitor.VoidVisitorAdapter,0,0,com_github_javaparser_ast_visitor_VoidVisitorAdapter.txt
hublike_modularization,tn,17486,org.apache.commons.lang3.time.FastDateParser.StrategyAndWidth,0,0,org_apache_commons_lang3_time_FastDateParser_StrategyAndWidth.txt
hublike_modularization,tn,345374,com.github.javaparser.ast.expr.EnclosedExpr,0,0,com_github_javaparser_ast_expr_EnclosedExpr.txt
hublike_modularization,tn,1345,com.google.zxing.web.DoSTracker.TrackerTask,0,0,com_google_zxing_web_DoSTracker_TrackerTask.txt
hublike_modularization,tn,45415,net.bytebuddy.implementation.bytecode.member.MethodVariableAccess.MethodLoading,0,0,net_bytebuddy_implementation_bytecode_member_MethodVariableAccess_MethodLoading.txt
hublike_modularization,tn,332278,com.github.javaparser.ast.stmt.WhileStmt,0,0,com_github_javaparser_ast_stmt_WhileStmt.txt
hublike_modularization,tn,97169,net.bytebuddy.description.method.ParameterDescription.TypeSubstituting,0,0,net_bytebuddy_description_method_ParameterDescription_TypeSubstituting.txt
hublike_modularization,tn,262251,net.bytebuddy.asm.Advice.PostProcessor,0,0,net_bytebuddy_asm_Advice_PostProcessor.txt
hublike_modularization,tn,2163,org.adoptopenjdk.jitwatch.ui.report.suggestion.SuggestionRowBuilder,0,0,org_adoptopenjdk_jitwatch_ui_report_suggestion_SuggestionRowBuilder.txt
hublike_modularization,tn,32135,net.bytebuddy.dynamic.scaffold.MethodGraph.NodeList,0,0,net_bytebuddy_dynamic_scaffold_MethodGraph_NodeList.txt
hublike_modularization,tn,54371,net.bytebuddy.utility.JavaConstant.MethodHandles,0,0,net_bytebuddy_utility_JavaConstant_MethodHandles.txt
hublike_modularization,tn,13355,org.apache.commons.io.FileSystem.NameLengthStrategy,0,0,org_apache_commons_io_FileSystem_NameLengthStrategy.txt
hublike_modularization,tn,10698,com.github.javaparser.ast.validator.TreeVisitorValidator,0,0,com_github_javaparser_ast_validator_TreeVisitorValidator.txt
hublike_modularization,tn,34111,net.bytebuddy.dynamic.loading.ClassLoadingStrategy.WrappingDispatcher,0,0,net_bytebuddy_dynamic_loading_ClassLoadingStrategy_WrappingDispatcher.txt
hublike_modularization,tn,147306,net.bytebuddy.implementation.MethodCall.ForValue,0,0,net_bytebuddy_implementation_MethodCall_ForValue.txt
hublike_modularization,tn,760,com.github.javaparser.ast.nodeTypes.NodeWithDeclaration,0,0,com_github_javaparser_ast_nodeTypes_NodeWithDeclaration.txt
hublike_modularization,tn,4613,japa.bdd.samples.JavaConcepts.A,0,0,japa_bdd_samples_JavaConcepts_A.txt
hublike_modularization,tn,36466,com.github.javaparser.printer.concretesyntaxmodel.CsmToken,0,0,com_github_javaparser_printer_concretesyntaxmodel_CsmToken.txt
hublike_modularization,tn,3805,com.google.zxing.oned.rss.expanded.decoders.AI013x0xDecoder,0,0,com_google_zxing_oned_rss_expanded_decoders_AI013x0xDecoder.txt
hublike_modularization,tn,2212,com.github.javaparser.javadoc.description.JavadocDescriptionElement,0,0,com_github_javaparser_javadoc_description_JavadocDescriptionElement.txt
hublike_modularization,tn,27590,com.github.javaparser.ast.validator.Validator,0,0,com_github_javaparser_ast_validator_Validator.txt
hublike_modularization,tn,149094,net.bytebuddy.implementation.MethodDelegation.ForField,0,0,net_bytebuddy_implementation_MethodDelegation_ForField.txt
hublike_modularization,tn,8669,com.google.zxing.aztec.decoder.Decoder.Table,0,0,com_google_zxing_aztec_decoder_Decoder_Table.txt
hublike_modularization,tn,126714,net.bytebuddy.description.annotation.AnnotationValue.ForConstant,0,0,net_bytebuddy_description_annotation_AnnotationValue_ForConstant.txt
hublike_modularization,tn,99441,net.bytebuddy.implementation.MethodCall.ForMethodParameter,0,0,net_bytebuddy_implementation_MethodCall_ForMethodParameter.txt
hublike_modularization,tn,34904,com.github.javaparser.metamodel.BinaryExprMetaModel,0,0,com_github_javaparser_metamodel_BinaryExprMetaModel.txt
hublike_modularization,tn,140995,net.bytebuddy.pool.TypePool.Delegate,0,0,net_bytebuddy_pool_TypePool_Delegate.txt
hublike_modularization,tn,255833,net.bytebuddy.asm.Advice.ForPostProcessor,0,0,net_bytebuddy_asm_Advice_ForPostProcessor.txt
hublike_modularization,tn,19191,org.adoptopenjdk.jitwatch.hotthrow.HotThrowFinder,0,0,org_adoptopenjdk_jitwatch_hotthrow_HotThrowFinder.txt
hublike_modularization,tn,78908,net.bytebuddy.dynamic.DynamicType.RecordComponentDefinitionAdapter,0,0,net_bytebuddy_dynamic_DynamicType_RecordComponentDefinitionAdapter.txt
hublike_modularization,tn,49213,net.bytebuddy.dynamic.scaffold.MethodGraph.Store,0,0,net_bytebuddy_dynamic_scaffold_MethodGraph_Store.txt
hublike_modularization,tn,3012,com.google.zxing.client.result.EmailDoCoMoResultParser,0,0,com_google_zxing_client_result_EmailDoCoMoResultParser.txt
hublike_modularization,tn,2076,org.adoptopenjdk.jitwatch.ui.main.IPrevNextCompilationListener,0,0,org_adoptopenjdk_jitwatch_ui_main_IPrevNextCompilationListener.txt
hublike_modularization,tn,20907,net.bytebuddy.implementation.bytecode.Duplication.WithFlip,0,0,net_bytebuddy_implementation_bytecode_Duplication_WithFlip.txt
hublike_modularization,tn,637,org.apache.commons.lang3.function.FailableObjLongConsumer,0,0,org_apache_commons_lang3_function_FailableObjLongConsumer.txt
hublike_modularization,tn,3427,com.github.javaparser.ast.validator.ReservedKeywordValidator,0,0,com_github_javaparser_ast_validator_ReservedKeywordValidator.txt
hublike_modularization,tn,71259,net.bytebuddy.description.type.TypeDescription.ForGenericArray,0,0,net_bytebuddy_description_type_TypeDescription_ForGenericArray.txt
hublike_modularization,tn,254,com.github.javaparser.javasymbolsolver.javassist.symbols.main.jar.SubInterfaceExcludedJar,0,0,com_github_javaparser_javasymbolsolver_javassist_symbols_main_jar_SubInterfaceExcludedJar.txt
hublike_modularization,tn,19614,org.apache.commons.io.DirectoryWalker,0,0,org_apache_commons_io_DirectoryWalker.txt
hublike_modularization,tn,72319,org.jsoup.nodes.Entities,0,0,org_jsoup_nodes_Entities.txt
hublike_modularization,tn,3204,org.apache.commons.io.input.NullReader,0,0,org_apache_commons_io_input_NullReader.txt
hublike_modularization,tn,145091,net.bytebuddy.description.type.TypeDescription.FormalTypeVariable,0,0,net_bytebuddy_description_type_TypeDescription_FormalTypeVariable.txt
hublike_modularization,tn,173907,net.bytebuddy.agent.builder.AgentBuilder.Minimal,0,0,net_bytebuddy_agent_builder_AgentBuilder_Minimal.txt
hublike_modularization,tn,15540,net.bytebuddy.implementation.bind.MethodDelegationBinder.Resolution,0,0,net_bytebuddy_implementation_bind_MethodDelegationBinder_Resolution.txt
hublike_modularization,tn,255833,net.bytebuddy.asm.Advice.ForJavaSignature,0,0,net_bytebuddy_asm_Advice_ForJavaSignature.txt
hublike_modularization,tn,3614,net.bytebuddy.build.gradle.IncrementalResolver,0,0,net_bytebuddy_build_gradle_IncrementalResolver.txt
hublike_modularization,tn,24628,net.bytebuddy.implementation.bytecode.constant.DoubleConstant.ConstantPool,0,0,net_bytebuddy_implementation_bytecode_constant_DoubleConstant_ConstantPool.txt
hublike_modularization,tn,3025,org.adoptopenjdk.jitwatch.process.compiler.CompilerKotlin,0,0,org_adoptopenjdk_jitwatch_process_compiler_CompilerKotlin.txt
hublike_modularization,tn,323725,com.github.javaparser.ast.stmt.LocalClassDeclarationStmt,0,0,com_github_javaparser_ast_stmt_LocalClassDeclarationStmt.txt
hublike_modularization,tn,3583,com.github.javaparser.UnicodeEscapeProcessingProvider.DeltaInfo,0,0,com_github_javaparser_UnicodeEscapeProcessingProvider_DeltaInfo.txt
hublike_modularization,tn,1577,org.adoptopenjdk.jitwatch.model.bytecode.ConstantPool,0,0,org_adoptopenjdk_jitwatch_model_bytecode_ConstantPool.txt
hublike_modularization,tn,32549,com.google.googlejavaformat.java.DimensionHelpers,0,0,com_google_googlejavaformat_java_DimensionHelpers.txt
hublike_modularization,tn,55694,com.github.javaparser.utils.LineSeparator,0,0,com_github_javaparser_utils_LineSeparator.txt
hublike_modularization,tn,255833,net.bytebuddy.asm.Advice.TranslationMode,0,0,net_bytebuddy_asm_Advice_TranslationMode.txt
hublike_modularization,tn,4614,japa.bdd.samples.JavaConcepts.QWE,0,0,japa_bdd_samples_JavaConcepts_QWE.txt
hublike_modularization,tn,5196,org.apache.commons.lang3.CharRange.CharacterIterator,0,0,org_apache_commons_lang3_CharRange_CharacterIterator.txt
hublike_modularization,tn,67912,com.github.javaparser.symbolsolver.javaparsermodel.contexts.AbstractJavaParserContext,0,0,com_github_javaparser_symbolsolver_javaparsermodel_contexts_AbstractJavaParserContext.txt
hublike_modularization,tn,273049,net.bytebuddy.asm.Advice.Disabled,0,0,net_bytebuddy_asm_Advice_Disabled.txt
hublike_modularization,tn,5829,com.google.zxing.datamatrix.decoder.Version.ECBlocks,0,0,com_google_zxing_datamatrix_decoder_Version_ECBlocks.txt
hublike_modularization,tn,327526,com.github.javaparser.ast.stmt.LabeledStmt,0,0,com_github_javaparser_ast_stmt_LabeledStmt.txt
hublike_modularization,tn,78008,net.bytebuddy.description.type.TypeDescription.ForSignatureVisitor,0,0,net_bytebuddy_description_type_TypeDescription_ForSignatureVisitor.txt
hublike_modularization,tn,20535,com.github.javaparser.printer.lexicalpreservation.changes.Change,0,0,com_github_javaparser_printer_lexicalpreservation_changes_Change.txt
hublike_modularization,tn,11729,com.google.zxing.client.android.LocaleManager,0,0,com_google_zxing_client_android_LocaleManager.txt
hublike_modularization,tn,4022,com.google.common.jimfs.FileFactory.SymbolicLinkSupplier,0,0,com_google_common_jimfs_FileFactory_SymbolicLinkSupplier.txt
hublike_modularization,tn,79754,net.bytebuddy.implementation.FixedValue.ForConstantValue,0,0,net_bytebuddy_implementation_FixedValue_ForConstantValue.txt
hublike_modularization,tn,36002,com.github.javaparser.metamodel.ParameterMetaModel,0,0,com_github_javaparser_metamodel_ParameterMetaModel.txt
hublike_modularization,tn,34951,com.github.javaparser.metamodel.TypePatternExprMetaModel,0,0,com_github_javaparser_metamodel_TypePatternExprMetaModel.txt
hublike_modularization,fp,58653,com.google.googlejavaformat.java.JavaInputAstVisitor.Kind,0,1,com_google_googlejavaformat_java_JavaInputAstVisitor_Kind.txt
hublike_modularization,tn,5085,com.google.zxing.datamatrix.encoder.TextEncoder,0,0,com_google_zxing_datamatrix_encoder_TextEncoder.txt
hublike_modularization,fp,4397,net.bytebuddy.benchmark.jmh.generated.ClassByImplementationBenchmark.benchmarkByteBuddy.jmhTest,0,1,net_bytebuddy_benchmark_jmh_generated_ClassByImplementationBenchmark_benchmarkByteBuddy_jmhTest.txt
hublike_modularization,tn,11775,com.github.javaparser.symbolsolver.resolution.typeinference.LeastUpperBoundLogic.TypeSubstitution,0,0,com_github_javaparser_symbolsolver_resolution_typeinference_LeastUpperBoundLogic_TypeSubstitution.txt
hublike_modularization,tn,3085,net.bytebuddy.implementation.MethodAccessorFactory.AccessType,0,0,net_bytebuddy_implementation_MethodAccessorFactory_AccessType.txt
hublike_modularization,tn,88434,net.bytebuddy.description.method.ParameterList.AbstractBase,0,0,net_bytebuddy_description_method_ParameterList_AbstractBase.txt
hublike_modularization,tn,5802,org.apache.commons.io.serialization.ClassNameMatcher,0,0,org_apache_commons_io_serialization_ClassNameMatcher.txt
hublike_modularization,tn,22705,net.bytebuddy.description.type.RecordComponentDescription.InDefinedShape,0,0,net_bytebuddy_description_type_RecordComponentDescription_InDefinedShape.txt
hublike_modularization,tn,72326,net.bytebuddy.description.type.RecordComponentList.TypeSubstituting,0,0,net_bytebuddy_description_type_RecordComponentList_TypeSubstituting.txt
hublike_modularization,tn,2177,com.github.javaparser.utils.VisitorMap.EqualsHashcodeOverridingFacade,0,0,com_github_javaparser_utils_VisitorMap_EqualsHashcodeOverridingFacade.txt
hublike_modularization,tn,142524,net.bytebuddy.description.type.TypeDescription.ForGenerifiedErasure,0,0,net_bytebuddy_description_type_TypeDescription_ForGenerifiedErasure.txt
hublike_modularization,tn,4229,com.google.zxing.pdf417.decoder.ec.ModulusPoly,0,0,com_google_zxing_pdf417_decoder_ec_ModulusPoly.txt
hublike_modularization,tn,13630,com.github.javaparser.resolution.declarations.ResolvedValueDeclaration,0,0,com_github_javaparser_resolution_declarations_ResolvedValueDeclaration.txt
hublike_modularization,tn,62917,net.bytebuddy.dynamic.DynamicType.ForType,0,0,net_bytebuddy_dynamic_DynamicType_ForType.txt
hublike_modularization,tn,92480,net.bytebuddy.dynamic.scaffold.TypeWriter.WithBody,0,0,net_bytebuddy_dynamic_scaffold_TypeWriter_WithBody.txt
hublike_modularization,tn,14767,org.jsoup.internal.SoftPool,0,0,org_jsoup_internal_SoftPool.txt
hublike_modularization,tn,23874,org.adoptopenjdk.jitwatch.model.assembly.Architecture,0,0,org_adoptopenjdk_jitwatch_model_assembly_Architecture.txt
hublike_modularization,tn,16186,net.bytebuddy.utility.FileSystem.Files,0,0,net_bytebuddy_utility_FileSystem_Files.txt
hublike_modularization,tn,6375,net.bytebuddy.build.gradle.ByteBuddyPlugin.JavaConventionConfiguration,0,0,net_bytebuddy_build_gradle_ByteBuddyPlugin_JavaConventionConfiguration.txt
hublike_modularization,tn,2877954,net.bytebuddy.build.CachedReturnPlugin,0,0,net_bytebuddy_build_CachedReturnPlugin.txt
hublike_modularization,tn,30235,org.adoptopenjdk.jitwatch.ui.main.IStageAccessProxy,0,0,org_adoptopenjdk_jitwatch_ui_main_IStageAccessProxy.txt
hublike_modularization,tn,32654,org.jsoup.select.NodeEvaluator,0,0,org_jsoup_select_NodeEvaluator.txt
hublike_modularization,tn,142265,net.bytebuddy.pool.TypePool.LazyTypeVariable,0,0,net_bytebuddy_pool_TypePool_LazyTypeVariable.txt
hublike_modularization,tn,220149,net.bytebuddy.agent.builder.AgentBuilder.Disabled,0,0,net_bytebuddy_agent_builder_AgentBuilder_Disabled.txt
hublike_modularization,tn,10573,com.google.zxing.datamatrix.decoder.DecodedBitStreamParser.Mode,0,0,com_google_zxing_datamatrix_decoder_DecodedBitStreamParser_Mode.txt
hublike_modularization,tn,12140,org.jsoup.safety.Safelist.TagName,0,0,org_jsoup_safety_Safelist_TagName.txt
hublike_modularization,tn,206151,net.bytebuddy.implementation.SuperMethodCall,0,0,net_bytebuddy_implementation_SuperMethodCall.txt
hublike_modularization,tn,10482,com.google.googlejavaformat.java.SnippetFormatter,0,0,com_google_googlejavaformat_java_SnippetFormatter.txt
hublike_modularization,tn,25158,com.google.zxing.datamatrix.decoder.Decoder,0,0,com_google_zxing_datamatrix_decoder_Decoder.txt
hublike_modularization,tn,230,com.github.javaparser.javasymbolsolver.javassist.symbols.included.jar.InterfaceIncludedJar,0,0,com_github_javaparser_javasymbolsolver_javassist_symbols_included_jar_InterfaceIncludedJar.txt
hublike_modularization,tn,33186,net.bytebuddy.dynamic.loading.ClassReloadingStrategy.Enabled,0,0,net_bytebuddy_dynamic_loading_ClassReloadingStrategy_Enabled.txt
hublike_modularization,tn,172408,net.bytebuddy.description.type.TypeDescription.Latent,0,0,net_bytebuddy_description_type_TypeDescription_Latent.txt
hublike_modularization,tn,8506,com.github.javaparser.ast.nodeTypes.NodeWithOptionalScope,0,0,com_github_javaparser_ast_nodeTypes_NodeWithOptionalScope.txt
hublike_modularization,tn,5326,org.adoptopenjdk.jitwatch.jarscan.sequencecount.InstructionSequence,0,0,org_adoptopenjdk_jitwatch_jarscan_sequencecount_InstructionSequence.txt
hublike_modularization,tn,301,org.jsoup.HttpStatusException,0,0,org_jsoup_HttpStatusException.txt
hublike_modularization,tn,314900,com.github.javaparser.ast.expr.RecordPatternExpr,0,0,com_github_javaparser_ast_expr_RecordPatternExpr.txt
hublike_modularization,tn,42972,net.bytebuddy.implementation.InvokeDynamic.OfField,0,0,net_bytebuddy_implementation_InvokeDynamic_OfField.txt
hublike_modularization,tn,5459,com.google.zxing.datamatrix.encoder.Encoder,0,0,com_google_zxing_datamatrix_encoder_Encoder.txt
hublike_modularization,tn,10804,com.google.googlejavaformat.Doc.RealOrImaginary,0,0,com_google_googlejavaformat_Doc_RealOrImaginary.txt
hublike_modularization,tn,74964,net.bytebuddy.implementation.bind.annotation.ConstructorResolver.ForType,0,0,net_bytebuddy_implementation_bind_annotation_ConstructorResolver_ForType.txt
hublike_modularization,tn,2583,net.bytebuddy.implementation.bytecode.assign.Assigner.Typing,0,0,net_bytebuddy_implementation_bytecode_assign_Assigner_Typing.txt
hublike_modularization,tn,138786,net.bytebuddy.pool.TypePool.Hierarchical,0,0,net_bytebuddy_pool_TypePool_Hierarchical.txt
hublike_modularization,tn,332008,com.github.javaparser.ast.expr.SuperExpr,0,0,com_github_javaparser_ast_expr_SuperExpr.txt
hublike_modularization,tn,342749,net.bytebuddy.asm.Advice.ForStubValue,0,0,net_bytebuddy_asm_Advice_ForStubValue.txt
hublike_modularization,tn,31998,net.bytebuddy.dynamic.ClassFileLocator.CreationAction,0,0,net_bytebuddy_dynamic_ClassFileLocator_CreationAction.txt
hublike_modularization,tn,339597,net.bytebuddy.asm.Advice.Inactive,0,0,net_bytebuddy_asm_Advice_Inactive.txt
hublike_modularization,tn,67936,org.jsoup.select.Evaluator,0,0,org_jsoup_select_Evaluator.txt
hublike_modularization,tn,27863,org.apache.commons.lang3.StringEscapeUtils.CsvUnescaper,0,0,org_apache_commons_lang3_StringEscapeUtils_CsvUnescaper.txt
hublike_modularization,tn,71748,net.bytebuddy.pool.TypePool.Bound,0,0,net_bytebuddy_pool_TypePool_Bound.txt
hublike_modularization,tn,54381,com.google.gson.internal.Streams,0,0,com_google_gson_internal_Streams.txt
hublike_modularization,tn,423,com.github.javaparser.ast.validator.postprocessors.Java14PostProcessor,0,0,com_github_javaparser_ast_validator_postprocessors_Java14PostProcessor.txt
hublike_modularization,tn,2447,org.apache.commons.io.file.CountingPathVisitor.Builder,0,0,org_apache_commons_io_file_CountingPathVisitor_Builder.txt
hublike_modularization,tn,67798,net.bytebuddy.build.Plugin.ErrorHandler,0,0,net_bytebuddy_build_Plugin_ErrorHandler.txt
hublike_modularization,tn,6319,com.google.common.jimfs.GlobToRegex,0,0,com_google_common_jimfs_GlobToRegex.txt
hublike_modularization,tn,6761,com.google.googlejavaformat.InputOutput,0,0,com_google_googlejavaformat_InputOutput.txt
hublike_modularization,tn,4341,net.bytebuddy.benchmark.jmh.generated.ClassByExtensionBenchmark.baseline.jmhTest,0,0,net_bytebuddy_benchmark_jmh_generated_ClassByExtensionBenchmark_baseline_jmhTest.txt
hublike_modularization,tn,12550,net.bytebuddy.implementation.attribute.FieldAttributeAppender.Explicit,0,0,net_bytebuddy_implementation_attribute_FieldAttributeAppender_Explicit.txt
hublike_modularization,tn,387,com.example.Alpha.CustomInterface,0,0,com_example_Alpha_CustomInterface.txt
hublike_modularization,tn,239,(default package).Usage,0,0,(default package)_Usage.txt
hublike_modularization,tn,277,(default package).ElisionTest2,0,0,(default package)_ElisionTest2.txt
hublike_modularization,tn,3443,org.apache.commons.io.comparator.PathFileComparator,0,0,org_apache_commons_io_comparator_PathFileComparator.txt
hublike_modularization,tn,23803,com.google.zxing.client.android.history.HistoryManager,0,0,com_google_zxing_client_android_history_HistoryManager.txt
hublike_modularization,tn,68294,net.bytebuddy.pool.TypePool.FieldExtractor,0,0,net_bytebuddy_pool_TypePool_FieldExtractor.txt
hublike_modularization,tn,24864,net.bytebuddy.dynamic.loading.ByteArrayClassLoader.EmptyEnumeration,0,0,net_bytebuddy_dynamic_loading_ByteArrayClassLoader_EmptyEnumeration.txt
hublike_modularization,tn,129316,net.bytebuddy.description.annotation.AnnotationDescription.Builder,0,0,net_bytebuddy_description_annotation_AnnotationDescription_Builder.txt
hublike_modularization,tn,3080,com.google.zxing.client.result.SMSParsedResult,0,0,com_google_zxing_client_result_SMSParsedResult.txt
hublike_modularization,tn,10120,net.bytebuddy.dynamic.loading.PackageDefinitionStrategy.Trivial,0,0,net_bytebuddy_dynamic_loading_PackageDefinitionStrategy_Trivial.txt
hublike_modularization,tn,109783,net.bytebuddy.agent.builder.AgentBuilder.PrependableIterator,0,0,net_bytebuddy_agent_builder_AgentBuilder_PrependableIterator.txt
hublike_modularization,tn,14856,com.github.javaparser.generator.metamodel.InitializeConstructorParametersStatementsGenerator,0,0,com_github_javaparser_generator_metamodel_InitializeConstructorParametersStatementsGenerator.txt
hublike_modularization,tn,990,(default package).EscapeTestManyFields.Wrapper2,0,0,(default package)_EscapeTestManyFields_Wrapper2.txt
hublike_modularization,tn,865524,net.bytebuddy.implementation.FieldAccessor,0,0,net_bytebuddy_implementation_FieldAccessor.txt
hublike_modularization,tn,2043,com.github.javaparser.printer.configuration.Indentation.IndentType,0,0,com_github_javaparser_printer_configuration_Indentation_IndentType.txt
hublike_modularization,tn,35962,net.bytebuddy.build.gradle.ByteBuddyJarTask,0,0,net_bytebuddy_build_gradle_ByteBuddyJarTask.txt
hublike_modularization,tn,226919,net.bytebuddy.agent.builder.AgentBuilder.Appender,0,0,net_bytebuddy_agent_builder_AgentBuilder_Appender.txt
hublike_modularization,tn,28307,org.apache.commons.lang3.builder.HashCodeBuilder,0,0,org_apache_commons_lang3_builder_HashCodeBuilder.txt
hublike_modularization,tn,3151,com.github.javaparser.serialization.JavaParserJsonSerializer.JsonTokenRange,0,0,com_github_javaparser_serialization_JavaParserJsonSerializer_JsonTokenRange.txt
hublike_modularization,tn,366117,net.bytebuddy.asm.Advice.ForExitValue,0,0,net_bytebuddy_asm_Advice_ForExitValue.txt
hublike_modularization,tn,256,com.github.javaparser.javasymbolsolver.javassist.symbols.main.jar.SubClassExcludedJar,0,0,com_github_javaparser_javasymbolsolver_javassist_symbols_main_jar_SubClassExcludedJar.txt
hublike_modularization,tn,11109,com.google.zxing.client.android.DecodeFormatManager,0,0,com_google_zxing_client_android_DecodeFormatManager.txt
hublike_modularization,tn,35400,com.github.javaparser.metamodel.VariableDeclarationExprMetaModel,0,0,com_github_javaparser_metamodel_VariableDeclarationExprMetaModel.txt
hublike_modularization,tn,7101,net.bytebuddy.android.AndroidClassLoadingStrategy.ForReadOnlyClassFile,0,0,net_bytebuddy_android_AndroidClassLoadingStrategy_ForReadOnlyClassFile.txt
hublike_modularization,tn,247160,net.bytebuddy.agent.builder.AgentBuilder.InjectionStrategy,0,0,net_bytebuddy_agent_builder_AgentBuilder_InjectionStrategy.txt
hublike_modularization,tn,23030,com.google.gson.protobuf.ProtoTypeAdapter,0,0,com_google_gson_protobuf_ProtoTypeAdapter.txt
hublike_modularization,tn,381014,com.github.javaparser.ast.expr.Expression,0,0,com_github_javaparser_ast_expr_Expression.txt
hublike_modularization,tn,27900,net.bytebuddy.description.method.ParameterList.ForTokens,0,0,net_bytebuddy_description_method_ParameterList_ForTokens.txt
hublike_modularization,tn,34502,com.github.javaparser.metamodel.ThisExprMetaModel,0,0,com_github_javaparser_metamodel_ThisExprMetaModel.txt
hublike_modularization,tn,5509,net.bytebuddy.build.gradle.android.ByteBuddyAndroidPlugin.ByteBuddyViewConfiguration,0,0,net_bytebuddy_build_gradle_android_ByteBuddyAndroidPlugin_ByteBuddyViewConfiguration.txt
hublike_modularization,tn,5509,net.bytebuddy.build.gradle.android.ByteBuddyAndroidPlugin.OfModernAgp,0,0,net_bytebuddy_build_gradle_android_ByteBuddyAndroidPlugin_OfModernAgp.txt
hublike_modularization,tn,212815,net.bytebuddy.asm.Advice.WithExceptionHandling,0,0,net_bytebuddy_asm_Advice_WithExceptionHandling.txt
hublike_modularization,tn,171345,net.bytebuddy.benchmark.ClassByImplementationBenchmark,0,0,net_bytebuddy_benchmark_ClassByImplementationBenchmark.txt
hublike_modularization,tn,41111,net.bytebuddy.description.annotation.AnnotationValue.WithIncompatibleRuntimeType,0,0,net_bytebuddy_description_annotation_AnnotationValue_WithIncompatibleRuntimeType.txt
hublike_modularization,tn,67202,net.bytebuddy.pool.TypePool.OfField,0,0,net_bytebuddy_pool_TypePool_OfField.txt
hublike_modularization,tn,7849,net.bytebuddy.implementation.bind.MethodDelegationBinder.Directional,0,0,net_bytebuddy_implementation_bind_MethodDelegationBinder_Directional.txt
hublike_modularization,tn,20978,net.bytebuddy.implementation.bind.annotation.Binder.ForImplicitType,0,0,net_bytebuddy_implementation_bind_annotation_Binder_ForImplicitType.txt
hublike_modularization,tn,14374,net.bytebuddy.dynamic.loading.MultipleParentClassLoader.Builder,0,0,net_bytebuddy_dynamic_loading_MultipleParentClassLoader_Builder.txt
hublike_modularization,tn,62296,com.github.javaparser.resolution.declarations.ResolvedMethodDeclaration,0,0,com_github_javaparser_resolution_declarations_ResolvedMethodDeclaration.txt
hublike_modularization,tn,42609,net.bytebuddy.agent.VirtualMachine.Connection,0,0,net_bytebuddy_agent_VirtualMachine_Connection.txt
hublike_modularization,tn,180,another.A,0,0,another_A.txt
hublike_modularization,tn,43260,org.apache.commons.lang3.ArchUtils,0,0,org_apache_commons_lang3_ArchUtils.txt
hublike_modularization,tn,343879,com.github.javaparser.ast.type.TypeParameter,0,0,com_github_javaparser_ast_type_TypeParameter.txt
hublike_modularization,tn,339092,net.bytebuddy.asm.MemberSubstitution.Step,0,0,net_bytebuddy_asm_MemberSubstitution_Step.txt
hublike_modularization,tn,7127,net.bytebuddy.matcher.ClassLoaderHierarchyMatcher,0,0,net_bytebuddy_matcher_ClassLoaderHierarchyMatcher.txt
hublike_modularization,tn,405,com.github.javaparser.ast.validator.postprocessors.Java19PostProcessor,0,0,com_github_javaparser_ast_validator_postprocessors_Java19PostProcessor.txt
hublike_modularization,tn,15455,net.bytebuddy.implementation.HashCodeMethod.NoOp,0,0,net_bytebuddy_implementation_HashCodeMethod_NoOp.txt
hublike_modularization,tn,64444,com.google.zxing.pdf417.decoder.PDF417ScanningDecoder,0,0,com_google_zxing_pdf417_decoder_PDF417ScanningDecoder.txt
hublike_modularization,tn,15325,org.apache.commons.lang3.stream.Streams,0,0,org_apache_commons_lang3_stream_Streams.txt
hublike_modularization,tn,1396,com.github.javaparser.symbolsolver.reflectionmodel.comparators.ClassComparator,0,0,com_github_javaparser_symbolsolver_reflectionmodel_comparators_ClassComparator.txt
hublike_modularization,tn,28358,net.bytebuddy.utility.dispatcher.JavaDispatcher.ForDefaultValue,0,0,net_bytebuddy_utility_dispatcher_JavaDispatcher_ForDefaultValue.txt
hublike_modularization,tn,691,org.apache.commons.lang3.compare.ObjectToStringComparator,0,0,org_apache_commons_lang3_compare_ObjectToStringComparator.txt
hublike_modularization,tn,907,org.apache.commons.io.comparator.DirectoryFileComparator,0,0,org_apache_commons_io_comparator_DirectoryFileComparator.txt
hublike_modularization,tn,49790,com.google.zxing.pdf417.PDF417Reader,0,0,com_google_zxing_pdf417_PDF417Reader.txt
hublike_modularization,tn,15958,com.google.common.jimfs.Configuration.Builder,0,0,com_google_common_jimfs_Configuration_Builder.txt
hublike_modularization,tn,283112,net.bytebuddy.asm.MemberSubstitution.ForCurrent,0,0,net_bytebuddy_asm_MemberSubstitution_ForCurrent.txt
hublike_modularization,tn,9017,com.github.javaparser.resolution.model.typesystem.NullType,0,0,com_github_javaparser_resolution_model_typesystem_NullType.txt
hublike_modularization,tn,34728,net.bytebuddy.implementation.MethodCall.ForExplicitField,0,0,net_bytebuddy_implementation_MethodCall_ForExplicitField.txt
hublike_modularization,tn,209,(default package).ObjectContextDecorator,0,0,(default package)_ObjectContextDecorator.txt
hublike_modularization,tn,514,com.github.javaparser.ast.validator.SimpleValidator,0,0,com_github_javaparser_ast_validator_SimpleValidator.txt
hublike_modularization,tn,8499,net.bytebuddy.build.ToStringPlugin.Prefix,0,0,net_bytebuddy_build_ToStringPlugin_Prefix.txt
hublike_modularization,tn,35337,com.github.javaparser.ast.observer.AstObserver,0,0,com_github_javaparser_ast_observer_AstObserver.txt
hublike_modularization,tn,94453,net.bytebuddy.asm.MemberSubstitution.LambdaMetaFactoryMatcher,0,0,net_bytebuddy_asm_MemberSubstitution_LambdaMetaFactoryMatcher.txt
hublike_modularization,tn,21436,org.apache.commons.lang3.time.FastDatePrinter.TimeZoneDisplayKey,0,0,org_apache_commons_lang3_time_FastDatePrinter_TimeZoneDisplayKey.txt
hublike_modularization,tn,1223,com.google.common.jimfs.AclAttributeProvider.View,0,0,com_google_common_jimfs_AclAttributeProvider_View.txt
hublike_modularization,tn,9927,com.github.javaparser.symbolsolver.javaparsermodel.contexts.AnnotationDeclarationContext,0,0,com_github_javaparser_symbolsolver_javaparsermodel_contexts_AnnotationDeclarationContext.txt
hublike_modularization,tn,26123,net.bytebuddy.implementation.bytecode.collection.ArrayFactory.ForReferenceType,0,0,net_bytebuddy_implementation_bytecode_collection_ArrayFactory_ForReferenceType.txt
hublike_modularization,tn,81117,net.bytebuddy.implementation.bytecode.assign.reference.GenericTypeAwareAssigner.OfWildcard,0,0,net_bytebuddy_implementation_bytecode_assign_reference_GenericTypeAwareAssigner_OfWildcard.txt
hublike_modularization,tn,190323,net.bytebuddy.dynamic.scaffold.MethodRegistry.Handler,0,0,net_bytebuddy_dynamic_scaffold_MethodRegistry_Handler.txt
hublike_modularization,tn,10350,com.github.javaparser.printer.ConfigurablePrinter,0,0,com_github_javaparser_printer_ConfigurablePrinter.txt
hublike_modularization,tn,137543,net.bytebuddy.agent.builder.AgentBuilder.OfFactory,0,0,net_bytebuddy_agent_builder_AgentBuilder_OfFactory.txt
hublike_modularization,tn,82089,net.bytebuddy.asm.MemberSubstitution.OfGivenField,0,0,net_bytebuddy_asm_MemberSubstitution_OfGivenField.txt
hublike_modularization,tn,654,org.apache.commons.lang3.concurrent.UncheckedFutureImpl,0,0,org_apache_commons_lang3_concurrent_UncheckedFutureImpl.txt
hublike_modularization,tn,8931,org.jsoup.nodes.Document.Syntax,0,0,org_jsoup_nodes_Document_Syntax.txt
hublike_modularization,tn,355654,net.bytebuddy.asm.Advice.Target,0,0,net_bytebuddy_asm_Advice_Target.txt
hublike_modularization,tn,180,(default package).Y,0,0,(default package)_Y.txt
hublike_modularization,fp,29770,net.bytebuddy.dynamic.loading.ByteArrayClassLoader.CreationAction,0,1,net_bytebuddy_dynamic_loading_ByteArrayClassLoader_CreationAction.txt
hublike_modularization,tn,1195,com.example.GenericClasses,0,0,com_example_GenericClasses.txt
hublike_modularization,tn,10767,com.google.zxing.aztec.encoder.HighLevelEncoder,0,0,com_google_zxing_aztec_encoder_HighLevelEncoder.txt
hublike_modularization,tn,4178,com.google.zxing.oned.rss.expanded.decoders.AI013x0x1xDecoder,0,0,com_google_zxing_oned_rss_expanded_decoders_AI013x0x1xDecoder.txt
hublike_modularization,tn,31493,net.bytebuddy.implementation.bind.MethodDelegationBinder.Anonymous,0,0,net_bytebuddy_implementation_bind_MethodDelegationBinder_Anonymous.txt
hublike_modularization,tn,648,org.gradle.work.FileChange,0,0,org_gradle_work_FileChange.txt
hublike_modularization,tn,43124,com.google.zxing.pdf417.decoder.DetectionResult,0,0,com_google_zxing_pdf417_decoder_DetectionResult.txt
hublike_modularization,tn,7849,net.bytebuddy.implementation.bind.MethodDelegationBinder.NoOp,0,0,net_bytebuddy_implementation_bind_MethodDelegationBinder_NoOp.txt
hublike_modularization,tn,1942,com.google.zxing.client.android.encode.MECARDContactEncoder,0,0,com_google_zxing_client_android_encode_MECARDContactEncoder.txt
hublike_modularization,tn,1032,net.bytebuddy.benchmark.jmh.generated.SuperClassInvocationBenchmark.jmhType.B1,0,0,net_bytebuddy_benchmark_jmh_generated_SuperClassInvocationBenchmark_jmhType_B1.txt
hublike_modularization,tn,2508,net.bytebuddy.implementation.bind.ArgumentTypeResolver.PrimitiveTypePrecedence,0,0,net_bytebuddy_implementation_bind_ArgumentTypeResolver_PrimitiveTypePrecedence.txt
hublike_modularization,tn,16079,net.bytebuddy.dynamic.ClassFileLocator.WeaklyReferenced,0,0,net_bytebuddy_dynamic_ClassFileLocator_WeaklyReferenced.txt
hublike_modularization,tn,361504,net.bytebuddy.asm.Advice.Bound,0,0,net_bytebuddy_asm_Advice_Bound.txt
hublike_modularization,tn,24699,net.bytebuddy.implementation.DefaultMethodCall.Appender,0,0,net_bytebuddy_implementation_DefaultMethodCall_Appender.txt
hublike_modularization,tn,14247,net.bytebuddy.dynamic.scaffold.MethodGraph.Initial,0,0,net_bytebuddy_dynamic_scaffold_MethodGraph_Initial.txt
hublike_modularization,tn,18047,com.github.javaparser.printer.lexicalpreservation.LexicalPreservingPrinter.Observer,0,0,com_github_javaparser_printer_lexicalpreservation_LexicalPreservingPrinter_Observer.txt
hublike_modularization,tn,332471,net.bytebuddy.asm.Advice.ForArray,0,0,net_bytebuddy_asm_Advice_ForArray.txt
hublike_modularization,tn,304,(default package).LockCoarsen,0,0,(default package)_LockCoarsen.txt
hublike_modularization,tn,138991,net.bytebuddy.dynamic.DynamicType.Unloaded,0,0,net_bytebuddy_dynamic_DynamicType_Unloaded.txt
hublike_modularization,tn,92195,net.bytebuddy.description.method.ParameterDescription.OfLegacyVmMethod,0,0,net_bytebuddy_description_method_ParameterDescription_OfLegacyVmMethod.txt
hublike_modularization,tn,126744,com.google.gson.protobuf.generated.Bag.ProtoWithAnnotationsOrBuilder,0,0,com_google_gson_protobuf_generated_Bag_ProtoWithAnnotationsOrBuilder.txt
hublike_modularization,tn,725,net.bytebuddy.benchmark.runner.QuickRunner,0,0,net_bytebuddy_benchmark_runner_QuickRunner.txt
hublike_modularization,tn,190,foo.OtherClass,0,0,foo_OtherClass.txt
hublike_modularization,tn,7717,com.google.zxing.common.detector.MonochromeRectangleDetector,0,0,com_google_zxing_common_detector_MonochromeRectangleDetector.txt
hublike_modularization,tn,10844,net.bytebuddy.implementation.attribute.AnnotationAppender.OnMethodParameter,0,0,net_bytebuddy_implementation_attribute_AnnotationAppender_OnMethodParameter.txt
hublike_modularization,tn,59999,org.apache.commons.lang3.time.DateUtils,0,0,org_apache_commons_lang3_time_DateUtils.txt
hublike_modularization,tn,49213,net.bytebuddy.dynamic.scaffold.MethodGraph.Entry,0,0,net_bytebuddy_dynamic_scaffold_MethodGraph_Entry.txt
hublike_modularization,tn,193164,org.apache.commons.lang3.SystemProperties,0,0,org_apache_commons_lang3_SystemProperties.txt
hublike_modularization,tn,62286,com.github.javaparser.symbolsolver.javaparsermodel.declarations.JavaParserEnumDeclaration,0,0,com_github_javaparser_symbolsolver_javaparsermodel_declarations_JavaParserEnumDeclaration.txt
hublike_modularization,tn,26033,net.bytebuddy.utility.AsmClassWriter.ForClassFileApi,0,0,net_bytebuddy_utility_AsmClassWriter_ForClassFileApi.txt
hublike_modularization,tn,36271,com.github.javaparser.metamodel.BodyDeclarationMetaModel,0,0,com_github_javaparser_metamodel_BodyDeclarationMetaModel.txt
hublike_modularization,tn,149502,net.bytebuddy.dynamic.DynamicType.InnerTypeDefinitionForMethodAdapter,0,0,net_bytebuddy_dynamic_DynamicType_InnerTypeDefinitionForMethodAdapter.txt
hublike_modularization,tn,12036,org.adoptopenjdk.jitwatch.core.IJITListener,0,0,org_adoptopenjdk_jitwatch_core_IJITListener.txt
hublike_modularization,tn,2146152,net.bytebuddy.description.TypeVariableSource,0,0,net_bytebuddy_description_TypeVariableSource.txt
hublike_modularization,tn,71748,net.bytebuddy.pool.TypePool.Explicit,0,0,net_bytebuddy_pool_TypePool_Explicit.txt
hublike_modularization,tn,25409,net.bytebuddy.implementation.bytecode.constant.IntegerConstant.TwoBytePush,0,0,net_bytebuddy_implementation_bytecode_constant_IntegerConstant_TwoBytePush.txt
hublike_modularization,tn,2380,org.adoptopenjdk.jitwatch.process.compiler.CompilerJavaScript,0,0,org_adoptopenjdk_jitwatch_process_compiler_CompilerJavaScript.txt
hublike_modularization,tn,5098,org.apache.commons.lang3.concurrent.EventCountCircuitBreaker.StateStrategyOpen,0,0,org_apache_commons_lang3_concurrent_EventCountCircuitBreaker_StateStrategyOpen.txt
hublike_modularization,tn,3877,org.apache.commons.lang3.concurrent.ConcurrentInitializer,0,0,org_apache_commons_lang3_concurrent_ConcurrentInitializer.txt
hublike_modularization,tn,3303,com.google.common.jimfs.AclAttributeProvider,0,0,com_google_common_jimfs_AclAttributeProvider.txt
hublike_modularization,tn,21886,net.bytebuddy.description.method.ParameterList.Empty,0,0,net_bytebuddy_description_method_ParameterList_Empty.txt
hublike_modularization,tn,5033,com.google.gson.internal.LinkedTreeMap.LinkedTreeMapIterator,0,0,com_google_gson_internal_LinkedTreeMap_LinkedTreeMapIterator.txt
hublike_modularization,tn,34580,com.github.javaparser.metamodel.AssertStmtMetaModel,0,0,com_github_javaparser_metamodel_AssertStmtMetaModel.txt
hublike_modularization,tn,5737,com.github.javaparser.ast.type.ConvertibleToUsage,0,0,com_github_javaparser_ast_type_ConvertibleToUsage.txt
hublike_modularization,tn,29942,org.jsoup.helper.CookieUtil,0,0,org_jsoup_helper_CookieUtil.txt
hublike_modularization,tn,33949,com.github.javaparser.metamodel.SimpleNameMetaModel,0,0,com_github_javaparser_metamodel_SimpleNameMetaModel.txt
hublike_modularization,tn,6044,org.apache.commons.lang3.AppendableJoiner.Builder,0,0,org_apache_commons_lang3_AppendableJoiner_Builder.txt
hublike_modularization,tn,21386,net.bytebuddy.agent.VirtualMachine.ForOpenJ9,0,0,net_bytebuddy_agent_VirtualMachine_ForOpenJ9.txt
hublike_modularization,tn,23700,com.google.common.jimfs.FileLookup,0,0,com_google_common_jimfs_FileLookup.txt
hublike_modularization,tn,3467,org.apache.commons.lang3.text.StrMatcher.CharSetMatcher,0,0,org_apache_commons_lang3_text_StrMatcher_CharSetMatcher.txt
hublike_modularization,fp,44980,net.bytebuddy.dynamic.loading.ClassLoadingStrategy.InjectionDispatcher,0,1,net_bytebuddy_dynamic_loading_ClassLoadingStrategy_InjectionDispatcher.txt
hublike_modularization,tn,313233,net.bytebuddy.build.Plugin.Default,0,0,net_bytebuddy_build_Plugin_Default.txt
hublike_modularization,tn,5700,com.google.gson.internal.GsonTypes.GenericArrayTypeImpl,0,0,com_google_gson_internal_GsonTypes_GenericArrayTypeImpl.txt
hublike_modularization,tn,6391,com.google.zxing.web.DoSTracker,0,0,com_google_zxing_web_DoSTracker.txt
hublike_modularization,tn,223943,net.bytebuddy.agent.builder.AgentBuilder.StreamWriting,0,0,net_bytebuddy_agent_builder_AgentBuilder_StreamWriting.txt
