smell,package,detection,justification
,,0,"EnumInner is declared as a simple empty static inner class (public static class EnumInner {}) inside enum EnumWithInnerType and contains no fields, methods, or type references; therefore it has no significant incoming or outgoing dependencies and does not act as a hub."
,,0,"HotThrow has only a small number of dependencies (java.util.Random, StringBuilder, String, System and primitive/array types) and does not interact with many other abstractions. There is no evidence of large incoming or outgoing coupling to many different classes or modules (no multiple collaborators or usages across the codebase shown), so it does not exhibit Hub-like Modularization."
,,0,"InnerClassContainer.InnerClass does not exhibit Hub-like Modularization. It only contains nested inner types (InnerInnerClass and InnerInnerInnerClass) within the same top-level container and defines a small number of self-contained static methods (methodCall, innerMethodCall, innerInnerMethodCall). There are no many incoming or outgoing dependencies to a large number of other abstractions — the relationships are purely hierarchical and limited in scope — so the hub-like smell is not present."
,,0,"The analyzed abstraction does not act as a hub: InnerClassDotExpressions only depends on a small, hierarchical set of nested classes (InnerClassContainer.InnerClass, InnerClassContainer.InnerClass.InnerInnerClass, InnerClassContainer.InnerClass.InnerInnerClass.InnerInnerInnerClass). There are no many incoming or outgoing dependencies with a large number of distinct abstractions; coupling is limited to this single nested containment chain."
,,0,"The analyzed abstraction participates only in a small, hierarchical set of relations: it is defined inside InnerClassContainer, contains nested InnerInnerClass (and InnerInnerInnerClass), and is referenced by InnerClassDotExpressions.main via a few static method calls. These are a simple nesting chain and a few incoming calls, not a large number of incoming and outgoing dependencies across many different abstractions, so it does not exhibit hub-like modularization."
,,0,"Issue300.B has a single outgoing dependency: it instantiates Issue300.A and accesses its field (new A().i = 0). There are no incoming dependencies to B from other abstractions in the analyzed code. The number of incoming and outgoing dependencies is minimal (outgoing=1, incoming=0), so it does not meet the 'hub-like' criterion of having dependencies with a large number of other abstractions."
,,0,"LoopUnroll is not a hub: it has very few external dependencies (uses java.util.Random to populate data and System.out.println for output, plus core java.lang types such as String) and most interactions are internal private helper methods operating on the internal long[] data. There are many private methods, but those are internal to the same abstraction rather than dependencies to many other abstractions, and there are no numerous incoming references from other classes. Therefore it does not exhibit Hub-like Modularization."
,,0,"EscapeConsumer has very few dependencies: it only accepts java.lang.Integer and performs primitive/local computations. It does not depend on or reference a large number of other abstractions, nor is it referenced by many unrelated classes (only used by its enclosing PartialEscapeFail). Therefore it does not exhibit hub-like modularization (no large incoming/outgoing dependency set)."
,,0,"The class does not act as a hub connecting a large number of distinct abstractions. It defines one interface (Coin) and three small inner implementations (Nickel, Dime, Quarter) and uses them locally. Dependencies are limited: the Coin interface is implemented by three classes and referenced in the constructor (local variables nickel, dime, quarter, coin). There are no many incoming/outgoing dependencies to a large set of other abstractions or modules, so the Hub-like Modularization smell is not present."
,,0,"The class has only a small number of dependencies: an internal call to its own add(int,int) method, a call to java.lang.System.out.println, and instantiation in main. There is no large fan-in or fan-out (no many incoming or outgoing dependencies to numerous other abstractions), so it does not exhibit Hub-like Modularization."
,,0,"TrivialMethod does not act as a hub: its interactions are limited to internal methods/field (getCount, incCount, count) and a small number of JDK classes used locally (java.lang.StringBuilder, java.lang.System). There are no incoming/outgoing dependencies with a large number of distinct abstractions, so Hub-like Modularization is not present."
,,0,"RefClass2 declares two fields of type Runnable (one static, one instance). Its only outgoing dependency is a single abstraction (java.lang.Runnable) and there are no indications of numerous incoming or outgoing dependencies with many different abstractions. Therefore it does not exhibit hub-like modularization."
,,0,ConstructorParameterTest has only a small number of dependencies: the standard java.lang.String type and two annotation types (com.github.javaparser.quality.NotNull and com.github.javaparser.quality.Nullable). There is no evidence in the provided relationships of many incoming dependencies (no other classes reference this class) nor of many outgoing dependencies (only the two annotation types are imported). Therefore it does not act as a hub connecting a large number of other abstractions.
,,0,"NoSerializedNameMain has a small, focused set of dependencies: outgoing references to com.google.gson.Gson and com.google.gson.GsonBuilder, a static import/use of com.example.TestExecutor.same, and its three nested test classes (TestClassNoArgsConstructor, TestClassNotAbstract, TestClassHasArgsConstructor). There are no many incoming/outgoing relationships with a large number of other abstractions; the dependencies are limited and cohesive for JSON deserialization tests, so this is not a hub-like modularization."
,,1,"ParserConfiguration acts as a central hub with many incoming and outgoing dependencies: it defines an extensive LanguageLevel enum that directly instantiates many Validator and PostProcessors implementations (Java1_0Validator..Java25Validator, Java10PostProcessor, Java11PostProcessor, etc.), it holds and constructs Processor implementations (UnicodeEscapeProcessor, LineEndingProcessor and multiple anonymous Processors) that reference UnicodeEscapeProcessingProvider, LineEndingProcessingProvider, ParseResult, CommentsInserter, LexicalPreservingPrinter/DefaultLexicalPreservingPrinter and Node data keys; it exposes and is consumed by core parser classes (JavaParser, JavaParserAdapter, StaticJavaParser), project/collection utilities (SourceRoot, SourceZip, ProjectRoot, ParserCollectionStrategy, SymbolSolverCollectionStrategy), and type solving components (JavaParserTypeSolver, JavaSymbolSolver via SymbolResolver). It also provides widely-used configuration getters/setters (getCharacterEncoding, getLanguageLevel, getProcessors, getSymbolResolver) used across the codebase. The large number and variety of direct references both from this class to many validator/postprocessor/provider classes and from many other modules to ParserConfiguration indicates a hub-like modularization smell."
,,0,"Position is referenced by many other abstractions (incoming): Range (Range.range / constructor uses Position), com.github.javaparser.ast.Node (deprecated constants delegating to Position), CompilationUnit.recalculatePositions (uses Position.HOME, right(), nextLine()), SourcePrinter (cursor field of type Position), PositionUtils (comparisons and helpers use Position), JavaParserJsonDeserializer.readRange (constructs Position during deserialization), etc. However Position itself has very few outgoing dependencies: it only uses Utils.assertNotNull (static import) and java.util.Objects for equals/hashCode and otherwise implements simple position logic. Because Hub-like Modularization requires an abstraction to have dependencies both incoming and outgoing with a large number of other abstractions, Position does not meet the criterion (many incoming but not many outgoing), so the smell is not detected for com.github.javaparser.Position."
,,0,The interface exposes a single method (traverseScope()) and only references two other types: java.util.Optional and com.github.javaparser.ast.expr.Expression. It is a small unifying abstraction (for NodeWithScope and NodeWithOptionalScope) with no evidence in this file of many incoming or outgoing dependencies. Therefore it does not exhibit hub-like modularization.
,,0,"The interface has only a small, focused set of outgoing dependencies in the provided code: the generic bound N extends Node, the NodeList<TypeParameter> return type, the TypeParameter element type, and a single use of StaticJavaParser.parseTypeParameter in the default addTypeParameter(String) method. Incoming references in the given snippets are limited (for example JavaParserTypeDeclarationAdapter performs an instanceof NodeWithTypeParameters and iterates its getTypeParameters()). There is no evidence in the provided excerpts of dependencies with a large number of other abstractions (many implementers or many distinct callers), so it does not exhibit a hub-like modularization smell based on the given code."
,,0,"The interface has only a small number of dependencies: it extends NodeWithModifiers<N>, imports com.github.javaparser.ast.Node, and statically references Modifier.Keyword.PROTECTED. Its two default methods merely delegate to hasModifier(PROTECTED) and setModifier(PROTECTED, set). There is no sign in this code of incoming and outgoing dependencies with a large number of other abstractions, so it does not exhibit Hub-like Modularization."
,,1,"AstObserver acts as a central hub with many incoming and outgoing dependencies. Examples of incoming dependencies (many types depending on AstObserver): Node declares and maintains a list of AstObserver (private ArrayList<AstObserver> observers), calls observer methods (notifyPropertyChange -> o.propertyChange(...); setParentNode -> o.parentChange(...)); Node.register/ unregister/ registerForSubtree / isRegistered integrate observers throughout the AST; NodeList holds its own observers and notifies them (notifyElementAdded -> o.listChange(...), notifyElementRemoved, notifyElementReplaced -> o.listReplacement(...)); LexicalPreservingPrinter stores a static AstObserver observer, creates an Observer subclass (extends PropagatingAstObserver implements AstObserver) and registers it across the tree; PhantomNodeLogic and other components register/unregister observers. Examples of outgoing dependencies (AstObserver references many abstractions): the interface methods use Node, NodeList and ObservableProperty types (propertyChange(Node,...,ObservableProperty,...), listChange(NodeList<?>, ListChangeType, ...), listReplacement(NodeList<?>,...), and the nested enum ListChangeType). PropagatingAstObserver wraps arbitrary AstObserver instances and propagates registration across Node/NodeList (transformInPropagatingObserver, considerAdding/considerRemoving). Because AstObserver both references many core AST types and is referenced by many core classes across the AST and lexical-preservation code, it exhibits hub-like modularization: a single abstraction with numerous incoming and outgoing couplings, centralizing change/notification logic."
,,0,"AstObserverAdapter has very few direct dependencies: its imports/reference types are Node, NodeList, ObservableProperty and the ListChangeType/ AstObserver API (method parameter types in propertyChange/parentChange/listChange/listReplacement). It implements a small adapter with empty method bodies (no complex logic). While Node and NodeList maintain lists of AstObserver (showing they depend on the AstObserver abstraction), the adapter itself does not depend on a large number of other abstractions nor does the provided code show many incoming dependencies from many different modules. Therefore it does not exhibit Hub-like Modularization."
,,0,"PropagatingAstObserver has a small, focused set of dependencies and responsibilities: it implements/works with AstObserver and references ObservableProperty, AstObserver.ListChangeType, Node, NodeList and Observable to propagate registration/unregistration across node subtrees. The main incoming dependency is Node (Node.register uses PropagatingAstObserver.transformInPropagatingObserver for SELF_PROPAGATING mode). These relationships are cohesive for the observer-propagation concern and do not represent dependencies with a large number of disparate abstractions, so it does not qualify as a hub-like modularization smell."
,,1,"ModifierValidator depends on a large number of AST node types and utilities (outgoing dependencies): it references ClassOrInterfaceDeclaration, EnumDeclaration, AnnotationDeclaration, AnnotationMemberDeclaration, ConstructorDeclaration, FieldDeclaration, MethodDeclaration, LambdaExpr, CatchClause, VariableDeclarationExpr, ModuleRequiresDirective, Modifier/Modifier.Keyword, NodeWithModifiers, NodeWithTokenRange, SeparatedItemStringBuilder, ProblemReporter, VisitorValidator, and collection utilities. It implements visit/validation logic for many different node classes (visit(...) methods for at least 11 distinct node types) and uses shared helper APIs (validateModifiers, validateAtMostOneOf) that couple it to many node interfaces (generics T extends NodeWithModifiers<?> & NodeWithTokenRange<?>). These characteristics make it a central hub: it has many outgoing connections to other abstractions and serves as a focal point in validation, indicating a hub-like modularization smell."
,,0,"The class only declares 'public class Java22PostProcessor extends Java21PostProcessor {}' and contains no fields, methods, or additional imports. It has a single outgoing dependency (its superclass Java21PostProcessor) and there is no evidence in this file of many incoming dependencies. Therefore it does not exhibit hub-like modularization."
,,0,"The class is a trivial empty subclass (extends Java23PostProcessor) and contains no fields, methods, or additional imports. Outgoing dependencies are limited to a single superclass (Java23PostProcessor). There is no evidence in the analyzed code of a large number of incoming or outgoing relationships, so it does not exhibit Hub-like Modularization."
,,1,"ReplaceMethodGenerator directly depends on many distinct abstractions in the AST and metamodel: Node, CompilationUnit, ClassOrInterfaceDeclaration, MethodDeclaration, BlockStmt, BaseNodeMetaModel, PropertyMetaModel, SourceRoot (and utility types like StaticJavaParser / CodeGenerationUtils). Its generateNode(BaseNodeMetaModel, CompilationUnit, ClassOrInterfaceDeclaration) iterates over nodeMetaModel.getDeclaredPropertyMetaModels() and emits code that touches many different AST node types (setting/removing/setting elements in NodeList properties and attributes). It also mutates ClassOrInterfaceDeclaration (removeMethodWithSameSignature / addOrReplaceWhenSameSignature) and adds imports to CompilationUnit. Because it both depends on many node/metamodel abstractions and is responsible for producing/altering replace methods across many AST node classes, it acts as a hub with numerous incoming/outgoing relationships, matching the Hub-like Modularization smell."
,,0,"BndGenerator has a small, focused set of dependencies: it extends Generator and uses SourceRoot (constructor + getRoot()), com.github.javaparser.utils.Log, and a handful of java.nio/java.io classes (Files, Path, Stream, Writer, StandardCharsets, File). There is no evidence in the provided code of incoming dependencies from many other abstractions, nor of outgoing dependencies to a large number of different modules. The coupling surface is limited and specific to file/package traversal and templated output, so it does not qualify as a hub-like module."
,,0,"EqualsVisitorGenerator has a focused set of dependencies rather than being a hub. Its imports and usages are limited to a small, coherent group: VisitorGenerator (superclass), SourceRoot (constructor parameter), com.github.javaparser.ast types used for generation (CompilationUnit, MethodDeclaration, BlockStmt), and metamodel types (BaseNodeMetaModel, PropertyMetaModel). The generateVisitMethodBody method mainly iterates over node.getAllPropertyMetaModels() and emits statements based on PropertyMetaModel, which is expected for a generator and does not indicate widespread incoming/outgoing dependencies across the system. There is no evidence in the provided code of a large number of different abstractions depending on this class or this class depending on many unrelated modules, so it does not exhibit Hub-like Modularization."
,,0,"VoidVisitorAdapterGenerator has a small, focused set of dependencies related to its single responsibility (generating the VoidVisitorAdapter): it extends VisitorGenerator and uses SourceRoot, CodeGenerationUtils.f, BaseNodeMetaModel, PropertyMetaModel, CompilationUnit, MethodDeclaration and BlockStmt. These are cohesive (metamodel + AST + codegen utilities) and do not indicate large numbers of incoming/outgoing relationships across unrelated modules. There is no evidence in the provided code of it acting as a central hub with many disparate dependencies or many dependents, so it does not exhibit Hub-like Modularization."
,,0,"The type defines only two enum constants (ENUM_VAL_ONE, ENUM_VAL_TWO) and two static String constants (STATIC_STRING, SECOND_STRING). It contains no fields or methods referencing other types, no imports, and no visible incoming/outgoing dependencies to many other abstractions. Therefore it does not exhibit hub-like modularization."
,,1,"BaseNodeMetaModel functions as a central hub: it holds and exposes lists of PropertyMetaModel (declaredPropertyMetaModels, derivedPropertyMetaModels, constructorParameters) and a reference to the super meta-model (superNodeMetaModel), and it knows the concrete Node type (type). Its API exposes methods that traverse and connect many abstractions (getDeclaredPropertyMetaModels, getAllPropertyMetaModels, getConstructorParameters, getSuperNodeMetaModel, isInstanceOfMetaModel, construct(Map)). It also constructs Node instances via reflection (construct(Map) using Constructor/InvocationTargetException) and returns Node/NodeList types. Many unrelated subsystems depend on it: serialization (JavaParserJsonDeserializer/JavaParserJsonSerializer call getNodeMetaModel()/getAllPropertyMetaModels and use BaseNodeMetaModel to (de)serialize nodes), code generators and visitor generators iterate JavaParserMetaModel.getNodeMetaModels() (yielding BaseNodeMetaModel) and call its methods (seen in NodeGenerator, VisitorGenerator, and numerous generator classes), and core AST classes use it via Node.getMetaModel() / JavaParserMetaModel.nodeMetaModel. This produces a large number of both incoming and outgoing dependencies (PropertyMetaModel, Node, NodeList, JavaParserMetaModel, serialization and generator packages, reflection types), matching the Hub-like Modularization smell."
,,0,"BinaryExprMetaModel has only a small set of direct dependencies: it extends ExpressionMetaModel, its constructor references BinaryExpr.class and Optional<BaseNodeMetaModel>, and it declares three PropertyMetaModel fields (leftPropertyMetaModel, operatorPropertyMetaModel, rightPropertyMetaModel). The main incoming reference is the JavaParserMetaModel which instantiates binaryExprMetaModel and assigns those property meta models. There is no evidence in the analyzed code that BinaryExprMetaModel has incoming and outgoing dependencies with a large number of other abstractions, so it does not exhibit a hub-like modularization smell."
,,0,"CompilationUnitMetaModel has only a small, well-defined set of outgoing dependencies: it extends NodeMetaModel and references CompilationUnit.class in its constructor, and declares four PropertyMetaModel fields (importsPropertyMetaModel, modulePropertyMetaModel, packageDeclarationPropertyMetaModel, typesPropertyMetaModel). There are no indications in this class of incoming/outgoing links to a large number of other abstractions. While JavaParserMetaModel acts as a central registry of many meta-models, CompilationUnitMetaModel itself is small and limited in scope and does not exhibit hub-like modularization."
,,0,"JavadocCommentMetaModel has only a small set of direct dependencies: it extends CommentMetaModel and its constructors reference Optional<BaseNodeMetaModel>, Node (via Class<? extends Node>), and JavadocComment.class. It is instantiated as JavaParserMetaModel.javadocCommentMetaModel and is referenced by a few closely related meta-models (e.g. TraditionalJavadocCommentMetaModel and MarkdownCommentMetaModel via Optional.of(javadocCommentMetaModel), and a constructor-parameter registration javadocCommentMetaModel.getConstructorParameters().add(commentMetaModel.contentPropertyMetaModel)). These are a few, tightly related links rather than incoming/outgoing dependencies with a large number of disparate abstractions, so it does not exhibit Hub-like Modularization."
,,0,"RecordPatternExprMetaModel has only a few direct dependencies: it extends PatternExprMetaModel, references RecordPatternExpr.class in its constructor, and declares two PropertyMetaModel fields (modifiersPropertyMetaModel, patternListPropertyMetaModel). It imports only a small set of types (Generated, RecordPatternExpr, Optional) and contains no large collection of incoming/outgoing links itself. The wider metamodel (JavaParserMetaModel) references this meta-model instance, but that is a normal registration; the class itself is not coupled to a large number of different abstractions and therefore does not exhibit hub-like modularization."
,,0,"SingleMemberAnnotationExprMetaModel has only a small, explicit set of dependencies: it extends AnnotationExprMetaModel, its constructor accepts Optional<BaseNodeMetaModel>, it refers to the runtime node type SingleMemberAnnotationExpr.class, and it declares a single PropertyMetaModel field (memberValuePropertyMetaModel). There are no many outgoing references to a large number of different abstractions from within this class. Although JavaParserMetaModel registers many node meta-model instances (including this one), that registration alone does not make SingleMemberAnnotationExprMetaModel a hub: it is one meta-model among many and does not itself depend on or aggregate a very large set of other abstractions. Therefore it does not exhibit Hub-like Modularization."
,,0,"StringLiteralExprMetaModel has only a small, expected set of relationships: it extends LiteralStringValueExprMetaModel (inheritance), its constructor accepts an Optional<BaseNodeMetaModel> and forwards parameters including StringLiteralExpr.class (constructor code), and it is created/registered from JavaParserMetaModel (JavaParserMetaModel.stringLiteralExprMetaModel). The corresponding AST node StringLiteralExpr references it via getMetaModel() / import. There is no evidence in the provided code that StringLiteralExprMetaModel has incoming and outgoing dependencies with a large number of other abstractions (it does not reference many other meta-model classes nor aggregate numerous properties) — the heavy connectivity in the snippet belongs to JavaParserMetaModel (which registers many meta-models), not to this specific StringLiteralExprMetaModel."
,,0,"TypeParameterMetaModel has very limited direct dependencies: it extends ReferenceTypeMetaModel and declares two PropertyMetaModel fields (namePropertyMetaModel, typeBoundPropertyMetaModel) and uses Optional<BaseNodeMetaModel> in its constructor. It does not reference a large number of other abstractions. Incoming references are few and expected (e.g. JavaParserMetaModel registers a single typeParameterMetaModel instance and a small number of meta-models reference it for typeParameters: callableDeclarationMetaModel, classOrInterfaceDeclarationMetaModel, recordDeclarationMetaModel, compactConstructorDeclarationMetaModel). There is no evidence in the provided code of many incoming and outgoing dependencies that would make this class a hub."
,,0,"UnionTypeMetaModel has very few dependencies: it extends TypeMetaModel, is constructed with an Optional<BaseNodeMetaModel> and UnionType.class, and declares a single PropertyMetaModel field (elementsPropertyMetaModel) referencing referenceTypeMetaModel. Its uses in JavaParserMetaModel are limited (added to the nodeMetaModels list and its single elementsPropertyMetaModel is initialized). There is no large number of incoming or outgoing dependencies, so it does not exhibit a hub-like modularization smell."
,,0,"VariableDeclarationExprMetaModel only exposes a small set of direct dependencies: annotationsPropertyMetaModel, modifiersPropertyMetaModel, variablesPropertyMetaModel and maximumCommonTypePropertyMetaModel (i.e. references to AnnotationExpr, Modifier, VariableDeclarator and Type meta-models). It extends ExpressionMetaModel but does not depend on a large number of other abstractions nor act as a central connector in the metamodel (only ~4 obvious connections), so it does not exhibit a hub-like modularization smell."
,,0,"CsmComment has a very small and focused set of dependencies: it references Comment, Node, SourcePrinter and implements CsmElement. Its outgoing interactions are limited to calling SourcePrinter methods (normalizeEolInTextBlock, print, println) and reading Comment content/header/footer via process(...) and prettyPrint(...). The only shown incoming usage in the provided code is CsmOrphanCommentsEnding calling CsmComment.process(...). There is no evidence of dependencies to or from a large number of other abstractions, so it does not exhibit a hub-like modularization smell."
,,1,"PrettyPrinterConfiguration acts as a central wrapper connecting many configuration abstractions and is referenced by multiple printer classes. Outgoing dependencies: it directly depends on PrinterConfiguration (field wrappedConfiguration and implemented API), DefaultPrinterConfiguration (instantiated in the default ctor), DefaultConfigurationOption / DefaultPrinterConfiguration.ConfigOption (used throughout to access/set options), Indentation and Indentation.IndentType (getIndentation()/setIndentation() and related deprecated API), and ConfigurationOption (method signatures). Incoming dependencies: it is used by several classes in the printer package — PrettyPrintVisitor (has a protected PrettyPrinterConfiguration configuration and constructs SourcePrinter from it), PrettyPrinter (constructors, get/set configuration and visitorFactory), and SourcePrinter (constructor SourcePrinter(final PrettyPrinterConfiguration configuration)) — meaning many clients rely on it. Additionally it forwards many operations to the wrapped configuration (addOption, removeOption, isActivated, get, get()), increasing coupling. This mix of multiple incoming references from different modules (printer.* classes) and multiple outgoing references to many configuration abstractions matches the Hub-like Modularization smell."
,,1,"ChildTextElement acts as a central glue/wrapper between many abstractions: outgoing dependencies include com.github.javaparser.ast.Node (field 'child' and many delegations: getChild(), getRange(), isNode(...), isComment() / instanceof Comment, isChildOfClass(...)), com.github.javaparser.printer.lexicalpreservation.LexicalPreservingPrinter (expand() -> LexicalPreservingPrinter.print(child), getNodeTextForWrappedNode() -> LexicalPreservingPrinter.getOrCreateNodeText(child)), com.github.javaparser.printer.lexicalpreservation.NodeText (used via getNodeTextForWrappedNode and by returning/producing ChildTextElement instances), and com.github.javaparser.printer.lexicalpreservation.LexicalPreservingVisitor (accept(visitor) iterates wrapped NodeText elements and forwards visitor.accept). Incoming dependencies (many classes construct/use ChildTextElement and inspect it): NodeText.addChild / addChild(index) creates new ChildTextElement(child); LexicalPreservingPrinter.storeInitialTextForOneNode builds Pair<Range, TextElement> with new ChildTextElement(child); DifferenceElementCalculator, Difference, TextElementIteratorsFactory and Observer code repeatedly cast/filter TextElement -> ChildTextElement (e.g. selectMatchingChildElements, findChildTextElementForComment, considerRemoval, reverseIterator) and rely on its methods (getChild(), getNodeTextForWrappedNode(), isComment(), matchByRange usage). Multiple unrelated components (LexicalPreservingPrinter, NodeText, Difference/DifferenceElementCalculator, TextElementIteratorsFactory, Observer, LexicalPreservingVisitor) both depend on and are depended-on by ChildTextElement. This high number of incoming and outgoing dependencies across distinct subsystems identifies ChildTextElement as a hub-like abstraction."
,,1,"This class is acting as a hub: it has incoming and outgoing dependencies on many distinct abstractions across the lexical-preservation and concrete-syntax-model domains. It directly uses NodeText and TextElement to read node text, CsmMix, CsmElement and CsmToken to navigate the concrete syntax model, Difference.ArrayIterator/PeekingIterator for iteration, DifferenceElement and its variants (Reshuffled, Added, Kept, Removed) to manipulate diff elements, and DifferenceElementCalculator.matching to detect correspondences. In addition it constructs and maps between these types (maps between next/previous CSM indexes, builds lists of CsmElement to add, translates node-text indices to CSM indices). The large number of distinct domain types it depends on (NodeText, TextElement, CsmMix, CsmElement, CsmToken, Difference.ArrayIterator, PeekingIterator, DifferenceElement, Reshuffled, Added, Kept, Removed, DifferenceElementCalculator, etc.) and its coordinating role indicate a Hub-like Modularization smell."
,,0,"TextElementMatchers only provides two small static factory methods (byTokenType and byNode). Its outgoing dependencies are limited: it returns TextElementMatcher and references TextElement (via textElement.isToken(...) / textElement.isNode(...)) and Node (in byNode). It has no state, no fields, and no large number of collaborators. Incoming usage in the provided code is minimal (e.g., NodeText.findChild / tryToFindChild call TextElementMatchers.byNode). There is no evidence in the shown code of many incoming and outgoing dependencies that would make this class a hub."
,,1,"The Solver interface directly references and ties together many different abstractions across packages, acting as a central hub. Examples from its API: solveSymbol(...) uses com.github.javaparser.resolution.model.SymbolReference and com.github.javaparser.resolution.declarations.ResolvedValueDeclaration and accepts both Context and com.github.javaparser.ast.Node; solveType(...) and solveTypeInType(...) use com.github.javaparser.resolution.declarations.ResolvedTypeDeclaration; solveMethod(...) returns/uses MethodUsage and takes List<com.github.javaparser.resolution.types.ResolvedType>; solveType(Type type) and classToResolvedType(Class<?> clazz) couple AST types (com.github.javaparser.ast.type.Type) and Java reflection with resolved types; several methods return or accept com.github.javaparser.resolution.model.Value and java.util.Optional. In addition other major components depend on Solver (for example JavaParserFacade holds a Solver instance and delegates many operations such as solve(NameExpr) -> symbolSolver.solveSymbol(...)). This high number of incoming/outgoing dependencies across AST, resolution model, types, context and reflection indicates a hub-like modularization smell."
,,1,"ResolvedDeclaration acts as a central/root abstraction that both refers to many specific declaration types and is relied upon by them. Outgoing dependencies: its default conversion methods reference multiple concrete declaration interfaces (asField() -> ResolvedFieldDeclaration, asParameter() -> ResolvedParameterDeclaration, asType() -> ResolvedTypeDeclaration, asMethod() -> ResolvedMethodDeclaration, asEnumConstant() -> ResolvedEnumConstantDeclaration, asTypePattern() -> ResolvedTypePatternDeclaration) and it exposes many type-query methods (isField, isParameter, isType, isEnumConstant, isTypePattern, isMethod, etc.). Incoming dependencies: other interfaces in the same package extend or implement the declaration hierarchy and interact with ResolvedDeclaration (for example ResolvedTypeDeclaration extends ResolvedDeclaration and overrides asType(); ResolvedFieldDeclaration, ResolvedParameterDeclaration and ResolvedEnumConstantDeclaration are returned/used by ResolvedDeclaration's API and provide corresponding overrides). Because it has numerous incoming and outgoing ties to many different declaration abstractions, it functions as a hub and thus exhibits Hub-like Modularization."
,,0,"ResolvedRecordDeclaration has a small, focused set of dependencies: it extends ResolvedReferenceTypeDeclaration, ResolvedTypeParametrizable and HasAccessSpecifier, and its API references a few types (Optional<ResolvedReferenceType>, List<ResolvedReferenceType>, List<ResolvedConstructorDeclaration>, plus standard types like Optional and List). Its default methods are simple (isRecord(), asRecord()). There is no evidence in the provided code of a large number of incoming or outgoing dependencies implicating it as a central hub. Therefore it does not exhibit Hub-like Modularization."
,,1,"The interface ResolvedTypeParametrizable is used as a central connector across multiple modules and many classes, exhibiting hub-like coupling. Examples in the analyzed code: (1) com.github.javaparser.symbolsolver.reflectionmodel.ReflectionTypeParameter stores a ResolvedTypeParametrizable 'container', returns it from getContainer(), and dispatches container to ResolvedReferenceTypeDeclaration / ResolvedMethodLikeDeclaration; (2) com.github.javaparser.symbolsolver.javaparsermodel.declarations.JavaParserTypeParameter implements getContainer() returning various container types (type, constructor, method) that implement ResolvedTypeParametrizable and uses it in getContainerQualifiedName()/getContainerId(); (3) com.github.javaparser.symbolsolver.javassistmodel.JavassistUtils.signatureTypeToType, objectTypeArgumentToType and getGenericParameterByName accept a ResolvedTypeParametrizable parameter and call findTypeParameter(...) on it; (4) com.github.javaparser.symbolsolver.javassistmodel.JavassistTypeParameter holds a ResolvedTypeParametrizable container; (5) the ResolvedTypeParameterDeclaration API itself exposes getContainer() returning ResolvedTypeParametrizable and uses instanceof checks (declaredOnType/declaredOnMethod/etc.). These incoming and outgoing dependencies span packages (symbolsolver.reflectionmodel, symbolsolver.javaparsermodel.declarations, symbolsolver.javassistmodel, resolution.declarations), indicating the abstraction has numerous links to other abstractions and therefore constitutes a hub."
,,1,"ConstructorResolutionLogic exhibits hub-like modularization: it has outgoing dependencies on many abstractions across packages and is used by multiple other modules. Outgoing dependencies (types/methods it uses): ResolvedConstructorDeclaration, ResolvedType, ResolvedArrayType, ResolvedTypeParameterDeclaration, TypeSolver, SymbolReference, MethodAmbiguityException (imports at top and parameter/return types and thrown exceptions); it directly calls several static methods on MethodResolutionLogic (replaceTypeParam, isAssignableMatchTypeParameters, isExactMatch, isMoreSpecific) and manipulates many Resolved* types. Incoming dependencies (callers): JavaParserFacade (uses ConstructorResolutionLogic.findMostApplicable in solve(ObjectCreationExpr) and solve(ExplicitConstructorInvocationStmt)), JavaParserTypeDeclarationAdapter (solveConstructor delegates to ConstructorResolutionLogic.findMostApplicable). The class therefore sits at the center of constructor resolution logic, bridging type-system abstractions, solver infrastructure, and higher-level facades — i.e., many incoming and outgoing edges, matching the Hub-like Modularization smell."
,,1,"MethodResolutionLogic exhibits Hub-like Modularization. It is a central static utility referenced from many other abstractions (high incoming coupling): e.g. ReflectionClassDeclaration, ReflectionRecordDeclaration, ReflectionMethodResolutionLogic, ReflectionClassDeclaration.solveMethod/similar, JavaParserFacade, TypeExtractor, LambdaExprContext, MethodReferenceExprContext, AnonymousClassDeclarationContext, MethodCallExprContext, CompilationUnitContext, JavassistUtils, ConstructorResolutionLogic and others call its methods (findMostApplicable, solveMethodInType, isApplicable, isMoreSpecific, getMethodsExplicitAndVariadicParameterType, findMostApplicableUsage, inferTypes, replaceTypeParam, etc.). At the same time it depends on a large set of abstractions across packages (high outgoing coupling): ResolvedType/ResolvedReferenceType/ResolvedArrayType/ResolvedTypeVariable/ResolvedWildcard/ResolvedPrimitiveType, ResolvedMethodDeclaration, MethodUsage, TypeSolver, ResolvedTypeParameterDeclaration, SymbolReference, LambdaArgumentTypePlaceholder, ReferenceTypeImpl, FunctionalInterfaceLogic, etc. The class is large and provides many responsibilities around method/constructor resolution, making it a single concentrated hub used and relied upon by numerous modules — matching the Hub-like Modularization smell."
,,1,"ResolvedArrayType is used by many distinct modules (incoming dependencies) and also depends on multiple abstractions (outgoing). Incoming: referenced/instantiated in com.github.javaparser.symbolsolver.javaparsermodel.TypeExtractor (array access, creation and unwrapping), com.github.javaparser.symbolsolver.javaparsermodel.declarations.JavaParserParameterDeclaration (variadic handling), com.github.javaparser.ast.type.ArrayType (convertToUsage and descriptor), com.github.javaparser.resolution.model.typesystem.LazyType (delegation via asArrayType), com.github.javaparser.resolution.logic.MethodResolutionLogic (convertToVariadicParameter, replaceTypeParam), and others that operate across packages. Outgoing: ResolvedArrayType implements/depends on ResolvedType and frequently delegates to its baseType (calls baseType.isPrimitive(), baseType.isReferenceType(), baseType.replaceTypeVariables(...), baseType.erasure(), baseType.toDescriptor(), baseType.describe(), baseType.isAssignableBy(...)), and references ResolvedTypeParameterDeclaration and Map in replaceTypeVariables. These cross-cutting references span multiple packages (resolution.types, symbolsolver.*, ast.type, resolution.logic, resolution.model.typesystem), indicating the class acts as a central hub in the type system with many incoming and outgoing dependencies, matching the Hub-like Modularization smell."
,,1,"ResolvedWildcard acts as a central hub: many unrelated subsystems both depend on it (incoming) and it depends on multiple abstractions (outgoing). Incoming: referenced heavily by ReflectionFactory.typeUsageFor (constructing wildcards from java.lang.reflect.WildcardType), MethodCallExprContext.resolveMethodAsUsage (handling wildcard cases), LeastUpperBoundLogic (lcta, lcp and bound computations), TypeHelper (proper type checks, glb/lub logic), MethodResolutionLogic (type parameter substitution and applicability), InferenceContext / InferenceVariableType (inference and registration of equivalent types), WildcardType (AST-to-resolved conversion), JavassistUtils and other resolution utilities. Outgoing: ResolvedWildcard implements/uses ResolvedType and ResolvedType methods (isAssignableBy, replaceTypeVariables, erasure, solveGenericTypes), takes Context in solveGenericTypes, uses ResolvedTypeParameterDeclaration in replaceTypeVariables, and relies on collections (List/Map) and the BoundType enum. Its API (getBoundedType, isSuper/isExtends/isBounded/describe/erasure/replaceTypeVariables/solveGenericTypes) is central to many algorithms across the codebase. The high number of distinct callers across type resolution, inference, method resolution and reflection/model layers plus its multiple dependencies indicates a hub-like modularization smell."
,,0,"The interface only depends on a small, focused set of other abstractions: ResolvedType, ResolvedWildcard (both in com.github.javaparser.resolution.types), ResolvedTypeParameterDeclaration (com.github.javaparser.resolution.declarations) and java.util.Optional. Its default method useThisTypeParametersOnTheGivenType traverses and delegates to ResolvedType APIs (isTypeVariable, asTypeParameter, declaredOnType, isWildcard, asWildcard, getBoundedType, isReferenceType, asReferenceType().transformTypeParameters) but this is a natural, limited coupling required to apply type-parameter substitution. There are not a large number of incoming/outgoing dependencies across many unrelated modules or classes, so it does not exhibit a hub-like modularization smell."
,,0,"The JsonNode enum has very few dependencies: it holds four enum constants and a propertyKey field, and only one non-trivial reference to JavaParserMetaModel.commentMetaModel via decapitalize(JavaParserMetaModel.commentMetaModel.getTypeName()). Its uses are internal to JavaParserJsonSerializer (e.g., generator.write(JsonNode.CLASS.propertyKey, ...)), so incoming/outgoing coupling is limited and localized. There is not a large number of incoming/outgoing dependencies to other abstractions, so it does not exhibit Hub-like Modularization."
,,0,"DefaultCacheStats has only a small number of dependencies: it implements com.github.javaparser.resolution.cache.CacheStats (one obvious incoming/outgoing relationship), uses two static methods from com.google.common.math.LongMath (saturatedAdd, saturatedSubtract), and java.util.Arrays for hashCode. There is no evidence in the analyzed code of many incoming or outgoing links to a large number of other abstractions. The class is cohesive (encapsulates cache statistics behavior) and its dependency surface is minimal, so it does not exhibit a hub-like modularization smell."
,,0,"InMemoryCache does not exhibit hub-like modularization. Outgoing dependencies are limited to a small set of interfaces and JDK types (implements com.github.javaparser.resolution.cache.Cache<K,V>, references CacheStats/DefaultCacheStats, java.util.Map, Optional, WeakHashMap, Collections). Incoming dependencies in the provided code are minimal — the only shown consumer is com.github.javaparser.symbolsolver.resolution.typesolvers.CombinedTypeSolver (which uses InMemoryCache.create()). There is no evidence of the class having dependencies (incoming and outgoing) with a large number of other abstractions, so the hub smell is not present."
,,0,"The analyzed VariableDeclaratorContext has only a small number of direct dependencies: VariableDeclarator (wrappedNode), TypeSolver (constructor param), Node (method param/compare), and standard collection types (Collections, List). Its single non-trivial method localVariablesExposedToChild performs a simple check on wrappedNode.getInitializer(). No evidence in the provided code of many incoming dependencies (i.e., many other abstractions depending on this context) or of this class having outgoing dependencies to a large set of different abstractions. Therefore it does not exhibit hub-like modularization based on the supplied artifacts."
,,0,"TypePatternSymbolDeclarator has only a small number of dependencies (TypePatternExpr, TypeSolver, ResolvedValueDeclaration, JavaParserSymbolDeclaration, and standard List/LinkedList). Its getSymbolDeclarations() method simply creates a single JavaParserSymbolDeclaration.patternVar(...) and returns it, delegating work rather than coupling to many abstractions. There is no evidence in the provided code of numerous incoming or outgoing dependencies that would make it a hub."
,,1,"JavassistEnumDeclaration acts as a hub: it directly depends on many other abstractions (outgoing deps) and is constructed/consumed by other central factories/utilities (incoming deps). Outgoing dependencies visible in the class: TypeSolver (field and many method calls), JavassistTypeDeclarationAdapter (field; many methods delegate to it: getAncestors, getDeclaredFields/getAllFields, getConstructors, getTypeParameters, containerType, internalTypes, getInternalType, isAssignableBy, isAssignableBy(ResolvedReferenceTypeDeclaration)), JavassistUtils (solveMethod, solveMethodAsUsage calls), JavassistFactory (accessSpecifier via modifiersToAccessLevel and factory-created elsewhere), SymbolSolver (solveSymbolForFQN usage), JavassistEnumConstantDeclaration (getEnumConstants mapping), JavassistFieldDeclaration (solveSymbol returns new JavassistFieldDeclaration), javassist.CtClass/CtField and AccessFlag. Incoming dependencies (examples): JavassistFactory creates new JavassistEnumDeclaration (typeUsageFor, toTypeDeclaration), utilities like JavassistUtils and other symbol-resolution components accept/operate on ResolvedReferenceTypeDeclaration (which this class implements) making it a central target for many resolution flows, and JavassistTypeDeclarationAdapter is instantiated with this as the typeDeclaration. The class implements multiple resolution capability interfaces (MethodResolutionCapability, MethodUsageResolutionCapability, SymbolResolutionCapability) and extends AbstractTypeDeclaration, increasing the number of interactions. The combination of many distinct collaborators, bidirectional links with adapter/factory/util classes, and multiple roles in the resolution system indicate a hub-like modularization smell."
,,0,"JavassistParameterDeclaration has only a small, well-defined set of dependencies: it implements ResolvedParameterDeclaration and references ResolvedType (field and getType()), TypeSolver (field and constructor), JavassistFactory (constructor call to typeUsageFor) and javassist.CtClass (constructor parameter). There is no evidence in the analyzed code of incoming/outgoing dependencies with a large number of other abstractions; the class acts as a simple wrapper for parameter information rather than a hub. Therefore it does not exhibit Hub-like Modularization."
,,0,"ReflectionEnumConstantDeclaration has a small, well-scoped set of dependencies: it implements ResolvedEnumConstantDeclaration and uses java.lang.reflect.Field and TypeSolver as fields; its getType() method constructs a ReflectionEnumDeclaration and a ReferenceTypeImpl (ResolvedReferenceTypeDeclaration, ResolvedType). Outgoing dependencies are limited to Field, TypeSolver, ReflectionEnumDeclaration, ReferenceTypeImpl and related resolution interfaces. Incoming usage in the provided code is minimal (e.g., ReflectionEnumDeclaration.getEnumConstants() instantiates it). It does not exhibit many incoming and outgoing connections to a large number of other abstractions, so it is not a hub-like module."
,,1,"ReflectionInterfaceDeclaration has a large number of both outgoing and incoming dependencies. Outgoing: it directly depends on many abstractions from multiple packages (TypeSolver field; uses ReflectionClassAdapter field; uses ReferenceTypeImpl, ResolvedType, ResolvedReferenceType, ResolvedMethodDeclaration, MethodUsage, InferenceContext, ConflictingGenericTypesException, SymbolReference, ResolvedFieldDeclaration, ResolvedTypeParameterDeclaration, AccessSpecifier, Context, etc.). It delegates logic to and calls into ReflectionMethodResolutionLogic (solveMethod, solveMethodAsUsage), ReflectionClassAdapter (getField, getAllFields, getDeclaredMethods, getAncestors, containerType, getTypeParameters, hasDirectlyAnnotation), ReflectionFactory (internalTypes, accessSpecifier), and constructs other reflection declarations (new ReflectionInterfaceDeclaration, ReflectionClassDeclaration, ReflectionFieldDeclaration). Incoming: it is constructed and referenced by multiple other modules (ReflectionFactory.typeDeclarationFor returns it; ReflectionClassAdapter.getInterfaces/getAncestors create/use it; ReflectionMethodResolutionLogic and ReflectionClassAdapter create instances of ReflectionInterfaceDeclaration/ReflectionClassDeclaration; SymbolSolver.classToResolvedType uses it). The class therefore acts as a central hub connecting many type-resolution, reflection and symbol-resolution abstractions across packages, indicating a hub-like modularization smell."
,,0,"MethodComparator has a small, focused set of dependencies: it uses java.lang.reflect.Method and java.util.Comparator and creates instances of ParameterComparator and ClassComparator (new ParameterComparator(), new ClassComparator()) to compare parameter types and return types. Incoming uses in the provided code are limited (e.g. ReflectionClassDeclaration and ReflectionRecordDeclaration call .sorted(new MethodComparator())). There is no evidence of dependencies with a large number of other abstractions (neither many outgoing collaborators nor many incoming clients) so it does not exhibit a hub-like modularization smell."
,,0,"The class has only a small number of dependencies: it implements com.github.javaparser.resolution.promotion.ConditionalExprHandler and uses com.github.javaparser.resolution.types.ResolvedType (fields thenExpr and elseExpr). Its resolveType() method calls a few ResolvedType operations (isReferenceType(), asReferenceType(), isPrimitive()) and no other types or modules are referenced. There is no evidence in the provided data of many incoming dependents or a large number of outgoing dependencies to other abstractions, so it does not exhibit hub-like modularization."
,,0,"ConditionalExprResolver has a small, focused set of dependencies: it inspects ResolvedType and ResolvedPrimitiveType and constructs one of three handler implementations (BooleanConditionalExprHandler, NumericConditionalExprHandler, ReferenceConditionalExprHandler). Usage shown is limited (TypeExtractor.invoke: ConditionalExprResolver.getConditionExprHandler(...) calls it). There is no evidence in the provided code of a large number of incoming or outgoing dependencies (only ResolvedType/ResolvedPrimitiveType, ConditionalExprHandler and the three handler classes, and a caller in TypeExtractor), so it does not qualify as a hub-like module."
,,1,"SubtypeOfBound is a central connector in the type-inference/bounds subsystem: it is created and relied upon by multiple other modules (incoming dependencies) and itself depends on many abstractions (outgoing dependencies). Examples of incoming usages: TypeInference.boundSetup(...) constructs new SubtypeOfBound instances for inference variables; BoundSet incorporates and inspects SubtypeOfBound instances (multiple instanceof checks and pair-processing such as forEachPairSubtypeAndSubtype and deriveImpliedBounds rely on SubtypeOfBound). Examples of outgoing dependencies from SubtypeOfBound: it uses com.github.javaparser.resolution.types.ResolvedType (fields s,t), calls TypeHelper.isProperType and TypeHelper.usedInferenceVariables, returns/uses InferenceVariable and ProperUpperBound/ProperLowerBound, and references InferenceVariableSubstitution in isSatisfied. Because SubtypeOfBound has many incoming dependents (TypeInference, BoundSet, and bound-processing logic) and many outgoing links to core type and inference abstractions (ResolvedType, TypeHelper, InferenceVariable, ProperUpperBound/LowerBound, InferenceVariableSubstitution), it functions as a hub-like module."
,,0,"Log is not a hub in the provided dependency set. Incoming usages are limited (e.g. com.github.javaparser.utils.SourceRoot calls Log.info/trace/error; com.github.javaparser.generator.core.CoreGenerator calls Log.setAdapter and instantiates Log.StandardOutStandardErrorAdapter). Its outgoing dependencies are standard library types and small utilities (java.io.StringWriter, java.io.PrintWriter, java.io.IOException, java.util.function.Supplier, and CodeGenerationUtils.f) and its own Adapter interface/implementations. There is no evidence here of Log having incoming and outgoing dependencies with a large number of other abstractions, so it does not exhibit Hub-like Modularization."
,,1,"SourceRoot both depends on and is depended upon by a large number of other abstractions, i.e. it is a hub. Outgoing dependencies (examples): it constructs and uses com.github.javaparser.JavaParser, com.github.javaparser.ParseResult, com.github.javaparser.ParserConfiguration, com.github.javaparser.ast.CompilationUnit, com.github.javaparser.printer.DefaultPrettyPrinter (printer Function), com.github.javaparser.utils.CodeGenerationUtils, java.nio.file APIs (Files, Path, SimpleFileVisitor, BasicFileAttributes), java.util.concurrent (ForkJoinPool, RecursiveAction), java.util.regex.Pattern, java.util.Map/ConcurrentHashMap and many utility classes (Log, Utils). Incoming dependencies (examples): many generator and tooling classes use SourceRoot (com.github.javaparser.generator.* such as MetaModelGenerator, NodeGenerator, CoreGenerator, TokenKindGenerator, BndGenerator, PropertyGenerator, NotNullGenerator), demo.Main, and other modules that call SourceRoot.parse/tryToParse/saveAll. The class provides central file-walking, parsing, caching and saving functionality and thus centralizes interactions between parsing, AST types (CompilationUnit, Storage), printing, logging and code generators. This high fan-in and fan-out (numerous packages and responsibilities) matches the Hub-like Modularization smell: a single abstraction acting as a central hub with many incoming and outgoing dependencies."
,,0,"Not a hub: the abstraction is a tiny, local callback interface with a single method and only a few type dependencies (java.nio.file.Path, java.nio.file.attribute.BasicFileAttributes, java.nio.file.FileVisitResult). Its incoming references are limited to the enclosing ParallelParse class (constructor, compute() -> Files.walkFileTree visitFile) and the few lambda call-sites in SourceRoot.tryToParseParallelized / parseParallelized. It does not have many incoming or outgoing dependencies to a large number of other abstractions, so it does not exhibit Hub-like Modularization."
,,0,"SourceZip has several outgoing dependencies (uses JavaParser, ParserConfiguration, ParseResult<CompilationUnit>, Providers.provider, ParseStart.COMPILATION_UNIT, Utils.assertNotNull, Log, Pair, Paths/Path, ZipFile/ZipEntry, Collections/ArrayList/List), but there is no evidence in the provided code that many other abstractions depend on SourceZip (no large number of incoming dependencies). The Hub-like Modularization smell requires both many incoming and outgoing dependencies; here only outgoing dependencies are numerous while incoming dependencies are not present in the analyzed set, so the smell is not detected."
,,0,"The Event class is a small, self-contained immutable data holder with only a few dependencies: it implements WatchEvent<T> and uses WatchEvent.Kind<T>, Guava Preconditions (checkNotNull, checkArgument), java.util.Objects, and MoreObjects for toString. Incoming coupling is minimal (Key.overflowEvent creates Event instances), and there are no links to a large number of other abstractions or modules. It does not act as a central hub—its responsibilities and dependencies are narrow and local—so it does not exhibit Hub-like Modularization."
,,1,"AbstractWatchService has many outgoing dependencies: java.nio.file types (WatchService, WatchKey, WatchEvent, Watchable), concurrency primitives and collections (BlockingQueue, LinkedBlockingQueue, ArrayBlockingQueue, TimeUnit, AtomicBoolean, AtomicInteger, AtomicReference), and Guava utilities (ImmutableList, ImmutableSet, MoreObjects, Preconditions). It also has incoming dependencies (two‑way relationships) from its nested Key and Event implementations: Key holds a reference to AbstractWatchService and invokes watcher.enqueue(this), watcher.cancelled(this) and watcher.isOpen(), while the service coordinates enqueuing, signalling, registration, event posting and lifecycle (open/close). The class therefore centralizes and mediates interactions among many distinct abstractions, exhibiting the hub-like modularization smell."
,,0,"DirectorySupplier is a minimal inner adapter that implements Supplier<Directory> by delegating to FileFactory.createDirectory(). Its dependencies are limited to the enclosing FileFactory and the Directory/Supplier types (and the createDirectory() method); it does not have incoming/outgoing dependencies with a large number of other abstractions, so it does not exhibit Hub-like Modularization."
,,0,"The class has only a small, focused set of dependencies: it extends java.net.URLStreamHandler and uses java.net.URL, java.net.URLConnection, java.net.InetAddress, java.io.IOException, java.lang.System (system properties), com.google.common.base.Preconditions (checkArgument), and an internal PathURLConnection. It provides a narrow responsibility (URL handler registration and minimal URL behavior) and interacts with a handful of classes rather than a large number of unrelated abstractions, so it does not exhibit hub-like modularization."
,,0,"The View class has only a small, focused set of dependencies and does not act as a hub. It extends AbstractAttributeView and implements FileOwnerAttributeView, and its constructor and methods reference FileLookup and File via lookupFile(). The only external types used are FileLookup, File, UserPrincipal, AbstractAttributeView, and FileOwnerAttributeView (see constructor View(FileLookup), methods getOwner() and setOwner() which call lookupFile().getAttribute(...) / setAttribute(...), and name()). There are no many incoming/outgoing dependencies to a large number of other abstractions, so it does not exhibit Hub-like Modularization."
,,0,"Although PathURLConnection has many outgoing dependencies (uses types from com.google.common: MoreObjects, Ascii, ImmutableListMultimap, ImmutableMap, Iterables; java.io: InputStream, ByteArrayInputStream, IOException; java.net: URL, URI, URISyntaxException, URLConnection; java.nio.file: Files, Paths, Path, DirectoryStream, FileTime; java.text: DateFormat, SimpleDateFormat; java.util: Date, Locale, TimeZone), there is no evidence in the provided code of a large number of incoming dependencies on this abstraction. The class is a final, concrete URLConnection implementation with no visible references or API surface in this snippet that shows many other abstractions depending on it, so it does not meet the Hub-like Modularization criterion (requires both many incoming and outgoing connections)."
,,1,"DocBuilder acts as a central hub: many Op implementations and other components invoke it (incoming deps) while it itself manipulates many Doc/Indent abstractions (outgoing deps). Evidence: withOps(List<Op>) calls op.add(this) so all Op implementations (Doc.Token/Doc.Space/Doc.Break/Doc.Tok, OpenOp, CloseOp, etc.) call into DocBuilder (incoming links). OpenOp.add and CloseOp.add call builder.open/close; Doc.Token/Space/Tok/BREAK implement Op.add to call builder.add or builder.breakDoc. Formatter constructs and uses new DocBuilder().withOps(...). Outgoing dependencies include Doc.Level (Doc.Level.make, stack of Doc.Level), Doc and its subclasses (Break, Token, Tok, Space), Indent (used by open and break handling), and collection types (ArrayDeque, List). Because it has many incoming connections from Op implementations and multiple outgoing connections to Doc/Indent abstractions, it exhibits a hub-like modularization smell."
,,0,"FormattingError has only a small number of dependencies: it references FormatterDiagnostic (stores an ImmutableList<FormatterDiagnostic>) and uses Guava utilities (Joiner, ImmutableList). FormatterDiagnostic itself has minimal dependencies. There is no evidence of this abstraction having incoming and outgoing dependencies with a large number of other abstractions (only a single domain class relation is present), so it does not exhibit Hub-like Modularization."
,,1,"The Indent abstraction is referenced by a large number of other abstractions across the codebase, making it a hub. Examples: JavaInputAstVisitor repeatedly creates and uses Indent variants (Indent.Const.ZERO, Indent.Const.make(...), Indent.If.make(...)) and stores many Indent-valued fields (minusTwo, plusTwo, plusFour) and uses eval() for layout decisions. Doc and its nested classes (Doc.Level, Doc.Break, Doc.Token, Doc.Tok) include Indent in their APIs/fields (Doc.Level.plusIndent of type Indent; Doc.Break stores an Indent plusIndent and calls plusIndent.eval(); Doc.Token exposes breakAndIndentTrailingComment Optional<Indent>). OpenOp.make(Indent) and DocBuilder.open(Indent) accept Indent parameters. OpsBuilder references Indent.Const.ZERO and emits breaks with Indent arguments. This widespread incoming and outgoing dependency (construction, storage, method calls, parameters) across many classes indicates Hub-like Modularization for com.google.googlejavaformat.Indent."
,,0,"UiFormatterStyle has only a small, focused set of dependencies and uses: it maps to JavaFormatterOptions.Style (field 'style', instance method convert(), and static convert(JavaFormatterOptions.Style)), and uses standard library helpers (Arrays, Objects). Incoming references in the provided code are limited to GoogleJavaFormatConfigurable (calls in apply(): settings.setStyle(((UiFormatterStyle) styleComboBox.getSelectedItem()).convert()), reset(): styleComboBox.setSelectedItem(UiFormatterStyle.convert(settings.getStyle())), isModified(): UiFormatterStyle.convert(settings.getStyle()), and createUIComponents(): new ComboBox<>(UiFormatterStyle.values())). There are no dependencies with a large number of other abstractions; the enum acts as a small adapter between the UI and JavaFormatterOptions.Style rather than a hub. Therefore this class does not exhibit Hub-like Modularization."
,,0,"The class has only a small, limited set of dependencies (implements javax.tools.Tool; uses java.io.InputStream/OutputStream/PrintStream, java.util.Arrays, java.util.Set, javax.lang.model.SourceVersion, com.google.auto.service.AutoService, and delegates to Main.main). There is no evidence in this file of extensive incoming or outgoing coupling to a large number of other abstractions (it acts as a thin adapter/delegator), so it does not exhibit a hub-like modularization smell."
,,1,"['High number of direct dependencies: the class imports and references many other abstractions (examples: OpsBuilder, Doc, Indent, Input, Newlines, Output.BreakTag, DimensionHelpers, Trees, FormattingError, OpenOp, CloseOp and many com.google.common classes).', 'Depends on a very large set of AST types from the JDK (many com.sun.source.tree.* types are used: AnnotationTree, ArrayTypeTree, AssertTree, BinaryTree, ClassTree, CompilationUnitTree, MethodTree, MethodInvocationTree, MemberSelectTree, LambdaExpressionTree, LiteralTree, SwitchTree, TryTree, etc.), showing outgoing edges to dozens of node types.', 'Provides visit/handling logic for dozens of distinct AST node kinds (visitMethod, visitClass/visitEnum/visitRecord, visitIf, visitSwitch, visitLambdaExpression, visitAnnotation, visitArrayInitializer, visitTry, visitCatchClause, visitMemberSelect, visitMethodInvocation, ...), indicating it coordinates behaviour across many modules/concepts.', 'Encapsulates many responsibilities (token synchronization, formatting rules, annotation/modifier handling, argument/layout heuristics, array-dimension handling, type-annotation heuristics, etc.), making it a central orchestration point that other modules (the builder, input/token maps, Trees helpers) rely on and that itself calls into many helpers.', 'Because of its very large fan-out (many types and helpers it calls) and the central coordinating role in formatting, this class functions as a hub in the dependency graph — matching the Hub-like Modularization smell.']"
,,1,"This class is a clear hub: it depends on a very large number of other abstractions (and is the central point that coordinates them). Evidence: (1) Extensive imports across many modules: com.google.googlejavaformat.* (Doc, Indent, OpsBuilder, Input, Newlines, Op, OpenOp, CloseOp, Output.BreakTag, FormattingError, etc.), com.google.common.collect.*, com.google.auto.value.*, plus many java.* and javax.* utilities. (2) Heavy coupling to the Java compiler AST API: dozens of com.sun.source.tree.* types are referenced and handled (AnnotationTree, ArrayAccessTree, ClassTree, CompilationUnitTree, MethodTree, VariableTree, LambdaExpressionTree, SwitchTree, TryTree, many more). (3) Numerous visitX methods implementing logic for almost every AST node kind, making the class have both incoming and outgoing dependencies to many AST node classes and formatting helpers. (4) Uses multiple helper classes (DimensionHelpers, Trees, TypeNameClassifier) and low-level token/input APIs (builder, Input.Token maps). Together these make JavaInputAstVisitor a central hub with very high fan-in/fan-out, indicating Hub-like Modularization."
,,0,"Although JavacTokens depends on many external types (outgoing dependencies) — e.g. com.sun.tools.javac.parser.JavaTokenizer, Scanner, ScannerFactory, Tokens.Comment, Tokens.Token, Tokens.TokenKind, com.google.common.collect.ImmutableList (and its toImmutableList), com.google.common.base.Preconditions, com.sun.tools.javac.util.Context, and java.util collections (HashMap, Map, Set) — the provided code does not show a large number of incoming dependencies from many other abstractions. The Hub-like Modularization smell requires an abstraction to have both many incoming and many outgoing couplings. Here we only have clear evidence of multiple outgoing dependencies; there is no evidence in the input that JavacTokens is a central hub depended on by a large number of other modules. Therefore the hub-like smell is not detected."
,,1,"Main acts as a central coordinator with many incoming and outgoing dependencies. Outgoing dependencies: it calls CommandLineOptionsParser.parse(...) in processArgs; constructs JavaFormatterOptions via JavaFormatterOptions.builder(); creates and submits FormatFileCallable tasks in formatFiles; instantiates Formatter and uses Formatter.formatSource in FormatFileCallable.call(); calls RemoveUnusedImports.removeUnusedImports and ImportOrderer.reorderImports in fixImports; uses StringWrapper.wrap; uses Executors/ExecutorService/ExecutorCompletionService and MoreExecutors.shutdownAndAwaitTermination for concurrency; reads stdin via ByteStreams.toByteArray; and references GoogleJavaFormatVersion.version() via versionString(). Incoming dependency: UsageException.buildMessage() calls Main.versionString(), so other classes reference Main as well. The class therefore has many (10+) relationships to other abstractions in the package and libraries, matching the Hub-like Modularization smell."
,,0,"ModifierOrderer depends on a number of utility types (JavaInput, Input.Token/Tok, Tokens.TokenKind, javax.lang.model.element.Modifier, Guava types such as ImmutableList, Ordering, Range, RangeSet, TreeRangeMap, and FormatterException) but these dependencies are cohesive and limited to the single responsibility of locating, representing (ModifierTokens), sorting, and applying replacements for modifiers. The relationships are internal to the formatting task (methods: reorderModifiers, getModifierTokens, asModifier, applyReplacements) and use a small, necessary set of collaborator abstractions. There is no evidence in the class of an unusually large number of incoming/outgoing dependencies or cross-cutting roles that would make it a hub; the inner ModifierTokens is tightly coupled only to ModifierOrderer and token/Modifier types. Therefore this is not a Hub-like Modularization smell."
,,1,"The UnusedImportScanner (and its enclosing RemoveUnusedImports class) has outgoing and incoming dependencies on a large number of distinct abstractions: compiler/internal AST types (JavacTrees, JCCompilationUnit, JCTree, JCImport, JCFieldAccess, DCTree/DCReference, DocCommentTree, ReferenceTree, IdentifierTree, CaseTree, ImportTree, Tree, TreeScanner, TreePathScanner, DocTreePathScanner, DocTreePath), reflection/compat helpers (Method, GET_QUALIFIED_IDENTIFIER_METHOD, IS_MODULE_METHOD, reflective invocation of getQualifiedIdentifier and isModule), utility/context classes (Context, Diagnostic, JavaFileObject), collection and range utilities from Guava (Multimap, HashMultimap, Range, RangeMap, RangeSet, TreeRangeMap, TreeRangeSet), and other utilities (CharMatcher, Newlines, Trees, FormatterException). The scanner's logic traverses many AST node types, scans javadoc references, and uses reflection to adapt to multiple API versions, showing coupling to many modules. This breadth of both incoming (used by various AST structures and tooling) and outgoing (depending on many external types and utility libraries) relationships indicates a hub-like modularization smell."
,,0,"The nested scanner is a small, focused utility with limited coupling: it is a private inner class of Reflower and is instantiated/used only in Reflower.getReflowReplacements() (new LongStringsAndTextBlockScanner(...).scan(new TreePath(unit), null)). Its outgoing dependencies are a short, expected set of AST and utility types (extends TreePathScanner<Void,Void>, references LiteralTree, MemberSelectTree, Tree, Tree.Kind, TreePath, Newlines, and helper methods getStartPosition/getEndPosition). There is no evidence in this class of many incoming dependents — it is private and only used by its enclosing Reflower — nor an unusually large number of outgoing dependencies across many unrelated abstractions. Responsibilities are narrow (identifying long string literals and text blocks), so this is not a hub-like modularization."
,,0,"Not a hub: JavadocWriter has a small, focused set of collaborators rather than a large number of incoming/outgoing dependencies. Incoming usage is primarily from JavadocFormatter.render which constructs and drives the writer. Outgoing dependencies are limited and cohesive: Token and Token.Type (for token values and behavior), NestingCounter (for nesting bookkeeping), JavadocFormatter.MAX_LINE_LENGTH (for line-wrapping), and a small immutable START_OF_LINE_TOKENS set (Guava ImmutableSet). Most other behavior is internal (request/write methods, nested enums AutoIndent and RequestedWhitespace). The class acts as the natural single responsibility for producing formatted Javadoc rather than an overconnected hub."
,,1,"JsonArray acts as a central hub in the JSON model: it has outgoing dependencies to many element abstractions (JsonElement, JsonNull, JsonPrimitive, JsonObject via getAs* methods, and helper types like NonNullElementWrapperList) and is referenced by numerous other components (incoming dependencies) across the codebase. Examples: JsonElement contains instanceof checks and getAsJsonArray() that treat JsonArray specially; JsonTreeReader and JsonTreeWriter push/pop and create JsonArray instances and iterate over them (beginArray(), endArray(), put/add usage); ProtoTypeAdapter constructs and reads JsonArray when serializing/deserializing enum collections; RawCollectionsExample obtains a JsonArray from JsonParser and uses its elements. The class also exposes many conversion convenience methods (getAsNumber, getAsString, getAsInt, etc.) delegating to contained JsonElement(s), increasing coupling. The combination of many incoming references from parsers/writers/adapters and many outgoing ties to element subtypes shows hub-like modularization."
,,0,"JsonParser is a small, focused facade around parsing responsibilities and only depends on a limited, cohesive set of types: com.google.gson.internal.Streams (delegation), com.google.gson.stream.JsonReader and com.google.gson.stream.JsonToken (parsing), java.io.Reader/java.io.StringReader (I/O), com.google.gson.Strictness (configuration), and a few exception types (JsonSyntaxException, JsonIOException, MalformedJsonException). Incoming references in the provided snapshot are minimal (e.g., javadoc in JsonElement and usage in RawCollectionsExample). The class neither has an unusually large number of incoming dependencies nor interacts with a broad, disparate set of modules, so it does not exhibit a hub-like modularization smell."
,,1,"GraphAdapterBuilder has hub-like modularization. It directly depends on a large number of distinct abstractions across several packages and also exposes/mediates connections between them: e.g. com.google.gson.Gson and com.google.gson.GsonBuilder (registerOn uses gsonBuilder.registerTypeAdapterFactory(factory) and gsonBuilder.registerTypeAdapter(...)), com.google.gson.InstanceCreator and com.google.gson.TypeAdapterFactory (Factory implements InstanceCreator<Object> and TypeAdapterFactory), com.google.gson.TypeAdapter and com.google.gson.JsonElement (Factory.create obtains delegate TypeAdapter<T> and elementAdapter), com.google.gson.reflect.TypeToken and com.google.gson.internal.ConstructorConstructor/ObjectConstructor (addType uses constructorConstructor.get(TypeToken.get(type)) and creates an InstanceCreator using ObjectConstructor.construct()), com.google.gson.stream.JsonReader/JsonWriter/JsonToken (read/write logic in the TypeAdapter returned by Factory), and many java.util collections and maps (IdentityHashMap, HashMap, ArrayDeque, Queue, Map, Entry). The nested Factory/Graph/Element classes also mediate between Gson internals and registered instance creators (graphThreadLocal, graph.map, graph.queue, nextCreate), making this class a central connector that has both incoming and outgoing dependencies to many other abstractions (Gson/GsonBuilder, TypeAdapter/TypeAdapterFactory, InstanceCreator, ConstructorConstructor/ObjectConstructor, TypeToken, JsonElement/JsonReader/JsonWriter, and collection classes). These numerous cross-package dependencies and its role in registering/adapting adapters indicate a hub-like modularization smell."
,,1,"ReflectionAccessFilterHelper is used as a central hub by many other abstractions across packages and also itself depends on multiple abstractions: incoming dependencies include com.google.gson.ReflectionAccessFilter (its anonymous filter implementations call isJavaType/isAndroidType/isAnyPlatformType), com.google.gson.internal.ConstructorConstructor (calls getFilterResult and canAccess in get(), newDefaultConstructor(), and instance-creation logic), and com.google.gson.internal.bind.ReflectiveTypeAdapterFactory (calls getFilterResult, canAccess, and uses its results in create(), checkAccessible(), and getBoundFields). Outgoing/dependent elements include ReflectionAccessFilter, java.lang.reflect.AccessibleObject, java.lang.reflect.Method, JavaVersion and an internal AccessChecker, and it interacts with ReflectionHelper and other reflection utilities. The class exposes multiple static utilities (isJavaType, isAndroidType, isAnyPlatformType, getFilterResult, canAccess) relied on by many modules, making it a central connector with many incoming and outgoing relationships — matching the Hub-like Modularization smell."
,,0,"The Adapter<E> inner class has a focused, small set of dependencies: TypeAdapter<E> (elementTypeAdapter), ObjectConstructor<? extends Collection<E>> (constructor), JsonReader, JsonWriter, JsonToken, java.util.Collection, and IOException. Its responsibilities are narrowly scoped to reading/writing collection elements and constructing collection instances. There is no evidence it has incoming/outgoing dependencies with a large number of unrelated abstractions or acts as a central hub; coupling is limited and cohesive, so this is not a Hub-like Modularization smell."
,,0,"NumberTypeAdapter has a small, focused set of incoming/outgoing dependencies rather than many. Outgoing dependencies observed in the class: ToNumberStrategy (field and usage), ToNumberPolicy (factory constant), TypeAdapter (superclass), TypeAdapterFactory (anonymous factory returned by newFactory), TypeToken (checked in factory), JsonReader/JsonToken (read logic), JsonWriter (write logic), JsonSyntaxException/IOException. Incoming usage is limited (registered once in Gson via factories.add(NumberTypeAdapter.getFactory(...))). The class implements a single responsibility (reading/writing Number via a provided strategy) and only interacts with these few related abstractions, so it does not act as a dependency hub connected to a large number of other modules."
,,1,"The Adapter class is a central connector between many distinct subsystems, showing hub-like modularization. Outgoing dependencies in the code include: reflection utilities and types (ReflectionHelper, ReflectionAccessFilterHelper, BoundField, FieldsData, java.lang.reflect.Field/Method/Constructor, AccessibleObject, Member), streaming I/O (com.google.gson.stream.JsonReader, JsonWriter, JsonToken), Gson core types and exceptions (Gson, TypeAdapter, TypeToken, JsonIOException, JsonParseException, JsonSyntaxException), object construction helpers (ObjectConstructor, ConstructorConstructor), and collections (Map, List). Incoming/usage relationships include its concrete subclasses FieldReflectionAdapter and RecordAdapter and external use (note in comment: ""external projects check for this class with `instanceof`""). Because it both depends on and is relied upon by many different abstractions across reflection, streaming, construction, and error-handling concerns, it functions as a hub linking multiple modules, which matches the Hub-like Modularization smell."
,,1,"RecordAdapter has many incoming and outgoing dependencies indicating a hub-like role. Outgoing dependencies: ReflectionHelper (getCanonicalRecordConstructor, makeAccessible, getRecordComponentNames, constructorToString), java.lang.reflect.Constructor (newInstance, getParameterTypes), java.util.Map / java.util.HashMap (componentIndices, primitive defaults), java.util.Arrays (toString, array operations), BoundField (readIntoArray, fieldName), FieldsData (passed from factory), JsonReader (reading values), primitive wrapper types and defaults, and many exception types (IllegalAccessException, InstantiationException, InvocationTargetException). Incoming dependencies: created and returned by ReflectiveTypeAdapterFactory.create(...) when handling record classes and used via the Adapter<T,A> abstraction (the factory and outer class rely on this adapter). The class coordinates construction, reflection access checks, mapping of record component names to constructor indices, and exception handling across many other abstractions in the library, which qualifies it as a hub-like module."
,,1,"FormatException is used as a central error abstraction across many packages and classes (large number of incoming dependencies). Examples in the analyzed code base show imports/usages in: com.google.zxing.maxicode.decoder.DecodedBitStreamParser, com.google.zxing.maxicode.decoder.Decoder, com.google.zxing.common.ECIStringBuilder, com.google.zxing.common.CharacterSetECI, com.google.zxing.oned.Code39Reader, com.google.zxing.oned.Code93Reader, com.google.zxing.oned.UPCAReader, com.google.zxing.oned.ITFReader, com.google.zxing.oned.Code128Reader, com.google.zxing.oned.UPCEANReader, com.google.zxing.oned.rss.expanded.decoders.GeneralAppIdDecoder, com.google.zxing.pdf417.decoder.DecodedBitStreamParser, com.google.zxing.pdf417.decoder.PDF417ScanningDecoder, com.google.zxing.qrcode.decoder.DecodedBitStreamParser, com.google.zxing.qrcode.decoder.Decoder, com.google.zxing.qrcode.decoder.BitMatrixParser, com.google.zxing.datamatrix.decoder.DecodedBitStreamParser, com.google.zxing.datamatrix.decoder.BitMatrixParser, com.google.zxing.aztec.decoder.Decoder, com.google.zxing.aztec.AztecReader, and many other readers/decoders. Outgoing dependencies are minimal but present (it extends ReaderException and references Throwable/stack-trace handling and provides factory methods). The combination of a very large number of incoming references from many distinct modules and a few outgoing ties makes FormatException act as a hub-like abstraction (widely depended-on central exception), indicating a Hub-like Modularization smell."
,,1,"LuminanceSource is a clear hub: it has many incoming dependencies from multiple packages and components (uses across the codebase). Clients and dependents include BinaryBitmap, Binarizer and its concrete subclasses (GlobalHistogramBinarizer, HybridBinarizer), BinaryBitmap users (DecodeWorker, GUIRunner, DecodeServlet), and multiple concrete LuminanceSource implementations (PlanarYUVLuminanceSource, GrayscaleLuminanceSource, InvertedLuminanceSource). These classes span different modules (com.google.zxing, com.google.zxing.common, com.google.zxing.client.j2se, com.google.zxing.web), showing high fan-in. LuminanceSource also has outgoing dependencies: it constructs/returns InvertedLuminanceSource in invert(), defines factory-style operations (crop/rotate) that create/return other LuminanceSource instances, and its API (getRow/getMatrix/isCropSupported/isRotateSupported) tightly couples implementations and binarizers. The combination of many incoming clients across modules and the class acting as a central abstraction/creator (outgoing relations to InvertedLuminanceSource and via its factory-like methods) matches the Hub-like Modularization smell."
,,1,"MultiFormatWriter exhibits Hub-like Modularization because it has outgoing dependencies on a large number of concrete writer abstractions and acts as a central factory that clients depend on. Evidence of many outgoing dependencies: it imports and instantiates numerous specific writers (AztecWriter, DataMatrixWriter, CodaBarWriter, Code128Writer, Code39Writer, Code93Writer, EAN13Writer, EAN8Writer, ITFWriter, UPCAWriter, UPCEWriter, PDF417Writer, QRCodeWriter). The encode(...) method contains a switch over BarcodeFormat with many cases mapping to those distinct writer types (EAN_8, UPC_E, EAN_13, UPC_A, QR_CODE, CODE_39, CODE_93, CODE_128, ITF, PDF_417, CODABAR, DATA_MATRIX, AZTEC). It also implements the Writer interface (an incoming abstraction relationship) and is designed as a single factory entry point for encoding many formats, implying many clients will depend on this class. The combination of numerous outgoing links to concrete writers and its role as the central factory (incoming client dependencies via the Writer API) justifies flagging this class as a hub-like modularization smell."
,,1,"Encoder is a central hub: it has outgoing dependencies on many distinct abstractions across packages (com.google.zxing.common.BitArray, com.google.zxing.common.BitMatrix, com.google.zxing.common.reedsolomon.ReedSolomonEncoder, com.google.zxing.common.reedsolomon.GenericGF, com.google.zxing.aztec.encoder.HighLevelEncoder, com.google.zxing.aztec.encoder.AztecCode, java.nio.charset.Charset/StandardCharsets). The class implements many responsibilities (high-level encoding via HighLevelEncoder, bit stuffing, Reed-Solomon check-word generation via ReedSolomonEncoder/GenericGF, mode message generation, matrix allocation and drawing using BitMatrix/BitArray) and therefore depends on a large number of other abstractions. It also has incoming dependency from com.google.zxing.aztec.AztecWriter (which calls Encoder.encode), making it both a provider and a consumer focal point in the module graph. These multiple incoming/outgoing relationships indicate a hub-like modularization smell."
,,0,"AmbientLightManager has a small, cohesive set of dependencies focused on ambient-light functionality: it depends on Context/PreferenceManager/SharedPreferences and FrontLightMode to read prefs, on Android SensorManager/Sensor APIs to receive light events, and on CameraManager to toggle the torch (cameraManager.setTorch). It is instantiated and used by CaptureActivity (single incoming reference in the provided code). Because it has only a handful of related outgoing dependencies and only one clear incoming dependency (CaptureActivity), it does not act as a hub with a large number of incoming and outgoing dependencies and therefore does not exhibit Hub-like Modularization."
,,1,"CaptureActivity acts as a central hub with many incoming and outgoing dependencies. Outgoing dependencies (it directly uses/instantiates or calls into): CameraManager, ViewfinderView, HistoryManager, InactivityTimer, BeepManager, AmbientLightManager, ScanFromWebPageManager, DecodeFormatManager, DecodeHintManager, ClipboardInterface, SupplementalInfoRetriever, ResultHandlerFactory, CaptureActivityHandler, Intent/Intents, various Android UI classes and resources (e.g. ImageView/TextView), and many ZXing core types (Result, BarcodeFormat, ResultMetadataType, ResultPoint). Examples: onResume() creates CameraManager, HistoryManager, InactivityTimer/BeepManager/AmbientLightManager; handleDecode() calls ResultHandlerFactory.makeResultHandler and SupplementalInfoRetriever; maybeSetClipboard() calls ClipboardInterface; initCamera() creates CaptureActivityHandler. Incoming dependencies (many other components depend on CaptureActivity): DecodeThread/DecodeHandler and CaptureActivityHandler are constructed with a CaptureActivity reference and call back into it (activity.getCameraManager(), activity.getHandler(), activity.handleDecode(), activity.drawViewfinder()); various ResultHandler implementations receive the CaptureActivity (or Activity) and invoke CaptureActivity APIs (e.g. WifiResultHandler stores parent = activity and calls parent.restartPreviewAfterDelay). The class coordinates UI, camera, decoding, history, clipboard, light control, sound/vibration, intent handling and inter-component messaging, producing high coupling to numerous abstractions. This wide bidirectional coupling (numerous collaborators both using and being used by CaptureActivity) matches the Hub-like Modularization smell."
,,0,"AutoFocusManager has only a small set of outgoing dependencies (android.content.Context, SharedPreferences/PreferenceManager, android.hardware.Camera and Camera.Parameters, android.os.AsyncTask, android.util.Log, java.util collections and concurrency classes, and PreferencesActivity for the KEY_AUTO_FOCUS). Incoming usage is limited (CameraManager constructs and calls start()/stop() and setTorch temporarily replaces it). There is not a large number of distinct abstractions both depending on AutoFocusManager and depended upon by it — interactions are focused on the camera subsystem and a single manager class — so it does not exhibit a hub-like modularization smell."
,,1,"CameraManager acts as a central hub with many incoming and outgoing dependencies. Outgoing dependencies (it directly uses) include: CameraConfigurationManager (field + calls to initFromCameraParameters, setDesiredCameraParameters), OpenCamera / OpenCameraInterface (opening and wrapping android.hardware.Camera), AutoFocusManager (field, start/stop/use in setTorch/startPreview/stopPreview), PreviewCallback (field, requestPreviewFrame interaction), and PlanarYUVLuminanceSource (buildLuminanceSource factory). It also manipulates android.hardware.Camera and Camera.Parameters extensively (openDriver, setDesiredCameraParameters). Incoming dependencies (classes that use CameraManager) include CaptureActivity and CaptureActivityHandler (create and call startPreview, requestPreviewFrame, openDriver/closeDriver), ViewfinderView (calls getFramingRect()/getFramingRectInPreview), AmbientLightManager (calls setTorch), and other components (DecodeThread/Decode handler flow via PreviewCallback). Methods like openDriver, startPreview, stopPreview, setTorch, requestPreviewFrame, getFramingRect/getFramingRectInPreview and buildLuminanceSource demonstrate that CameraManager coordinates camera lifecycle, UI framing, autofocus, preview callbacks, and decoding preparation, indicating high coupling to many abstractions and therefore a hub-like modularization smell."
,,0,"Although BookResultInfoRetriever depends on several collaborators (HttpHelper, LocaleManager, HistoryManager, Context/TextView, Android R resources, and JSON classes) these are expected, focused dependencies for its responsibility (fetching and parsing book info). It extends SupplementalInfoRetriever and is instantiated from SupplementalInfoRetriever.maybeInvokeRetrieval (incoming dependency), but there are no many incoming callers beyond that factory use. The class is cohesive (network call, JSON parsing, formatting, and appending results) and does not have unusually large numbers of incoming and outgoing connections to disparate modules that would make it a hub. Therefore it does not exhibit Hub-like Modularization."
,,0,"BookmarkPickerActivity has a small, focused set of dependencies: Android framework types (ListActivity, Intent, Cursor, Uri, Log, View, ListView), the content provider BOOKMARKS_URI and projection, a local BookmarkAdapter, and the Intents constants (Intents.FLAG_NEW_DOC). It neither depends on a large number of different project abstractions nor is there evidence it has many incoming dependencies from many modules. The interactions are limited and cohesive (querying bookmarks, populating a list, returning a selected bookmark), so it does not exhibit Hub-like Modularization."
,,0,"SMSTOMMSTOResultParser has only a small number of dependencies: it extends ResultParser (inherited behavior), accepts a com.google.zxing.Result as input (parse signature / getMassagedText uses), and constructs/returns com.google.zxing.client.result.SMSParsedResult. The parse method performs local string processing and does not reference or coordinate with a large set of other abstractions. There are no many incoming/outgoing dependency links to numerous classes, so it does not exhibit Hub-like Modularization."
,,0,"TextParsedResult has a very small set of dependencies: it extends ParsedResult and references the ParsedResultType enum (super(ParsedResultType.TEXT)) and uses standard java.lang.String for its fields (text, language). There is no evidence in the provided code of many incoming or outgoing dependencies with a large number of other abstractions. Therefore it does not exhibit a hub-like modularization smell."
,,0,"WifiParsedResult is a simple data-holder parsed-result used by a few collaborators (incoming deps: WifiResultParser constructs it; WifiResultHandler and WifiConfigManager consume it). Its outgoing dependencies are minimal: it extends ParsedResult and references ParsedResultType.WIFI. The number of distinct incoming and outgoing abstraction dependencies is small (3 consumers + 1 parent/enum), so it does not act as a hub connecting a large number of other abstractions and therefore does not exhibit Hub-like Modularization."
,,0,"DetectorResult is a simple data holder with only two outgoing dependencies (BitMatrix and ResultPoint). It provides only a constructor and two getters and does not itself depend on many abstractions. While it has several incoming usages (MultiDetector, QRCodeMultiReader, QRCodeReader, DataMatrixReader) these are expected consumers of a small DTO returned by detection logic. The class neither aggregates many outgoing collaborators nor implements extensive logic that creates bidirectional coupling with many modules, so it does not meet the criteria for Hub-like Modularization."
,,0,"HybridBinarizer depends on a small, focused set of abstractions: GlobalHistogramBinarizer (superclass), com.google.zxing.LuminanceSource, com.google.zxing.common.BitMatrix, com.google.zxing.Binarizer (factory method), and NotFoundException. All interactions are directly related to image luminance retrieval and BitMatrix thresholding (methods getBlackMatrix, calculateBlackPoints, thresholdBlock, calculateThresholdForBlock). It is final and encapsulates its responsibilities with several private static helpers and a single cached BitMatrix field. There is no evidence of incoming/outgoing dependencies to a large number of other abstractions that would indicate a hub-like modularization smell."
,,1,"GenericGF acts as a central hub: many decoders/encoders across barcode formats depend on it (incoming deps). Examples in the analyzed code: com.google.zxing.qrcode.decoder.Decoder constructs a ReedSolomonDecoder(GenericGF.QR_CODE_FIELD_256); com.google.zxing.datamatrix.decoder.Decoder uses GenericGF.DATA_MATRIX_FIELD_256; com.google.zxing.aztec.decoder.Decoder and aztec.encoder use AZTEC_DATA_6/8/10/12 and AZTEC_PARAM; com.google.zxing.maxicode.decoder.Decoder uses GenericGF.MAXICODE_FIELD_64. ReedSolomonEncoder and ReedSolomonDecoder both hold a GenericGF field and call many GenericGF methods. GenericGF also creates/uses GenericGFPoly instances (outgoing deps) and exposes many static field constants for different GFs used throughout the system. This class therefore has many incoming dependencies from multiple packages and a few outgoing ties (GenericGFPoly), matching the Hub-like Modularization smell."
,,0,"ReedSolomonEncoder has only a small number of domain dependencies: it uses GenericGF and GenericGFPoly (outgoing) and standard library types (List/ArrayList, arrays). Within the provided codebase it is referenced by Encoder (com.google.zxing.aztec.encoder.Encoder) to generate check words (incoming). There is no evidence of incoming or outgoing dependencies with a large number of different abstractions — the in-degree and out-degree are low (1 known incoming, ~2 domain outgoing), so it does not exhibit Hub-like Modularization."
,,1,"The Decoder class depends on a large number of other abstractions and acts as a central coordinator between them: it calls BitMatrix.parse(boolean[][]) and manipulates BitMatrix (com.google.zxing.common.BitMatrix), constructs a BitMatrixParser and invokes parser.getVersion()/parser.readCodewords() (com.google.zxing.datamatrix.decoder.BitMatrixParser, Version), calls DataBlock.getDataBlocks(...) and iterates DataBlock instances (com.google.zxing.datamatrix.decoder.DataBlock), performs error correction via an internal ReedSolomonDecoder constructed with GenericGF.DATA_MATRIX_FIELD_256 and calling decodeWithECCount(...) (com.google.zxing.common.reedsolomon.ReedSolomonDecoder, GenericGF, ReedSolomonException), and finally delegates to DecodedBitStreamParser.decode(...) to produce a DecoderResult (com.google.zxing.datamatrix.decoder.DecodedBitStreamParser, com.google.zxing.common.DecoderResult). It also interacts with and throws framework exceptions (FormatException, ChecksumException). Conversely, it is directly used by DataMatrixReader (com.google.zxing.datamatrix.DataMatrixReader). This high number of incoming/outgoing dependencies (parsing, versioning, data-block handling, error correction, and bitstream decoding) makes Decoder a hub-like module coordinating many concerns, matching the Hub-like Modularization smell."
,,0,"The Version class does not act as a hub coupling many different abstractions. Its only external dependency is com.google.zxing.FormatException; the other related types (ECBlocks, ECB) are static nested classes defined inside Version (internal to the abstraction). The large VERSIONS array contains many Version instances (data), but those are instances of the same class, not distinct external abstractions. Methods (e.g., getVersionForDimensions) iterate the internal VERSIONS array and do not introduce many incoming/outgoing dependencies to other classes or modules. Therefore it does not exhibit Hub-like Modularization."
,,0,"The class only extends SymbolInfo and contains a simple constructor (calling super with constants) plus two small overridden methods that return constant values or a simple conditional. It has no fields, no imports of many other types, and no method calls to a large number of other abstractions. There is no evidence in the code of extensive incoming or outgoing dependencies, so it does not exhibit Hub-like Modularization."
,,0,"MinimalEncoder, while large and highly cohesive (many internal nested types: Edge, Result, Input) and complex, does not exhibit Hub-like Modularization because it has only a small number of external dependencies. The class references a few other abstractions (HighLevelEncoder, com.google.zxing.common.MinimalECIInput, SymbolShapeHint, java.nio.charset.Charset/StandardCharsets and standard collection types) and most relationships are internal (nested classes Edge/Result/Input). There is no evidence here of this class having incoming/outgoing dependencies with a large number of distinct external abstractions, so it is not acting as a dependency hub."
,,0,"IntentResult is a simple immutable data holder with only a few fields of basic types (String, byte[], Integer) and simple getter methods and toString. It has no imports or references to many other abstractions and is only used as the return value from IntentIntegrator.parseActivityResult. There are no incoming/outgoing dependencies with a large number of other classes, so it does not exhibit Hub-like Modularization."
,,0,"The Decoder class has a limited, focused set of collaborators and acts as a coordinator for the MaxiCode decoding pipeline rather than a broad hub. Outgoing dependencies include BitMatrixParser, DecodedBitStreamParser, ReedSolomonDecoder (and GenericGF), BitMatrix, DecoderResult, and exceptions/utility types (ChecksumException, FormatException, ReedSolomonException, DecodeHintType, Map). Incoming usage in the provided code is minimal (MaxiCodeReader instantiates/uses Decoder). While Decoder interacts with several classes necessary for decoding (parsing, error correction, bitstream interpretation), it does not exhibit a large number of incoming and outgoing dependencies spanning many unrelated modules. Its responsibilities (reading codewords, correcting errors, delegating to DecodedBitStreamParser) are cohesive, so this is not a Hub-like Modularization smell."
,,0,"ByQuadrantReader depends on a small, focused set of abstractions: com.google.zxing.Reader (delegate), com.google.zxing.BinaryBitmap, com.google.zxing.Result, com.google.zxing.ResultPoint, com.google.zxing.DecodeHintType, the decoding exceptions (NotFoundException, ChecksumException, FormatException) and java.util.Map. Its behavior is primarily delegating decode calls to the contained Reader and adjusting ResultPoint coordinates (makeAbsolute). There is no evidence of a large number of both incoming and outgoing dependencies or it acting as a central coupling hub across many unrelated modules, so it does not exhibit Hub-like Modularization."
,,0,"Code128Reader has a moderate number of outgoing dependencies (uses BarcodeFormat, ChecksumException, DecodeHintType, FormatException, NotFoundException, Result, ResultMetadataType, ResultPoint, com.google.zxing.common.BitArray, OneDReader and standard collections/types) as expected for a decoder, but it does not act as a central hub: incoming dependencies are minimal in the provided codebase (notably Code128Writer references Code128Reader.CODE_PATTERNS). There is no evidence of a large number of other abstractions both depending on and being depended upon by Code128Reader, so it does not meet the definition of Hub-like Modularization."
,,0,"The class has a small, focused set of external dependencies (OneDimensionalCodeWriter, Code128Reader (CODE_PATTERNS), com.google.zxing.BarcodeFormat, com.google.zxing.EncodeHintType, com.google.zxing.common.BitMatrix and standard Java collection/Map classes). Most functionality is self-contained, including the nested MinimalEncoder. There is no evidence of this class having incoming and outgoing dependencies with a large number of distinct abstractions that would make it a hub; the primary coupling is to Code128Reader for pattern data and to a few ZXing and JDK types, which is expected for its responsibility."
,,0,"ITFWriter does not act as a hub: it has a small, limited set of dependencies (extends OneDimensionalCodeWriter; uses com.google.zxing.BarcodeFormat; imports com.google.zxing.common.BitMatrix; uses java.util.Collection and java.util.Collections; uses java.lang.Character). Its logic is self-contained (internal PATTERNS, START_PATTERN, END_PATTERN) and there is no evidence in the provided data of a large number of incoming or outgoing relationships with many other abstractions. Therefore it does not exhibit Hub-like Modularization."
,,0,"Outgoing dependencies are numerous: the class imports and directly uses UPCEANReader and concrete readers (EAN13Reader, UPCAReader, EAN8Reader, UPCEReader), core types (BarcodeFormat, DecodeHintType, Result, BitArray, Map, Collection), and exception/reader types (NotFoundException, ReaderException, Reader). These show it coordinates many other abstractions. However, there is no evidence in the provided code that MultiFormatUPCEANReader itself has a large number of incoming dependencies (no other classes in the given set reference or depend on it). Because the hub smell requires both many incoming and outgoing dependencies, this class does not meet the full criteria for Hub-like Modularization based on the provided artifacts."
,,0,"FinderPattern has many incoming references (used/constructed or queried by RSS14Reader, RSSExpandedReader, Pair, ExpandedPair, and other readers/decoder code—e.g. calls to getFinderPattern(), getResultPoints(), getStartEnd()). However its outgoing dependencies are minimal: it only depends on com.google.zxing.ResultPoint and primitive/array types (int, int[], ResultPoint[]). Because it primarily acts as a small data holder referenced by several modules rather than depending on many other abstractions itself, it does not exhibit a hub-like modularization (high both incoming and outgoing coupling)."
,,0,"BlockParsedResult has a single outgoing dependency: the DecodedInformation type (field 'decodedInformation', constructor BlockParsedResult(DecodedInformation, boolean), and method getDecodedInformation()). Its incoming usage is limited (primarily instantiated and consumed by GeneralAppIdDecoder in methods parseNumericBlock(), parseIsoIec646Block(), parseAlphaBlock() and parseBlocks()). It does not have dependencies with a large number of other abstractions and acts as a small DTO/result holder rather than a hub, so the Hub-like Modularization smell is not present."
,,1,"PDF417Common acts as a central hub: it exposes large static tables and many constants (SYMBOL_TABLE, CODEWORD_TABLE, NUMBER_OF_CODEWORDS, MAX_CODEWORDS_IN_BARCODE, MODULES_IN_CODEWORD, MODULES_IN_STOP_PATTERN, BARS_IN_MODULE, MIN_ROWS_IN_BARCODE, MAX_ROWS_IN_BARCODE, etc.) and utility methods (getCodeword, toIntArray, getBitCountSum). Numerous other abstractions across packages depend on it (incoming dependencies), e.g. com.google.zxing.pdf417.decoder.PDF417ScanningDecoder, PDF417CodewordDecoder, DetectionResult, DetectionResultRowIndicatorColumn, BarcodeValue, com.google.zxing.pdf417.PDF417Reader, com.google.zxing.pdf417.decoder.ec.ModulusGF, and others reference its constants, arrays and methods. It also has outgoing dependencies (calls to com.google.zxing.common.detector.MathUtils.sum, java.util.Arrays.binarySearch and uses java.util.Collection), so there are both incoming and outgoing links. Because it is referenced by many unrelated classes across packages and centrally provides widely used data and utilities, this constitutes a hub-like modularization smell."
,,1,"BoundingBox serves as a central/shared abstraction used by many classes (high incoming coupling) while also depending on several other abstractions (outgoing coupling). Incoming dependencies: PDF417ScanningDecoder (instantiates BoundingBox, calls BoundingBox.merge and uses bounding box getters during detection and adjustment), DetectionResult (stores and passes BoundingBox, uses getBoundingBox/adds/sets it), DetectionResultColumn (constructor copies BoundingBox, uses getMinY/getMaxY/getMaxX/getMinX and imageRowToCodewordIndex offsets), DetectionResultRowIndicatorColumn (constructed with BoundingBox and calls getTopLeft/getBottomLeft/getTopRight/getBottomRight and getRowHeights/adjust methods), and other decoder components that access BoundingBox getters (getMinX/getMaxX/getMinY/getMaxY and addMissingRows). Outgoing dependencies: BoundingBox directly depends on BitMatrix (holds image and calls getWidth/getHeight), ResultPoint (stores corner points and calls getX/getY), and NotFoundException (constructor throws when both sides unspecified). The class exposes many getters and mutating helpers (merge, addMissingRows) that are heavily used across the decoder, making it a hub connecting multiple modules. This concentration of both many clients and key external dependencies matches the Hub-like Modularization smell."
,,0,"ErrorCorrection has a small, focused set of dependencies: it constructs and uses ModulusGF and ModulusPoly heavily (outgoing) and throws/returns ChecksumException. Its only evident client in the provided code is PDF417ScanningDecoder (incoming). The number of distinct incoming and outgoing abstraction relationships is small and the class's responsibilities are cohesive (Reed–Solomon/PDF417 error correction), so it does not exhibit hub-like modularization."
,,0,"Detector has a focused responsibility (locating PDF417 barcodes) and depends on a small, reasonable set of abstractions: BinaryBitmap (input), BitMatrix (manipulated), PDF417DetectorResult (return type), ResultPoint (coordinates), NotFoundException/DecodeHintType (error/hints), and standard collections/arrays. Its internal methods (applyRotation, findVertices, findRowsWithPattern, findGuardPattern, patternMatchVariance) are private and operate on these types. Incoming usage is limited (shown use from com.google.zxing.pdf417.PDF417Reader). There is no large number of both incoming and outgoing dependencies indicative of a hub; dependencies are few and cohesive, so this is not a Hub-like Modularization smell."
,,0,"Compaction is a small enum (AUTO, TEXT, BYTE, NUMERIC) referenced by a handful of classes: PDF417 (field compaction, setCompaction(), generateBarcodeLogic()), PDF417Writer (reads hint and calls Compaction.valueOf), PDF417HighLevelEncoder (method parameter and switch on compaction), and PDF417HighLevelEncoderTestAdapter (test passthrough). It has no outgoing dependencies (it does not depend on other abstractions) and the number of incoming references is small and expected for a shared enum. Therefore it does not exhibit a hub-like modularization smell."
,,1,"The Decoder class has many outgoing dependencies across multiple packages and is referenced by other top-level components, making it a hub. Evidence of outgoing dependencies: it constructs/uses ReedSolomonDecoder and GenericGF (rsDecoder = new ReedSolomonDecoder(GenericGF.QR_CODE_FIELD_256)), manipulates BitMatrix and BitMatrix.parse(boolean[][]), interacts with BitMatrixParser (decode(BitMatrix) -> new BitMatrixParser(bits) and decode(BitMatrixParser,...)), calls DataBlock.getDataBlocks(...), uses Version and ErrorCorrectionLevel, calls rsDecoder.decodeWithECCount(...) and handles ReedSolomonException, invokes DecodedBitStreamParser.decode(...), and creates QRCodeDecoderMetaData on mirrored success. It also depends on types from com.google.zxing (ChecksumException, FormatException, DecodeHintType, DecoderResult) and java.util.Map. Evidence of incoming dependency: QRCodeReader instantiates and delegates to Decoder (private final Decoder decoder = new Decoder(); decoder.decode(...)). Because Decoder both depends on a large number of other abstractions (BitMatrix, BitMatrixParser, DataBlock, Version, ErrorCorrectionLevel, ReedSolomonDecoder/GenericGF/GenericGFPoly related classes, DecodedBitStreamParser, QRCodeDecoderMetaData, exceptions and hint types) and is used by higher-level readers (e.g., QRCodeReader), it functions as a central hub and exhibits Hub-like Modularization."
,,1,"DecodeServlet acts as a central hub connecting many unrelated abstractions: it directly depends on numerous classes from the barcode library (MultiFormatReader, GenericMultipleBarcodeReader, Reader, MultipleBarcodeReader, BinaryBitmap, Binarizers GlobalHistogramBinarizer/HybridBinarizer, LuminanceSource/BufferedImageLuminanceSource, Result, DecodeHintType, NotFoundException, ReaderException, Result metadata classes), on image/IO helpers (com.google.zxing.client.j2se.ImageReader, ImageIO), on web and servlet APIs (HttpServlet, HttpServletRequest, HttpServletResponse, ServletConfig, ServletContext, RequestDispatcher, Part), on networking/HTTP (HttpURLConnection, URL, URI), on utility libraries (com.google.common.io.Resources, HttpHeaders, MediaType), and its own DoSTracker and timer logic. It performs orchestration for lifecycle/init (init/destroy), request handling (doGet/doPost), image fetching/validation, decoding flows, error handling (errorResponse using ResourceBundle and RequestDispatcher) and rate-tracking (DoSTracker). It therefore has many outgoing dependencies across multiple packages and acts as the single coordinator between web layer, network I/O, image reading, decoding algorithms and tracking — exhibiting hub-like modularization."
,,0,"['DoSTracker uses a modest set of external types (Timer/TimerTask, Map, AtomicInteger, Logger, ManagementFactory/OperatingSystemMXBean, and an LRUMap implementation), which are typical for its functionality and do not indicate an excessive number of outgoing dependencies.', 'The class has a single, cohesive responsibility (tracking recent accesses and adjusting thresholds), and its internal interactions (including the inner TrackerTask) support that responsibility rather than creating broad coupling to many unrelated abstractions.', 'There is no evidence in the provided code of many incoming dependencies (i.e., many other modules/classes depending on DoSTracker) or of DoSTracker acting as a central hub mediating numerous unrelated components.', 'Most dependencies are standard JDK or clearly related helper types; the quantity and nature of dependencies do not meet the definition of a hub-like modularization smell.']"
,,0,"ClassInPackage does not exhibit hub-like modularization: it defines a single staticMethod and is referenced directly only once (PackageDotExpressions calls com.packageName.ClassInPackage.staticMethod()). The numerous references in PackageDotExpressions target other types (InnerClassContainer, InnerClass, InnerInnerClass, etc.), not ClassInPackage, so there is no evidence of many incoming and outgoing dependencies for ClassInPackage."
,,0,"Hub-like Modularization requires an abstraction to have dependencies (incoming and outgoing) with a large number of other abstractions. In this code, the only observed dependency is a single incoming usage from InnerStaticClassFieldDotExpressions (accessing InnerStaticClassFieldContainer.InnerClass.InnerInnerClass.MY_INT). There are no multiple incoming callers and no outgoing dependencies to many other abstractions, so the class does not exhibit a hub-like modularization smell."
,,0,"The interface defines a single method (getValue()) and contains no fields, imports, or references to other abstractions in the analyzed code. There are no observed incoming or outgoing dependencies in this file, so it does not exhibit hub-like modularization."
,,0,"ServiceImplementation only implements a single interface (ServiceDefinition) and contains no other incoming or outgoing dependencies. The class has a single trivial method getValue() and does not reference or be referenced by a large number of other abstractions, so it does not exhibit Hub-like Modularization."
,,0,"Foo is not a hub: the only observed dependency is from foo.Main (Main.foo takes Foo.Bar), i.e. a single incoming reference. Foo has no widespread incoming or outgoing dependencies with many other abstractions (its methods are static and operate on Strings), so it does not exhibit hub-like modularization."
,,0,"The enum is a small nested type with only two constants (ADDITION, REMOVAL) and contains no references to other abstractions. There are no detected incoming or outgoing dependencies involving many other classes/interfaces, so it does not act as a hub."
,,0,"Class A implements DuplicateTypeName and declares an inner class DuplicateTypeName that extends A, creating a circular dependency between A and DuplicateTypeName. However, Hub-like Modularization requires an abstraction to have incoming and outgoing dependencies with a large number of other abstractions; here the coupling is only between two types (A and its single nested DuplicateTypeName), so it does not qualify as a hub."
,,0,"The type has only mutual dependencies with its enclosing class A: DuplicateTypeName extends A (outgoing dependency) and A implements DuplicateTypeName (incoming dependency). There are no many incoming/outgoing dependencies with a large number of other abstractions, so this does not constitute Hub-like Modularization."
,,0,"MemberInterface is an empty member interface declared inside TypeWithMemberType. The source contains no methods, fields, extends/implements clauses, or references to other types; there are no incoming or outgoing dependencies with other abstractions. Therefore it does not exhibit Hub-like Modularization."
,,1,"The class has hub-like modularization: it depends on a large number of other abstractions and many inner/related types depend on it. Outgoing dependencies include: JavaParser, japa.parser.ParseException, com.github.javaparser.ast.CompilationUnit, File, InputStream, ByteArrayInputStream, IOException, List, LinkedList, ArrayList, Map, Comparator, Integer, String, System, Class, primitives/arrays, annotations (Ignore, Deprecated), and many Java standard types (Serializable, Cloneable). It also extends Base and calls Base.check2. Incoming/internal dependents include multiple inner classes and enums that extend or reference the outer class (QWE extends JavaConcepts<List<int[]>,String>, inner classes Y/X reference JavaConcepts.this, many enums and nested types inside the class). The class exposes public/static fields and constructors (public static JavaConcepts t; public constructors, main) used across nested types. The combination of numerous distinct type references across imports, fields, method signatures, exceptions, generics, anonymous classes, and many nested/inner types that instantiate/extend/reference it indicates a hub-like module with many incoming and outgoing dependencies."
,,0,"GrandParent contains only an inner enum MyEnum with two constants (A, B) that use string literals ""a"" and ""b"" and a static import of its own inner enum. There are no incoming or outgoing dependencies to a large number of other abstractions (no references to many other classes or modules), so it does not exhibit hub-like modularization."
,,0,"The enum MyEnum only declares two constants (A(""a""), B(""b"")) and a string literal; there are no outgoing dependencies (no references, method calls, fields or types used from other abstractions) and no incoming dependencies present in the analyzed code. Therefore it does not exhibit hub-like modularization."
,,1,"The InitializationAppender acts as a central hub: it has outgoing dependencies on many distinct abstractions across multiple packages (examples in the class body include TypeDescription, FieldDescription, MethodDescription, StackManipulation, TypeCreation, Duplication, TextConstant, IntegerConstant, ArrayFactory, FieldAccess, MethodInvocation, MethodReturn, MethodVariableAccess and org.objectweb.asm.MethodVisitor / Implementation.Context). It is created and used by the enclosing EnumerationImplementation (instrumentedType.withInitializer(new InitializationAppender(values))) and therefore has incoming coupling from that higher-level abstraction. The class therefore connects many unrelated modules (description.*, implementation.bytecode.*, implementation.*, dynamic/*, org.objectweb.asm, etc.), exhibiting both numerous incoming and outgoing dependencies and serving as a focal point for functionality — matching the Hub-like Modularization smell."
,,1,"ClassFileVersion has many outgoing dependencies across multiple subsystems and acts as a central utility API: imports and usages include net.bytebuddy.build.AccessControllerPlugin, net.bytebuddy.build.HashCodeAndEqualsPlugin, net.bytebuddy.description.type.TypeDescription, net.bytebuddy.dynamic.ClassFileLocator (and ClassFileLocator.ForClassLoader), net.bytebuddy.utility.nullability.MaybeNull, org.objectweb.asm.Opcodes, java.lang.reflect.Method, java.security.PrivilegedAction, java.lang.Runtime and System properties, java.io.IOException and Serializable. It exposes a large public surface (numerous public static constants JAVA_V1..JAVA_V26, of(), ofClassFile(), ofThisVm(), latest(), etc.) and contains an embedded VersionLocator that itself interacts with Runtime, reflection and System properties. The class both depends on many distinct abstractions and is clearly intended to be widely used by other components (central constants and factory methods), matching the characteristics of a hub with many incoming and outgoing relationships."
,,0,"NamingStrategy.AbstractBase has a small, focused set of relationships: outgoing dependencies are limited to TypeDescription / TypeDescription.Generic (used in subclass(...) and the abstract name(TypeDescription) contract), and incoming dependencies are its concrete subclasses within the same file (Suffixing, SuffixingRandom, PrefixingRandom). There are no many disparate incoming/outgoing dependencies to a large number of other abstractions, so it is not a hub-like module."
,,1,"ByteBuddyAgent acts as a central hub: it declares and composes many nested interfaces/classes (AttachmentProvider with multiple implementations and Compound, AttachmentProvider.Accessor and its nested Simple/Unavailable/ExternalAttachment, ProcessProvider with ForCurrentVm/ForJava9CapableVm/ForLegacyVm, AgentProvider with ForByteBuddyAgent/ForExistingAgent, AttachmentTypeEvaluator with InstallationAction/ForJava9CapableVm/Disabled) and coordinates them in its public API (attach/attachNative/install/getInstrumentation). It delegates to many other abstractions (Attacher, Installer, VirtualMachine resolver) and uses numerous JDK subsystems (Instrumentation, ClassLoader/URLClassLoader, ProcessHandle reflection, Manifest/Jar streams, ProcessBuilder). The class both depends on many components (outgoing dependencies) and exposes functionality that other modules rely on (incoming dependencies), indicating hub-like modularization (high coupling and many responsibilities concentrated in one abstraction)."
,,0,"NamedPipeResponse is a small, focused nested implementation of Connection.Response with a single field (WinNT.HANDLE pipe) and two methods (read, close). Its outgoing dependencies are limited to a handful of native/JNA types and functions (Kernel32.INSTANCE.ReadFile, Kernel32.INSTANCE.DisconnectNamedPipe, Kernel32.INSTANCE.CloseHandle, Native.getLastError, WinError.ERROR_BROKEN_PIPE, Win32Exception, WinNT.HANDLE). Its incoming usage is narrow: it is instantiated and returned only by ForJnaWindowsNamedPipe.execute as the response implementation for a Windows named-pipe connection. It does not depend on or reference a large number of other abstractions, nor is it referenced broadly across many modules, so it does not exhibit hub-like modularization."
,,1,"Detected. The ResettableClassFileTransformer abstraction has a very large number of incoming and outgoing dependencies across many packages and abstractions, making it a hub. Evidence in the analyzed source: (1) Public API surface ties to many other abstractions: method signatures reference AgentBuilder and AgentBuilder.RedefinitionStrategy (and its nested types BatchAllocator, DiscoveryStrategy, Listener) as well as java.lang.instrument.Instrumentation, java.lang.instrument.ClassFileTransformer, java.security.ProtectionDomain, net.bytebuddy.description.type.TypeDescription and net.bytebuddy.utility.JavaModule. (2) Top-level imports show many cross-package dependencies: net.bytebuddy.ByteBuddy, net.bytebuddy.build.AccessControllerPlugin, net.bytebuddy.build.HashCodeAndEqualsPlugin, net.bytebuddy.dynamic.loading.ClassLoadingStrategy, net.bytebuddy.dynamic.scaffold.TypeValidation, net.bytebuddy.dynamic.scaffold.subclass.ConstructorStrategy, net.bytebuddy.implementation.MethodCall, net.bytebuddy.implementation.bytecode.assign.Assigner, net.bytebuddy.utility.JavaType. (3) Nested types increase coupling: WithDelegation, Substitutable and WithCallback reference ByteBuddy-based factories, ClassLoadingStrategy.Default.WRAPPER_PERSISTENT, ConstructorStrategy, TypeValidation and JavaType.MODULE to create runtime-generated subclasses, plus use Assigner.DEFAULT and ClassFileTransformer.transform overloads. (4) The interface both consumes and exposes many different abstractions (iterators over AgentBuilder.Transformer, multiple reset overloads with many strategy types, substitution/unwrapping), indicating high fan-in and fan-out. These concentrated dependencies across diverse modules match the Hub-like Modularization smell."
,,0,"The ForAndroidPVm class has a small, focused API surface (one constructor, two methods: loadDex and loadClass) and depends on a limited set of abstractions (java.lang.reflect.Method 'addDexPath', dalvik.system.DexFile, android BaseDexClassLoader, java.io.File, RandomString, IOException). It is instantiated/resolved only in the Injecting.Dispatcher static initializer and used by the Injecting class's doLoad flow. There is no evidence in this class of incoming and outgoing dependencies with a large number of other abstractions or it acting as a central mediator for many modules, so it does not exhibit hub-like modularization."
,,1,"The Injecting class acts as a central orchestrator and is tightly coupled to many distinct abstractions, indicating a hub-like modularization. Evidence of high outgoing coupling: it directly uses dalvik.system.DexFile, java.io.File, java.io.IOException, java.util.Map/HashMap/Set, java.util.RandomString (via RandomString), java.lang.ClassLoader, net.bytebuddy.description.type.TypeDescription, and inherits/relies on DexProcessor and privateDirectory from AndroidClassLoadingStrategy. It also delegates to a complex Dispatcher abstraction with multiple implementations (Dispatcher.ForLegacyVm, Dispatcher.ForAndroidPVm) and resolves reflection targets (BaseDexClassLoader.addDexPath). Key code sites showing coordination with many modules: static DISPATCHER initialization (reflective binding to BaseDexClassLoader), doLoad(...) calling DISPATCHER.loadDex(...) and DISPATCHER.loadClass(...), synchronized usage of the target ClassLoader, construction via super(privateDirectory, dexProcessor), and exception handling (IOException, IllegalArgumentException). This wide set of incoming/outgoing relationships to platform classes, I/O, reflection-based dispatchers and several nested module implementations demonstrates that Injecting is a hub connecting many otherwise independent abstractions."
,,0,"The Wrapping class is small and focused: it declares two constructors and a single protected doLoad(...) implementation. Its outgoing dependencies are limited and explicit (DexClassLoader, File, TypeDescription, Class.forName, Map/HashMap and standard I/O/exception types). It does not declare many collaborators or a large API surface nor does it aggregate or delegate to a large number of other abstractions. While its enclosing AndroidClassLoadingStrategy contains many nested types and dependencies, Wrapping itself is lightweight and not acting as a central hub connecting a large number of other abstractions."
,,0,"Not detected. The Entry class has a focused, small set of dependencies: it implements ElementMatcher<FieldDescription.InDefinedShape> and FieldVisitorWrapper and holds an ElementMatcher<? super FieldDescription.InDefinedShape> and a List<? extends FieldVisitorWrapper>. Its interactions are limited to FieldDescription.InDefinedShape, FieldVisitor, TypeDescription (for wrapping), ElementMatcher, and the MaybeNull annotation. There is no evidence of incoming/outgoing dependencies to a large number of other abstractions that would make it a hub; its responsibilities are narrowly scoped to matching and applying field visitor wrappers."
,,1,"The analyzed abstraction is part of MemberSubstitution which acts as a central hub: it depends on and composes a large number of other abstractions across many packages (e.g. net.bytebuddy.description.*: MethodDescription, FieldDescription, TypeDescription; net.bytebuddy.dynamic.*: TypePool, ClassFileLocator; net.bytebuddy.implementation.*: Implementation, Assigner; net.bytebuddy.matcher.*: ElementMatcher; net.bytebuddy.utility.*; org.objectweb.asm.MethodVisitor/Opcodes; java.lang.reflect.*; java.util.*). It also declares many public inner interfaces and classes (Replacement, Replacement.Factory, Replacement.Binding, Substitution and its Factory implementations, Substitution.Chain and many Step/OffsetMapping/Dispatcher variants, Target, Source) that mediate interactions between these types. MemberSubstitution (and its nested OfGivenMethod) both uses many external abstractions (wide outgoing dependencies shown by imports and usage) and exposes many types and factories intended to be used by others (incoming dependencies). The high number of distinct collaborators and the central coordination role (resolving bindings, creating substitutions, bridging ASM, type descriptors, method/field resolution and factories) indicate a hub-like modularization smell."
,,1,"MemberSubstitution (and its nested Write variant) acts as a hub: it directly depends on a very large number of distinct abstractions and exposes many nested types that themselves depend on many abstractions. Examples of outgoing dependencies from this class include: MethodGraph.Compiler, TypePoolResolver/TypePool, TypeDescription/TypeDefinition/TypeList, MethodDescription/MethodList/ParameterDescription, FieldDescription/FieldList, Replacement/Replacement.Factory, Substitution and many Substitution implementations (Stubbing, ForValue, ForFieldAccess, ForMethodInvocation, Chain and its Step variants), Assigner, StackManipulation and StackSize, Implementation.Context, FieldLocator, Dispatcher, OffsetMapping, BootstrapArgumentResolver and many ElementMatcher/ElementMatchers utilities. It also imports and coordinates across multiple packages (net.bytebuddy.description.*, net.bytebuddy.implementation.*, net.bytebuddy.implementation.bytecode.*, net.bytebuddy.utility.*, org.objectweb.asm.*, java.lang.reflect.*, etc.). Furthermore the class defines numerous nested factories, enums and interfaces (Replacement.Binding, Substitution.Factory, Substitution.Chain.Factory, Chain.Step.Factory, OffsetMapping.Factory, Dispatcher.Factory, BootstrapArgumentResolver.Factory, many For* inner classes) that create additional incoming references from other components at runtime. The combination of (a) many direct type references in methods and fields, (b) a large number of nested types exposing factory/resolve methods, and (c) coordination between many subsystems (type description, bytecode manipulation, matching, factories, dispatchers) demonstrates that this abstraction has both many incoming collaborators and many outgoing dependencies, satisfying the characteristics of Hub-like Modularization."
,,1,"The TypeReferenceClassVisitor acts as a central hub: it depends on and coordinates many distinct abstractions across multiple packages. Evidence of broad outgoing dependencies includes heavy use of ASM types (org.objectweb.asm.ClassVisitor, AnnotationVisitor, FieldVisitor, MethodVisitor, RecordComponentVisitor, Type, TypePath, Handle, ConstantDynamic, Label, TypeReference), Byte Buddy core types (net.bytebuddy.pool.TypePool and TypePool.Resolution, net.bytebuddy.description.type.TypeDescription, net.bytebuddy.matcher.ElementMatcher, net.bytebuddy.utility.OpenedClassReader), and many description/implementation classes (FieldDescription, MethodList, FieldList, Implementation.Context references in its factory method). It both consumes TypePool resolutions and invokes TypeDescription APIs (isNestedClass, getInternalName, isMemberType, getDeclaringType, getSimpleName, getModifiers, getEnclosingType) to emit inner-class attributes. It also exposes many inner visitor classes (TypeReferenceAnnotationVisitor, TypeReferenceFieldVisitor, TypeReferenceMethodVisitor) that themselves interact with many ASM and Byte Buddy types (Type, Handle, ConstantDynamic, AnnotationValue resolution). The class collects and mediates information between bytecode-level ASM abstractions and high-level TypePool/TypeDescription abstractions, creating numerous incoming and outgoing relationships. This concentration of cross-cutting responsibilities and many dependencies indicates a hub-like modularization smell."
,,0,"Although TypeReferenceMethodVisitor has many outgoing dependencies (it references numerous ASM types such as org.objectweb.asm.AnnotationVisitor, MethodVisitor, FieldVisitor, Label, Type, Handle, ConstantDynamic, TypePath and Byte Buddy types like OpenedClassReader, TypePool, TypeDescription, ElementMatcher, FieldList, MethodList and utility classes), it does not act as a hub with many incoming dependencies. It is a protected inner class instantiated and returned only by its enclosing TypeReferenceClassVisitor (see visitMethod returning new TypeReferenceMethodVisitor(methodVisitor)) and used internally by the TypeReferenceAdjustment wrapper. There is no evidence in the analyzed code of a large number of other abstractions depending on this class. Therefore it does not meet the Hub-like Modularization smell (many incoming and outgoing dependencies)."
,,0,"Although this generated JMH test class has many outgoing dependencies (numerous imports and usages of JMH/infra types such as InfraControl, ThreadParams, BenchmarkTaskResult, RawResults, SampleBuffer, BenchmarkParams, IterationParams, Blackhole, Control, ThroughputResult/AverageTimeResult/SampleTimeResult/SingleShotResult, etc.), there is no evidence in the provided code of many incoming dependencies (few or no other abstractions depending on this class). The hub smell requires an abstraction to have both a large number of incoming and outgoing dependencies; here only outgoing connections are present, so Hub-like Modularization is not detected."
,,1,"This generated benchmark harness interacts with a large number of distinct abstractions from multiple packages (JDK, org.openjdk.jmh, net.bytebuddy). Examples include InfraControl, ThreadParams, RawResults, BenchmarkTaskResult, ThroughputResult, AverageTimeResult, SampleTimeResult, SingleShotResult, SampleBuffer, ResultRole, BenchmarkParams, IterationParams, Blackhole, Control, FailureAssistException, TimeUnit, various org.openjdk.jmh annotations and result types, and the benchmark type ClassByExtensionBenchmark_jmhType. The class imports and directly uses 20+ external types and acts as a central coordinator: it instantiates and invokes methods on the benchmark type (l_classbyextensionbenchmark0_0.benchmarkByteBuddyWithProxy()) while orchestrating many JMH framework components (measurement, warmup/warmdown, result aggregation, sampling). This high number of incoming/outgoing relationships makes it a hub-like module."
,,0,"The class has many outgoing dependencies (imports and direct uses) on JMH and utility abstractions: InfraControl, ThreadParams, BenchmarkParams, IterationParams, Blackhole, Control, RawResults, SampleBuffer, BenchmarkTaskResult and multiple Result subclasses (ThroughputResult, AverageTimeResult, SampleTimeResult, SingleShotResult), plus java.util and reflection types. However, there is no evidence in the provided code of a large number of incoming dependencies (few or no other abstractions reference this class in the snippet). Because the Hub-like Modularization smell requires an abstraction to have both many incoming and many outgoing dependencies, this class does not meet the full criterion based on the available code."
,,1,"This class depends on a large number of disparate abstractions (many org.openjdk.jmh.* types and java.util types) and coordinates among them, acting as a hub. Evidence: extensive imports and usages of InfraControl, BenchmarkParams, IterationParams, ThreadParams, Control, Blackhole, RawResults, SampleBuffer, BenchmarkTaskResult, ThroughputResult, AverageTimeResult, SampleTimeResult, SingleShotResult, ResultRole, ScalarResult, AggregationPolicy and other JMH types; fields referencing multiple framework types (benchmarkParams, iterationParams, threadParams, notifyControl, blackhole, startRndMask, f_classbyimplementationbenchmark0_0); and many methods that orchestrate flows between these types (benchmarkCglib_Throughput, benchmarkCglib_AverageTime, benchmarkCglib_SampleTime, benchmarkCglib_SingleShotTime and their stubs). These many incoming/outgoing interactions indicate a hub-like modularization smell."
,,1,"This generated JMH test class depends on a large number of distinct abstractions from the JMH framework and Java standard library, and acts as the connector between the benchmark implementation and the JMH infrastructure. Outgoing dependencies include: InfraControl, ThreadParams, BenchmarkParams, IterationParams, Blackhole, Control, RawResults, BenchmarkTaskResult, ThroughputResult, AverageTimeResult, SampleTimeResult, SingleShotResult, SampleBuffer, ResultRole, FailureAssistException, and standard types such as TimeUnit, List/Collection/ArrayList. It also invokes the benchmark type ClassByImplementationBenchmark_jmhType. As a generated harness (jmh_generated) it is intended to be invoked by the JMH runner (incoming dependency) while orchestrating many framework/result/control classes (outgoing dependencies). The number and diversity of these incoming/outgoing interactions indicate a hub-like modularization smell."
,,0,"Trivial is a small enum implementing AndroidDescriptor with only two constants (LOCAL, EXTERNAL), a single TypeScope field, a constructor, and a getTypeScope(TypeDescription) method. Its referenced types are limited to the nested TypeScope enum, the TypeDescription parameter, and the enclosing AndroidDescriptor interface. There are no many incoming or outgoing dependencies or connections to a large number of other abstractions, so it does not exhibit hub-like modularization."
,,0,"WithNonNullableFields is a small nested subclass of HashCodeAndEqualsPlugin with limited interactions: it declares two trivial constructors that call super and overrides a single protected method nonNullable(ElementMatcher<FieldDescription>) returning not(matcher). Its direct dependencies are minimal (extends HashCodeAndEqualsPlugin; references ElementMatcher<FieldDescription>, FieldDescription, and ElementMatchers.not). There are no signs of it having a large number of incoming or outgoing dependencies to many other abstractions in the provided code, so it does not exhibit Hub-like Modularization."
,,0,"The CompoundIterator is a small, focused nested iterator implementation with very few dependencies: it implements Iterator<Element> and uses a QueueFactory to hold Iterable<? extends Element> instances, calls iterator(), and throws NoSuchElementException/UnsupportedOperationException. It does not reference a large number of other abstractions or modules (no many incoming/outgoing dependencies), so it does not exhibit hub-like modularization."
,,0,"The ForJarOutputStream nested class has a narrow responsibility (writing entries to a JarOutputStream). Its outgoing dependencies are few and focused: JarOutputStream, JarEntry, Source.Element, InputStream/OutputStream and IOException handling (see methods store(...), retain(...), close()). It does not reference a large number of unrelated abstractions nor does the code show many different callers or incoming dependency points in the provided snippet. Therefore it does not act as a hub with many incoming and outgoing dependencies."
,,0,"The class is a small, focused materializable implementation with very few dependencies: it holds a single Source.Element field and its materialize(...) method only invokes sink.retain(element). Its direct type dependencies are limited to Source.Element, Target.Sink and standard collection/exception types (List, Map, String, IOException). It is created in a small number of places (e.g. returned from the Preprocessor's Resolved/Ignored paths) rather than being referenced widely across many abstractions. Therefore it does not exhibit hub-like modularization (it neither depends on nor is depended on by a large number of other abstractions)."
,,0,"The NoOp enum only implements the nested Renaming interface and defines a single INSTANCE plus a trivial apply(String name) method that returns the input. (See: 'enum NoOp implements Renaming', 'INSTANCE', and 'public String apply(String name) { return name; }'.) It references only java.lang.String and its enclosing Renaming type and has no fields, no additional methods, and no uses of many other abstractions. Therefore there is no evidence of incoming/outgoing dependencies with a large number of other abstractions required for a hub-like modularization smell."
,,1,"RenamingPlugin both depends on and connects to a large number of other abstractions across the codebase and external libraries, making it act like a hub. Outgoing dependencies include: net.bytebuddy.asm.AsmVisitorWrapper.AbstractBase, Plugin and Plugin.Factory, ElementMatcher<? super TypeDescription>, TypeDescription, FieldList<FieldDescription.InDefinedShape>, MethodList, ClassFileLocator, DynamicType.Builder, Implementation.Context, TypePool, net.bytebuddy.utility.OpenedClassReader, many net.bytebuddy.description.* types (FieldDescription, MethodList, etc.), matcher utilities (any, nameStartsWith), java.util types (List, Map, ArrayList, HashMap), regex types (Pattern, Matcher) and ASM types (org.objectweb.asm.ClassVisitor, ClassRemapper, org.objectweb.asm.commons.Remapper). It also defines the Renaming interface with nested implementations (NoOp, ForPattern, Compound) and the protected RenamingRemapper class that extends Remapper and uses a cache Map. Incoming coupling is visible via the use of @HashCodeAndEqualsPlugin.Enhance (linking it to HashCodeAndEqualsPlugin). The combination of many distinct incoming references (annotations/usage) and many outgoing references to diverse modules and libraries justifies detection of a hub-like modularization smell."
,,0,"The ByteBuddyTransformationConfiguration class interacts with a small, focused set of abstractions rather than acting as a central hub. Its fields and direct dependencies are: Project, Configuration, Provider<ByteBuddyAndroidService>, and FileCollection. Its single method (invoke) configures a ByteBuddyInstrumentationParameters instance by calling ByteBuddyViewConfiguration.toClassPath(project, configuration), project.getExtensions().getByType(BaseExtension.class).getBootClasspath(), and setting the provider and runtime classpath. These are a handful of well-scoped collaborators (ByteBuddyInstrumentationParameters, ByteBuddyViewConfiguration, BaseExtension) and not a large number of incoming/outgoing dependencies across the system, so it does not exhibit hub-like modularization."
,,1,"ForLegacyAndroid acts as a central dispatcher that connects many different abstractions: it directly depends on Project, Variant, Configuration, FileCollection, TaskProvider, LegacyByteBuddyLocalClassesEnhancerTask, MultipleArtifact (MultipleArtifact.ALL_CLASSES_DIRS), and Kotlin Function1/Gradle provider types. It also defines inner function enums (GetLocalClassesFunction, GetOutputDirFunction) that expose ListProperty<Directory> and DirectoryProperty from the task, further coupling it to task APIs. Additionally, it is selected as the TRANSFORMATION_DISPATCHER fallback and is invoked from VariantAction.execute, making it a widely-used hub with many incoming and outgoing dependencies across the Gradle/Android plugin APIs and the plugin's task types."
,,0,"VariantAction has many outgoing dependencies (it references Project, Configuration, Variant, ConfigurationConfigurationAction, VariantConfigurationConfigurationAction, RuntimeClassPathResolver.INSTANCE, TRANSFORMATION_DISPATCHER, ByteBuddyAndroidService provider, ByteBuddyTransformationConfiguration, ByteBuddyAsmClassVisitorFactory, etc.), but very few incoming dependencies: it is instantiated and registered only in ByteBuddyAndroidPlugin.apply (extension.onVariants(..., new VariantAction(...))). Because it is not referenced by a large number of other abstractions (no widespread incoming coupling) it does not meet the definition of a hub-like modularization despite its high outgoing coupling."
,,1,"ByteBuddyAndroidService acts as a central coordinator that depends on and interacts with many distinct abstractions. Evidence: (1) Fields and State: the State object aggregates many collaborators (List<Plugin>, Plugin.Engine.TypeStrategy, ByteBuddy, TypePool, ClassFileLocator, ClassLoader, AndroidDescriptor), indicating large outgoing dependencies. (2) initialize(...) constructs and wires together numerous subsystems: ClassFileLocator(s), TypePool, multiple URLClassLoader instances, Plugin.Factory objects, BuildLogger, EntryPoint and ByteBuddy — showing many incoming/outgoing interactions. (3) Core methods delegate heavily to external abstractions: matches(...) consults TypePool and iterates plugins calling onPreprocess and matches; apply(...) uses the type strategy and applies plugin.apply to a DynamicType.Builder and wraps/unwrapped ClassVisitor; close() closes plugins, clears the TypePool, closes ClassFileLocator and class loaders. (4) The class imports and uses a wide range of modules (Gradle APIs, Byte Buddy APIs, ASM ClassVisitor, IO, classloading), demonstrating high coupling to many components. These points show the class has high fan-in and fan-out and functions as a hub, matching the Hub-like Modularization smell."
,,1,"ByteBuddyLocalClassesEnhancerTask acts as a hub: it depends on many external abstractions (outgoing deps) and is referenced/used by other components (incoming deps). Outgoing dependencies include ByteBuddy, ClassFileVersion, EntryPoint, Plugin (Plugin.Engine.Source/Target/Factory), ClassFileLocator and many Gradle/Android types (ConfigurableFileCollection, Directory, RegularFileProperty, Logger, etc.), plus reflective resolution of Discovery and invocation of AbstractByteBuddyTask.apply. It also contains substantial nested collaborators (DefaultAndroidDescriptor using ClassFileLocator and filesystem traversal; TargetForAndroidAppJarFile writing JARs) that further couple it to ClassFileLocator, JarOutputStream, Manifest and I/O abstractions. Incoming dependencies: ByteBuddyAndroidPlugin/TransformationDispatcher register and instantiate this task (ConfigurationAction) and wire it into the Gradle/Android pipeline. The class therefore has many incoming and outgoing links across distinct modules (Byte Buddy core, build plugin, Gradle API, Android API, I/O), matching the Hub-like Modularization smell."
,,1,"LegacyByteBuddyLocalClassesEnhancerTask acts as a central coordinator that depends on many different abstractions and is also referenced by other components. Outgoing dependencies (the task depends on many abstractions): execute() constructs and composes ClassFileLocator instances (ClassFileLocator, ClassFileLocator.Compound, ForJarFile/ForFolder/ForClassLoader/ForUrl), uses ByteBuddy and ClassFileVersion, creates URLClassLoader/ClassLoader, uses Plugin/Plugin.Engine/Plugin.Factory/Plugin.Engine.Default (scan, of, apply), EntryPoint (EntryPoint.Unvalidated / EntryPoint.Default.DECORATE), MethodNameTransformer (Suffixing.withRandomSuffix), BuildLogger (and reflective resolution of net.bytebuddy.build.gradle.GradleBuildLogger), AndroidDescriptor.Trivial.LOCAL, Gradle APIs (ConfigurableFileCollection, Property<JavaVersion>, ListProperty<Directory>, DirectoryProperty) and many java/net classes (URL, URLClassLoader, File, IOException). Incoming dependencies (many components reference or wire this class): ByteBuddyAndroidPlugin (TransformationDispatcher.ForLegacyAndroid) registers and wires LegacyByteBuddyLocalClassesEnhancerTask.ConfigurationAction and TaskProvider for variant transforms, and other Gradle wiring calls into its configuration action. The class therefore has both numerous outgoing links to diverse subsystems (byte-buddy core, dynamic class file locators, plugin engine, logging, class loading, Gradle model types) and incoming links from the Android plugin integration code, making it a hub-like module coordinating many abstractions and responsibilities."
,,0,"Coordinate is used widely within ByteBuddyMojo (e.g. Map<Coordinate,String> coordinates in execute(), transform(), apply() and in ForExplicitLocations.resolveClassPathElements(), places where new Coordinate(...) is created to index dependency versions), showing many incoming references. However, the Coordinate class itself has minimal outgoing dependencies: it only stores two Strings (groupId, artifactId) and implements hashCode() and equals(). It does not depend on many other abstractions or reference many external types. Because hub-like modularization requires an abstraction to have many both incoming and outgoing dependencies, Coordinate is not a hub: many incoming usages but very few outgoing dependencies."
,,0,"ForProductionTypes has a focused, limited set of dependencies and responsibilities. It primarily delegates to the containing Mojo (project.getBuild().getOutputDirectory(), project.getBuild().getSourceDirectory()) and exposes three small nested implementations (WithoutRuntimeDependencies, WithRuntimeDependencies, WithExtendedDependencies) that resolve class path elements via project.getCompileClasspathElements(), project.getRuntimeClasspathElements(), or iteration over project.getArtifacts() (using Artifact, Artifact.getArtifactHandler(), Artifact.SCOPE_TEST / SCOPE_IMPORT). It does not itself maintain incoming/outgoing relationships with a large number of distinct abstractions (unlike the outer ByteBuddyMojo which interacts with many systems such as repositorySystem, ClassLoaderResolver, Plugin.Engine, etc.), so it does not exhibit a hub-like modularization smell."
,,1,"AnnotationValue is a central abstraction with many incoming and outgoing dependencies and responsibilities. It imports and references numerous external abstractions (net.bytebuddy.description.enumeration.EnumerationDescription, net.bytebuddy.description.method.MethodDescription, net.bytebuddy.description.type.TypeDefinition, net.bytebuddy.description.type.TypeDescription, net.bytebuddy.dynamic.ClassFileLocator, net.bytebuddy.ClassFileVersion, net.bytebuddy.build.CachedReturnPlugin, net.bytebuddy.utility.nullability.*) and core Java classes (Annotation, Method, Array, various exceptions, ClassLoader). It defines many nested enums and classes (RenderingDispatcher, State, Sort, AbstractBase, ForConstant, ForAnnotationDescription, ForEnumerationDescription, ForTypeDescription, ForDescriptionArray, ForMissingType, ForMismatchedType, ForMissingValue, ForIncompatibleType and many Loaded variants and property delegates) that mediate conversions, loading, rendering, equality/hashCode and error handling across those types. The number of distinct collaborators and the variety of responsibilities (type description <-> runtime type conversion, rendering for multiple JVM versions, array and constant handling, error states) indicate it acts as a hub connecting many abstractions, satisfying the Hub-like Modularization smell."
,,1,"FieldDescription (and its nested ForLoadedField implementation) exhibits hub-like modularization: the abstraction depends on — and is referenced by — many other abstractions across modules. Evidence of high coupling/outgoing dependencies: methods and fields in ForLoadedField reference java.lang.reflect.Field, TypeDescription.ForLoadedType and TypeDescription.Generic (TypeDescription.Generic.LazyProjection.ForLoadedFieldType), AnnotationList.ForLoadedAnnotations, AnnotationDescription, ElementMatcher, org.objectweb.asm.SignatureWriter/Opcodes and net.bytebuddy.build.CachedReturnPlugin (annotations). Evidence of many incoming links / central role: the FieldDescription interface defines many nested types (InGenericShape, InDefinedShape, AbstractBase, Latent, TypeSubstituting, Token, SignatureToken) used throughout net.bytebuddy.description.type (TypeDescription, TypeDescription.Generic), net.bytebuddy.description.annotation (AnnotationList, AnnotationDescription), net.bytebuddy.description.method/field lists, and build/plugin code. The volume and variety of dependencies (reflection, type/annotation descriptions, ASM signature machinery, build/plugin utilities) show this abstraction acts as a hub connecting many subsystems, indicating a Hub-like Modularization smell."
,,1,"This nested class participates in a large, central abstraction graph and depends on many other abstractions: it holds and uses java.lang.reflect.Method and Class<?>[] (fields 'method' and 'parameterType'), references ParameterDescription.ForLoadedParameter.ParameterAnnotationSource (field 'parameterAnnotationSource'), and its get(...) method constructs ParameterDescription.ForLoadedParameter.OfLegacyVmMethod. It is defined inside ParameterList.ForLoadedExecutable which itself depends on JavaDispatcher/Executable, ParameterDescription, MethodDescription, TypeDescription/TypeList, ByteCodeElement.Token, ElementMatcher and other types. Through the returned ParameterDescription instances it couples to MethodDescription, AnnotationList and TypeDescription.Generic projections. These incoming and outgoing links to many distinct abstractions make this class a hub-like module."
,,0,"This class has a small, focused set of dependencies: fields and constructor parameters reference MethodDescription.InGenericShape, List<? extends ParameterDescription>, and TypeDescription.Generic.Visitor. Its get(int) method instantiates ParameterDescription.TypeSubstituting and size() delegates to the local parameterDescriptions list. It extends ParameterList.AbstractBase but does not reference a large number of unrelated abstractions or modules. Therefore it does not act as a hub with many incoming/outgoing dependencies."
,,0,"MethodStrictness has only a small number of incoming and outgoing dependencies. Outgoing: it implements ModifierContributor.ForMethod and ModifierContributor.ForType (nested marker interfaces) and uses ModifierContributor.EMPTY_MASK and org.objectweb.asm.Opcodes.ACC_STRICT. Incoming: it is referenced by ModifierReviewable.ForMethodDescription (return type of getMethodStrictness()) and implemented/used in ModifierReviewable.AbstractBase.getMethodStrictness(). These constitute only a few direct relationships, so MethodStrictness does not act as a hub-like abstraction with many incoming and outgoing dependencies."
,,1,"The abstraction acts as a central hub connecting many different modules and types. RecordComponentDescription and its nested types reference numerous external abstractions: getType() -> TypeDescription.Generic; getAccessor() -> MethodDescription / MethodDescription.InDefinedShape; asToken(...) -> ElementMatcher<TypeDescription> and TypeDescription.Generic.Visitor.Substitutor.ForDetachment; signature generation uses org.objectweb.asm.signature.SignatureWriter and TypeDescription.Generic.Visitor.ForSignatureVisitor; ForLoadedRecordComponent uses net.bytebuddy.utility.dispatcher.JavaDispatcher to proxy java.lang.reflect.RecordComponent and holds an AnnotatedElement, invoking RECORD_COMPONENT.getAccessor(...), RECORD_COMPONENT.getDeclaringRecord(...), RECORD_COMPONENT.getName(...), RECORD_COMPONENT.getGenericSignature(...); it also produces TypeDescription.ForLoadedType and AnnotationList.ForLoadedAnnotations. Other nested types (Latent, TypeSubstituting, Token) interact with TypeDescription, AnnotationDescription/AnnotationList, ByteCodeElement.Token and visitor/substitutor classes. These many incoming/outgoing dependencies across reflection (java.lang.reflect.*), ASM, dispatcher, type/annotation/method description modules indicate the abstraction is a hub-like module coupling large parts of the system."
,,1,"The analyzed TypeDescription (and its nested ForLoadedExecutableParameterType projection) clearly acts as a central hub: it declares and references a very large number of other abstractions (many incoming and outgoing dependencies). Evidence in the file: (1) Extensive imports across many packages and modules (net.bytebuddy.description.*, net.bytebuddy.dynamic.*, net.bytebuddy.implementation.*, net.bytebuddy.matcher.*, net.bytebuddy.utility.*, org.objectweb.asm.*, java.lang.reflect.*, java.security.*, java.util.*), showing many outgoing dependencies. (2) The TypeDescription API exposes and depends on numerous domain types: MethodDescription, FieldDescription, AnnotationDescription / AnnotationList / AnnotationSource, TypeList / TypeVariableSource / TypeDefinition, ModuleDescription, RecordComponentDescription, StackSize, ClassFileVersion, etc. (3) Many inner classes and visitors (Generic, Generic.Visitor, AnnotationReader, LazyProjection, OfParameterizedType, OfTypeVariable, builders, etc.) interact with many other abstractions and types. (4) Other classes in the provided codebase depend on TypeDescription: HashCodeAndEqualsPlugin resolves methods via TypeDescription.ForLoadedType.of(...).getDeclaredMethods() and uses MethodList filtering; JavaDispatcher references MethodDescription and uses TypeDescription.ForLoadedType in many places. (5) The combination of being heavily referenced (incoming) by multiple plugins/dispatchers and directly referencing a wide variety of types (outgoing) matches the Hub-like Modularization smell where one abstraction (TypeDescription/its ForLoaded* projections) forms a central hub with many incoming and outgoing dependencies."
,,1,"Detected hub-like modularization: the LazyInterfaceList (nested under TypeDescription.Generic.LazyProjection.WithLazyNavigation) is tightly coupled to many other abstractions and acts as a central connector. Outgoing dependencies include: TypeDescription.Generic (element type returned), TypeDescription.Generic.LazyProjection (delegate), TypeList.Generic (rawInterfaces), TypeDescription (asErasure()/asGenericType()), AnnotationReader (in lazy projections), and nested LazyInterfaceType which itself depends on LazyProjection and Generic. Incoming dependencies / callers: TypeDescription.Generic.WithLazyNavigation.getInterfaces() returns LazyInterfaceList.of(this), TypeDescription and TypeList implementations (e.g. ForLoadedTypes, ForDetachedTypes, ForLoadedInterfaceTypes) interact with these lazy interface lists. The class is referenced across many responsibilities in the type-model (fields, methods, annotations, generic projections) and appears in multiple lists and projections in the provided files. This concentration of both many incoming uses and many outgoing references to different abstractions (TypeList, Generic, LazyProjection, AnnotationReader, TypeDescription, nested projection types) indicates a hub-like modularization smell."
,,1,"This abstraction functions as a central hub: the TypeDescription hierarchy (and its inner/nested types) depends on a very large number of other abstractions and APIs and exposes many subtypes used across the module. Evidence of high coupling/outgoing dependencies: imports and usages of net.bytebuddy.description.annotation.AnnotationList/AnnotationSource/AnnotationDescription, FieldDescription/FieldList, MethodDescription/MethodList/ParameterDescription, RecordComponentDescription/RecordComponentList, TypeList/TypeVariableSource, ModuleDescription, ClassFileVersion, net.bytebuddy.utility classes (CompoundList, FieldComparator, JavaType), JavaDispatcher, ASM types (org.objectweb.asm.Type, SignatureVisitor, SignatureWriter), extensive java.lang.reflect types (Method, Field, Constructor, TypeVariable, ParameterizedType, GenericArrayType, WildcardType, AnnotatedType, AnnotatedParameterizedType, AnnotatedWildcardType), Proxy/InvocationHandler and security/privilege utilities. Evidence of high incoming coupling / hub role: the class defines numerous nested classes and factories (Generic and its many visitors and subtypes, LazyProxy, OfNonGenericType/ForLoadedType/ForErasure/Latent, OfGenericArray, OfWildcardType, OfParameterizedType, OfTypeVariable, LazyProjection and many projection/reader/delegator variants, ForLoadedType.Dispatcher, SuperTypeLoading and its ClassLoading projections, ArrayProjection, Latent, ForPackageDescription, etc.) that are referenced throughout the type system. The sheer number of distinct concerns (generics processing, annotation reading, reflection bridging, array projection, class loading, signature generation, builder patterns) concentrated in this abstraction indicates it has both many incoming and outgoing relationships, matching the Hub-like Modularization smell."
,,0,"The RetainedMethodTypeVariable implementation is small and narrowly focused. It delegates to a single Generic instance (field 'typeVariable') and invokes a few methods: getUpperBounds().accept(...), getTypeVariableSource(), getSymbol(), and getDeclaredAnnotations(). Its outgoing dependencies are limited to TypeDescription.Generic, TypeList.Generic, TypeVariableSource, AnnotationList and its superclass OfTypeVariable. There is no evidence of numerous incoming/outgoing links to many other abstractions that would qualify it as a hub; it merely wraps/delegates an existing type variable representation."
,,0,"The analyzed type is a small, focused inner class used by Generic.Visitor.Substitutor.ForTypeVariableBinding. Its implementation holds a single field of type Generic and defines two methods: onType(TypeDescription) and onMethod(MethodDescription.InDefinedShape). It interacts only with a very small set of abstractions (Generic, TypeDescription and MethodDescription) and is tightly scoped to substituting type variables. While the enclosing TypeDescription class has a very large dependency surface, this specific inner class does not have large numbers of incoming/outgoing dependencies and therefore does not qualify as a hub-like modularization."
,,0,"TypeList.Explicit has a very small and focused surface: it stores a List<? extends TypeDescription> and implements get(int), size(), and a single static factory of(List<? extends JavaConstant>) that converts JavaConstant -> TypeDescription. Its external dependencies are limited to TypeDescription, JavaConstant and standard collection utilities (List, ArrayList, Arrays). It does not reference or depend on a large number of different abstractions nor act as a central connector between many modules, so it does not exhibit hub-like modularization."
,,1,"The abstraction acts as a central hub: it depends on many other abstractions (outgoing dependencies) and is created/used by many places (incoming dependencies). Outgoing dependencies: the class holds List<? extends TypeDescription.Generic> detachedTypes and a TypeDescription.Generic.Visitor visitor and directly references TypeDescription.Generic, TypeDescription.Generic.Visitor, TypeVariableToken, TypeVariableSource, AnnotationList, FieldDescription, MethodDescription, ParameterDescription (see methods attachVariables/attach/attachVariables/attach for fields/methods/parameters and inner AttachedTypeVariable). Incoming usages: multiple TypeDescription implementations construct or return instances of ForDetachedTypes or its variants (e.g. TypeDescription.OfNonGenericType.getInterfaces() returns new TypeList.Generic.ForDetachedTypes.WithResolvedErasure(...); OfParameterizedType.getInterfaces() uses new TypeList.Generic.ForDetachedTypes.WithResolvedErasure(...); ForReifiedType.getTypeArguments() uses new TypeList.Generic.ForDetachedTypes(...)), and it is used by FieldList/MethodList/RecordComponentList type-substituting logic. The number and diversity of collaborators (type descriptions, members, visitors, tokens, variable sources and annotation readers) and its frequent construction across type/field/method/parameter contexts indicate a hub-like modularization smell."
,,1,"Compound acts as a central hub: it is constructed by multiple factory methods across the codebase (e.g. ForJarFile.ofClassPath(...) -> ""return new Compound(classFileLocators);"", ForModuleFile.ofBootPath(...) -> ""return new Compound(classFileLocators);"", ForModuleFile.ofModulePath(...) -> ""return new Compound(classFileLocators);""), showing many incoming dependencies. Compound also has outgoing dependencies to many other ClassFileLocator implementations: its constructor flattens/inspects arbitrary ClassFileLocator instances (code: ""if (classFileLocator instanceof Compound) { this.classFileLocators.addAll(((Compound) classFileLocator).classFileLocators); } else if (!(classFileLocator instanceof NoOp)) { this.classFileLocators.add(classFileLocator); }"") and its locate/close methods iterate over and delegate to each locator (code: ""for (ClassFileLocator classFileLocator : classFileLocators) { Resolution resolution = classFileLocator.locate(name); ... }"" and ""for (ClassFileLocator classFileLocator : classFileLocators) { classFileLocator.close(); }""). These many incoming creators and outgoing delegations to many different locator abstractions constitute a hub-like modularization smell."
,,0,"ClassFileLocator.Filtering has only a small number of incoming/outgoing dependencies: it holds an ElementMatcher<? super String> matcher and a ClassFileLocator delegate (fields), calls matcher.matches(name) and delegate.locate(name) in locate(...) and delegate.close() in close(). It does not reference or depend on a large number of other abstractions, so it does not exhibit a hub-like modularization smell."
,,1,"ForFolder both depends on many abstractions (outgoing) and is referenced by many other abstractions (incoming). Outgoing dependencies: extends MultiReleaseAware and uses ClassFileVersion, Manifest, FileInputStream, StreamDrainer, Pattern, SortedSet/TreeSet, Iterator, File and other java.io/java.util APIs to implement multi-release and folder scanning logic (methods: of(File, ClassFileVersion), doLocate(String)). Incoming dependencies: multiple factory/locator implementations create or call ForFolder.of(...) (see ForJarFile.ofClassPath -> ForFolder.of, ForModuleFile.ofBootPath -> ForFolder.of, ForModuleFile.ofModulePath -> ForFolder.of, ForJarFile.ofModulePath/ofClassPath usages and Compound composition where folder-based locators are added). Because ForFolder serves as a central connector between file-system based class resolution and many higher-level locators and factory methods, it exhibits hub-like modularization."
,,1,"The FieldDefinitionAdapter (an inner class of DynamicType.Builder.AbstractBase.Adapter) depends on a large number of other abstractions: it holds/uses FieldAttributeAppender.Factory, Transformer<FieldDescription>, FieldDescription.Token and default value state and its materialize() invokes the outer adapter's materialize(...) passing many diverse types (InstrumentedType.WithFlexibleName, FieldRegistry, MethodRegistry, RecordComponentRegistry, TypeAttributeAppender, AsmVisitorWrapper, ClassFileVersion, AuxiliaryType.NamingStrategy, AnnotationValueFilter.Factory, AnnotationRetention, Implementation.Context.Factory, MethodGraph.Compiler, TypeValidation, VisibilityBridgeStrategy, AsmClassReader.Factory, AsmClassWriter.Factory, LatentMatcher<? super MethodDescription>, List<? extends DynamicType>). Additionally, as an inner adapter it manipulates registries (fieldRegistry.prepend(...)) and composes attribute appenders/transformers, linking to net.bytebuddy.implementation.attribute, net.bytebuddy.dynamic, net.bytebuddy.description.*, org.objectweb.asm and many other modules. This high number of incoming/outgoing dependencies (constructor/field types, calls into outer materialize with many parameters, registry interactions) makes it a hub-like abstraction."
,,0,"SimpleParameterAnnotationAdapter is a small, private inner adapter that only interacts with a handful of types (ParameterDescription.Token, AnnotationDescription, MethodDescription.Token, MethodDefinitionAdapter). Its methods (annotateParameter, materialize) only create new tokens/adapters and return local builder/adapters. It is not referenced as a central connector across many modules nor does it hold incoming/outgoing dependencies to a large number of other abstractions, so it does not exhibit a hub-like modularization smell."
,,1,"The analyzed abstraction (the DynamicType interface and its many nested types/adapters, specifically the TypeVariableAnnotationAdapter context) exhibits hub-like modularization. Evidence: (1) Very large number of explicit imports and references to many distinct subsystems: net.bytebuddy.description.type.TypeDescription / TypeList / TypeVariableToken, net.bytebuddy.description.method.MethodDescription, net.bytebuddy.description.field.FieldDescription, net.bytebuddy.description.annotation.AnnotationDescription / AnnotationList / AnnotationValue, net.bytebuddy.dynamic.loading.ClassLoadingStrategy / InjectionClassLoader, net.bytebuddy.dynamic.scaffold.FieldRegistry / MethodRegistry / RecordComponentRegistry / TypeWriter, net.bytebuddy.implementation.* (Implementation, LoadedTypeInitializer, HashCodeMethod, EqualsMethod, ToStringMethod), net.bytebuddy.implementation.attribute.* (AnnotationRetention, FieldAttributeAppender, MethodAttributeAppender, TypeAttributeAppender), net.bytebuddy.implementation.auxiliary.AuxiliaryType, net.bytebuddy.implementation.bytecode.ByteCodeAppender, net.bytebuddy.matcher.ElementMatcher / LatentMatcher, net.bytebuddy.pool.TypePool, net.bytebuddy.utility (AsmClassReader/AsmClassWriter/CompoundList/FileSystem/etc.), org.objectweb.asm.ClassVisitor & Opcodes, plus many java.* and reflection/io classes. (2) The class/interface is referenced by other components (incoming dependencies) shown in the provided relationships: e.g., net.bytebuddy.build.HashCodeAndEqualsPlugin imports and uses DynamicType. (3) The DynamicType API itself aggregates a very large surface (many nested builder interfaces, adapters, and concrete inner classes) that both depends on and exposes functionality for many unrelated abstractions (type descriptions, bytecode writers/readers, class loading strategies, attribute appenders, registries, ASM visitors, matchers, utilities). This high number of incoming and outgoing ties indicates a hub role and thus qualifies as hub-like modularization."
,,1,"The TypeResolutionStrategy abstraction (of which Passive is a concrete variant) acts as a coordination hub between many other abstractions. Passive's API and implementation depend on DynamicType, TypeInitializer, LoadedTypeInitializer, ClassLoadingStrategy, TypeDescription and uses Map/HashMap to relate TypeDescription -> Class, invoking LoadedTypeInitializer.onLoad for each type. Other nested variants (Active, Lazy, Disabled) introduce additional dependencies such as NexusAccessor, Random and ClassLoader interactions. Overall this abstraction has both outgoing dependencies (invoking class loading, initializers, nexus registration in Active) and incoming dependencies (being implemented/used by multiple strategies and clients), indicating a hub-like modularization smell because it connects a large number of distinct abstractions (DynamicType, TypeInitializer, LoadedTypeInitializer, ClassLoadingStrategy, TypeDescription, NexusAccessor, etc.)."
,,1,"The CreationAction (and the enclosing ByteArrayClassLoader) acts as a central hub: it both initializes and coordinates many different abstractions and depends on many external and internal components. Evidence in the analyzed code: (1) CreationAction is used to initialize static strategy fields PACKAGE_LOOKUP_STRATEGY and SYNCHRONIZATION_STRATEGY, making it an entry point for multiple subsystems. (2) It directly references many JVM and library abstractions via reflection and method-handle logic (Class.forName, java.lang.invoke.MethodHandles, Method, InvocationTargetException, PrivilegedAction). (3) The enclosing ByteArrayClassLoader collaborates with numerous distinct abstractions: PersistenceHandler, PackageDefinitionStrategy, ClassFilePostProcessor, SynchronizationStrategy implementations (ForJava7CapableVm, ForJava8CapableVm, ForLegacyVm), PackageLookupStrategy implementations (ForLegacyVm, ForJava9CapableVm), JavaDispatcher, JavaModule, GraalImageCode, ClassFileVersion, ClassLoadingStrategy, ClassLoaderDecorator, TypeDescription and various URL/URLConnection/URLStreamHandler nested types. (4) The class both consumes services from many modules (reflection, URL handling, security/privileged actions, method handles) and exposes behavior used widely by other components (class loading and package lookup). This high number of incoming and outgoing dependencies indicates a hub-like modularization smell."
,,0,"PrependingEnumeration has very few dependencies: it references java.net.URL (field nextElement), java.util.Enumeration<URL> (field enumeration) and java.util.NoSuchElementException (throws). Its API surface is minimal (hasMoreElements, nextElement) and it is only instantiated/used by ChildFirst.getResources. There is no evidence of numerous incoming or outgoing dependencies to many other abstractions, so it does not exhibit hub-like modularization."
,,0,"ForClassFileTransformer has a small, focused set of dependencies: ClassFileTransformer (delegation target), ProtectionDomain, ClassLoader, IllegalClassFormatException, the nested AllPermissionsCollection (extends PermissionCollection, uses AllPermission, Collections, Enumeration) and nullability annotations (AlwaysNull, MaybeNull). It also carries a reference to HashCodeAndEqualsPlugin.Enhance as an annotation. These are a limited, cohesive group (JDK security types, transformer API, small utility classes and one build-time annotation). There is no evidence of wide incoming and outgoing coupling to a large number of other abstractions in the provided relationships, so this does not exhibit a hub-like modularization smell."
,,1,"The ClassInjector type (and its nested implementations) acts as a central hub: it depends on a large number of other abstractions (outgoing dependencies) and is used/queried by other modules (incoming). Evidence of high outgoing coupling: numerous imports across many packages (com.sun.jna.*, net.bytebuddy.* including ByteBuddy, ClassFileLocator, DynamicType, TypeDescription, JavaModule, RandomString, utility.dispatcher.JavaDispatcher, utility.GraalImageCode, privilege/GetMethodAction, etc.), heavy use of core JDK APIs (java.lang.reflect.*, java.security.*, java.io.*, java.util.*, java.lang.instrument.*, java.net.URL), and many nested strategy implementations (UsingReflection, UsingLookup, UsingUnsafe, UsingInstrumentation, UsingJna) each interacting with different subsystems (reflection, method handle lookups, Unsafe, Instrumentation, JNA). Evidence of incoming coupling: other components reference or query these injectors and their modules (e.g. UsingUnsafe.Factory.resolve interacts with JavaModule.ofType(ClassInjector.UsingUnsafe.class); JavaDispatcher proxies are used to access System and Instrumentation from ClassInjector implementations), demonstrating that many parts of the system rely on this abstraction. The combination of many distinct responsibilities and wide-reaching references across subsystems qualifies this type as a hub-like module."
,,1,"ClassInjector acts as a central hub: it defines the top-level interface plus many nested implementations and dispatchers (AbstractBase, UsingReflection (with Dispatcher and many nested Initializable/Direct/UsingUnsafeInjection/UsingUnsafeOverride/Unavailable types), UsingLookup, UsingUnsafe (with Dispatcher, Enabled/Unavailable, Factory and AccessResolver), UsingInstrumentation (with Dispatcher and Target), and UsingJna (with Dispatcher and Jvm)). Those nested types depend on a large number of external abstractions and subsystems: ClassLoader, MethodHandles/Lookup, sun.misc.Unsafe / jdk.internal.misc.Unsafe, java.lang.instrument.Instrumentation, JNA (Library, Native, JNIEnv), ProtectionDomain, ClassFileLocator, TypeDescription, JavaModule, ClassFileVersion, ByteBuddy APIs, reflection (Method/Field/AccessibleObject/InvocationTargetException), security (Permission, SecurityManager), IO (JarFile/JarOutputStream/File), and many utility classes (RandomString, JavaDispatcher, etc.). The interface exposes many factory/static methods (ofSystemLoader/ofPlatformLoader/ofBootLoader/of(File,Target,Instrumentation), UsingLookup.of/in) and bridges multiple modules via dispatcher factories and privileged actions. This produces both numerous incoming dependencies (many callers/components rely on the injector implementations) and numerous outgoing dependencies (the injector directly references many unrelated subsystems), which is characteristic of Hub-like Modularization."
,,1,"The UsingInstrumentation class is acting as a hub: it has many outgoing dependencies (Instrumentation - field and parameters; JavaDispatcher - private static final Dispatcher DISPATCHER = doPrivileged(JavaDispatcher.of(Dispatcher.class)); RandomString - field randomString and usage randomString.nextString(); IO and archive types - File, FileOutputStream, JarOutputStream, JarFile, ZipFile; Class resolution and loading - Class.forName(..., target.getClassLoader()); ClassFileLocator - classFileLocator.locate(name).resolve(); JavaModule and module-redefinition support via redefineModule(...) which converts and passes sets/maps to DISPATCHER.redefineModule). It also exposes services used by other components (incoming dependencies): UsingUnsafe.Factory.resolve directly calls ClassInjector.UsingInstrumentation.redefineModule(instrumentation, ...), showing other injector factories depend on it. Additionally, the Target enum uses the dispatcher (DISPATCHER.appendToBootstrapClassLoaderSearch / appendToSystemClassLoaderSearch) to perform core behavior. The combination of numerous distinct external APIs and being referenced/called by other injector factories indicates hub-like modularization (many incoming and outgoing dependency relationships)."
,,1,"ClassInjector.UsingUnsafe exhibits hub-like modularization: it has numerous outgoing dependencies to many distinct subsystems (sun.misc.Unsafe and jdk.internal.misc.Unsafe via reflection, JNA types and Jvm dispatcher, java.lang.instrument.Instrumentation, ByteBuddy/Type generation, JavaModule, JavaDispatcher, ClassLoadingStrategy, ClassLoader / ProtectionDomain, RandomString, PackageDefinitionStrategy and many utility types). Examples in the provided code: CreationAction and Dispatcher logic reflectively load sun.misc.Unsafe / jdk.internal.misc.Unsafe and manipulate AccessibleObject (multiple Unsafe usages), UsingJna.Dispatcher uses JNA/Jvm, UsingInstrumentation references Instrumentation and Target injection, and the Factory.resolve interacts with JavaModule and UsingInstrumentation. It is also heavily referenced by other components (incoming links): ClassLoadingStrategy.ForUnsafeInjection creates new ClassInjector.UsingUnsafe; Dispatcher.CreationAction and other dispatchers check UsingUnsafe.isAvailable() to decide fallback strategies; ClassInjector's CreationAction chooses UsingUnsafe-based implementations when JavaModule is supported. The class therefore connects to many different abstractions (security/privilege code, module handling, native/JNI access, instrumentation, class loading strategies) and acts as a central hub coordinating them, matching the Hub-like Modularization smell."
,,0,ForBootstrapInjection has only a few direct dependencies: java.lang.instrument.Instrumentation and java.io.File (constructor fields) and the ClassInjector abstraction (used to choose between ClassInjector.UsingInstrumentation.of(...) and new ClassInjector.UsingReflection(classLoader) and then call inject(types)). It is a small delegating implementation (selects an injector and delegates load/inject) and does not maintain incoming/outgoing relationships with a large number of other abstractions. Therefore it does not exhibit a hub-like modularization smell.
,,0,"InjectionDispatcher has a small, focused set of dependencies and collaborators: ProtectionDomain (field), PackageDefinitionStrategy (field), ClassInjector.UsingReflection (instantiated in load), ClassLoader and Map<TypeDescription, byte[]> (method parameters/return). It is created/used by ClassLoadingStrategy.Default (INJECTION) and implements a few Configurable methods (with(ProtectionDomain), with(PackageDefinitionStrategy), with(ClassLoaderDecorator.Factory) which throws UnsupportedOperationException, allowExistingTypes, opened). There is no evidence that this abstraction has incoming and outgoing dependencies to a large number of other abstractions; its interactions are limited and cohesive, so it does not exhibit a hub-like modularization smell."
,,1,"ClassReloadingStrategy acts as a central coordinator with many incoming and outgoing dependencies. Evidence: numerous imports and collaborations (Instrumentation, ClassDefinition, ClassFileTransformer, ClassFileLocator, ClassInjector, TypeDescription, JavaModule, AgentBuilder, JavaDispatcher), nested types that expose/mediate behavior (protected Dispatcher, enum Strategy with ClassRedefinitionTransformer and ClassResettingTransformer, BootstrapInjection with Disabled/Enabled), and many public methods that orchestrate redefinition/retransformation, bootstrap injection, resetting and preregistration (load(...), reset(...), enableBootstrapInjection(...), preregistered(...)). It uses and exposes a wide set of abstractions (DISPATCHER, strategy, bootstrapInjection, preregisteredTypes) and manipulates collections/maps of classes and definitions across class loaders, indicating both many incoming collaborators and many outgoing interactions — matching the Hub-like Modularization smell."
,,1,"MultipleParentClassLoader acts as a central hub that connects to an unbounded number of other ClassLoader abstractions. Evidence: (1) Field 'private final List<? extends ClassLoader> parents' holds many parent ClassLoader instances. (2) Methods iterate over that list to delegate behavior to each parent: loadClass(String, boolean) loops parents and calls parent.loadClass(...); getResource(String) loops parents and calls parent.getResource(...); getResources(String) collects parent.getResources(...) results into a list. (3) getResources returns a CompoundEnumeration that itself aggregates a List<Enumeration<URL>> and iterates them, further centralizing multiple sources. (4) The nested Builder class provides many append/appendMostSpecific/filter methods to collect arbitrary numbers of ClassLoader instances and ultimately constructs a MultipleParentClassLoader (doBuild), demonstrating many incoming links from callers collecting diverse class loaders. These elements show the class has both many outgoing dependencies (delegations to many parents/enumerations) and many incoming connections (builders and callers supplying many class loaders), matching the Hub-like Modularization smell."
,,1,"InstrumentedType.WithFlexibleName (and its enclosing InstrumentedType) depends on a very large number of other abstractions and serves as a central hub. Evidence of high outgoing dependencies: its API methods reference many types (ModuleDescription, FieldDescription.Token, MethodDescription.Token, RecordComponentDescription.Token, TypeList.Generic, TypeVariableToken, AnnotationDescription, LoadedTypeInitializer, ByteCodeAppender, TypeDescription, MethodDescription.InDefinedShape, RecordComponentDescription, TargetType, Transformer, ElementMatcher, ParameterDescription, etc.). The Default implementation declares many fields and constructor parameters referencing dozens of abstractions (Generic, TypeDescription, TypeList, FieldDescription.Token, MethodDescription.Token, RecordComponentDescription.Token, AnnotationDescription, TypeInitializer, LoadedTypeInitializer, TypeVariableToken, ModuleDescription, etc.). It repeatedly composes and transforms tokens via Generic.Visitor.Substitutor.ForDetachment.of(this) showing tight coupling with type/token abstractions. Evidence of incoming hub behavior: Factory.Default.represent/subclass produce or return InstrumentedType instances and many other core descriptor classes (FieldDescription, MethodDescription, RecordComponentDescription, TypeList) interact with InstrumentedType tokens/visitors to attach/detach types. The concentration of many incoming/outgoing relationships across core description and token types indicates a hub-like modularization smell."
,,0,"ForJVMMethod is a small harmonizer enum with a single INSTANCE and a nested Token class. Its outgoing dependencies are limited to MethodDescription.TypeToken (used by harmonize and Token) and standard Object methods (hashCode, equals, toString). It does not reference or aggregate a large number of other abstractions (no extensive maps, graphs, or many other types), nor does it act as a central hub delegating to many different modules. Therefore it does not exhibit hub-like modularization."
,,1,"The analyzed abstraction acts as a central hub: it directly depends on (outgoing) a very large number of different abstractions (see the extensive import list: many net.bytebuddy.* packages, org.objectweb.asm.*, collections and utility types). Within Default and its nested types it holds fields typed to many collaborators: ClassFileVersion, TypeDescription, FieldPool, RecordComponentPool, List<? extends DynamicType>, FieldList<FieldDescription.InDefinedShape>, MethodList, MethodRegistry (used in factory methods), LoadedTypeInitializer, TypeInitializer, TypeAttributeAppender, AsmVisitorWrapper, AnnotationValueFilter.Factory, AnnotationRetention, AuxiliaryType.NamingStrategy, Implementation.Context.Factory, AsmClassReader.Factory, AsmClassWriter.Factory, TypePool, ClassFileLocator, MethodRebaseResolver, SubclassImplementationTarget.Factory and others. It exposes many factory methods (forCreation, forRedefinition, forRebasing, forDecoration) that accept and return numerous different subsystem types (MethodRegistry.Compiled/Prepared, ClassFileLocator, MethodRebaseResolver, Implementation.Target.Factory, etc.), indicating many incoming relationships. The large number of nested interfaces and records (FieldPool, MethodPool, RecordComponentPool and their many Record implementations and wrappers) further increases coupling with many abstractions (ASM visitors, Method/Field/Record descriptors, attribute appenders, byte-code appenders, frame writers, etc.). Together these facts show this abstraction has both extensive outgoing dependencies and acts as a central integration point for many other components, i.e. a hub-like modularization smell."
,,1,"The TypeWriter abstraction is a clear hub: it directly depends on a very large number of other abstractions and subsystems and composes them into a single central coordinator. Examples of outgoing dependencies in this class include many byte-buddy description and implementation types (MethodDescription, FieldDescription, RecordComponentDescription, TypeDescription, MethodList, FieldList, RecordComponentList, Implementation.Context, LoadedTypeInitializer, TypeAttributeAppender, MethodAttributeAppender, FieldAttributeAppender, RecordComponentAttributeAppender, AnnotationValueFilter.Factory, AnnotationRetention, AuxiliaryType.NamingStrategy, TypePool, MethodRegistry), large portions of the ASM API (ClassReader, ClassWriter, ClassVisitor, MethodVisitor, FieldVisitor, ModuleVisitor, RecordComponentVisitor, AnnotationVisitor, Opcodes, TypePath, ConstantDynamic, Handle), and utility classes (AsmClassReader.Factory, AsmClassWriter.Factory, AsmVisitorWrapper, ClassFileLocator, DynamicType, TypeResolutionStrategy). It also defines numerous nested interfaces and classes (FieldPool, MethodPool, RecordComponentPool and their Record types; Default, ForInlining, WithFullProcessing, ForCreation, ForRedefinition, ForRebasing, WithDecorationOnly, many visitor and handler inner classes), each of which further interacts with many other types (MethodRebaseResolver, Implementation.Target.Factory, TypeInitializer, FrameWriter, ContextRegistry, InitializationHandler, etc.). The class orchestrates and connects these many concerns (ASM visitors, method/field/record component pools, attribute appenders, type validation, class dumping), indicating high incoming/outgoing coupling. This centralization of many dependencies (across net.bytebuddy.* subsystems and org.objectweb.asm.*) makes TypeWriter act as a hub-like module, satisfying the Hub-like Modularization smell."
,,0,"SignatureKey is a small value object with two String fields (internalName, descriptor) and simple equals/hashCode implementations. It has many incoming uses across the TypeWriter.Default implementation (examples: declarableFields.put(new SignatureKey(...)), declarableMethods.put(new SignatureKey(...)), fieldKeys, methodsKeys, visitedFields, visitedMethods and DeduplicatingClassVisitor's containment checks), showing it is referenced by many other abstractions. However, its outgoing dependencies are minimal (only java.lang.String, java.lang.Object methods and a nullability annotation). Hub-like Modularization requires an abstraction to have both many incoming and many outgoing dependencies. Because SignatureKey has many incoming but very few outgoing dependencies, it does not qualify as a hub-like module."
,,1,"The TypeWriter abstraction (and its nested classes such as WithActiveRecord) acts as a central hub: it both depends on and is used by a large number of other abstractions across the code base. Evidence of many outgoing dependencies: the code references/uses org.objectweb.asm visitors (ClassVisitor, MethodVisitor, FieldVisitor, RecordComponentVisitor, ModuleVisitor), ASM helpers (ClassReader, ClassWriter, Remapper/SimpleRemapper), bytecode/implementation primitives (ByteCodeAppender, StackManipulation, MethodInvocation, MethodReturn, MethodVariableAccess, FieldAccess), implementation framework types (Implementation, Implementation.Context, Implementation.Context.ExtractableView, MethodRebaseResolver, RebaseImplementationTarget, SubclassImplementationTarget), type descriptions and pools (TypeDescription, MethodDescription, FieldDescription, RecordComponentDescription, TypePool), attribute & annotation helpers (AnnotationValueFilter.Factory, AnnotationRetention, TypeAttributeAppender, FieldAttributeAppender, MethodAttributeAppender, RecordComponentAttributeAppender), auxiliary type support (AuxiliaryType, AuxiliaryType.NamingStrategy), class file/version utilities (ClassFileVersion, TypeInitializer, LoadedTypeInitializer), and utility classes (AsmClassReader.Factory, AsmClassWriter.Factory, ClassFileLocator). Evidence of many incoming dependencies / many other components relying on TypeWriter and its nested records: Implementation.Context.Default defines DelegationRecord types that extend TypeWriter.MethodPool.Record.ForDefinedMethod and calls record.apply(...); Implementation.Context.drain and TypeWriter.Default.UnresolvedType.toDynamicType return/consume TypeWriter-related data; MethodRegistry, MethodPool, FieldPool and RecordComponentPool are integrated throughout Default/ForCreation/ForInlining/WithFullProcessing where TypeWriter records (FieldPool.Record, MethodPool.Record, RecordComponentPool.Record) are created, applied and wrapped (e.g., AccessBridgeWrapper wraps MethodPool.Record). The sheer volume of distinct collaborators (ASM, implementation, description, attribute, auxiliary and utility subsystems) indicates the analyzed abstraction functions as a hub with many incoming and outgoing dependencies, matching the Hub-like Modularization smell."
,,1,"The TypeWriter abstraction (and its Default/ForInlining/ForCreation specializations) acts as a central hub: it declares many nested collaborator interfaces (FieldPool, MethodPool, RecordComponentPool) and a deep nested hierarchy of Record/Record.ForDefinedMethod/WithBody/WithoutBody/AccessBridgeWrapper, etc. It depends on a large number of external abstractions across packages (e.g. net.bytebuddy.description.* types, net.bytebuddy.dynamic.* types, net.bytebuddy.implementation.*, net.bytebuddy.implementation.bytecode.ByteCodeAppender, org.objectweb.asm.ClassVisitor/MethodVisitor/ClassWriter/ClassReader, AsmClassReader/AsmClassWriter, TypePool, ClassFileLocator, AnnotationValueFilter.Factory, Implementation.Context.Factory, AuxiliaryType.NamingStrategy and many more). Methods and responsibilities (make, wrap, create, extensive inner classes like RedefinitionClassVisitor, DecorationClassVisitor, ImplementationContextClassVisitor, ClassDumpAction.Dispatcher) show both many incoming and outgoing connections: it composes/uses MethodPool/FieldPool records, coordinates ASM visitors and class readers/writers, registers and drains Implementation.Context, and writes auxiliary types. This concentration of numerous distinct dependencies and responsibilities indicates a hub-like modularization smell where this abstraction is a central coupling point for many modules."
,,0,"WithMethodAttributeAppenderFactory is a small wrapper that holds only two fields (delegate: ConstructorStrategy.Default and methodAttributeAppenderFactory: MethodAttributeAppender.Factory) and implements two methods that simply delegate to the underlying default strategy (extractConstructors delegates to delegate.extractConstructors; inject delegates to delegate.doInject(..., methodAttributeAppenderFactory)). It does not maintain incoming/outgoing dependencies to a large number of distinct abstractions (primary direct dependencies are Default, MethodAttributeAppender.Factory and MethodRegistry). Therefore it does not exhibit hub-like modularization."
,,0,"OwnerTypeLocatable is a small fluent interface with only three methods (in(Class<?>), in(TypeDescription), in(FieldLocator.Factory)) and it extends AssignerConfigurable. Its API references only a few other abstractions (Class, TypeDescription, FieldLocator.Factory/Assigner via the superinterface). While the enclosing FieldAccessor class interacts with many types, the OwnerTypeLocatable abstraction itself has low coupling and does not show incoming/outgoing dependencies to a large number of other abstractions, so it is not a hub."
,,1,"FieldAccessor depends on a large number of distinct abstractions (outgoing): net.bytebuddy.description.field.FieldDescription, net.bytebuddy.description.method.MethodDescription, net.bytebuddy.description.type.TypeDescription, net.bytebuddy.dynamic.scaffold.FieldLocator, net.bytebuddy.dynamic.scaffold.InstrumentedType, net.bytebuddy.implementation.bytecode.StackManipulation, net.bytebuddy.implementation.bytecode.assign.Assigner, net.bytebuddy.implementation.bytecode.constant.ClassConstant, net.bytebuddy.implementation.bytecode.constant.DefaultValue, net.bytebuddy.implementation.bytecode.member.FieldAccess, net.bytebuddy.implementation.bytecode.member.MethodReturn, net.bytebuddy.implementation.bytecode.member.MethodVariableAccess, net.bytebuddy.utility.ConstantValue, net.bytebuddy.utility.JavaConstant, net.bytebuddy.utility.RandomString, utility nullability annotations, ASM MethodVisitor/Opcodes, java.lang.reflect.Field/Type, collections/iterators and matcher utilities. It also defines many nested interfaces and classes (FieldLocation and Prepared, FieldNameExtractor and implementations, PropertyConfigurable/AssignerConfigurable/OwnerTypeLocatable, ForImplicitProperty, ForSetter with many concrete setter strategies and inner Appender classes) that mediate interactions with those abstractions. The class therefore has widespread outgoing couplings and acts as a central coordinator for many responsibilities (field resolution, byte-code appending, assignment/typing, constant handling). Given this high number of distinct incoming/outgoing collaborators and its central coordinating role, it exhibits the Hub-like Modularization smell."
,,1,"FixedValue acts as a central hub: it directly depends on many subsystems (imports and usages include net.bytebuddy.description.* (FieldDescription, MethodDescription, ParameterDescription, TypeDescription), net.bytebuddy.dynamic.scaffold.InstrumentedType, net.bytebuddy.implementation.bytecode.* (ByteCodeAppender, StackManipulation, MethodReturn, MethodVariableAccess), net.bytebuddy.implementation.bytecode.assign.Assigner, net.bytebuddy.implementation.bytecode.constant.* (ClassConstant, NullConstant), net.bytebuddy.implementation.bytecode.member.FieldAccess, net.bytebuddy.utility.* (ConstantValue, JavaConstant, RandomString), and ASM (MethodVisitor, Opcodes)). It also exposes/implements multiple roles and inner types (ForNullValue, ForOriginType, ForThisValue, ForArgument, ForConstantValue, ForValue, plus AssignerConfigurable) that bridge these modules. The class both consumes many abstractions and provides bytecode-implementing components (ByteCodeAppender implementations and InstrumentedType preparation), creating numerous incoming and outgoing dependencies, which matches the Hub-like Modularization smell."
,,0,"ForOriginType is a small inner class of FixedValue with a limited set of dependencies: it extends FixedValue (which brings Assigner and Assigner.Typing), implements AssignerConfigurable, and its appender uses TypeDescription (originType) and ClassConstant to produce a ByteCodeAppender. The direct collaborators visible in the snippet are a handful of types (Assigner, Assigner.Typing, TypeDescription, ClassConstant, ByteCodeAppender, MethodVisitor/Context/MethodDescription/StackManipulation). There is no evidence in the provided relationships of many incoming references to ForOriginType or dozens of outgoing dependencies to diverse abstractions. Therefore it does not act as a hub with large numbers of incoming and outgoing dependencies and does not exhibit Hub-like Modularization."
,,0,"The UsingJump guard is a small, narrowly scoped inner class: it depends on a handful of abstractions (MethodDescription.InDefinedShape for instrumentedMethod, org.objectweb.asm.Label, org.objectweb.asm.MethodVisitor/Opcodes, Implementation.Context and StackManipulation.AbstractBase). Its usage is localized (constructed by HashCodeMethod.Appender as new NullValueGuard.UsingJump(instrumentedMethod) and applied only within the hash code generation flow). It does not have incoming and outgoing dependencies to a large number of other abstractions across the codebase, so it does not act as a hub connecting many modules."
,,1,"Implementation.Composable sits at the center of a large, highly connected API: it is a nested specialization of Implementation (which itself references many types across packages such as ClassFileVersion, CachedReturnPlugin, HashCodeAndEqualsPlugin, numerous description.* types, DynamicType, InstrumentedType, MethodGraph, TypeInitializer, TypeWriter, auxiliary/bytecode/member classes and utility classes). Implementation.Composable is used directly by multiple internal abstractions (e.g. Compound and Compound.Composable rely on and produce Implementation.Composable instances; Compound/Compound.Composable flatten and combine composable implementations). Through its parent interface Implementation it exposes and connects to many other abstractions (ByteCodeAppender, Target, Context, StackManipulation, FieldAccess, MethodInvocation, MethodReturn, MethodVariableAccess, AuxiliaryType, TypeInitializer, etc.), creating both many incoming uses (parts of the framework implement or check for Composable) and many outgoing ties (it inherits the broad surface of Implementation). This concentration of relationships across packages and many distinct types indicates a hub-like modularization smell."
,,0,"The analyzed class is a small factory wrapper that only holds a single field (private final String suffix), a constructor, and two make(...) methods that delegate to new Default(..., suffix). Its outgoing dependencies are limited to a few types required for delegation: TypeDescription, AuxiliaryType.NamingStrategy, TypeInitializer, ClassFileVersion, and Implementation.Context.FrameGeneration (and the enclosing Default implementation). It does not itself reference or coordinate a large number of other abstractions nor aggregate many distinct responsibilities. There is no evidence of many incoming/outgoing links (no large collections of collaborators or complex routing logic). Therefore it does not exhibit Hub-like Modularization."
,,0,"The interface only has a small number of dependencies: it extends Implementation.Composable and declares a single method withAssigner(Assigner). Outgoing dependencies are therefore limited to Implementation.Composable and Assigner. Incoming references are local: InvocationHandlerAdapter declares/uses this nested interface and WithoutPrivilegeConfiguration extends it. There is no large set of incoming/outgoing relationships to many other abstractions, so it is not a hub-like module."
,,0,"The analyzed abstraction is a small, inner ArgumentProvider implementation with very limited coupling. It holds a single TypeDescription field and its resolve/prepare methods only use NullConstant.INSTANCE and return the provided InstrumentedType unchanged. Although the method signature references MethodDescription, Assigner and Assigner.Typing (from the interface), the implementation does not interact with many distinct abstractions. There is no evidence of high incoming/outgoing dependency degree (no references to many other classes or modules), so it does not exhibit a hub-like modularization smell."
,,1,"The InvokeDynamic (analyzed as InvokeDynamic.Simple) class exhibits hub-like modularization: it depends on a very large number of distinct abstractions and also exposes many nested interfaces/classes that other components use. Evidence of wide outgoing dependencies: the file imports and uses many packages and types (net.bytebuddy.description.type.TypeDescription, TypeList, TypeDefinition, MethodDescription, FieldDescription, ParameterDescription, InstrumentedType, FieldLocator, MethodGraph, net.bytebuddy.implementation.bytecode.StackManipulation (and many implementations like IntegerConstant, LongConstant, TextConstant, ClassConstant), Assigner and Assigner.Typing, JavaConstant/ConstantValue/JavaType, CompoundList, RandomString, ASM MethodVisitor/Opcodes, and many java.lang.reflect classes). Evidence of being a hub for incoming dependencies: it declares rich public/protected nested interfaces and classes (InvocationProvider and its nested Target, ArgumentProvider and many implementations, NameProvider, ReturnTypeProvider, TerminationHandler, AbstractDelegator, WithImplicitArguments, WithImplicitTarget, WithImplicitType and many nested OfInstance/OfArgument/OfField) that are API-style extension points used by other modules. The class centralizes orchestration of dynamic-invocation behavior (bootstrap method, argument provisioning, target resolution, termination handling, byte-code appender) so many different subsystems both call into it and are referenced by it, satisfying the hub smell criteria (high number of both incoming and outgoing coupling across many abstractions)."
,,0,"The class is a tiny singleton enum (INSTANCE) implementing MethodAccessorFactory whose three methods simply throw IllegalStateException. It only touches a small set of closely related types (MethodAccessorFactory, Implementation.SpecialMethodInvocation, MethodDescription.InDefinedShape, FieldDescription, AccessType) and contains no aggregating collections or routing logic to many other abstractions. It therefore does not exhibit the many incoming/outgoing dependency relationships characteristic of a hub-like module."
,,1,"MethodCall acts as a central hub: it composes and coordinates many distinct abstractions and implementations (MethodLocator, TargetHandler, ArgumentLoader, MethodInvoker, TerminationHandler, Appender, FieldSetting, WithoutSpecifiedTarget). Each of these is further decomposed into many nested implementations/factories (e.g. ArgumentLoader.ForMethodParameter, ForMethodParameterArray, ForStackManipulation, ForInstance, ForField, ForMethodCall; TargetHandler.ForSelfOrStaticInvocation, ForConstructingInvocation, ForValue, ForField, ForMethodParameter, ForMethodCall; MethodInvoker.ForContextualInvocation, ForVirtualInvocation, ForSuperMethodInvocation, ForDefaultMethodInvocation; TerminationHandler.Simple and FieldSetting). The class depends on wide parts of the codebase (description.*, dynamic.scaffold.*, implementation.bytecode.*, matcher.*, utility.*) and orchestrates their interactions (prepare, appender, toStackManipulation, resolve). This high number of incoming/outgoing dependencies and the central coordinating role are characteristic of a Hub-like Modularization smell."
,,1,"The analyzed abstraction sits at the center of a very large set of incoming and outgoing dependencies. Within MethodCall (and the referenced WithImplicitType invoker) the code directly references many distinct abstractions: MethodLocator (+ Factory and multiple implementations ForInstrumentedMethod/ForExplicitMethod/ForElementMatcher), TargetHandler (+ many Resolved implementations and Factory variants: ForSelfOrStaticInvocation, ForConstructingInvocation, ForValue, ForField, ForMethodParameter, ForMethodCall), ArgumentLoader (+ many implementations and Factories: ForNullConstant, ForThisReference, ForInstrumentedType, ForMethodParameter, ForMethodParameterArray, ForMethodParameterArrayElement, ForInstance, ForField, ForMethodCall, ForStackManipulation), MethodInvoker (+ ForContextualInvocation, ForVirtualInvocation (WithImplicitType), ForSuperMethodInvocation, ForDefaultMethodInvocation and their factories), TerminationHandler (+ Simple enum and FieldSetting + factories), and numerous core types (Assigner and Assigner.Typing, InstrumentedType, Implementation.Target, MethodDescription, FieldDescription, ParameterDescription, TypeDescription, FieldLocator, StackManipulation, ASM MethodVisitor/Opcodes, ConstantValue/JavaConstant, RandomString, etc.). The class both depends on many other modules/classes (outgoing dependencies) and is referenced/used as a central coordinator by many nested factories and providers (incoming relationships). This high fan-in and fan-out across many distinct abstractions indicates a hub-like modularization smell."
,,0,"TerminationHandler has a narrow interaction surface: it is an inner enum used only by Appender (field Appender.terminationHandler and Appender.apply calling terminationHandler.of(...)); it defines two enum constants (RETURNING, DROPPING) and a single abstract method of(MethodDescription) that delegates to small set of external types (MethodReturn.of(...), Removal.of(...), and returns StackManipulation). There are few outgoing dependencies (MethodDescription, MethodReturn, Removal, StackManipulation) and essentially one incoming dependency (Appender), so it does not act as a hub with many incoming and outgoing relationships."
,,1,"The ForTypeAnnotations nested class acts as a central coordinator between many different abstractions: it holds references to and invokes methods on AnnotationAppender and AnnotationValueFilter (fields: annotationAppender, annotationValueFilter, and multiple calls to annotationAppender.append/apply). It extensively depends on the type system abstractions (TypeDescription.Generic and its Visitor interface, TypeList, TypeReference, TypePath), descriptor/value abstractions (AnnotationDescription, MethodDescription.InDefinedShape, EnumerationDescription), and multiple ASM visitor types (org.objectweb.asm.AnnotationVisitor, ClassVisitor, FieldVisitor, MethodVisitor, RecordComponentVisitor). It exposes many static factory methods (ofSuperClass, ofInterfaceType, ofFieldType, ofMethodReturnType, ofMethodParameterType, ofExceptionType, ofReceiverType, ofTypeVariable, etc.) that tie it to diverse type usages and to TypeReference construction utilities (TypeReference.newTypeParameterReference, newFormalParameterReference, newExceptionReference, newTypeReference). Its behavior traverses and delegates across many different abstractions (accepting/visiting many Generic sorts: onGenericArray, onWildcard, onParameterizedType, onTypeVariable, onNonGenericType and calling apply to write annotations). Because it has both numerous outgoing dependencies (invoking many external APIs) and serves as a focal incoming integration point for different parts of the type/annotation writing subsystem, it exhibits the hub-like modularization smell."
,,0,"OnField is a small wrapper target with very limited dependencies: it holds a single org.objectweb.asm.FieldVisitor (constructor: public OnField(FieldVisitor fieldVisitor)) and its two methods delegate to fieldVisitor.visitAnnotation(...) and fieldVisitor.visitTypeAnnotation(..., TypePath.fromString(typePath), ...), returning an org.objectweb.asm.AnnotationVisitor. It uses MaybeNull for annotations but does not interact with many different abstractions. There are no indications of a large number of incoming or outgoing dependencies (only FieldVisitor, TypePath and AnnotationVisitor are directly involved), so it does not exhibit Hub-like Modularization."
,,0,"The Compound class is an aggregator/delegator for FieldAttributeAppender instances rather than a hub coupled to many unrelated abstractions. Its state and behavior are confined to: (1) a private List<FieldAttributeAppender> fieldAttributeAppenders, (2) constructors that accept/flatten collections of FieldAttributeAppender (merging nested Compound instances and ignoring NoOp), and (3) an apply(FieldVisitor, FieldDescription, AnnotationValueFilter) method that simply iterates and delegates to contained appenders. Its direct dependencies are limited to the FieldAttributeAppender interface (and its NoOp/Compound nested types) and standard Java collection utilities (ArrayList, Arrays.asList). It does not show incoming/outgoing dependencies to a large number of diverse abstractions (no broad cross-package coupling or many external type references), so it does not exhibit Hub-like Modularization."
,,1,"The abstraction both depends on and is depended upon by many other abstractions. Outgoing dependencies: its core API and inner types reference numerous distinct abstractions such as org.objectweb.asm.MethodVisitor (apply(MethodVisitor,...)), net.bytebuddy.description.method.MethodDescription, ParameterDescription, ParameterList, net.bytebuddy.description.type.TypeDescription, net.bytebuddy.description.annotation.AnnotationDescription, AnnotationAppender, AnnotationValueFilter and matcher utilities (ElementMatchers). Incoming dependencies: other major components implement or use MethodAttributeAppender (e.g. net.bytebuddy.build.HashCodeAndEqualsPlugin implements MethodAttributeAppender and MethodAttributeAppender.Factory and calls attribute(this) in apply(...)), and AnnotationAppender-related visitors are composed with MethodAttributeAppender implementations (ForInstrumentedMethod, Explicit, ForReceiverType, Compound). The interface also contains many nested implementations and factories (NoOp, Factory.Compound, ForInstrumentedMethod, Explicit.Target, ForReceiverType, Compound) that further couple it to many modules. This high number of both incoming and outgoing links indicates a hub-like modularization smell."
,,1,"TypeProxy interacts with a large number of other abstractions (both outgoing and incoming). Outgoing dependencies: imports and usages include net.bytebuddy.ByteBuddy (make()), ClassFileVersion, net.bytebuddy.description.type.TypeDescription (field proxiedType, many uses), Implementation and Implementation.Target (fields and parameter types), MethodAccessorFactory (constructor param, used in MethodCall), ByteCodeAppender, many bytecode utilities (TypeCreation, Duplication, DefaultValue, FieldAccess, MethodInvocation, MethodReturn, MethodVariableAccess, StackManipulation, Throw), net.bytebuddy.dynamic.DynamicType/TargetType, InstrumentedType/TypeValidation, net.bytebuddy.matcher.ElementMatchers, org.objectweb.asm.MethodVisitor and Opcodes, java.io.Serializable and RandomString. These appear throughout methods and nested types (e.g., make(), SilentConstruction.Appender, MethodCall.Appender). Incoming dependencies: TypeProxy is used/registered as an AuxiliaryType by implementation contexts (e.g., ForSuperMethodByConstructor.apply: implementationContext.register(new TypeProxy(...)); ForSuperMethodByReflectionFactory.apply and ForDefaultMethod.apply perform the same registration), and it implements AuxiliaryType which is consumed by Implementation.Context.Default.register and related context code paths. The class therefore has many incoming registrations/usages as an auxiliary type and many outgoing references to diverse subsystems (implementation target, bytecode generation, ASM, utilities), making it a hub-like abstraction."
,,1,"BindingResolver serves as a central coordinator connecting many different abstractions: its resolve(...) API links AmbiguityResolver, MethodDescription and MethodBinding (List<MethodBinding>); the Default implementation implements a non-trivial selection algorithm that repeatedly invokes AmbiguityResolver and manipulates lists of MethodBinding; Unique enforces unique selection semantics; StreamWriting couples to PrintStream/System and delegates to another BindingResolver. Additionally, BindingResolver is consumed by the Processor (which collects MethodBinding instances) making it the central decision hub for method-binding selection. These incoming and outgoing dependencies (AmbiguityResolver, MethodBinding, MethodDescription, Processor, PrintStream/System and collection types) indicate a hub-like modularization smell."
,,0,"ParameterBinding has a small, focused set of dependencies and responsibilities rather than acting as a hub. Outgoing dependencies are limited: it extends/uses StackManipulation (and its nested Size), references org.objectweb.asm.MethodVisitor and Implementation.Context in apply(...), and uses annotations (HashCodeAndEqualsPlugin, MaybeNull). Incoming usages are also limited and local: MethodBinding.Builder.append consumes ParameterBinding, and MethodBinding/MethodBinding.Builder use its identification tokens (Anonymous/Unique) to build bindings. There is no evidence in the provided code that ParameterBinding has incoming and outgoing relationships with a large number of other abstractions across the codebase, so it does not exhibit a hub-like modularization smell."
,,0,"MethodNameEqualityResolver is a small, focused enum implementing AmbiguityResolver with only a few direct dependencies: MethodDescription (source parameter), MethodDelegationBinder.MethodBinding (left/right parameters) and AmbiguityResolver.Resolution (return values). Its implementation only calls left.getTarget().getName(), right.getTarget().getName(), source.getName() and compares names to choose LEFT/RIGHT/AMBIGUOUS. It does not reference or aggregate a large number of other abstractions nor act as a central connector for many modules; therefore it does not exhibit Hub-like Modularization."
,,0,"The OfConstant class is a small nested binder that exposes only two fields (type, value) and two trivial methods (getHandledType and bind). Its direct dependencies are limited to a handful of types required by the ParameterBinder API (AnnotationDescription.Loadable, MethodDescription, ParameterDescription, Class, Object and the MaybeNull annotation) and it mainly returns a stored constant value. It does not maintain or coordinate relationships with a large number of other abstractions (no large maps/lists of collaborators, no many incoming/outgoing edges), so it does not exhibit Hub-like Modularization."
,,0,"ShiftRight has only a small number of direct dependencies: it implements StackManipulation, references StackSize (field stackSize and StackSize methods), uses org.objectweb.asm.MethodVisitor and net.bytebuddy.implementation.Implementation.Context in apply(...), and uses ASM Opcodes constants. It also declares a nested Unsigned enum (which similarly depends on StackManipulation, StackSize, MethodVisitor and Opcodes). There is no evidence in the analyzed code of incoming and outgoing dependencies to a large number of other abstractions; its relationships are limited and focused, so it does not exhibit a hub-like modularization smell."
,,1,"The StackManipulation abstraction (of which Illegal is a canonical instance) is acting as a central hub: many other high-level components import and depend on it. For example, net.bytebuddy.implementation.Implementation and its nested types reference StackManipulation (Usage appears throughout Implementation, Implementation.Context/Default, Compound, Simple/ForDispatcher/Appender, DelegationRecord, AccessorMethodDelegation, FieldGetterDelegation, FieldSetterDelegation, FieldCacheEntry, etc.). The Illegal enum itself implements StackManipulation and depends on MethodVisitor and Implementation.Context (apply method) and the broader StackManipulation API (Size, Trivial, Compound, Simple) provides types used widely by bytecode-producing classes such as ByteCodeAppender, FieldAccess, MethodInvocation, MethodReturn and MethodVariableAccess. This results in a single abstraction with a large number of incoming and outgoing dependencies (many Implementation.* classes depend on it and it depends on ASM's MethodVisitor and Implementation.Context types), which matches the Hub-like Modularization smell."
,,1,"This class exhibits hub-like modularization: it depends on and coordinates a large number of other abstractions (AnnotationDescription, FieldDescription, MethodDescription, MethodList, TypeDefinition, TypeDescription, ClassFileLocator, DynamicType, EqualsMethod, HashCodeMethod, AnnotationValueFilter, MethodAttributeAppender, ElementMatcher, ElementMatchers, MaybeNull, org.objectweb.asm.AnnotationVisitor, org.objectweb.asm.MethodVisitor, etc.), defines many nested types (Enhance, ValueHandling, Sorted, Identity, AnnotationOrderComparator, ValueMatcher, WithNonNullableFields) and implements multiple roles/interfaces (Plugin, Plugin.Factory, MethodAttributeAppender.Factory, MethodAttributeAppender). It also contains complex static initialization resolving several MethodDescription.InDefinedShape constants (ENHANCE_INVOKE_SUPER, ENHANCE_SIMPLE_COMPARISON_FIRST, ENHANCE_INCLUDE_SYNTHETIC_FIELDS, ENHANCE_PERMIT_SUBCLASS_EQUALITY, ENHANCE_USE_TYPE_HASH_CONSTANT, VALUE_HANDLING_VALUE, SORTED_VALUE) and is referenced by other classes (e.g., used as an annotation on net.bytebuddy.implementation.bytecode.StackManipulation elements). The high number of incoming and outgoing dependencies and the multiple responsibilities indicate a hub-like abstraction."
,,0,"StackManipulation.Trivial is a tiny canonical no-op implementation that is referenced from many places (incoming dependencies) but has very few outgoing dependencies. Examples of incoming dependencies: StackManipulation.Compound constructor filters out Trivial instances; Implementation.Context.Default.FieldGetterDelegation uses StackManipulation.Trivial.INSTANCE for static field reads; Implementation.Context.Default.FieldSetterDelegation and AccessorMethodDelegation use Trivial via composed StackManipulation. Many Implementation.* classes construct Compound/Compound.Composable sequences that may encounter Trivial. Outgoing dependencies are minimal: Trivial.apply() calls StackSize.ZERO.toIncreasingSize() (dependency on StackSize and StackManipulation.Size) and it implements StackManipulation. Because Trivial has many incoming references but only a small number of outgoing dependencies, it does not meet the definition of Hub-like Modularization (which requires an abstraction to have both incoming and outgoing dependencies with a large number of other abstractions)."
,,0,"DefaultValue has a small, well-scoped set of outgoing dependencies: it references IntegerConstant, LongConstant, FloatConstant, DoubleConstant, NullConstant and StackManipulation.Trivial (via its enum constants) and uses TypeDefinition in its of(...) factory and standard ASM/Implementation types in its apply signature. Incoming usages in the provided excerpt are limited (e.g. StubMethod.apply calls DefaultValue.of(...); VoidAwareAssigner.assign calls DefaultValue.of(...)). The number of both incoming and outgoing relationships shown is small and purposeful (mapping types to their JVM default constants), so it does not act as a hub-like abstraction with many unrelated dependencies."
,,0,"LongConstant is a small, focused enum with few outgoing dependencies (StackSize, StackManipulation, Implementation, org.objectweb.asm.MethodVisitor, org.objectweb.asm.Opcodes and its own ConstantPool inner class which is annotated with HashCodeAndEqualsPlugin.Enhance). In the provided corpus it has minimal incoming usage (DefaultValue references LongConstant.ZERO). There is no evidence of a large number of incoming and outgoing dependencies that would mark it as a hub."
,,0,"CachedConstructor has a small, focused set of outgoing dependencies (FieldAccess, Implementation.Context.cache, TypeDescription.ForLoadedType.of(Constructor.class), StackManipulation) and only a few known incoming uses (constructed by ForConstructor.cached() and by PrivilegedLookup.cached()). The class only wraps a StackManipulation and delegates to FieldAccess.forField(...).read().apply(...), so it does not interact with a large number of other abstractions and therefore does not exhibit a hub-like modularization smell."
,,1,"FieldAccess both depends on many other abstractions and is referenced by many other abstractions. Outgoing dependencies: methods/inner types in FieldAccess reference EnumerationDescription, FieldList, FieldDescription, TypeDefinition, TypeCasting, StackManipulation, StackSize, org.objectweb.asm.MethodVisitor and Opcodes, and use ElementMatchers.named and HashCodeAndEqualsPlugin. Examples: forEnumeration(...) uses EnumerationDescription, FieldList and FieldDescription; OfGenericField uses TypeDefinition and TypeCasting; AccessDispatcher (and its AbstractFieldInstruction) uses MethodVisitor, Implementation.Context and StackSize. Incoming dependencies: many surrounding classes call FieldAccess.*: Implementation.Context.Default.FieldCacheEntry.storeIn constructs a ByteCodeAppender using FieldAccess.forField(...). MethodCall and its ArgumentLoader implementations use FieldAccess.forEnumeration(...) and FieldAccess.forField(...) (see MethodCall.ArgumentLoader.ForMethodCall, ForInstance.Factory, ForField and others). This central role (numerous incoming references from Implementation, MethodCall and ArgumentLoader factories plus numerous outgoing references) makes FieldAccess a hub-like module."
,,1,"The FieldAccess abstraction (and its nested types, including Defined, OfGenericField and AccessDispatcher) acts as a central hub for field access functionality and is coupled to many distinct abstractions across the codebase and external libraries. It imports and directly depends on at least: net.bytebuddy.description.enumeration.EnumerationDescription, net.bytebuddy.description.field.FieldDescription, net.bytebuddy.description.field.FieldList, net.bytebuddy.description.type.TypeDefinition, net.bytebuddy.implementation.Implementation, net.bytebuddy.implementation.bytecode.StackManipulation, net.bytebuddy.implementation.bytecode.StackSize, net.bytebuddy.implementation.bytecode.assign.TypeCasting, org.objectweb.asm.MethodVisitor, org.objectweb.asm.Opcodes and net.bytebuddy.matcher.ElementMatchers.named. Additionally, it exposes nested dispatchers and instruction classes that both use and return StackManipulation and interact with many descriptor/type APIs. This high number of incoming/outgoing dependencies and its role as the central provider of field access operations indicates a hub-like modularization smell."
,,0,"OfGenericMethod has only a small number of direct dependencies and primarily delegates to an inner invocation instance. Its fields reference TypeDescription (targetType) and WithImplicitInvocationTargetType (invocation). Its methods wrap/delegate calls to invocation (virtual, special, dynamic, onHandle, isValid, apply) and combine results with TypeCasting.to(...) and StackManipulation. It also touches JavaConstant, MethodVisitor and Implementation.Context in apply/dynamic paths. There is no evidence in the analyzed code of incoming/outgoing dependencies to a large set of other abstractions that would make it a hub; the class acts as a thin adapter/decorator rather than a central hub."
,,0,"BooleanMatcher has a very small set of outgoing dependencies: it extends ElementMatcher.Junction.AbstractBase<T> (dependency on ElementMatcher types), is annotated with @HashCodeAndEqualsPlugin.Enhance (dependency on net.bytebuddy.build.HashCodeAndEqualsPlugin), and uses MaybeNull (net.bytebuddy.utility.nullability.MaybeNull). Incoming references are primarily call sites from a single large utility class (net.bytebuddy.matcher.ElementMatchers) such as ElementMatchers.any(), ElementMatchers.none(), and a few other places that call BooleanMatcher.of(true/false). While it is reused at many call sites, those are mostly within the ElementMatchers utility class (one major abstraction) rather than many distinct abstractions. Because the class does not maintain dependencies (both incoming and outgoing) with a large number of different abstractions, it does not exhibit Hub-like Modularization."
,,0,"CollectionErasureMatcher has a small, focused set of dependencies: it extends ElementMatcher.Junction.ForNonNullValues, holds a field of type ElementMatcher<? super Iterable<? extends TypeDescription>> (matcher), and uses TypeDefinition, TypeDescription, List/ArrayList and standard control flow (for-loop, toString). Its outgoing couplings are limited to ElementMatcher (and its nested junction base), TypeDefinition/TypeDescription, and java.util.List/ArrayList. In the provided analyzed set there are no incoming dependencies referencing CollectionErasureMatcher (neither HashCodeAndEqualsPlugin nor ElementMatcher refer to it). Because it does not interact with a large number of other abstractions in both directions, it does not exhibit a hub-like modularization smell."
,,0,"DefinedShapeMatcher has a very small, focused set of dependencies: it extends ElementMatcher.Junction.ForNonNullValues (net.bytebuddy.matcher.ElementMatcher) and is parameterized by ByteCodeElement.TypeDependant (net.bytebuddy.description.ByteCodeElement). It holds a single ElementMatcher<? super S> field and simply delegates doMatch to matcher.matches(target.asDefined()). The only other referenced type is the annotation HashCodeAndEqualsPlugin.Enhance (net.bytebuddy.build.HashCodeAndEqualsPlugin), which is an annotation and does not indicate broad coupling. There are no incoming/outgoing relationships with a large number of other abstractions in the provided context, so this class does not exhibit Hub-like Modularization."
,,0,"ErasureMatcher has only a few direct dependencies: ElementMatcher (field and superclass types), TypeDefinition/TypeDescription (generic bound and asErasure usage) and the HashCodeAndEqualsPlugin.Enhance annotation. Its implementation is small and focused (constructor, doMatch delegating to matcher.matches(target.asErasure()), and toString). There is no evidence of incoming and outgoing dependencies with a large number of other abstractions, so it does not exhibit hub-like modularization."
,,0,"HasSuperTypeMatcher has a small, focused API and only a few direct dependencies: the ElementMatcher field (matcher), iteration over TypeDefinition/TypeDescription, and use of QueueFactory/Queue and HashSet/Set in doMatch. Its outgoing references are limited to the type system (TypeDefinition, TypeDescription, ElementMatcher) and standard collection/utility classes. There is no evidence in the provided code of many other abstractions depending on HasSuperTypeMatcher (few incoming links), so it is not acting as a dependency hub."
,,1,"This abstraction acts as a central hub: the TypePool interface (and its nested implementations) both depends on and is depended on by a large number of other abstractions. Evidence of many outgoing dependencies: references to TypeDescription, AnnotationDescription, FieldDescription, MethodDescription, RecordComponentDescription, Generic/TypeList/TypeVariableSource, ClassFileLocator, AsmClassReader.Factory, ClassReader/SignatureVisitor, ASM visitors (ClassVisitor/MethodVisitor/FieldVisitor/ModuleVisitor), ModuleDescription, PackageDescription, DynamicType, ClassLoadingStrategy and numerous java.util and java.util.concurrent types. Evidence of many incoming dependencies: multiple nested classes and helpers call back into the type pool (e.g. LazyTypeDescription, TokenizedGenericType, LazyAnnotationDescription, ComponentTypeLocator.ForAnnotationProperty, TokenizedGenericType.toErasure) using typePool.describe(...).resolve(), and CacheProvider wrappers (WithIllegalResolutionReattempt, Discriminating) coordinate caching around it. The sheer number of distinct responsibilities (parsing, lazy resolution, generic/signature extraction, annotation handling, module/package handling, caching and class loading) and the many classes that both call into and are orchestrated by this abstraction indicate hub-like modularization."
,,0,"False. The LazyParameterDescription is a small, highly-local inner class whose dependencies are narrow and cohesive: it references its enclosing LazyMethodDescription (declaring method), parameter metadata arrays (names, modifiers), the method signature resolution (GenericTypeToken.Resolution.ForMethod / signatureResolution) to resolve parameter types, the TypePool for deferred lookups, and annotation-related types (AnnotationList / AnnotationValue). These dependencies are all closely related (method/parameter/type/annotation handling) and are primarily internal to the TypePool / TypeDescription / MethodDescription domain rather than a large number of unrelated abstractions. There is no evidence of many incoming/outgoing dependencies across many distinct modules or packages that would indicate a hub-like modularization smell."
,,0,"The analyzed class is a small, tightly scoped inner class with very few responsibilities and limited coupling. It defines a single field (internalName) and three simple methods: resolve() (delegates to delegate().getSuperClass()), getDeclaredAnnotations() (delegates to resolved generic), and asErasure() (creates a LazyTypeDescription for the internal name). Its outgoing dependencies are limited to the enclosing delegate (delegate()), LazyTypeDescription, Generic/AnnotationList related types and simple string manipulation. There are no signs of many incoming/outgoing dependencies across many abstractions (no large collections of collaborators, registries, or numerous external API usages). Therefore it does not exhibit hub-like modularization."
,,1,"The TypePool abstraction functions as a central hub: its source imports and directly references a very large set of other abstractions (examples: net.bytebuddy.description.type.TypeDescription, net.bytebuddy.description.annotation.AnnotationDescription, net.bytebuddy.description.method.MethodDescription, net.bytebuddy.description.field.FieldDescription, net.bytebuddy.description.type.RecordComponentDescription, net.bytebuddy.description.module.ModuleDescription, net.bytebuddy.dynamic.ClassFileLocator, net.bytebuddy.dynamic.DynamicType, ClassLoadingStrategy, many org.objectweb.asm types, generic/token classes such as GenericTypeToken/TokenizedGenericType, etc.). Its Default and WithLazyResolution implementations (and their deep inner classes: LazyTypeDescription, TokenizedGenericType, LazyAnnotationDescription, LazyFieldDescription, LazyMethodDescription, many Extractor classes, ComponentTypeLocator.ForAnnotationProperty, CacheProvider implementations, LazyFacade, ClassLoading, Explicit) both depend on and are depended on by many other subsystems. This multitude of incoming/outgoing dependencies (parsing, caching, lazy resolution, annotation handling, module/record/field/method representations, ASM visitors, classloading wrappers) indicates Hub-like Modularization: a central abstraction with a large number of links to other abstractions."
,,0,"The MethodTokenList is a small, narrowly-focused inner class: it extends MethodList.AbstractBase and implements two simple operations (get(int) and size()). Its outgoing dependencies are limited to LazyTypeDescription (enclosing instance) and LazyTypeDescription.MethodToken -> toMethodDescription(...) which returns a MethodDescription.InDefinedShape. There are no signs of it depending on or being referenced by a large number of other abstractions. Key cited elements: MethodTokenList.get(int) -> methodTokens.get(index).toMethodDescription(LazyTypeDescription.this), extends MethodList.AbstractBase, and uses MethodDescription.InDefinedShape. Because its interactions are minimal and localized, it does not exhibit hub-like modularization."
,,1,"AsmClassReader acts as a central hub: it directly depends on many different abstractions (outgoing deps) — e.g. org.objectweb.asm.Attribute, org.objectweb.asm.ClassReader, org.objectweb.asm.ClassVisitor, net.bytebuddy.ClassFileVersion, net.bytebuddy.utility.dispatcher.JavaDispatcher, net.bytebuddy.utility.privilege.GetSystemPropertyAction, java.security.PrivilegedAction and standard collections/arrays — and provides multiple factory/implementation variants that branch to other components (Factory.Default enum referencing OpenedClassReader, AsmClassWriter.Factory.Default choices, ASM_ONLY/CLASS_FILE_API_ONLY, and use of ForClassFileApi.DISPATCHER interacting with codes.rafael.asmjdkbridge.JdkClassReader). It also has many incoming uses in the analyzed code: OpenedClassReader implements AsmClassReader.Factory and returns ForAsm instances; other classes (e.g. AccessControllerPlugin and ClassFileVersion) reference OpenedClassReader.ASM_API or use AsmClassReader.Factory behavior. The interface plus its inner implementations and factory selection logic create numerous incoming and outgoing links, matching the Hub-like Modularization smell."
,,1,"The Dispatcher abstraction in JavaConstant (Simple.Dispatcher) acts as a hub: Simple defines multiple static dispatcher fields (CONSTANT_DESC, CLASS_DESC, METHOD_TYPE_DESC, METHOD_HANDLE_DESC, DIRECT_METHOD_HANDLE_DESC, DIRECT_METHOD_HANDLE_DESC_KIND, DYNAMIC_CONSTANT_DESC) obtained via JavaDispatcher.of(...), and the Dispatcher interface contains many nested/proxied sub-interfaces (OfClassDesc, OfMethodTypeDesc, OfMethodHandleDesc, OfDirectMethodHandleDesc (and ForKind), OfDynamicConstantDesc). The Simple.ofDescription/ofAsm and related factories use these dispatchers extensively to handle many distinct external types (java.lang.constant.* descriptors, org.objectweb.asm.ConstantDynamic/Handle/Type, TypePool, TypeDescription, MethodHandle, MethodType, Dynamic). This single abstraction has incoming/outgoing dependencies to a large number of other abstractions (JavaDispatcher, multiple java.lang.constant descriptor types, ASM types, TypePool/TypeDescription, MethodHandle/MethodType representations), matching the Hub-like Modularization smell."
,,1,"The JavaConstant abstraction (including its nested types Simple, MethodType, MethodHandle and Dynamic) depends on and exposes interactions with a large number of other abstractions across the code base, making it a hub. Examples of outgoing dependencies include: net.bytebuddy.description.type.TypeDescription, net.bytebuddy.description.type.TypeList, net.bytebuddy.description.method.MethodDescription, net.bytebuddy.description.field.FieldDescription, net.bytebuddy.pool.TypePool, net.bytebuddy.dynamic.ClassFileLocator, net.bytebuddy.implementation.bytecode.StackManipulation and its constant implementations (ClassConstant, IntegerConstant, LongConstant, FloatConstant, DoubleConstant, TextConstant, JavaConstantValue), net.bytebuddy.utility.dispatcher.JavaDispatcher (and many nested dispatcher interfaces), org.objectweb.asm types (Type, Handle, ConstantDynamic, Opcodes), and core reflection/security APIs (java.lang.reflect.Method, Field, Constructor; java.security.PrivilegedAction). Incoming usage is implied by other core components (e.g. JavaDispatcher and many bytecode/description classes) relying on JavaConstant representations. The number and variety of these bi-directional links (bytecode/ASM, type/description, dispatcher/proxy, reflection, and security plumbing) indicate a hub-like modularization smell: a single abstraction with many incoming and outgoing dependencies."
,,1,"The abstraction is acting as a hub: it has many incoming and outgoing dependencies across many concepts and modules. Evidence in this code: the Dispatcher.OfMethodTypeDesc proxy interface is one of several JavaDispatcher.Proxied dispatchers (CLASS_DESC, METHOD_TYPE_DESC, METHOD_HANDLE_DESC, DIRECT_METHOD_HANDLE_DESC, DYNAMIC_CONSTANT_DESC) referenced from JavaConstant.Simple and used by multiple nested types (Simple, MethodType, MethodHandle, Dynamic). The surrounding JavaConstant implementation repeatedly calls JavaDispatcher.of(Dispatcher.OfMethodTypeDesc.class) and METHOD_TYPE_DESC.parameterArray / METHOD_TYPE_DESC.returnType in many places (e.g., MethodType.ofDescription, Simple.ofDescription, Dynamic.ofDescription), showing outgoing dependencies to java.lang.constant method-type descriptors and related types. The abstraction also interacts with many other abstractions: TypePool/TypeDescription/Type (org.objectweb.asm.Type), MethodHandle, ConstantDynamic, ClassFileLocator, MethodDescription, FieldDescription, JavaDispatcher, JavaType and various net.bytebuddy.* classes. This concentrated, bidirectional coupling to many different components (type descriptors, dispatchers, ASM types, type pools, method/field descriptions, and other utility dispatchers) indicates a hub-like modularization smell."
,,1,"The JavaModule class acts as a central adapter between the JDK module API and many Byte Buddy abstractions, showing hub-like characteristics. Outgoing dependencies: it directly depends on numerous distinct abstractions (net.bytebuddy.ClassFileVersion, net.bytebuddy.build.AccessControllerPlugin, net.bytebuddy.description.NamedElement.WithOptionalName, net.bytebuddy.description.annotation.AnnotationList, net.bytebuddy.description.annotation.AnnotationSource, net.bytebuddy.description.module.ModuleDescription, net.bytebuddy.description.type.PackageDescription, net.bytebuddy.utility.dispatcher.JavaDispatcher (Resolver and Module proxies), nullability annotations AlwaysNull/MaybeNull, java.io.InputStream/IOException, java.lang.reflect.AnnotatedElement, java.lang.ClassLoader, java.security.PrivilegedAction, java.util.Set). Incoming/hub role: it exposes factory and query methods (ofType, of, isSupported, isNamed, getActualName, getPackages, getResourceAsStream, getClassLoader, unwrap, canRead, isExported, isOpened, toDescription) that other components in the library will call to resolve or inspect module information and to bridge module info into ModuleDescription/PackageDescription/AnnotationList. The combination of many distinct dependencies plus its adapter/API surface that connects the module system to multiple other abstractions demonstrates a hub-like modularization smell."
,,0,"The ForUnresolvedMethod nested class is small and self-contained: it holds a single String field (message), its invoke(Object[]) method only throws an IllegalStateException, and its apply(MethodVisitor, Method) method emits bytecode to construct and throw an IllegalStateException. Its references are limited (IllegalStateException, MethodVisitor, Method, ASM Opcodes/Type, MethodDescription.CONSTRUCTOR_INTERNAL_NAME). It does not maintain or coordinate dependencies with a large number of other abstractions, so it does not exhibit hub-like modularization."
,,1,"CompileNode holds direct references to multiple distinct abstractions (fields: IParseDictionary parseDictionary, IReadOnlyJITDataModel model, Compilation compilation) and repeatedly calls/utilizes other modules (ParseUtil.lookupMember/Lookup methods, IMetaMember). It also participates in a tree structure (children/parent) and is heavily used by higher-level components (CompileChainWalker constructs nodes and sets model/parseDictionary/compilation; CompileChainStage reads member/children/state for UI). This places CompileNode at the center of many incoming (CompileChainWalker, CompileChainStage, UI) and outgoing dependencies (parse dictionary, data model, compilation, ParseUtil, IMetaMember), making it a hub-like abstraction coupling many modules."
,,1,"CompilationUtil acts as a hub: it both depends on many core model/util abstractions and is invoked by a large number of other components. Outgoing dependencies (used by CompilationUtil): Compilation, Task, Tag, IParseDictionary, IMetaMember, ParseUtil, StringUtil, Logger and related model classes (seen throughout its methods visitParseTagsOfCompilation, visitOptimizerTagsOfCompilation, visitEliminationTagsOfCompilation, memberMatchesMethodID, isStaleTask, getParsePhase, etc.). Incoming dependencies (many callers across the codebase): numerous visitors and analysers call its methods, e.g. BytecodeAnnotationBuilder.buildParseTagAnnotations / buildEliminationTagAnnotations, SuggestionWalker.visit -> CompilationUtil.visitParseTagsOfCompilation, InlineSizeHistoVisitable.visit, IntrinsicFinder.findIntrinsics, HotThrowFinder.findHotThrows, HeadlessInlineVisitor (InlineJournalVisitor), CompileChainWalker.buildCallTree, InliningFailReasonTopListVisitable.visit, StaleTaskToplistVisitable.visit, CompilationTableRow.getCompiler, and others. The class centralizes traversal/selection of parse/optimizer/elimination tags for many unrelated modules, creating high incoming and outgoing coupling. These characteristics match the Hub-like Modularization smell."
,,1,"JITWatchConfig acts as a central hub: it directly depends on many other abstractions (Properties, File/FileReader/FileWriter, ParsedClasspath, StringUtil, JITWatchConstants, com.chrisnewland.freelogj.Logger/LoggerFactory) and exposes a large API (many getters/setters, marshal/unmarshal, save/load, profile management, VM language mapping). Examples of outgoing dependencies: loadPropertiesFromFile() and savePropertiesToFile() use File I/O and Properties; getAllClassLocations() calls parsedClasspath.getClassLocations(); addOrUpdateVMLanguage(), getVMLanguagePath(), and getVMLanguageList() manipulate loadedProps keys for VM languages. Examples implying many incoming dependencies: numerous public getters (getTieredCompilationMode, getBackgroundCompilationMode, getSourceLocations, getConfiguredClassLocations, getParsedClasspath, many boolean/int/string accessors) and setters that other modules will call. The class mixes responsibilities (file I/O, property parsing, profile logic, sandbox/VM settings, and providing configuration to callers), and therefore has both many outgoing collaborations and is likely depended-on by many clients — characteristics of a hub-like modularization smell."
,,0,"AttributeNameHistoWalker has only a small number of dependencies: it extends AbstractHistoVisitable and takes an IReadOnlyJITDataModel in its constructor, and its visit method depends on IMetaMember (calling getCompiledAttribute/getQueuedAttribute). It does not have incoming and outgoing relationships with a large number of distinct abstractions, so it does not exhibit Hub-like Modularization. (While IMetaMember itself references many types, the analyzed class does not.)"
,,1,"HeadlessInlineVisitor acts as a coordination hub with many incoming and outgoing dependencies across multiple packages. Evidence: (1) It depends on numerous model and compilation abstractions: IReadOnlyJITDataModel, IMetaMember, Compilation, IParseDictionary, Tag, ParseUtil and CompilationUtil (visit() calls metaMember.getCompilations() and CompilationUtil.visitParseTagsOfCompilation). (2) Its nested InlineJournalVisitor implements/uses AbstractCompilationVisitable and ICompilationVisitable and traverses parse/tag structures, calling ParseUtil.lookupMember and parseDictionary.getMethod to build InlineFailureInfo — showing outgoing dependencies to parsing utilities and model tag lookup. (3) It aggregates data in a central failures Map<String, Map<String, InlineFailureInfo>> used across visitors, making it the central collector of inline-failure information. (4) It is used by higher-level launching/visiting code (LaunchHeadless creates and drives it via TreeVisitor.walkTree), showing incoming dependencies from UI/launcher code. (5) It touches logging (Logger/LoggerFactory) and other utility classes. Together these many cross-cutting references (model, compilation, parse dictionary, utilities, visitor infrastructure and launcher) indicate a hub-like modularization: a single abstraction with many incoming and outgoing relationships."
,,0,"InvokeCountOperation has a small, focused set of dependencies and is not acting as a central hub. Outgoing dependencies: IJarScanOperation (interface), InvokeMethodCountMap (internal helper), org.adoptopenjdk.jitwatch.model.bytecode.Opcode, BytecodeInstruction, MemberBytecode, ParseUtil and java.util.List. Incoming dependency: JarScan instantiates/uses InvokeCountOperation when selecting the invokecount operation. The number of distinct abstractions it depends on is small and its role is single-purpose (counting invoke instructions), so it does not exhibit Hub-like Modularization."
,,1,"LanguageManager acts as a central hub with many incoming and outgoing dependencies. Outgoing dependencies: its getCompiler(...) and getRuntime(...) methods directly instantiate and depend on many concrete compiler and runtime classes (org.adoptopenjdk.jitwatch.process.compiler.CompilerGroovy, CompilerJava, CompilerJavaScript, CompilerJRuby, CompilerKotlin, CompilerScala and org.adoptopenjdk.jitwatch.process.runtime.RuntimeGroovy, RuntimeJava, RuntimeJavaScript, RuntimeJRuby, RuntimeKotlin, RuntimeScala) and rely on JITWatchConfig and ILogListener. Its static helpers (getLanguageFromFile, getFileExtension, getKnownFilenameExtensions, isCompilable, isLanguageEnabled) encode mappings for many languages and extensions. Incoming dependencies: many other abstractions use LanguageManager (examples in the codebase provided) — ResourceLoader calls LanguageManager.getKnownFilenameExtensions() and getLanguageFromFile(), Sandbox constructs a LanguageManager and calls getCompiler/getRuntime, SandboxStage and VMLanguageList call LanguageManager static methods (isCompilable, getLanguageFromFile, isLanguageEnabled). Because it both depends on many language-specific classes and is depended on by many unrelated modules (resource loading, sandbox orchestration, UI stages), it exhibits Hub-like Modularization: high fan-in and high fan-out centered on this single abstraction."
,,0,"The type is a simple enum declaring only two constants (C1, C2) and contains no fields, methods, constructors, or references to other types. There are no imports or visible incoming/outgoing dependencies in the provided code, so it does not act as a hub between many other abstractions."
,,1,"PackageManager is a clear central hub: it maintains core maps/lists of MetaClass and MetaPackage (metaClasses, metaPackages, roots) and provides basic build/get/store operations (addMetaClass, getMetaClass, getMetaPackage, buildPackage, getRootPackages). Many unrelated modules depend on it (incoming dependencies), e.g.: ParseUtil.loadInnerClasses calls model.getPackageManager().getMetaClass(...); BytecodeAnnotationBuilder.storeEliminatedAllocation calls packageManager.getMetaClass(typeOrKlassName); AssemblyProcessor.attachAssemblyToMembers uses packageManager.getMetaClass(...) to resolve members; ClassSearch uses pm.getRootPackages() and then walks MetaPackage/MetaClass trees; JITDataModel holds the PackageManager and numerous operations (buildAndGetMetaClass, findMetaMember) use it; JITWatchUI accesses model.getPackageManager() and passes it to UI components. Outgoing dependencies from PackageManager are concentrated on the domain types MetaClass and MetaPackage (it constructs and links MetaPackage/MetaClass instances and updates their relationships). The combination of many incoming clients across parsing, annotation, assembly processing, UI and model logic plus the outgoing ties to MetaClass/MetaPackage indicates PackageManager functions as a hub with large numbers of both incoming and outgoing dependencies -> hub-like modularization smell present."
,,1,"ViewerAssembly both depends on — and is the integration point for — a large number of other abstractions. Outgoing dependencies (references/imports and calls) include: org.adoptopenjdk.jitwatch.model.assembly.AssemblyMethod, AssemblyBlock, AssemblyInstruction, AssemblyReference, AssemblyUtil, IAssemblyParser, Architecture, AssemblyParserARM, AssemblyParserX86, X86RegisterType, ARMRegisterType, ARMShifter, ARMExtend, AssemblyLabel, AssemblyInstruction methods (getCommentLines, getMnemonic, isSafePoint, getOperands, toString), org.adoptopenjdk.jitwatch.model.bytecode.BytecodeInstruction, and utility StringUtil; it also depends on JavaFX types (Label, Tooltip, Node) and formatting classes (DecimalFormat/NumberFormat). Incoming dependencies (uses of ViewerAssembly as a viewer/UI component and its role extending Viewer) make it a central UI hub. Because it coordinates many model, parser, and UI abstractions (numerous distinct classes/packages) it exhibits Hub-like Modularization: high fan-in and fan-out, indicating a single class integrating many responsibilities and acting as a coupling hotspot."
,,1,"BytecodeLoader depends on a large number of other abstractions (incoming and outgoing): it imports/uses BCParamConstant, BCParamNumeric, BCParamString, BCParamSwitch, BytecodeInstruction, ClassBC, ExceptionTableEntry, IBytecodeParam, InnerClassRelationship, LineTableEntry, MemberBytecode, Opcode, SourceMapper, JavapProcess, ReflectionJavap, StringUtil, Logger/LoggerFactory and many JITWatchConstants. It constructs and manipulates many domain objects (ClassBC, MemberBytecode, BytecodeInstruction, ExceptionTableEntry, LineTableEntry, InnerClassRelationship, BCParam*), contains numerous responsibilities (fetching bytecode via reflection or process, parsing multiple bytecode sections, building generics mapping, storing line/exception tables, parameter processing) and central control logic (section switching, parse pipeline). The class is large, heavily connected and flagged by an in-code TODO to refactor, indicating it is acting as a hub for bytecode-loading functionality rather than a single cohesive abstraction."
,,1,"LineTable acts as a central hub: many different components across the model and UI depend on it (incoming dependencies) while it itself depends on several abstractions (outgoing dependencies). Examples of incoming dependencies: MemberBytecode constructs and uses a LineTable (MemberBytecode.<init>, addLineTableEntry, getLineTable), SourceMapper queries LineTable (SourceMapper.getMemberBytecodeForSourceLine -> lineTable.sourceLineInRange), TriView uses LineTable and LineTableEntry to map and highlight source/bytecode (TriView.highlightFromSource -> getEntryForSourceLine/getLineTable), ViewerBytecode uses LineTable for source ranges and offset lookups (ViewerBytecode.setContent -> memberBytecode.getLineTable().getSourceRange(...), and MemberBytecode/SourceMapper call LineTable.findSourceLineForBytecodeOffset). Examples of outgoing dependencies from LineTable: it stores and manipulates LineTableEntry objects, holds a MemberBytecode reference, and uses logging and JITWatchConstants utilities. The class is referenced across multiple packages (org.adoptopenjdk.jitwatch.model.bytecode, org.adoptopenjdk.jitwatch.ui.triview, and mapping classes), showing it has many incoming links and several outgoing ties — characteristic of Hub-like Modularization."
,,0,"UncommonTrap has only a small number of dependencies: outgoing dependencies are limited to Tag (parse(Tag)), a few JITWatchConstants attributes (static imports), and standard Java types (Map, String, Integer). Incoming usage in the provided code is limited (BytecodeAnnotationBuilder.visitTagUncommonTrap calls UncommonTrap.parse and uses the instance for a LineAnnotation). There is no evidence in the analyzed files of a large number of incoming and outgoing relationships that would make this a hub; therefore it is not exhibiting Hub-like Modularization."
,,1,"HotSpotLogParser acts as a central hub with many incoming and outgoing dependencies. Evidence: it imports and directly uses many abstractions (Tag, NumberedLine, AssemblyProcessor, Architecture, ParseUtil, StringUtil, VmVersionDetector, IJITListener, AbstractLogParser, PackageManager, Task, CodeCacheEvent.CodeCacheEventType). Methods demonstrate broad coupling: parseHeaderLines/parseLogCompilationLines/parseAssemblyLines interact with splitLog, tagProcessor and model; parseAssemblyLines constructs an AssemblyProcessor and calls asmProcessor.attachAssemblyToMembers(model.getPackageManager()); splitLogFile uses BufferedReader and calls handleLogLine which in turn routes to splitLog.addHeaderLine/addCompilationLine/addAssemblyLine. handleTag contains a large switch over many tag types and delegates to many handlers (handleWriterThread, handleVmVersion, handleTagQueued, handleTagNMethod, handleTagTask, storeCodeCacheEvent, handleStartCompileThread, handleTagVmArguments), showing many outgoing relationships. It reads and writes model state (model.setBaseTimestamp, model.setJDKMajorVersion, model.createCompilerThread, model.setEndOfLog, etc.) and uses numerous util classes (ParseUtil, StringUtil, VmVersionDetector). The wide variety of collaborators and responsibilities indicates Hub-like Modularization."
,,0,"J9Line has a small, focused set of dependencies rather than acting as a hub. Outgoing dependencies include J9Util (convertJ9SigToLogCompilationSignature / parsing helpers), MemberSignatureParts (getMemberSignatureParts), Tag and Task (toTagQueued, toTagNMethod, toTagTask), StringUtil (attributeMapToString), and uses LogParseException and JITWatchConstants. Incoming usages are limited: J9Util.parseLine constructs J9Line and J9LogParser uses J9Line instances in parseLogFile. The number of incoming and outgoing collaborators is small and directly related to its parsing/representation responsibilities, so it does not exhibit a hub-like modularization smell."
,,0,"CompilerJRuby has only a small number of dependencies: it extends AbstractProcess and implements ICompiler (expected inheritance/contract), accepts an ILogListener in its compile method, and uses standard JDK types (File, Path, List, Map, etc.). Incoming usage in the provided relationships is limited (instantiated by LanguageManager). There is no evidence of many incoming and outgoing dependencies to a large number of other abstractions in the provided code, so it does not exhibit Hub-like Modularization."
,,0,"Although Report is widely used (many incoming dependencies) — referenced by numerous classes such as AbstractEscapeAnalysisWalker, SuggestionWalker, InliningWalker, ViewerBytecode, MemberComparator, ScoreComparator, EliminatedAllocationRowBean, OptimisedLockRowBean, SuggestionRowBean, InliningRowBean, LinkedBCICell, MemberTableCell and AbstractReportRowBean — it has only a small set of outgoing dependencies. Its fields and API depend primarily on IMetaMember (caller), ReportType (type), Object (metaData), String and primitive types. Because the class does not hold dependencies to a large number of other abstractions (few outgoing relationships) it does not match the Hub-like Modularization smell (which requires many incoming AND many outgoing dependency relationships)."
,,0,"CompilationChooser has a small, focused set of dependencies (IMemberSelectedListener in its constructor, IMetaMember and Compilation in compilationChanged, and JavaFX UI types). It is referenced directly by TriView and CompileChainStage (two incoming usages shown), not a large number of other abstractions. The class acts as a simple UI helper that forwards selection events and populates a combo from a member's compilations, rather than a central hub with many incoming and outgoing links. Therefore it does not exhibit Hub-like Modularization."
,,1,"CompileChainStage depends on a large number of other abstractions across many packages (outgoing dependencies) and is also referenced/used via listener and stage APIs (incoming dependencies), making it a hub. Examples of outgoing dependencies: org.adoptopenjdk.jitwatch.chain.CompileChainWalker, org.adoptopenjdk.jitwatch.chain.CompileNode, org.adoptopenjdk.jitwatch.model.Compilation, org.adoptopenjdk.jitwatch.model.IMetaMember, org.adoptopenjdk.jitwatch.model.IReadOnlyJITDataModel, org.adoptopenjdk.jitwatch.ui.compilationchooser.CompilationChooser, org.adoptopenjdk.jitwatch.ui.main.IStageAccessProxy, org.adoptopenjdk.jitwatch.ui.resize.RateLimitedResizeListener, org.adoptopenjdk.jitwatch.util.UserInterfaceUtil, and many JavaFX UI classes (Scene, Pane, ScrollPane, Button, Text, Rectangle, etc.). Examples of incoming/shared relationships: it implements ICompilationChangeListener and IRedrawable (used by StageManager/RateLimitedResizeListener and JITWatchUI via StageManager.notifyCompilationChanged/openCompileChain), and is constructed/managed by JITWatchUI (openCompileChain) and StageManager. The class aggregates UI construction, tree-building (via CompileChainWalker), model access, event handling and stage management responsibilities, indicating many incoming and outgoing ties to distinct modules — characteristic of a hub-like modularization smell."
,,0,"CodeCacheStage has a small set of direct dependencies (outgoing): it uses JITWatchUI (mainUI) to obtain model data, UserInterfaceUtil for scene and utility methods, model classes CodeCacheEvent and Tag, and standard JavaFX types (Scene, StackPane, Color) and collections utilities. These are visible in the class (calls to mainUI.getJITDataModel(), getStampFromTag(endOfLogTag), UserInterfaceUtil.getScene(...), processing of List<CodeCacheEvent>). Incoming dependencies are minimal: JITWatchUI constructs CodeCacheStage in the btnCodeCacheTimeline action handler (new CodeCacheStage(JITWatchUI.this)) and StageManager handles its lifecycle (handleStageClosed checks instanceof CodeCacheStage). There is no evidence of a large number of other abstractions depending on CodeCacheStage or vice versa, so it does not act as a hub-like module."
,,0,"The interface has only a single outgoing dependency (the ParserType enum as the method parameter) and only one known incoming dependency (ParserChooser uses the interface). It defines one method and is not connected to a large number of other abstractions, so it does not exhibit Hub-like Modularization."
,,0,"VMLanguageConfigStage has a small, focused set of dependencies: it holds a JITWatchConfig, calls UserInterfaceUtil.getScene, uses the IStageClosedListener interface and JavaFX UI classes (TextField, Button, DirectoryChooser, Stage, etc.). Incoming usage is limited (constructed from VMLanguageList and shown via StageManager). It does not have incoming and outgoing dependencies with a large number of other abstractions across the codebase, so it does not exhibit Hub-like Modularization."
,,0,"AbstractTextViewerStage has only a small number of dependencies: it extends javafx.stage.Stage and uses Viewer (org.adoptopenjdk.jitwatch.ui.triview.Viewer), JITWatchUI (as constructor parameter type), and UserInterfaceUtil (to create the Scene). Its methods (constructor and setContent) primarily delegate to Viewer (new Viewer(...), viewer.setContent(...)) and to UserInterfaceUtil.getScene(...). The class does not show many incoming or outgoing dependencies to a large set of other abstractions, so it does not exhibit Hub-like Modularization."
,,1,"TooltipUtil acts as a central utility used from multiple, unrelated modules and also depends on several other abstractions. Evidence of incoming dependencies: BytecodeAnnotationBuilder (org.adoptopenjdk.jitwatch.model.bytecode) calls TooltipUtil.buildInlineAnnotationText (used in buildInlineAnnotation -> putAnnotation) and CompileChainWalker (org.adoptopenjdk.jitwatch.chain) calls TooltipUtil.buildInlineAnnotationText in createChildNode to build tooltips for compile nodes. These usages show TooltipUtil is referenced across different subsystems (bytecode annotation and compile-chain construction). Evidence of outgoing dependencies: TooltipUtil relies on ParseUtil.lookupType, StringUtil.replaceXMLEntities and the IParseDictionary abstraction to build text, plus many constants from JITWatchConstants. The combination of multiple incoming callers from distinct packages and several outgoing dependencies indicates TooltipUtil functions as a hub-like module (centralized utility) creating coupling between otherwise separate components."
,,0,"CopyUtils is a small, deprecated utility facade that delegates to IOUtils and to standard JDK stream/reader/writer classes. Its outgoing dependencies are limited and expected for a copy helper (InputStream, OutputStream, Reader, Writer, String, byte[], Charset, ByteArrayInputStream, StringReader, InputStreamReader, OutputStreamWriter, and a couple of IOUtils helpers such as IOUtils.byteArray() and IOUtils.ScratchChars). The class implementations are thin (e.g. output.write(input), creating InputStreamReader/OutputStreamWriter and calling copy(...), or delegating to IOUtils buffers), not coordinating many unrelated modules. The provided dependency listing shows IOUtils as a large utility with many responsibilities (the actual hub), but there is no evidence in the inputs of CopyUtils having a large number of incoming dependencies or acting as a central hub. Therefore CopyUtils does not exhibit Hub-like Modularization."
,,1,"RandomAccessFileMode acts as a central hub: many classes across packages depend on it (incoming dependencies) and it itself depends on multiple abstractions (outgoing dependencies). Examples of incoming dependencies: PathUtils uses RandomAccessFileMode.READ_ONLY.create(...) and RandomAccessFileMode.READ_ONLY.apply(...) (fileContentEquals, PathOrigin#getByteArray), AbstractOrigin and its subclasses call RandomAccessFileMode.valueOf(openOption) and RandomAccessFileMode.READ_ONLY.create(...) (AbstractOrigin.getRandomAccessFile, FileOrigin.getByteArray, PathOrigin.getByteArray), MagicNumberFileFilter.accept uses RandomAccessFileMode.READ_ONLY.apply(...). These references appear in several packages (org.apache.commons.io.file, org.apache.commons.io.build, org.apache.commons.io.filefilter, etc.), demonstrating many incoming links. Examples of outgoing dependencies: RandomAccessFileMode references RandomAccessFile, IORandomAccessFile, Path, File, OpenOption/StandardOpenOption, IOConsumer, IOFunction and uses Objects and IOException types in its API (create(Path/File/String), valueOf(OpenOption...), accept/apply). The combination of numerous external clients and multiple direct dependencies to other abstractions constitutes a hub-like modularization smell."
,,1,"The abstraction serves as a conversion hub with many incoming/outgoing dependencies. Evidence in this class: methods expose/require multiple unrelated abstractions — getByteArray() uses RandomAccessFiles.read and returns byte[]; getChannel(...) returns a Channel via getRandomAccessFile(...).getChannel(); getInputStream(...) builds a BufferedFileChannelInputStream from origin.getChannel(); getOutputStream(...) builds a RandomAccessFileOutputStream; getCharSequence(Charset) constructs a String from byte[]; getReader(...) constructs an InputStreamReader; getWriter(...) constructs an OutputStreamWriter; size() and other methods call RandomAccessFile APIs. It depends on many types (RandomAccessFile, Channel, byte[], CharSequence/String, InputStream, OutputStream, Reader, Writer, Charset, RandomAccessFiles, BufferedFileChannelInputStream, RandomAccessFileOutputStream), and sits inside AbstractOrigin which centralizes conversions for many origin types — characteristic of a hub-like modularization smell."
,,0,"InputStreamOrigin has a narrow set of dependencies and responsibilities: it wraps an InputStream and implements a few conversions/delegations (uses IOUtils.toByteArray in getByteArray, Channels.newChannel in getChannel, InputStreamReader in getReader, and checks FileInputStream in size). It does not depend on a large number of different abstractions nor does it act as a central connector between many modules. The broader AbstractOrigin type (the outer class) handles many origin types and conversions, but this specific nested InputStreamOrigin is small and not hub-like."
,,0,"ByteArraySeekableByteChannel has only a small, focused set of dependencies (java.io.ByteArrayInputStream/ByteArrayOutputStream, java.io.IOException, java.nio.ByteBuffer, java.nio.channels.SeekableByteChannel/ClosedChannelException, java.util.Arrays, java.util.Objects, java.util.concurrent.locks.ReentrantLock and a few constants/methods from org.apache.commons.io.IOUtils). It implements a single responsibility (a seekable byte channel backed by a byte array) and contains no evidence in the provided data of many incoming or outgoing dependencies with a large number of other abstractions. Therefore it does not exhibit a hub-like modularization smell."
,,0,"The class has only a small number of outgoing dependencies (java.io.File, java.util.Arrays, java.util.Comparator, java.util.List) and implements a narrow API (two sort variants and toString). There are no fields, no extensive collaboration with many other abstractions, and no evidence in this file of a large number of incoming dependencies. Therefore it does not exhibit hub-like modularization."
,,0,"The class has a focused responsibility: it aggregates Comparator<File> delegates and delegates compare calls to them. Its explicit dependencies are limited to a small set of standard types (java.io.File, java.io.Serializable, java.util.Comparator, stream/array utilities) and it extends a single AbstractFileComparator. Although it holds an array of delegate comparators, the code does not show a large number of distinct incoming/outgoing module dependencies (no evidence of many different abstractions depending on it or it depending on many distinct modules). Therefore it does not exhibit Hub-like Modularization."
,,0,"ExtensionFileComparator has a small, focused set of dependencies: it extends AbstractFileComparator, implements Serializable and Comparator, and uses FilenameUtils (FilenameUtils.getExtension(...)) and IOCase (field ioCase and IOCase.value / ioCase.checkCompareTo) plus ReverseFileComparator for reverse singletons. The class interacts with a handful of abstractions (IOCase, FilenameUtils, ReverseFileComparator, AbstractFileComparator, File, Serializable, Comparator) rather than a large number. There is no evidence in the provided code of many incoming dependents or an unusually high fan-in/fan-out; its responsibilities are cohesive (comparing file extensions). Therefore it does not meet the definition of Hub-like Modularization."
,,0,"CountingPathVisitor has several outgoing dependencies (SimplePathVisitor, Counters.PathCounters, PathFilter, IOFileFilter, SymbolicLinkFileFilter, TrueFileFilter, IOBiFunction, Files, Path, BasicFileAttributes, FileVisitResult, UnaryOperator, Objects, IOException, BigInteger) that are directly related to its responsibility of visiting, filtering and counting filesystem paths. The dependencies are cohesive and domain-specific (file visiting, filtering, counting) rather than an excessive, cross-cutting set of unrelated abstractions. The provided relationship information does not show a large number of incoming dependencies from many other, disparate modules (only the expected builder/visitor relationships), so there is no strong evidence that this class acts as a hub connecting many unrelated abstractions. Therefore Hub-like Modularization is not detected."
,,0,"SimplePathVisitor has a small, focused set of dependencies (java.nio.file.Path, SimpleFileVisitor, FileVisitResult, IOException, java.util.Objects, org.apache.commons.io.build.AbstractSupplier, org.apache.commons.io.function.IOBiFunction, and PathVisitor) and only a few direct incoming relationships in the provided code (its nested AbstractBuilder and a subclass CountingPathVisitor/its builders). The class acts as a focused visitor abstraction with builder support rather than a central hub connected to a large number of otherwise unrelated abstractions, so it does not exhibit hub-like modularization."
,,0,"IOBiConsumer is a small functional interface with multiple incoming references (usage sites) but only a handful of outgoing dependencies. Incoming references include: Constants (Constants.IO_BI_CONSUMER), Uncheck.accept (Uncheck), Erase.accept (Erase), IOStream.collect (method signature), BoundedInputStream.AbstractBuilder / BoundedInputStream (setOnMaxCount / onMaxCount usage). Outgoing dependencies from IOBiConsumer itself are minimal: java.io.IOException, java.io.UncheckedIOException, java.util.Objects, java.util.function.BiConsumer, and a reference to Constants and Uncheck in noop() / asBiConsumer(). Because the interface is intentionally a central, lightweight functional abstraction and its outgoing dependency set is small while incoming uses are expected and limited in number, it does not exhibit the Hub-like Modularization smell (not a hub with many both incoming and outgoing dependencies)."
,,1,"IOStream acts as a central hub: it directly depends on a large number of other abstractions (outgoing dependencies) and is referenced by many package classes (incoming dependencies). Outgoing dependencies in the IOStream source include java.util.stream.Stream, Spliterator, StreamSupport, Collector, DoubleStream, IntStream, LongStream, Optional, Arrays, Iterator, List/ArrayList, NoSuchElementException, AtomicInteger/AtomicReference, BiFunction, IntFunction, ToDoubleFunction/ToIntFunction/ToLongFunction, UnaryOperator and many package-level functional interfaces and helpers (IOUnaryOperator, IOPredicate, IOFunction, IOSupplier, IOBiConsumer, IOConsumer, IOBinaryOperator, IOComparator, Erase, IOStreams, IOStreamAdapter). Incoming dependencies / usages include IOStreamAdapter.adapt and IOStreamAdapter implementing IOStream, IOStreams.forAll calling IOStream.adapt, IOConsumer.forAll and IOStreams.forEach utilities that route through IOStream, and method signatures that accept/return IOStream (for example IOFunction used by flatMap returning IOStream). The multiplicity of both incoming and outgoing relationships demonstrates a hub-like modularization smell."
,,1,"Uncheck is acting as a central hub: many other abstractions across the codebase both call into it (incoming) and it accepts/uses many different functional abstractions (outgoing). Examples of incoming dependencies: IOConsumer.asConsumer() -> Uncheck.accept, IOFunction.asFunction() -> Uncheck.apply, IOComparator.asComparator() -> Uncheck.compare, IOSupplier.getUnchecked() -> Uncheck.get, IOIntSupplier.asIntSupplier() -> Uncheck.getAsInt, IOBooleanSupplier.asBooleanSupplier() -> Uncheck.getAsBoolean, IOBiConsumer.asBiConsumer() -> Uncheck.accept, IOBiFunction.asBiFunction() -> Uncheck.apply, IORunnable.asRunnable() -> Uncheck.run, UncheckedIOIterator (uses Uncheck.get / getAsBoolean / run), UncheckedBufferedReader/UncheckedFilterReader/UncheckedFilterInputStream/UncheckedFilterWriter/UncheckedFilterOutputStream (many overrides delegate to Uncheck), and large utility users like FileUtils (multiple calls: Uncheck.apply, Uncheck.getAsBoolean, Uncheck.get, Uncheck.getAsLong, etc.). Examples of outgoing dependencies: Uncheck methods take/handle many different IO functional interfaces as parameters (IOConsumer, IOBiConsumer, IOIntConsumer, IOTriConsumer, IOBiFunction, IOFunction, IOQuadFunction, IOTriFunction, IOComparator, IOSupplier, IOIntSupplier, IOLongSupplier, IOBooleanSupplier, IORunnable, IOPredicate). Because it connects a large number of distinct abstractions across packages and is heavily referenced, it exhibits Hub-like Modularization (high coupling through a central utility)."
,,0,"CharSequenceInputStream does not act as a hub: its outgoing dependencies are limited and cohesive (uses java.nio classes ByteBuffer/CharBuffer, java.nio.charset types Charset/CharsetEncoder/CoderResult/CodingErrorAction, and a small set of library helpers: org.apache.commons.io.Charsets, org.apache.commons.io.IOUtils, org.apache.commons.io.charset.CharsetEncoders, org.apache.commons.io.build.AbstractStreamBuilder via the nested Builder, and org.apache.commons.io.function.Uncheck). It delegates a single well-scoped responsibility (encode a CharSequence to bytes) and even reuses ReaderInputStream.checkMinBufferSize for buffer-size validation. There is no evidence in the provided code of a large number of incoming or outgoing dependencies across many unrelated abstractions, so this class does not exhibit Hub-like Modularization."
,,0,"The class has a small, focused set of outgoing dependencies on core Java types (ObjectInputStream, ClassLoader, InputStream, ObjectStreamClass, Proxy, Class, StreamCorruptedException, IllegalArgumentException) to implement a specific responsibility (loading classes via a given ClassLoader). There is no evidence in the analyzed code of a large number of incoming dependencies or of the class acting as a central coordinator for many other abstractions. Its behavior is narrow (overriding resolveClass and resolveProxyClass and delegating to super or the provided ClassLoader), so it does not meet the Hub-like Modularization smell criteria."
,,0,"The class has a small, focused set of dependencies rather than acting as a hub. Outgoing dependencies: extends ObservableInputStream, uses java.security.MessageDigest (and MessageDigest.getInstance / Provider), java.io.InputStream, inner Builder and inner MessageDigestMaintainingObserver (which extends Observer), java.util.Arrays, java.util.Objects, and standard exceptions (IOException, NoSuchAlgorithmException). There is no evidence in the analyzed code of a large number of incoming/outgoing links to many other abstractions — dependencies are limited and cohesive to the message-digest responsibility. Therefore it does not exhibit Hub-like Modularization."
,,0,"UncheckedFilterReader has only a small, focused set of dependencies (java.io.FilterReader, java.io.Reader, java.io.IOException, java.io.UncheckedIOException, java.nio.CharBuffer, org.apache.commons.io.build.AbstractStreamBuilder, and org.apache.commons.io.function.Uncheck). Its methods mainly delegate to super implementations and to Uncheck helpers (wrapping IOExceptions), and the nested Builder uses AbstractStreamBuilder and Uncheck. There is no evidence of incoming and outgoing dependencies with a large number of other abstractions that would indicate a hub-like modularization smell."
,,0,"DeferredFileOutputStream has several outgoing dependencies (e.g. java.nio.file.Files, java.nio.file.Path, java.io.File, java.io.OutputStream, java.io.InputStream, java.io.IOException, java.util.Objects, java.util.function.Supplier, org.apache.commons.io.output.AbstractByteArrayOutputStream / ByteArrayOutputStream, org.apache.commons.io.build.AbstractStreamBuilder, org.apache.commons.io.file.PathUtils, and its superclass ThresholdingOutputStream). However, the number of distinct dependencies is moderate and expected for a stream that manages in-memory and on-disk storage. There is no evidence in the provided analysis of a large number of incoming dependencies (few or no other abstractions depend on this class), and the class responsibilities are cohesive (memory vs disk buffering, temporary file handling). Therefore it does not exhibit Hub-like Modularization."
,,0,"TaggedWriter has only a small number of dependencies: it extends ProxyWriter, uses java.io.Writer/IOException/Serializable/UUID, and interacts with a single project class org.apache.commons.io.TaggedIOException (calls TaggedIOException.isTaggedWith and TaggedIOException.throwCauseIfTaggedWith, and constructs TaggedIOException in handleIOException). There is no evidence in the provided code of many incoming or outgoing dependencies (no large dependency graph, only a couple of external types and one internal helper class), so it does not qualify as a hub-like module."
,,1,"Functions acts as a hub: it depends on and connects a large number of distinct abstractions (java.util.function types: BiConsumer, BiFunction, BiPredicate, Consumer, Function, Predicate, Supplier, Callable, Runnable; java.util.stream.Stream and Streams.FailableStream; utility classes ExceptionUtils, Arrays, Collection; exception types IOException, UncheckedIOException, UndeclaredThrowableException; and org.apache.commons.lang3.function.Failable and FailableBooleanSupplier). It defines many failable variants (FailableConsumer, FailableFunction, FailablePredicate, FailableSupplier, FailableCallable, FailableRunnable, FailableBiConsumer, FailableBiFunction, FailableBiPredicate) and provides conversion methods (asConsumer, asFunction, asPredicate, asSupplier, asCallable, asRunnable, asBiConsumer, asBiFunction, asBiPredicate) plus bridging utilities (accept, apply, get, run, call, rethrow, tryWithResources, stream). Because it has incoming/outgoing relationships with many different abstractions and centrally mediates their interaction (wrapping/rethrowing exceptions and converting between failable and standard functional interfaces), it exhibits Hub-like Modularization."
,,0,"ThreadPredicate is a small functional interface with a single method boolean test(Thread). Its outgoing dependency is essentially only java.lang.Thread (the test parameter). Incoming usages/implementations in the provided code are limited to three nested classes: AlwaysTruePredicate, NamePredicate, and ThreadIdPredicate, plus a few deprecated overloads that accept ThreadPredicate (findThreads(ThreadPredicate), findThreads(ThreadGroup, boolean, ThreadPredicate), etc.). The API also provides and prefers java.util.function.Predicate<Thread> for new code. There is no evidence of dependencies (incoming and outgoing) with a large number of other abstractions, so it does not exhibit Hub-like Modularization."
,,0,"ComparableUtils has a very small set of dependencies and interactions: it references java.lang.Comparable (generic bound), java.util.function.Predicate (factory return type) and a single utility class org.apache.commons.lang3.ObjectUtils. Its only internal collaborator is the nested ComparableCheckBuilder. Methods are simple predicates/delegates (is(...), between(...), gt/le/lt/ge, min/max) and do not create incoming/outgoing links to a large number of other abstractions. Therefore it does not exhibit hub-like modularization."
,,0,"The class has only a small number of dependencies: it implements Comparator<Object> and Serializable and uses java.lang.Object and java.lang.String (toString and compareTo). It is stateless, final, and self-contained (single INSTANCE), with no incoming/outgoing relationships to a large number of other abstractions, so it does not exhibit Hub-like Modularization."
,,0,"The class has only a small number of dependencies: it extends AbstractBuilder (nested Builder), constructs/returns AtomicInitializer, and the enclosing AtomicInitializer uses AtomicReference and references FailableSupplier, FailableConsumer, AbstractConcurrentInitializer, and ConcurrentException. There is no evidence in the provided code of dependencies (incoming or outgoing) with a large number of other abstractions or modules. The coupling is limited and focused on initializer/closer suppliers and the atomic reference; therefore it does not exhibit Hub-like Modularization."
,,0,"False. ConstantInitializer has only a small number of dependencies: it implements ConcurrentInitializer<T>, imports java.util.Objects, declares that get() throws ConcurrentException, and uses standard-library facilities (String.format, System.identityHashCode, Integer.valueOf). There is no evidence in the provided code of incoming and outgoing dependencies to a large number of other abstractions (no many distinct classes/packages referenced or depending on it), so it does not exhibit hub-like modularization."
,,1,"MultiBackgroundInitializer acts as a central coordinator/hub for many other initializers: it stores an arbitrary number of BackgroundInitializer instances in childInitializers (private final Map<String, BackgroundInitializer<?>> childInitializers) and exposes addInitializer(String, BackgroundInitializer) to register them. Its initialize() method iterates over the snapshot of childInitializers, sets/ shares the ExecutorService for each child (bi.setExternalExecutor(exec)) and starts each child (bi.start()), then collects results/exceptions from each child (inits.forEach(... results.put(k, v.get()) ... excepts.put(k, cex))). getTaskCount() aggregates the task counts of all children (1 + childInitializers.values().stream().mapToInt(BackgroundInitializer::getTaskCount).sum()). MultiBackgroundInitializerResults also holds maps of initializers, result objects and exceptions, centralizing access to many other abstractions. These elements show both outgoing dependencies (it depends on many BackgroundInitializer instances and their executors/results) and incoming dependencies (it is a single centralized point that many initializers and clients interact with), which matches the Hub-like Modularization smell."
,,0,"The class has very few dependencies: it extends a single superclass org.apache.commons.lang3.exception.UncheckedException, uses java.lang.Throwable as the constructor parameter type, and mentions java.util.concurrent.ExecutionException only in Javadoc. There are no many incoming or outgoing dependencies, no calls to multiple other abstractions, and the class contains a single simple constructor. Therefore it does not exhibit Hub-like Modularization."
,,0,"UncheckedFutureImpl has only a small number of dependencies: it extends AbstractFutureProxy, implements UncheckedFuture, and references a few standard types (Future, TimeUnit, ExecutionException, InterruptedException, TimeoutException) and a few unchecked wrapper exceptions (UncheckedInterruptedException, UncheckedExecutionException, UncheckedTimeoutException). There is no evidence in the provided code of many incoming or outgoing dependencies that would make it a hub; its role is narrowly focused on converting checked exceptions to unchecked ones."
,,0,"LockingVisitors has a small, cohesive set of external dependencies (java.util.concurrent.locks: Lock, ReadWriteLock, ReentrantLock, ReentrantReadWriteLock, StampedLock; java.util.function.Supplier; java.util.Objects; and internal helpers org.apache.commons.lang3.builder.AbstractSupplier, org.apache.commons.lang3.function.{Failable,FailableConsumer,FailableFunction,Suppliers}). All nested visitor classes (ReadWriteLockVisitor, ReentrantLockVisitor, StampedLockVisitor, LockVisitor and its LVBuilder) are part of the same abstraction rather than many unrelated abstractions. The number of distinct incoming/outgoing dependencies is limited and focused on providing lock/visitor utilities, and there is no evidence in the provided code of a large number of other unrelated abstractions depending on or being depended upon by this class. Therefore it does not meet the criteria for Hub-like Modularization."
,,0,"Although LockVisitor is a central abstraction used by several inner visitors and builders (ReadWriteLockVisitor, ReentrantLockVisitor, StampedLockVisitor, LVBuilder) and interacts with multiple lock-related types (java.util.concurrent.locks.Lock, ReadWriteLock, ReentrantLock, ReentrantReadWriteLock, StampedLock) and functional/helper types (java.util.function.Supplier, org.apache.commons.lang3.function.Failable, FailableConsumer, FailableFunction, org.apache.commons.lang3.builder.AbstractSupplier, org.apache.commons.lang3.function.Suppliers, java.util.Objects), these dependencies are limited in scope and are directly related to the class's cohesive responsibility (providing lock-wrapped access patterns). The coupling is intentional (supporting different lock implementations and builder patterns) and primarily local to the locking/visitor concern rather than a broad, application-wide web of incoming/outgoing dependencies. Therefore it does not exhibit a hub-like modularization smell."
,,1,"The code acts as a central hub connecting many disparate listener interfaces and event sources to arbitrary target methods. Evidence: (1) bindEventsToMethod uses a generic listenerType (<L>) and Proxy.newProxyInstance(new Class[] { listenerType }, new EventBindingInvocationHandler(...)) to create listeners for any listener interface, allowing connections to many different listener abstractions. (2) addEventListener invokes MethodUtils.invokeMethod(eventSource, ""add"" + listenerType.getSimpleName(), listener) via reflection, meaning EventUtils can attach listeners to many different event source classes (incoming dependencies on many event sources). (3) EventBindingInvocationHandler invokes target methods via MethodUtils.getAccessibleMethod and MethodUtils.invokeMethod, creating outgoing dependencies to arbitrary target classes/methods. (4) The handler references general reflection types (InvocationHandler, Method, Proxy) and uses dynamic sets of eventTypes, showing it mediates a wide range of interactions rather than a narrow, single-responsibility role. Together these points indicate hub-like modularization: the abstraction has incoming and outgoing dependencies with a large number of other abstractions."
,,0,"ExceptionContext has only a small set of dependencies (java.util.List, java.util.Set, org.apache.commons.lang3.tuple.Pair, String, Object) and a few known implementers/clients in the provided code (ContextedException, ContextedRuntimeException and DefaultExceptionContext instantiated in their constructors). The two exception classes merely delegate to an ExceptionContext field (exceptionContext) and instantiate DefaultExceptionContext when null; there is no evidence of incoming/outgoing dependencies with a large number of other abstractions that would indicate a hub-like module."
,,0,"FailableBiPredicate does not act as a hub: it has only a small set of outgoing dependencies (uses java.util.Objects for null checks and references java.util.function.BiPredicate in javadoc) and primarily refers to its own type in default/static methods (and, or, negate, FALSE/TRUE singletons, falsePredicate/truePredicate). Incoming usage is limited (for example, Failable.test and Failable.asBiPredicate convert/use FailableBiPredicate), but there are not a large number of distinct incoming and outgoing dependencies across many other abstractions. Therefore it does not meet the Hub-like Modularization smell criteria."
,,0,"FailableDoubleConsumer has only a small number of outgoing dependencies (java.util.Objects, java.util.function.DoubleConsumer, and the Throwable type parameter). Its implementation is minimal (one abstract accept method, a NOP constant, and a simple andThen default method using Objects.requireNonNull). Incoming usage is limited (for example Failable.accept(FailableDoubleConsumer, double) references it). There is no evidence this abstraction has dependencies with a large number of other abstractions, so it does not exhibit Hub-like Modularization."
,,0,"The interface has only a small number of dependencies: java.util.Objects (used for null checks) and a javadoc reference to java.util.function.DoublePredicate. Its methods operate on the same abstraction (FailableDoublePredicate) and primitive double; composition methods (and, or, negate) reference only the interface itself. There are no signs of many incoming/outgoing dependencies to a large set of other abstractions, so it does not exhibit hub-like modularization."
,,0,"The interface has very few dependencies: it imports java.util.function.DoubleToLongFunction (only for javadoc reference) and uses Throwable in its generic bound. It declares a single functional method applyAsLong, one static NOP field and a nop() factory method. There are no references to a large number of other abstractions (no many incoming/outgoing dependencies), so it does not exhibit hub-like modularization."
,,0,"The interface has a very small set of dependencies: java.util.Objects (used for null checks), a reference to java.util.function.IntUnaryOperator only in documentation, and self-references to FailableIntUnaryOperator (compose/andThen/identity/nop). There are no many incoming or outgoing dependencies to a large number of other abstractions (no extensive imports or references to many other modules/types), so it does not exhibit a hub-like modularization smell."
,,0,"The interface has very few dependencies: it imports java.util.Objects and java.util.function.LongUnaryOperator, and refers to itself (FailableLongUnaryOperator) in methods and constants (NOP, identity, nop, compose, andThen, applyAsLong). There are no incoming/outgoing dependencies with a large number of other abstractions (only a Javadoc mention of FailableDoubleUnaryOperator). Therefore it does not exhibit hub-like modularization."
,,0,"The interface has very few dependencies: a single import/reference to java.util.function.ObjIntConsumer (in Javadoc), the java.lang.Throwable type bound, and standard annotations/suppression. Its API is minimal (one method accept and a nop singleton). There are no incoming/outgoing relationships with a large number of other abstractions, so it does not act as a hub."
,,0,"The interface has only a few dependencies: an import/reference to java.util.function.ObjLongConsumer (in javadoc), the Throwable type via the generic E, and standard annotations (@FunctionalInterface, @SuppressWarnings). It declares a single method accept, a nop() factory and a NOP singleton. There is no evidence of incoming/outgoing relationships with a large number of other abstractions; the coupling is minimal and single-purpose, so it does not exhibit Hub-like Modularization."
,,0,"FailableRunnable is a small functional interface (single method void run() throws E) that is referenced by several utilities (incoming dependencies) such as org.apache.commons.lang3.function.Failable (methods asRunnable, run, tryWithResources), org.apache.commons.lang3.time.StopWatch (runT), and org.apache.commons.lang3.time.DurationUtils (of). However, it has minimal outgoing dependencies: only the Throwable type via its throws E signature. Because it does not depend on a large number of other abstractions itself (only Throwable) even though it is used by multiple classes, it does not meet the definition of Hub-like Modularization (which requires many incoming and many outgoing dependencies)."
,,0,"AbstractFormatCache has a small, well-scoped set of dependencies (mostly JDK types and a few helper classes) rather than a large number of incoming/outgoing relationships. Outgoing dependencies visible in the code include java.text.DateFormat/SimpleDateFormat/Format, java.util.Locale/TimeZone, java.util.concurrent.ConcurrentMap, java.util.Arrays/Objects and the helper classes LocaleUtils (used in getPatternForStyle and getDateTimeInstance) and TimeZones (used in getInstance). Incoming usage in the provided corpus is limited (FastDateFormat builds a single CACHE anonymous subclass and calls CACHE methods). The class is a focused cache/factory abstraction (methods: getPatternForStyle, getInstance, getDateTimeInstance, createInstance) and acts as a cohesive utility rather than a hub with many independent modules depending on it. Therefore it does not exhibit Hub-like Modularization."
,,1,"FastDateParser exhibits hub-like modularization: it directly depends on a large number of distinct abstractions (high fan-out) and centralizes many interactions (high fan-in). Evidence: (1) Large number of imports and collaborators: java.text.DateFormatSymbols, ParseException, ParsePosition, SimpleDateFormat; java.util.Calendar, Date, Locale, TimeZone, Map/Set/List/TreeSet/TreeMap, Comparator; java.util.concurrent.ConcurrentMap/ConcurrentHashMap; java.util.regex.Pattern/Matcher; java.util.stream.Stream; and org.apache.commons.lang3 helpers (ArraySorter, CharUtils, LocaleUtils) plus package-specific classes (FastTimeZone, TimeZones). (2) Many nested Strategy classes (Strategy, PatternStrategy, NumberStrategy, TimeZoneStrategy, CaseInsensitiveTextStrategy, ISO8601TimeZoneStrategy, CopyQuotedStrategy, StrategyAndWidth, StrategyParser) which mediate parsing, locale handling, regex building, timezone mapping and calendar updates — making the class the central coordinator for these concerns. (3) Centralized caching and shared state: the CACHES array (ConcurrentMap per Calendar field) and computeIfAbsent usage make this class a hub for locale/field strategy resolution. (4) Wide responsibility surface: pattern parsing, regex construction (simpleQuote/appendDisplayNames), timezone name resolution, century/year adjustments, serialization reinitialization — the class both uses and exposes many pieces of functionality. These elements show the class has many incoming/outgoing dependencies and acts as a central connector, matching the Hub-like Modularization smell."
,,0,"StringLiteral is a small private static inner class with a single field (String value), a constructor, and two methods: appendTo(Appendable, Calendar) which only calls buffer.append(value), and estimateLength() which returns value.length(). It implements the local Rule interface and only references java.lang.String, java.lang.Appendable and java.util.Calendar in its method signature. It is created locally as a literal holder (e.g. in parsePattern) and does not have incoming/outgoing dependencies with a large number of other abstractions. Therefore it does not exhibit Hub-like Modularization."
,,0,"GmtTimeZone shows only a small number of dependencies: it extends java.util.TimeZone (superclass), references TimeZones.GMT_ID in its constructor, and uses standard library types (java.util.Date, java.util.Objects). There are no many incoming or outgoing dependencies to a large number of other abstractions in the provided relationship data. The interaction surface is limited to the superclass and a single project helper (TimeZones), so it does not act as a hub."
,,0,"DirectoryProperty has a small, focused set of dependencies: it extends Provider<Directory> and its API references Provider, Directory, File, and FileTree (methods: getAsFile() -> Provider<File>, getAsFileTree() -> FileTree, dir(String) -> Provider<Directory>, set(Provider<Directory>)). Only one analyzed client (net.bytebuddy.build.gradle.ByteBuddyTaskConfiguration) is shown as using DirectoryProperty. The number of incoming and outgoing relationships is small and focused, so it does not exhibit hub-like modularization."
,,0,"The class is a simple exception extending java.io.IOException (one outgoing dependency) and uses only java.lang.String fields (mimeType, url). It defines a constructor, two getters, and toString() that calls super.toString() and concatenates its fields. There are no references to or interactions with a large number of other abstractions, no registries, managers, or broad coupling evident in the code, so it does not exhibit Hub-like Modularization."
,,0,"ListLinks has several outgoing dependencies (it calls org.jsoup.helper.Validate.isTrue, org.jsoup.Jsoup.connect(...).get(), and uses org.jsoup.nodes.Document, org.jsoup.select.Elements, org.jsoup.nodes.Element) but it is a small example/entrypoint class with no incoming dependencies from the analyzed codebase. Hub-like Modularization requires an abstraction to have both a large number of incoming and outgoing dependencies; here ListLinks has only a few outgoing references and no other classes reference it in the provided dependency set, so it does not exhibit the hub-like modularization smell."
,,1,"HttpConnection acts as a central hub with many incoming and outgoing dependencies across modules. Examples of outgoing dependencies from this class (and its inner types) include: DataUtil (charset detection, readToByteBuffer, mimeBoundary, crossStreams, parseInputStream), ControllableInputStream (wrap, timeout, onProgress, readToByteBuffer), RequestExecutor/RequestDispatch (RequestExecutor.execute(), responseBody(), RequestDispatch.get(...) used in Response.execute), CookieUtil.storeCookies(...) (in Response.prepareResponse), UrlBuilder (Request.url(URL) and serialiseRequestUrl), Parser/StreamParser/Document (parse(), streamParser(), switching parser for XML), AuthenticationHandler/RequestAuthenticator (auth handling and AuthenticationHandler.handler.remove()), CookieManager/CookieStore, SSLSocketFactory and SSLContext, and many JDK I/O and networking types (InputStream, OutputStream, GZIPInputStream, InflaterInputStream, Proxy, URL, URLEncoder, InetSocketAddress). Incoming dependencies are also evident: RequestExecutor statically imports HttpConnection.Request and HttpConnection.Response and other helper classes (AuthenticationHandler, ControllableInputStream, DataUtil, etc.) interact with HttpConnection internals. The class contains large nested types (Request, Response, KeyVal) that aggregate behavior and directly reference many modules (networking, parsing, auth, cookie management, progress reporting, buffer utilities). This concentration of responsibilities and many cross-module references (both uses of numerous external helpers and being referenced by executor/dispatch code) indicates a hub-like modularization smell."
,,0,"Re2jRegex has a small, focused set of dependencies: it extends org.jsoup.helper.Regex, uses com.google.re2j.Pattern and com.google.re2j.Matcher (via its inner Re2jMatcher), references java.util.regex.Pattern only for a dummy field, and throws ValidationException on compile errors. Incoming references are limited (Regex.compile calls Re2jRegex.compile). There is not a large number of both incoming and outgoing dependencies, so it does not exhibit Hub-like Modularization."
,,0,"ValidationException has only a small number of dependencies: it extends java.lang.IllegalArgumentException, references org.jsoup.helper.Validate via the static Validator field, and uses core JDK types (java.util.List, java.util.ArrayList, java.lang.StackTraceElement) and their methods (getStackTrace, setStackTrace). There are no signs of this abstraction having incoming and outgoing relationships with a large number of other abstractions (no broad coupling to many modules/classes), so it does not exhibit Hub-like Modularization."
,,1,"Attributes acts as a central hub: it has many incoming/outgoing dependencies across the codebase. Evidence in this class: numerous imports (Validate, QuietAppendable, SharedConstants, StringUtil, ParseSettings, Normalizer, Entities, Range, Document.OutputSettings, HashMap, etc.), tight two-way coupling with org.jsoup.nodes.Attribute (creates Attribute instances in iterator(), asList(), attribute(); Attribute holds a parent reference back to Attributes and updates Attributes in setKey/setValue), source-range handling via Range.AttributeRange and SharedConstants.AttrRangeKey (sourceRange(), sourceRange(String), getRanges()), rendering responsibilities calling Attribute.getValidKey/Attribute.htmlNoValidate and Entities.escape in html(...), case handling using Normalizer.lowerCase in normalize(), parsing rules via ParseSettings in deduplicate(), and user-data storage via an internal Map (userData(), userData(String,Object), clone() copies the user-data map). The variety and number of collaborators and the bidirectional dependency with Attribute indicate a hub-like modularization smell."
,,0,"DocumentType has a modest number of incoming references (Document.documentType() checks for instanceof DocumentType; HtmlTreeBuilderState and XmlTreeBuilder create/insert DocumentType nodes; TokeniserState references its PUBLIC/SYSTEM constants; W3CDom.fromJsoup reads its publicId/systemId/name). Its outgoing dependencies are small and focused: extends LeafNode and uses org.jsoup.internal.QuietAppendable (outerHtmlHead), org.jsoup.internal.StringUtil (has/isBlank usage), org.jsoup.helper.Validate (constructor checks), and Document.OutputSettings.Syntax for output decisions. The interactions are cohesive around doctype creation/serialization and involve a limited set of related classes rather than a large, wide-ranging set of abstractions. Therefore it does not exhibit a hub-like modularization smell."
,,1,"NodeUtils exhibits hub-like modularization: it depends on many other abstractions (outgoing) and is used by many classes (incoming). Outgoing dependencies (examples): Document (creates default Document in outputSettings), Document.OutputSettings (outputSettings()), Parser and HtmlTreeBuilder (parser()), W3CDom and org.w3c.dom types (selectXpath()), NodeIterator, Spliterators and StreamSupport / Stream API (stream(), spliterator()), and Validate (argument checks). Incoming dependents (examples): Node (nodeStream(), addSiblingHtml() calls NodeUtils.parser(this)), Element (stream(), appendElement()/prependElement()/append()/prepend() call NodeUtils.parser(this); selectXpath() calls NodeUtils.selectXpath(...); html() consults NodeUtils.outputSettings(this)), Printer.printerFor (uses NodeUtils.outputSettings(root)). Because NodeUtils both aggregates many external responsibilities (parsing, xpath/W3C conversion, stream/spliterator helpers, output settings resolution) and serves as a central utility used across core node/element/printer classes, it has high fan-in and fan-out — matching the hub-like modularization smell."
,,1,"The Token class acts as a central hub: it directly depends on (outgoing) and is relied on by (incoming) many other abstractions. Evidence of many outgoing dependencies: uses org.jsoup.helper.Validate, org.jsoup.internal.Normalizer, org.jsoup.nodes.Attributes, org.jsoup.nodes.Range and its nested types (Range.Position, Range.AttributeRange), org.jspecify.annotations.Nullable, ParseSettings, TokeniserState, Tokeniser, CharacterReader, TokenData, and TreeBuilder (the Tag inner class stores a TreeBuilder reference and uses its reader and settings). Evidence of hub behavior in responsibilities: Token contains multiple nested token types (Doctype, Tag, StartTag, EndTag, Comment, Character, CData, XmlDecl, EOF) implementing different parsing behaviors, plus logic for attribute collection/tracking (attributes, attrName/attrValue, MaxAttributes, trackAttributeRange) that ties to Attributes and Range. It also bridges tokenisation and tree building (the TokenType field is used in switches in TreeBuilder and Tag.normalName() is used in tree building). The combination of many external class references, cross-cutting responsibilities (token representation, attribute management, source-range tracking) and its central role in parser/treebuilder/tokeniser interactions indicates Hub-like Modularization."
,,1,"TreeBuilder acts as a central hub with many outgoing and incoming dependencies. Examples of outgoing dependencies (TreeBuilder -> many abstractions): fields and members reference Parser, CharacterReader, Tokeniser, Document, Element, Token, ParseSettings, TagSet, NodeVisitor, Attributes, Range (e.g. protected Parser parser; CharacterReader reader; Tokeniser tokeniser; Document doc; ArrayList<Element> stack; Token currentToken; ParseSettings settings; TagSet tagSet; @Nullable NodeVisitor nodeListener; private Token.StartTag start; private final Token.EndTag end). Methods heavily use many collaborators: initialiseParse(...) constructs Document, CharacterReader, Tokeniser and accesses Parser.settings() and Parser.isTrackPosition(); runParser()/stepParser() call tokeniser.read() and process(Token); tagFor(...) delegates to tagSet.valueOf(...); trackNodePosition(...) uses Token, CharacterReader, Range and Attributes; onNodeInserted/onNodeClosed notify nodeListener (NodeVisitor). This shows TreeBuilder depends on a large set of other abstractions across packages (org.jsoup.parser, org.jsoup.nodes, org.jsoup.select, org.jsoup.helper, org.jsoup.internal). Examples of incoming dependencies (many -> TreeBuilder): Parser holds and uses a TreeBuilder (Parser(TreeBuilder), parser.getTreeBuilder(), Parser.parseInput delegates to treeBuilder.parse(...)); Tokeniser and Token inner classes are constructed with a TreeBuilder (new Tokeniser(this) in initialiseParse; Token.Tag constructors accept TreeBuilder); StreamParser obtains the TreeBuilder via parser.getTreeBuilder() and registers listeners (treeBuilder.nodeListener(it)); concrete subclasses (HtmlTreeBuilder/XmlTreeBuilder) extend TreeBuilder (implied by usage). The class therefore has both a high number of outgoing references to many other classes and is itself referenced/required by multiple core components, matching the Hub-like Modularization smell: a central abstraction with many incoming and outgoing dependencies creating a hub in the module graph."
,,1,"Safelist acts as a central hub in the API: it exposes many public factory/configuration methods (none, simpleText, basic, basicWithImages, relaxed, addTags, addAttributes, addEnforcedAttribute, addProtocols, removeTags, removeAttributes, removeEnforcedAttribute, removeProtocols, preserveRelativeLinks, isSafeTag, isSafeAttribute, getEnforcedAttributes) and maintains multiple cross-cutting maps (tagNames, attributes, enforcedAttributes, protocols) that relate TagName -> AttributeKey/AttributeValue/Protocol for many different tag/attribute combinations. It depends on and manipulates several external abstractions (org.jsoup.nodes.Element, Attribute, Attributes; org.jsoup.helper.Validate; org.jsoup.internal.Normalizer) and defines multiple nested typed classes (TagName, AttributeKey, AttributeValue, Protocol, TypedValue) to mediate those relations. The class is referenced as a central configuration point in the javadoc examples (Jsoup.clean(..., Safelist) and Cleaner(Safelist.none())), indicating many incoming usages. Together these responsibilities and broad interactions (many tag/attribute/protocol entries, many public mutation/query methods, both external dependencies and many clients) match the Hub-like Modularization smell."
,,0,"TypedValue is a small, focused base class used by four closely related nested types (TagName, AttributeKey, AttributeValue, Protocol). Its incoming dependencies are limited to those four subclasses, and its outgoing dependencies are minimal (Validate.notNull in the constructor and Objects.equals in equals). It does not have incoming/outgoing relationships with a large number of other abstractions or modules, so it does not exhibit a hub-like modularization smell."
,,1,"Evaluator acts as a central hub: it declares a large number of inner evaluator subclasses (Tag, TagStartsWith, TagEndsWith, Id, Class, Attribute, AttributeStarting, AttributeWithValue, AttributeWithValueNot, AttributeWithValueStarting, AttributeWithValueEnding, AttributeWithValueContaining, AttributeWithValueMatching, AttributeKeyPair, AllElements, IndexLessThan, IndexGreaterThan, IndexEquals, IsLastChild, IsFirstOfType, IsLastOfType, CssNthEvaluator, IsNthChild, IsNthLastChild, IsNthOfType, IsNthLastOfType, IsFirstChild, IsRoot, IsOnlyChild, IsOnlyOfType, IsEmpty, IndexEvaluator, ContainsText, ContainsWholeText, ContainsWholeOwnText, ContainsData, ContainsOwnText, Matches, MatchesOwn, MatchesWholeText, MatchesWholeOwnText, MatchText). The class has many incoming/outgoing dependencies on other abstractions: org.jsoup.nodes.Element, Node, LeafNode, TextNode, Comment, Document, DocumentType, XmlDeclaration, PseudoTextElement, org.jsoup.nodes.Attribute, org.jsoup.helper.Validate, org.jsoup.parser.ParseSettings, org.jsoup.helper.Regex (and java.util.regex.Pattern), and utility normalizers (org.jsoup.internal.Normalizer, org.jsoup.internal.StringUtil). It exposes multiple APIs (matches overloads for Element/Node/LeafNode, asPredicate/asNodePredicate) and contains varied responsibility for many selector types, producing high coupling and many dependencies both to and from other classes. These characteristics match the Hub-like Modularization smell."
,,1,"The Evaluator abstraction acts as a central hub: it defines numerous concrete inner evaluator types (e.g., Tag, TagStartsWith, TagEndsWith, Id, Class, Attribute, AttributeStarting, AttributeWithValue*, AllElements, IndexLessThan/GreaterThan/Equals, CssNthEvaluator and many Is*/Matches*/Contains* variants) indicating many outgoing responsibilities. The file also imports and directly depends on a large set of other abstractions (org.jsoup.nodes.Element, Node, LeafNode, TextNode, Comment, Document, DocumentType, XmlDeclaration, PseudoTextElement; parsing/utility types like ParseSettings, org.jsoup.helper.Regex, java.util.regex.Pattern, org.jsoup.helper.Validate, and normalizer/string utilities). The class is referenced by external APIs (the header javadoc cites Selector#evaluatorOf and the asPredicate/asNodePredicate methods expose Predicate interfaces), implying many incoming collaborators. Together, the high number of inner evaluator variants plus dependencies on many node and utility classes (both incoming and outgoing relations) matches the Hub-like Modularization smell."
,,1,"The Evaluator abstraction acts as a central hub: it declares a large number of tightly coupled nested evaluator types (e.g. Tag, Id, Class, Attribute, AttributeWithValue*, IndexLessThan/IndexGreaterThan/IndexEquals, CssNthEvaluator and its IsNth*/IsNthLast* subclasses, ContainsText/ContainsOwnText/ContainsWholeOwnText, Matches/MatchesOwn/MatchesWholeOwnText, MatchText, etc.), and directly depends on many unrelated classes from other packages (org.jsoup.nodes.*: Element, Node, LeafNode, TextNode, PseudoTextElement, Document, DocumentType, XmlDeclaration; org.jsoup.parser.ParseSettings; org.jsoup.helper.Regex/Validate; org.jsoup.internal.Normalizer/StringUtil; java.util.function.Predicate, java.util.List, java.util.regex.Pattern). The class both aggregates many outgoing dependencies (uses many node and helper classes throughout its nested evaluators) and serves many incoming dependents (it is the central evaluator type used by selector machinery as noted in the class doc and by many selector implementations). The concentration of many different responsibilities and links to many other abstractions indicates a Hub-like Modularization smell."
,,0,"IndexEquals is a small, focused nested evaluator: it extends the inner abstract IndexEvaluator (and transitively Evaluator) and uses a single external abstraction org.jsoup.nodes.Element (calls element.elementSiblingIndex()). It has no references to many other classes or subsystems (no use of Regex, Pattern, Node types beyond Element, no collections or factory interactions). Although the file contains many other Evaluator inner classes, IndexEquals itself has only a few dependencies (IndexEvaluator, Evaluator, Element, primitive int), so it does not act as a hub with large numbers of incoming/outgoing abstraction links."
,,0,"Nodes has a small set of outgoing dependencies (org.jsoup.helper.Validate, org.jsoup.internal.StringUtil, org.jsoup.nodes.Node / Element, and standard Java collections and functional interfaces) as seen in its methods (e.g., Validate usage in set/wrap, StringUtil.join in outerHtml, Node operations in remove/before/after). Incoming dependencies are limited in the provided code: org.jsoup.nodes.Element exposes selectNodes/selectFirstNode that return Nodes, and org.jsoup.select.Collector.collectNodes produces Nodes. This number of incoming and outgoing relationships is small and focused; Nodes does not act as a hub with many dependencies to/from a large number of other abstractions, so Hub-like Modularization is not detected."
,,0,"The Not inner class has only a few direct dependencies: it extends StructuralEvaluator (inheritance), stores a single Evaluator reference (constructor super(evaluator)), and delegates to that evaluator via memoMatches(root, node) and evaluator.cost() / evaluator.toString(). Its implementations are limited to evaluateMatch (calls memoMatches and negates evaluator.matches), cost (returns 2 + evaluator.cost()), and toString. It does not reference or depend on a large number of other abstractions (no broad incoming/outgoing dependency graph), so it does not exhibit hub-like modularization."
,,0,"Class 'package_b.b' has an empty body with no fields, methods, or imports and therefore has no incoming or outgoing dependencies to other abstractions; it cannot be a hub."
,,0,"The class package_c.c is empty (no fields, methods, or import statements) and contains no references to other abstractions; there are no outgoing dependencies and no incoming dependencies present in the analyzed code, so it does not exhibit Hub-like Modularization."
